date,bdi,bdry_close,source_bdi,bunker_vlsfo,bunker_mgo,bunker_ifo380,source_bunker,usd_inr,source_fx,data_type
2023-01-02,,,,647.0,1019.5,458.5,USDA_AgTransport_ShipAndBunker,,,REAL
2023-01-03,,8.819999694824219,Investing.com_Manual,645.0,1018.5,461.5,USDA_AgTransport_ShipAndBunker,82.86,FRED_DEXINUS,REAL
2023-01-04,,9.25,Investing.com_Manual,631.5,992.0,448.5,USDA_AgTransport_ShipAndBunker,82.72,FRED_DEXINUS,REAL
2023-01-05,,9.510000228881836,Investing.com_Manual,624.5,988.0,439.5,USDA_AgTransport_ShipAndBunker,82.57,FRED_DEXINUS,REAL
2023-01-06,,10.039999961853027,Investing.com_Manual,619.5,979.0,434.5,USDA_AgTransport_ShipAndBunker,82.72,FRED_DEXINUS,REAL
2023-01-09,,9.739999771118164,Investing.com_Manual,624.5,988.0,435.5,USDA_AgTransport_ShipAndBunker,82.36,FRED_DEXINUS,REAL
2023-01-10,,9.119999885559082,Investing.com_Manual,626.0,982.5,436.0,USDA_AgTransport_ShipAndBunker,81.6,FRED_DEXINUS,REAL
2023-01-11,,8.979999542236328,Investing.com_Manual,631.0,991.0,436.5,USDA_AgTransport_ShipAndBunker,81.6,FRED_DEXINUS,REAL
2023-01-12,,9.09000015258789,Investing.com_Manual,647.0,1005.5,446.5,USDA_AgTransport_ShipAndBunker,81.19,FRED_DEXINUS,REAL
2023-01-13,,9.359999656677246,Investing.com_Manual,659.0,1022.5,447.0,USDA_AgTransport_ShipAndBunker,81.31,FRED_DEXINUS,REAL
2023-01-16,,,,663.0,1031.5,452.0,USDA_AgTransport_ShipAndBunker,81.31,FRED_DEXINUS,REAL
2023-01-17,,9.40999984741211,Investing.com_Manual,668.5,1031.5,456.0,USDA_AgTransport_ShipAndBunker,81.57,FRED_DEXINUS,REAL
2023-01-18,,8.9399995803833,Investing.com_Manual,676.5,1038.0,459.5,USDA_AgTransport_ShipAndBunker,81.33,FRED_DEXINUS,REAL
2023-01-19,,8.774999618530273,Investing.com_Manual,674.5,1033.0,462.5,USDA_AgTransport_ShipAndBunker,81.28,FRED_DEXINUS,REAL
2023-01-20,,8.949999809265137,Investing.com_Manual,687.5,1051.0,466.5,USDA_AgTransport_ShipAndBunker,80.99,FRED_DEXINUS,REAL
2023-01-23,,8.640000343322754,Investing.com_Manual,695.5,1059.5,472.0,USDA_AgTransport_ShipAndBunker,81.41,FRED_DEXINUS,REAL
2023-01-24,,8.4399995803833,Investing.com_Manual,698.0,1069.0,472.0,USDA_AgTransport_ShipAndBunker,81.53,FRED_DEXINUS,REAL
2023-01-25,,8.449999809265137,Investing.com_Manual,699.5,1063.0,471.5,USDA_AgTransport_ShipAndBunker,81.49,FRED_DEXINUS,REAL
2023-01-26,,8.119999885559082,Investing.com_Manual,700.0,1055.0,470.0,USDA_AgTransport_ShipAndBunker,81.59,FRED_DEXINUS,REAL
2023-01-27,,8.270000457763672,Investing.com_Manual,706.5,1060.5,473.0,USDA_AgTransport_ShipAndBunker,81.54,FRED_DEXINUS,REAL
2023-01-30,,8.0,Investing.com_Manual,697.5,1049.5,468.5,USDA_AgTransport_ShipAndBunker,81.47,FRED_DEXINUS,REAL
2023-01-31,,7.800000190734863,Investing.com_Manual,690.0,1034.0,461.0,USDA_AgTransport_ShipAndBunker,81.69,FRED_DEXINUS,REAL
2023-02-01,,7.53000020980835,Investing.com_Manual,703.5,1026.5,464.5,USDA_AgTransport_ShipAndBunker,81.73,FRED_DEXINUS,REAL
2023-02-02,,7.309999942779541,Investing.com_Manual,688.5,1017.0,462.0,USDA_AgTransport_ShipAndBunker,82.03,FRED_DEXINUS,REAL
2023-02-03,,7.110000133514404,Investing.com_Manual,679.0,997.0,448.0,USDA_AgTransport_ShipAndBunker,82.21,FRED_DEXINUS,REAL
2023-02-06,,6.800000190734863,Investing.com_Manual,665.5,977.0,426.0,USDA_AgTransport_ShipAndBunker,82.77,FRED_DEXINUS,REAL
2023-02-07,,7.159999847412109,Investing.com_Manual,667.5,957.5,434.0,USDA_AgTransport_ShipAndBunker,82.81,FRED_DEXINUS,REAL
2023-02-08,,7.619999885559082,Investing.com_Manual,674.0,967.5,449.0,USDA_AgTransport_ShipAndBunker,82.65,FRED_DEXINUS,REAL
2023-02-09,,7.119999885559082,Investing.com_Manual,682.0,966.5,453.0,USDA_AgTransport_ShipAndBunker,82.44,FRED_DEXINUS,REAL
2023-02-10,,7.230000019073486,Investing.com_Manual,678.5,955.0,454.5,USDA_AgTransport_ShipAndBunker,82.47,FRED_DEXINUS,REAL
2023-02-13,,7.0,Investing.com_Manual,681.0,960.5,458.5,USDA_AgTransport_ShipAndBunker,82.72,FRED_DEXINUS,REAL
2023-02-14,,6.730000019073486,Investing.com_Manual,680.5,963.5,458.5,USDA_AgTransport_ShipAndBunker,82.86,FRED_DEXINUS,REAL
2023-02-15,,6.53000020980835,Investing.com_Manual,675.5,957.0,455.5,USDA_AgTransport_ShipAndBunker,82.78,FRED_DEXINUS,REAL
2023-02-16,,6.75,Investing.com_Manual,672.0,945.0,458.0,USDA_AgTransport_ShipAndBunker,82.74,FRED_DEXINUS,REAL
2023-02-17,,6.599999904632568,Investing.com_Manual,660.0,934.5,458.0,USDA_AgTransport_ShipAndBunker,82.73,FRED_DEXINUS,REAL
2023-02-20,,,,654.0,931.0,456.5,USDA_AgTransport_ShipAndBunker,82.73,FRED_DEXINUS,REAL
2023-02-21,,7.059999942779541,Investing.com_Manual,650.5,932.5,460.0,USDA_AgTransport_ShipAndBunker,82.85,FRED_DEXINUS,REAL
2023-02-22,,7.289999961853027,Investing.com_Manual,641.5,925.5,455.5,USDA_AgTransport_ShipAndBunker,82.78,FRED_DEXINUS,REAL
2023-02-23,,7.960000038146973,Investing.com_Manual,633.0,913.0,450.5,USDA_AgTransport_ShipAndBunker,82.59,FRED_DEXINUS,REAL
2023-02-24,,7.949999809265137,Investing.com_Manual,638.0,912.5,456.0,USDA_AgTransport_ShipAndBunker,82.97,FRED_DEXINUS,REAL
2023-02-27,,8.149999618530273,Investing.com_Manual,641.0,925.5,451.5,USDA_AgTransport_ShipAndBunker,82.69,FRED_DEXINUS,REAL
2023-02-28,,9.050000190734863,Investing.com_Manual,639.0,921.5,452.5,USDA_AgTransport_ShipAndBunker,82.57,FRED_DEXINUS,REAL
2023-03-01,,8.819999694824219,Investing.com_Manual,645.0,932.0,463.0,USDA_AgTransport_ShipAndBunker,82.43,FRED_DEXINUS,REAL
2023-03-02,,8.979999542236328,Investing.com_Manual,649.5,937.0,469.0,USDA_AgTransport_ShipAndBunker,82.41,FRED_DEXINUS,REAL
2023-03-03,,9.390000343322754,Investing.com_Manual,648.0,935.0,468.0,USDA_AgTransport_ShipAndBunker,81.98,FRED_DEXINUS,REAL
2023-03-06,,9.149999618530272,Investing.com_Manual,649.5,941.5,475.0,USDA_AgTransport_ShipAndBunker,81.77,FRED_DEXINUS,REAL
2023-03-07,,9.18000030517578,Investing.com_Manual,654.0,934.0,482.0,USDA_AgTransport_ShipAndBunker,81.93,FRED_DEXINUS,REAL
2023-03-08,,9.600000381469728,Investing.com_Manual,643.0,913.0,476.0,USDA_AgTransport_ShipAndBunker,81.86,FRED_DEXINUS,REAL
2023-03-09,,9.920000076293944,Investing.com_Manual,636.5,905.0,477.5,USDA_AgTransport_ShipAndBunker,82.02,FRED_DEXINUS,REAL
2023-03-10,,10.1899995803833,Investing.com_Manual,632.5,895.5,467.5,USDA_AgTransport_ShipAndBunker,81.93,FRED_DEXINUS,REAL
2023-03-13,,10.260000228881836,Investing.com_Manual,633.5,903.5,474.0,USDA_AgTransport_ShipAndBunker,82.19,FRED_DEXINUS,REAL
2023-03-14,,10.56999969482422,Investing.com_Manual,623.0,897.5,470.0,USDA_AgTransport_ShipAndBunker,82.25,FRED_DEXINUS,REAL
2023-03-15,,9.6899995803833,Investing.com_Manual,613.0,887.0,463.0,USDA_AgTransport_ShipAndBunker,82.84,FRED_DEXINUS,REAL
2023-03-16,,9.979999542236328,Investing.com_Manual,598.0,870.5,452.5,USDA_AgTransport_ShipAndBunker,82.63,FRED_DEXINUS,REAL
2023-03-17,,9.970000267028809,Investing.com_Manual,603.0,880.5,465.0,USDA_AgTransport_ShipAndBunker,82.56,FRED_DEXINUS,REAL
2023-03-20,,9.5,Investing.com_Manual,593.0,875.0,456.0,USDA_AgTransport_ShipAndBunker,82.55,FRED_DEXINUS,REAL
2023-03-21,,9.3100004196167,Investing.com_Manual,593.0,869.5,460.5,USDA_AgTransport_ShipAndBunker,82.59,FRED_DEXINUS,REAL
2023-03-22,,9.489999771118164,Investing.com_Manual,599.0,875.0,463.0,USDA_AgTransport_ShipAndBunker,82.66,FRED_DEXINUS,REAL
2023-03-23,,10.1899995803833,Investing.com_Manual,603.0,876.0,465.0,USDA_AgTransport_ShipAndBunker,82.07,FRED_DEXINUS,REAL
2023-03-24,,9.760000228881836,Investing.com_Manual,600.0,868.5,463.0,USDA_AgTransport_ShipAndBunker,82.34,FRED_DEXINUS,REAL
2023-03-27,,9.449999809265137,Investing.com_Manual,598.5,869.5,464.5,USDA_AgTransport_ShipAndBunker,82.24,FRED_DEXINUS,REAL
2023-03-28,,9.460000038146973,Investing.com_Manual,610.5,877.5,477.5,USDA_AgTransport_ShipAndBunker,82.17,FRED_DEXINUS,REAL
2023-03-29,,10.020000457763672,Investing.com_Manual,611.0,876.5,478.5,USDA_AgTransport_ShipAndBunker,82.18,FRED_DEXINUS,REAL
2023-03-30,,9.649999618530272,Investing.com_Manual,608.0,865.0,476.0,USDA_AgTransport_ShipAndBunker,82.34,FRED_DEXINUS,REAL
2023-03-31,,10.100000381469728,Investing.com_Manual,612.5,865.0,485.5,USDA_AgTransport_ShipAndBunker,82.19,FRED_DEXINUS,REAL
2023-04-03,,10.010000228881836,Investing.com_Manual,636.5,890.5,509.5,USDA_AgTransport_ShipAndBunker,82.24,FRED_DEXINUS,REAL
2023-04-04,,10.3100004196167,Investing.com_Manual,636.5,897.0,513.0,USDA_AgTransport_ShipAndBunker,82.33,FRED_DEXINUS,REAL
2023-04-05,,10.020000457763672,Investing.com_Manual,635.5,891.0,516.0,USDA_AgTransport_ShipAndBunker,81.89,FRED_DEXINUS,REAL
2023-04-06,,9.8100004196167,Investing.com_Manual,637.0,892.0,516.5,USDA_AgTransport_ShipAndBunker,81.86,FRED_DEXINUS,REAL
2023-04-07,,,,636.0,887.0,518.5,USDA_AgTransport_ShipAndBunker,81.85,FRED_DEXINUS,REAL
2023-04-10,,9.90999984741211,Investing.com_Manual,636.5,887.0,518.5,USDA_AgTransport_ShipAndBunker,82.01,FRED_DEXINUS,REAL
2023-04-11,,9.279999732971191,Investing.com_Manual,638.5,882.5,521.5,USDA_AgTransport_ShipAndBunker,82.04,FRED_DEXINUS,REAL
2023-04-12,,9.40999984741211,Investing.com_Manual,642.0,881.5,527.5,USDA_AgTransport_ShipAndBunker,81.98,FRED_DEXINUS,REAL
2023-04-13,,9.369999885559082,Investing.com_Manual,643.0,886.5,528.5,USDA_AgTransport_ShipAndBunker,81.65,FRED_DEXINUS,REAL
2023-04-14,,9.1899995803833,Investing.com_Manual,642.0,881.5,527.5,USDA_AgTransport_ShipAndBunker,81.88,FRED_DEXINUS,REAL
2023-04-17,,8.960000038146973,Investing.com_Manual,640.5,878.5,527.5,USDA_AgTransport_ShipAndBunker,81.98,FRED_DEXINUS,REAL
2023-04-18,,8.619999885559082,Investing.com_Manual,635.5,866.5,519.5,USDA_AgTransport_ShipAndBunker,82.08,FRED_DEXINUS,REAL
2023-04-19,,9.15999984741211,Investing.com_Manual,634.5,863.5,519.0,USDA_AgTransport_ShipAndBunker,82.18,FRED_DEXINUS,REAL
2023-04-20,,9.25,Investing.com_Manual,618.0,847.0,510.5,USDA_AgTransport_ShipAndBunker,82.1,FRED_DEXINUS,REAL
2023-04-21,,9.15999984741211,Investing.com_Manual,613.0,837.0,508.0,USDA_AgTransport_ShipAndBunker,82.06,FRED_DEXINUS,REAL
2023-04-24,,8.779999732971191,Investing.com_Manual,611.5,835.0,508.0,USDA_AgTransport_ShipAndBunker,81.9,FRED_DEXINUS,REAL
2023-04-25,,8.760000228881836,Investing.com_Manual,617.0,834.5,510.5,USDA_AgTransport_ShipAndBunker,81.92,FRED_DEXINUS,REAL
2023-04-26,,8.819999694824219,Investing.com_Manual,609.0,826.5,506.5,USDA_AgTransport_ShipAndBunker,81.74,FRED_DEXINUS,REAL
2023-04-27,,8.850000381469727,Investing.com_Manual,598.0,810.5,496.5,USDA_AgTransport_ShipAndBunker,81.84,FRED_DEXINUS,REAL
2023-04-28,,8.760000228881836,Investing.com_Manual,600.0,803.5,494.5,USDA_AgTransport_ShipAndBunker,81.84,FRED_DEXINUS,REAL
2023-05-01,,8.779999732971191,Investing.com_Manual,593.5,803.5,496.5,USDA_AgTransport_ShipAndBunker,81.84,FRED_DEXINUS,REAL
2023-05-02,,8.279999732971191,Investing.com_Manual,601.0,795.0,496.5,USDA_AgTransport_ShipAndBunker,81.89,FRED_DEXINUS,REAL
2023-05-03,,8.449999809265137,Investing.com_Manual,586.0,780.0,484.0,USDA_AgTransport_ShipAndBunker,81.83,FRED_DEXINUS,REAL
2023-05-04,,7.929999828338623,Investing.com_Manual,572.0,765.5,477.0,USDA_AgTransport_ShipAndBunker,81.73,FRED_DEXINUS,REAL
2023-05-05,,8.300000190734863,Investing.com_Manual,574.0,767.5,476.5,USDA_AgTransport_ShipAndBunker,81.81,FRED_DEXINUS,REAL
2023-05-08,,8.350000381469727,Investing.com_Manual,583.0,780.5,480.0,USDA_AgTransport_ShipAndBunker,81.78,FRED_DEXINUS,REAL
2023-05-09,,8.989999771118164,Investing.com_Manual,586.5,779.0,488.0,USDA_AgTransport_ShipAndBunker,82.04,FRED_DEXINUS,REAL
2023-05-10,,8.600000381469727,Investing.com_Manual,587.0,786.5,486.0,USDA_AgTransport_ShipAndBunker,81.94,FRED_DEXINUS,REAL
2023-05-11,,8.09000015258789,Investing.com_Manual,584.0,786.5,487.5,USDA_AgTransport_ShipAndBunker,82.13,FRED_DEXINUS,REAL
2023-05-12,,7.71999979019165,Investing.com_Manual,582.0,779.0,481.5,USDA_AgTransport_ShipAndBunker,82.17,FRED_DEXINUS,REAL
2023-05-15,,7.289999961853027,Investing.com_Manual,573.0,777.0,479.5,USDA_AgTransport_ShipAndBunker,82.3,FRED_DEXINUS,REAL
2023-05-16,,7.21999979019165,Investing.com_Manual,580.5,778.0,482.5,USDA_AgTransport_ShipAndBunker,82.26,FRED_DEXINUS,REAL
2023-05-17,,7.21999979019165,Investing.com_Manual,583.0,777.0,482.0,USDA_AgTransport_ShipAndBunker,82.39,FRED_DEXINUS,REAL
2023-05-18,,7.489999771118164,Investing.com_Manual,595.0,781.5,492.0,USDA_AgTransport_ShipAndBunker,82.77,FRED_DEXINUS,REAL
2023-05-19,,7.409999847412109,Investing.com_Manual,589.0,781.0,489.5,USDA_AgTransport_ShipAndBunker,82.65,FRED_DEXINUS,REAL
2023-05-22,,7.389999866485596,Investing.com_Manual,589.5,774.5,486.5,USDA_AgTransport_ShipAndBunker,82.83,FRED_DEXINUS,REAL
2023-05-23,,7.090000152587891,Investing.com_Manual,585.0,772.5,487.0,USDA_AgTransport_ShipAndBunker,82.84,FRED_DEXINUS,REAL
2023-05-24,,6.559999942779541,Investing.com_Manual,596.0,779.0,492.0,USDA_AgTransport_ShipAndBunker,82.66,FRED_DEXINUS,REAL
2023-05-25,,6.440000057220459,Investing.com_Manual,589.0,780.0,489.5,USDA_AgTransport_ShipAndBunker,82.76,FRED_DEXINUS,REAL
2023-05-26,,6.570000171661377,Investing.com_Manual,585.0,775.5,485.0,USDA_AgTransport_ShipAndBunker,82.58,FRED_DEXINUS,REAL
2023-05-29,,,,588.5,776.5,489.0,USDA_AgTransport_ShipAndBunker,82.58,FRED_DEXINUS,REAL
2023-05-30,,6.079999923706055,Investing.com_Manual,584.5,764.5,483.5,USDA_AgTransport_ShipAndBunker,82.67,FRED_DEXINUS,REAL
2023-05-31,,5.78000020980835,Investing.com_Manual,577.0,756.5,467.5,USDA_AgTransport_ShipAndBunker,82.68,FRED_DEXINUS,REAL
2023-06-01,,5.840000152587891,Investing.com_Manual,574.0,745.5,470.5,USDA_AgTransport_ShipAndBunker,82.41,FRED_DEXINUS,REAL
2023-06-02,,6.139999866485596,Investing.com_Manual,583.5,764.0,484.5,USDA_AgTransport_ShipAndBunker,82.35,FRED_DEXINUS,REAL
2023-06-05,,6.550000190734863,Investing.com_Manual,594.5,781.5,494.5,USDA_AgTransport_ShipAndBunker,82.67,FRED_DEXINUS,REAL
2023-06-06,,6.550000190734863,Investing.com_Manual,591.5,780.0,486.5,USDA_AgTransport_ShipAndBunker,82.61,FRED_DEXINUS,REAL
2023-06-07,,6.139999866485596,Investing.com_Manual,595.0,778.5,486.0,USDA_AgTransport_ShipAndBunker,82.5,FRED_DEXINUS,REAL
2023-06-08,,6.369999885559082,Investing.com_Manual,598.5,786.5,489.5,USDA_AgTransport_ShipAndBunker,82.57,FRED_DEXINUS,REAL
2023-06-09,,6.329999923706055,Investing.com_Manual,593.0,776.0,486.0,USDA_AgTransport_ShipAndBunker,82.46,FRED_DEXINUS,REAL
2023-06-12,,6.190000057220459,Investing.com_Manual,586.5,770.0,479.5,USDA_AgTransport_ShipAndBunker,82.43,FRED_DEXINUS,REAL
2023-06-13,,6.300000190734863,Investing.com_Manual,585.0,764.0,480.5,USDA_AgTransport_ShipAndBunker,82.38,FRED_DEXINUS,REAL
2023-06-14,,6.400000095367432,Investing.com_Manual,594.5,770.0,492.0,USDA_AgTransport_ShipAndBunker,82.1,FRED_DEXINUS,REAL
2023-06-15,,6.340000152587891,Investing.com_Manual,592.5,769.5,490.0,USDA_AgTransport_ShipAndBunker,82.18,FRED_DEXINUS,REAL
2023-06-16,,6.139999866485596,Investing.com_Manual,601.5,788.0,500.0,USDA_AgTransport_ShipAndBunker,81.89,FRED_DEXINUS,REAL
2023-06-19,,,,611.0,798.0,505.5,USDA_AgTransport_ShipAndBunker,81.89,FRED_DEXINUS,REAL
2023-06-20,,6.159999847412109,Investing.com_Manual,610.0,790.0,506.5,USDA_AgTransport_ShipAndBunker,82.11,FRED_DEXINUS,REAL
2023-06-21,,6.119999885559082,Investing.com_Manual,608.0,785.0,498.5,USDA_AgTransport_ShipAndBunker,82.04,FRED_DEXINUS,REAL
2023-06-22,,6.170000076293945,Investing.com_Manual,613.5,788.5,498.5,USDA_AgTransport_ShipAndBunker,81.93,FRED_DEXINUS,REAL
2023-06-23,,6.159999847412109,Investing.com_Manual,598.5,776.0,490.0,USDA_AgTransport_ShipAndBunker,82.01,FRED_DEXINUS,REAL
2023-06-26,,5.920000076293945,Investing.com_Manual,598.5,772.0,488.0,USDA_AgTransport_ShipAndBunker,82.0,FRED_DEXINUS,REAL
2023-06-27,,5.659999847412109,Investing.com_Manual,594.0,777.0,480.0,USDA_AgTransport_ShipAndBunker,81.98,FRED_DEXINUS,REAL
2023-06-28,,5.570000171661377,Investing.com_Manual,588.5,769.5,481.0,USDA_AgTransport_ShipAndBunker,82.0,FRED_DEXINUS,REAL
2023-06-29,,5.610000133514404,Investing.com_Manual,594.0,771.0,486.5,USDA_AgTransport_ShipAndBunker,82.05,FRED_DEXINUS,REAL
2023-06-30,,5.550000190734863,Investing.com_Manual,596.0,773.0,491.0,USDA_AgTransport_ShipAndBunker,82.06,FRED_DEXINUS,REAL
2023-07-03,,5.170000076293945,Investing.com_Manual,598.5,776.0,500.0,USDA_AgTransport_ShipAndBunker,81.96,FRED_DEXINUS,REAL
2023-07-04,,,,592.0,775.5,496.0,USDA_AgTransport_ShipAndBunker,81.96,FRED_DEXINUS,REAL
2023-07-05,,5.050000190734863,Investing.com_Manual,593.0,778.5,500.0,USDA_AgTransport_ShipAndBunker,82.34,FRED_DEXINUS,REAL
2023-07-06,,5.199999809265137,Investing.com_Manual,592.0,788.5,501.0,USDA_AgTransport_ShipAndBunker,82.49,FRED_DEXINUS,REAL
2023-07-07,,5.010000228881836,Investing.com_Manual,591.5,785.0,502.5,USDA_AgTransport_ShipAndBunker,82.74,FRED_DEXINUS,REAL
2023-07-10,,5.039999961853027,Investing.com_Manual,597.5,795.5,510.0,USDA_AgTransport_ShipAndBunker,82.57,FRED_DEXINUS,REAL
2023-07-11,,5.21999979019165,Investing.com_Manual,594.0,800.5,513.0,USDA_AgTransport_ShipAndBunker,82.39,FRED_DEXINUS,REAL
2023-07-12,,5.369999885559082,Investing.com_Manual,600.0,804.5,515.0,USDA_AgTransport_ShipAndBunker,82.03,FRED_DEXINUS,REAL
2023-07-13,,5.170000076293945,Investing.com_Manual,601.0,814.0,518.5,USDA_AgTransport_ShipAndBunker,82.04,FRED_DEXINUS,REAL
2023-07-14,,5.079999923706055,Investing.com_Manual,602.5,814.0,520.5,USDA_AgTransport_ShipAndBunker,82.16,FRED_DEXINUS,REAL
2023-07-17,,4.840000152587891,Investing.com_Manual,596.5,812.5,518.5,USDA_AgTransport_ShipAndBunker,82.03,FRED_DEXINUS,REAL
2023-07-18,,4.610000133514404,Investing.com_Manual,592.5,809.5,515.5,USDA_AgTransport_ShipAndBunker,82.03,FRED_DEXINUS,REAL
2023-07-19,,4.5,Investing.com_Manual,595.5,814.5,522.5,USDA_AgTransport_ShipAndBunker,82.09,FRED_DEXINUS,REAL
2023-07-20,,4.730000019073486,Investing.com_Manual,595.0,819.5,525.0,USDA_AgTransport_ShipAndBunker,81.99,FRED_DEXINUS,REAL
2023-07-21,,4.730000019073486,Investing.com_Manual,598.5,822.0,528.5,USDA_AgTransport_ShipAndBunker,81.99,FRED_DEXINUS,REAL
2023-07-24,,4.559999942779541,Investing.com_Manual,607.5,839.5,535.0,USDA_AgTransport_ShipAndBunker,81.81,FRED_DEXINUS,REAL
2023-07-25,,4.789999961853027,Investing.com_Manual,614.5,849.5,535.5,USDA_AgTransport_ShipAndBunker,81.87,FRED_DEXINUS,REAL
2023-07-26,,4.869999885559082,Investing.com_Manual,617.5,858.5,538.5,USDA_AgTransport_ShipAndBunker,81.99,FRED_DEXINUS,REAL
2023-07-27,,4.800000190734863,Investing.com_Manual,622.5,869.0,544.5,USDA_AgTransport_ShipAndBunker,82.15,FRED_DEXINUS,REAL
2023-07-28,,4.760000228881836,Investing.com_Manual,629.0,883.0,551.5,USDA_AgTransport_ShipAndBunker,82.22,FRED_DEXINUS,REAL
2023-07-31,,4.949999809265137,Investing.com_Manual,633.5,896.0,562.0,USDA_AgTransport_ShipAndBunker,82.24,FRED_DEXINUS,REAL
2023-08-01,,4.949999809265137,Investing.com_Manual,640.5,910.5,562.5,USDA_AgTransport_ShipAndBunker,82.25,FRED_DEXINUS,REAL
2023-08-02,,4.820000171661377,Investing.com_Manual,647.5,921.0,574.5,USDA_AgTransport_ShipAndBunker,82.58,FRED_DEXINUS,REAL
2023-08-03,,4.889999866485596,Investing.com_Manual,647.0,922.0,571.5,USDA_AgTransport_ShipAndBunker,82.74,FRED_DEXINUS,REAL
2023-08-04,,4.889999866485596,Investing.com_Manual,654.5,928.0,578.0,USDA_AgTransport_ShipAndBunker,82.83,FRED_DEXINUS,REAL
2023-08-07,,5.210000038146973,Investing.com_Manual,657.5,929.0,579.5,USDA_AgTransport_ShipAndBunker,82.75,FRED_DEXINUS,REAL
2023-08-08,,5.070000171661377,Investing.com_Manual,652.0,928.5,576.5,USDA_AgTransport_ShipAndBunker,82.85,FRED_DEXINUS,REAL
2023-08-09,,5.059999942779541,Investing.com_Manual,657.0,937.0,584.5,USDA_AgTransport_ShipAndBunker,82.84,FRED_DEXINUS,REAL
2023-08-10,,5.21999979019165,Investing.com_Manual,667.5,955.5,592.0,USDA_AgTransport_ShipAndBunker,82.69,FRED_DEXINUS,REAL
2023-08-11,,5.329999923706055,Investing.com_Manual,662.5,949.5,591.5,USDA_AgTransport_ShipAndBunker,82.87,FRED_DEXINUS,REAL
2023-08-14,,5.340000152587891,Investing.com_Manual,662.5,944.5,589.5,USDA_AgTransport_ShipAndBunker,83.17,FRED_DEXINUS,REAL
2023-08-15,,5.590000152587891,Investing.com_Manual,661.5,941.5,585.5,USDA_AgTransport_ShipAndBunker,82.94,FRED_DEXINUS,REAL
2023-08-16,,5.659999847412109,Investing.com_Manual,656.5,947.5,585.5,USDA_AgTransport_ShipAndBunker,83.19,FRED_DEXINUS,REAL
2023-08-17,,5.449999809265137,Investing.com_Manual,653.0,949.0,582.5,USDA_AgTransport_ShipAndBunker,83.09,FRED_DEXINUS,REAL
2023-08-18,,5.329999923706055,Investing.com_Manual,654.5,953.0,583.0,USDA_AgTransport_ShipAndBunker,83.14,FRED_DEXINUS,REAL
2023-08-21,,5.090000152587891,Investing.com_Manual,657.5,958.5,588.5,USDA_AgTransport_ShipAndBunker,83.1,FRED_DEXINUS,REAL
2023-08-22,,4.940000057220459,Investing.com_Manual,649.0,950.0,585.0,USDA_AgTransport_ShipAndBunker,82.94,FRED_DEXINUS,REAL
2023-08-23,,4.829999923706055,Investing.com_Manual,645.5,956.0,579.5,USDA_AgTransport_ShipAndBunker,82.69,FRED_DEXINUS,REAL
2023-08-24,,5.059999942779541,Investing.com_Manual,645.5,958.5,571.5,USDA_AgTransport_ShipAndBunker,82.57,FRED_DEXINUS,REAL
2023-08-25,,4.940000057220459,Investing.com_Manual,651.0,964.0,571.0,USDA_AgTransport_ShipAndBunker,82.64,FRED_DEXINUS,REAL
2023-08-28,,4.96999979019165,Investing.com_Manual,654.5,974.0,574.0,USDA_AgTransport_ShipAndBunker,82.6,FRED_DEXINUS,REAL
2023-08-29,,5.050000190734863,Investing.com_Manual,657.0,973.0,573.0,USDA_AgTransport_ShipAndBunker,82.7,FRED_DEXINUS,REAL
2023-08-30,,4.880000114440918,Investing.com_Manual,654.0,974.5,570.0,USDA_AgTransport_ShipAndBunker,82.73,FRED_DEXINUS,REAL
2023-08-31,,4.889999866485596,Investing.com_Manual,654.5,969.0,573.0,USDA_AgTransport_ShipAndBunker,82.78,FRED_DEXINUS,REAL
2023-09-01,,4.860000133514404,Investing.com_Manual,662.0,971.5,577.0,USDA_AgTransport_ShipAndBunker,82.69,FRED_DEXINUS,REAL
2023-09-04,,,,664.0,970.0,578.0,USDA_AgTransport_ShipAndBunker,82.69,FRED_DEXINUS,REAL
2023-09-05,,4.900000095367432,Investing.com_Manual,661.0,978.0,578.0,USDA_AgTransport_ShipAndBunker,83.03,FRED_DEXINUS,REAL
2023-09-06,,5.070000171661377,Investing.com_Manual,662.0,980.5,586.0,USDA_AgTransport_ShipAndBunker,83.14,FRED_DEXINUS,REAL
2023-09-07,,5.239999771118164,Investing.com_Manual,668.5,980.5,590.0,USDA_AgTransport_ShipAndBunker,83.21,FRED_DEXINUS,REAL
2023-09-08,,5.300000190734863,Investing.com_Manual,667.0,985.0,592.5,USDA_AgTransport_ShipAndBunker,82.93,FRED_DEXINUS,REAL
2023-09-11,,5.099999904632568,Investing.com_Manual,668.5,1000.0,591.0,USDA_AgTransport_ShipAndBunker,83.03,FRED_DEXINUS,REAL
2023-09-12,,5.269999980926514,Investing.com_Manual,671.0,1005.0,589.5,USDA_AgTransport_ShipAndBunker,82.86,FRED_DEXINUS,REAL
2023-09-13,,5.300000190734863,Investing.com_Manual,675.0,1007.0,597.0,USDA_AgTransport_ShipAndBunker,82.93,FRED_DEXINUS,REAL
2023-09-14,,5.460000038146973,Investing.com_Manual,681.0,1018.0,600.0,USDA_AgTransport_ShipAndBunker,83.02,FRED_DEXINUS,REAL
2023-09-15,,5.480000019073486,Investing.com_Manual,687.0,1024.0,603.5,USDA_AgTransport_ShipAndBunker,83.15,FRED_DEXINUS,REAL
2023-09-18,,5.670000076293945,Investing.com_Manual,685.0,1021.5,601.0,USDA_AgTransport_ShipAndBunker,83.27,FRED_DEXINUS,REAL
2023-09-19,,5.699999809265137,Investing.com_Manual,682.0,1013.5,592.0,USDA_AgTransport_ShipAndBunker,83.27,FRED_DEXINUS,REAL
2023-09-20,,5.460000038146973,Investing.com_Manual,681.5,1012.5,591.0,USDA_AgTransport_ShipAndBunker,83.07,FRED_DEXINUS,REAL
2023-09-21,,5.369999885559082,Investing.com_Manual,677.5,1012.5,589.0,USDA_AgTransport_ShipAndBunker,83.11,FRED_DEXINUS,REAL
2023-09-22,,5.53000020980835,Investing.com_Manual,677.5,1016.5,590.5,USDA_AgTransport_ShipAndBunker,82.95,FRED_DEXINUS,REAL
2023-09-25,,5.590000152587891,Investing.com_Manual,674.5,1010.0,590.0,USDA_AgTransport_ShipAndBunker,83.11,FRED_DEXINUS,REAL
2023-09-26,,5.539999961853027,Investing.com_Manual,672.5,997.0,585.5,USDA_AgTransport_ShipAndBunker,83.24,FRED_DEXINUS,REAL
2023-09-27,,5.53000020980835,Investing.com_Manual,682.5,1002.5,595.0,USDA_AgTransport_ShipAndBunker,83.18,FRED_DEXINUS,REAL
2023-09-28,,5.369999885559082,Investing.com_Manual,689.0,1010.0,601.5,USDA_AgTransport_ShipAndBunker,83.13,FRED_DEXINUS,REAL
2023-09-29,,5.489999771118164,Investing.com_Manual,684.5,1012.5,592.5,USDA_AgTransport_ShipAndBunker,83.08,FRED_DEXINUS,REAL
2023-10-02,,5.630000114440918,Investing.com_Manual,683.0,1009.0,583.5,USDA_AgTransport_ShipAndBunker,83.04,FRED_DEXINUS,REAL
2023-10-03,,5.590000152587891,Investing.com_Manual,679.0,998.5,571.0,USDA_AgTransport_ShipAndBunker,83.22,FRED_DEXINUS,REAL
2023-10-04,,5.550000190734863,Investing.com_Manual,672.0,981.0,564.0,USDA_AgTransport_ShipAndBunker,83.25,FRED_DEXINUS,REAL
2023-10-05,,5.75,Investing.com_Manual,649.5,968.0,547.0,USDA_AgTransport_ShipAndBunker,83.24,FRED_DEXINUS,REAL
2023-10-06,,5.909999847412109,Investing.com_Manual,647.5,923.0,540.5,USDA_AgTransport_ShipAndBunker,83.25,FRED_DEXINUS,REAL
2023-10-09,,5.96999979019165,Investing.com_Manual,654.0,930.5,544.0,USDA_AgTransport_ShipAndBunker,83.25,FRED_DEXINUS,REAL
2023-10-10,,5.670000076293945,Investing.com_Manual,664.5,949.5,551.0,USDA_AgTransport_ShipAndBunker,83.25,FRED_DEXINUS,REAL
2023-10-11,,5.78000020980835,Investing.com_Manual,662.5,950.5,544.0,USDA_AgTransport_ShipAndBunker,83.18,FRED_DEXINUS,REAL
2023-10-12,,5.599999904632568,Investing.com_Manual,667.0,954.0,539.5,USDA_AgTransport_ShipAndBunker,83.28,FRED_DEXINUS,REAL
2023-10-13,,5.869999885559082,Investing.com_Manual,672.0,960.0,544.5,USDA_AgTransport_ShipAndBunker,83.26,FRED_DEXINUS,REAL
2023-10-16,,5.809999942779541,Investing.com_Manual,680.0,967.0,552.0,USDA_AgTransport_ShipAndBunker,83.28,FRED_DEXINUS,REAL
2023-10-17,,6.090000152587891,Investing.com_Manual,678.0,970.0,552.5,USDA_AgTransport_ShipAndBunker,83.22,FRED_DEXINUS,REAL
2023-10-18,,5.829999923706055,Investing.com_Manual,683.0,970.0,560.5,USDA_AgTransport_ShipAndBunker,83.25,FRED_DEXINUS,REAL
2023-10-19,,5.670000076293945,Investing.com_Manual,686.0,958.5,562.0,USDA_AgTransport_ShipAndBunker,83.1,FRED_DEXINUS,REAL
2023-10-20,,5.760000228881836,Investing.com_Manual,688.0,964.5,560.5,USDA_AgTransport_ShipAndBunker,83.14,FRED_DEXINUS,REAL
2023-10-23,,5.539999961853027,Investing.com_Manual,686.0,962.0,556.0,USDA_AgTransport_ShipAndBunker,83.19,FRED_DEXINUS,REAL
2023-10-24,,5.409999847412109,Investing.com_Manual,675.0,952.0,551.5,USDA_AgTransport_ShipAndBunker,83.19,FRED_DEXINUS,REAL
2023-10-25,,5.289999961853027,Investing.com_Manual,669.5,946.0,545.0,USDA_AgTransport_ShipAndBunker,83.18,FRED_DEXINUS,REAL
2023-10-26,,5.179999828338623,Investing.com_Manual,671.0,944.0,543.0,USDA_AgTransport_ShipAndBunker,83.24,FRED_DEXINUS,REAL
2023-10-27,,5.059999942779541,Investing.com_Manual,671.0,946.0,542.0,USDA_AgTransport_ShipAndBunker,83.27,FRED_DEXINUS,REAL
2023-10-30,,4.940000057220459,Investing.com_Manual,673.0,940.0,535.5,USDA_AgTransport_ShipAndBunker,83.25,FRED_DEXINUS,REAL
2023-10-31,,5.010000228881836,Investing.com_Manual,674.5,934.0,534.0,USDA_AgTransport_ShipAndBunker,83.26,FRED_DEXINUS,REAL
2023-11-01,,4.800000190734863,Investing.com_Manual,680.5,936.0,538.0,USDA_AgTransport_ShipAndBunker,83.24,FRED_DEXINUS,REAL
2023-11-02,,5.010000228881836,Investing.com_Manual,678.0,938.0,538.5,USDA_AgTransport_ShipAndBunker,83.22,FRED_DEXINUS,REAL
2023-11-03,,5.150000095367432,Investing.com_Manual,678.5,945.0,541.5,USDA_AgTransport_ShipAndBunker,83.14,FRED_DEXINUS,REAL
2023-11-06,,5.269999980926514,Investing.com_Manual,677.5,933.5,537.0,USDA_AgTransport_ShipAndBunker,83.19,FRED_DEXINUS,REAL
2023-11-07,,5.199999809265137,Investing.com_Manual,673.0,921.5,527.5,USDA_AgTransport_ShipAndBunker,83.22,FRED_DEXINUS,REAL
2023-11-08,,5.400000095367432,Investing.com_Manual,664.5,906.5,517.0,USDA_AgTransport_ShipAndBunker,83.28,FRED_DEXINUS,REAL
2023-11-09,,5.800000190734863,Investing.com_Manual,660.5,892.0,512.0,USDA_AgTransport_ShipAndBunker,83.25,FRED_DEXINUS,REAL
2023-11-10,,5.699999809265137,Investing.com_Manual,661.0,883.5,515.5,USDA_AgTransport_ShipAndBunker,83.25,FRED_DEXINUS,REAL
2023-11-13,,5.949999809265137,Investing.com_Manual,666.5,883.0,513.5,USDA_AgTransport_ShipAndBunker,83.32,FRED_DEXINUS,REAL
2023-11-14,,5.929999828338623,Investing.com_Manual,674.5,894.5,519.5,USDA_AgTransport_ShipAndBunker,83.32,FRED_DEXINUS,REAL
2023-11-15,,6.150000095367432,Investing.com_Manual,672.5,898.5,522.0,USDA_AgTransport_ShipAndBunker,83.11,FRED_DEXINUS,REAL
2023-11-16,,6.440000057220459,Investing.com_Manual,666.0,900.0,520.5,USDA_AgTransport_ShipAndBunker,83.22,FRED_DEXINUS,REAL
2023-11-17,,6.420000076293945,Investing.com_Manual,658.5,881.5,517.0,USDA_AgTransport_ShipAndBunker,83.25,FRED_DEXINUS,REAL
2023-11-20,,6.420000076293945,Investing.com_Manual,668.0,884.5,519.5,USDA_AgTransport_ShipAndBunker,83.33,FRED_DEXINUS,REAL
2023-11-21,,6.550000190734863,Investing.com_Manual,674.5,886.5,523.0,USDA_AgTransport_ShipAndBunker,83.26,FRED_DEXINUS,REAL
2023-11-22,,6.619999885559082,Investing.com_Manual,673.5,892.0,526.5,USDA_AgTransport_ShipAndBunker,83.29,FRED_DEXINUS,REAL
2023-11-23,,,,670.0,892.0,524.0,USDA_AgTransport_ShipAndBunker,83.29,FRED_DEXINUS,REAL
2023-11-24,,7.519999980926514,Investing.com_Manual,665.0,889.5,522.5,USDA_AgTransport_ShipAndBunker,83.34,FRED_DEXINUS,REAL
2023-11-27,,7.769999980926514,Investing.com_Manual,655.5,881.5,518.5,USDA_AgTransport_ShipAndBunker,83.34,FRED_DEXINUS,REAL
2023-11-28,,7.800000190734863,Investing.com_Manual,653.5,881.5,521.0,USDA_AgTransport_ShipAndBunker,83.33,FRED_DEXINUS,REAL
2023-11-29,,8.710000038146973,Investing.com_Manual,654.0,885.0,523.5,USDA_AgTransport_ShipAndBunker,83.31,FRED_DEXINUS,REAL
2023-11-30,,9.329999923706056,Investing.com_Manual,660.5,885.0,528.0,USDA_AgTransport_ShipAndBunker,83.36,FRED_DEXINUS,REAL
2023-12-01,,10.039999961853027,Investing.com_Manual,660.0,880.5,522.0,USDA_AgTransport_ShipAndBunker,83.27,FRED_DEXINUS,REAL
2023-12-04,,9.34000015258789,Investing.com_Manual,648.5,872.5,517.0,USDA_AgTransport_ShipAndBunker,83.4,FRED_DEXINUS,REAL
2023-12-05,,8.300000190734863,Investing.com_Manual,644.0,859.5,516.0,USDA_AgTransport_ShipAndBunker,83.33,FRED_DEXINUS,REAL
2023-12-06,,8.229999542236328,Investing.com_Manual,639.5,859.0,512.0,USDA_AgTransport_ShipAndBunker,83.32,FRED_DEXINUS,REAL
2023-12-07,,8.34000015258789,Investing.com_Manual,624.0,851.0,501.0,USDA_AgTransport_ShipAndBunker,83.32,FRED_DEXINUS,REAL
2023-12-08,,8.699999809265137,Investing.com_Manual,621.5,848.5,499.5,USDA_AgTransport_ShipAndBunker,83.38,FRED_DEXINUS,REAL
2023-12-11,,8.600000381469727,Investing.com_Manual,620.5,841.0,502.0,USDA_AgTransport_ShipAndBunker,83.38,FRED_DEXINUS,REAL
2023-12-12,,9.4399995803833,Investing.com_Manual,617.0,834.5,501.0,USDA_AgTransport_ShipAndBunker,83.37,FRED_DEXINUS,REAL
2023-12-13,,8.869999885559082,Investing.com_Manual,609.0,833.0,495.5,USDA_AgTransport_ShipAndBunker,83.4,FRED_DEXINUS,REAL
2023-12-14,,9.239999771118164,Investing.com_Manual,611.0,836.0,498.5,USDA_AgTransport_ShipAndBunker,83.28,FRED_DEXINUS,REAL
2023-12-15,,9.920000076293944,Investing.com_Manual,618.5,849.0,502.5,USDA_AgTransport_ShipAndBunker,83.02,FRED_DEXINUS,REAL
2023-12-18,,10.600000381469728,Investing.com_Manual,623.0,854.5,502.0,USDA_AgTransport_ShipAndBunker,83.04,FRED_DEXINUS,REAL
2023-12-19,,9.779999732971191,Investing.com_Manual,629.0,840.5,507.0,USDA_AgTransport_ShipAndBunker,83.18,FRED_DEXINUS,REAL
2023-12-20,,10.039999961853027,Investing.com_Manual,634.0,852.0,512.0,USDA_AgTransport_ShipAndBunker,83.14,FRED_DEXINUS,REAL
2023-12-21,,9.970000267028809,Investing.com_Manual,637.5,858.0,509.0,USDA_AgTransport_ShipAndBunker,83.27,FRED_DEXINUS,REAL
2023-12-22,,10.4399995803833,Investing.com_Manual,639.0,862.0,510.5,USDA_AgTransport_ShipAndBunker,83.12,FRED_DEXINUS,REAL
2023-12-25,,,,639.0,862.0,510.5,USDA_AgTransport_ShipAndBunker,83.12,FRED_DEXINUS,REAL
2023-12-26,,10.399999618530272,Investing.com_Manual,637.5,861.0,509.5,USDA_AgTransport_ShipAndBunker,83.17,FRED_DEXINUS,REAL
2023-12-27,,10.869999885559082,Investing.com_Manual,643.5,861.0,513.5,USDA_AgTransport_ShipAndBunker,83.35,FRED_DEXINUS,REAL
2023-12-28,,11.649999618530272,Investing.com_Manual,642.0,851.0,510.5,USDA_AgTransport_ShipAndBunker,83.15,FRED_DEXINUS,REAL
2023-12-29,,11.5600004196167,Investing.com_Manual,637.0,854.0,508.0,USDA_AgTransport_ShipAndBunker,83.19,FRED_DEXINUS,REAL
2024-01-01,,,,637.0,854.0,508.0,USDA_AgTransport_ShipAndBunker,83.19,FRED_DEXINUS,REAL
2024-01-02,,10.619999885559082,Investing.com_Manual,636.0,852.0,505.5,USDA_AgTransport_ShipAndBunker,83.31,FRED_DEXINUS,REAL
2024-01-03,,10.140000343322754,Investing.com_Manual,633.5,840.0,504.0,USDA_AgTransport_ShipAndBunker,83.3,FRED_DEXINUS,REAL
2024-01-04,,10.899999618530272,Investing.com_Manual,633.5,841.5,506.0,USDA_AgTransport_ShipAndBunker,83.21,FRED_DEXINUS,REAL
2024-01-05,,10.609999656677246,Investing.com_Manual,635.0,841.0,505.0,USDA_AgTransport_ShipAndBunker,83.16,FRED_DEXINUS,REAL
2024-01-08,,9.609999656677246,Investing.com_Manual,631.5,843.0,504.0,USDA_AgTransport_ShipAndBunker,83.13,FRED_DEXINUS,REAL
2024-01-09,,9.0,Investing.com_Manual,625.5,841.0,496.5,USDA_AgTransport_ShipAndBunker,83.09,FRED_DEXINUS,REAL
2024-01-10,,9.550000190734863,Investing.com_Manual,627.0,848.5,503.0,USDA_AgTransport_ShipAndBunker,83.01,FRED_DEXINUS,REAL
2024-01-11,,9.4399995803833,Investing.com_Manual,622.5,848.0,497.5,USDA_AgTransport_ShipAndBunker,83.03,FRED_DEXINUS,REAL
2024-01-12,,9.5,Investing.com_Manual,627.0,851.0,501.5,USDA_AgTransport_ShipAndBunker,82.92,FRED_DEXINUS,REAL
2024-01-15,,,,626.0,850.5,497.0,USDA_AgTransport_ShipAndBunker,82.92,FRED_DEXINUS,REAL
2024-01-16,,9.770000457763672,Investing.com_Manual,624.5,846.0,495.0,USDA_AgTransport_ShipAndBunker,83.05,FRED_DEXINUS,REAL
2024-01-17,,10.0600004196167,Investing.com_Manual,623.5,849.0,494.0,USDA_AgTransport_ShipAndBunker,83.14,FRED_DEXINUS,REAL
2024-01-18,,11.1899995803833,Investing.com_Manual,623.0,847.5,490.5,USDA_AgTransport_ShipAndBunker,83.15,FRED_DEXINUS,REAL
2024-01-19,,11.050000190734863,Investing.com_Manual,630.0,850.0,492.0,USDA_AgTransport_ShipAndBunker,83.09,FRED_DEXINUS,REAL
2024-01-22,,10.43000030517578,Investing.com_Manual,634.5,852.0,491.5,USDA_AgTransport_ShipAndBunker,83.08,FRED_DEXINUS,REAL
2024-01-23,,10.720000267028809,Investing.com_Manual,635.5,855.0,492.0,USDA_AgTransport_ShipAndBunker,83.15,FRED_DEXINUS,REAL
2024-01-24,,11.75,Investing.com_Manual,641.0,856.0,492.5,USDA_AgTransport_ShipAndBunker,83.09,FRED_DEXINUS,REAL
2024-01-25,,11.100000381469728,Investing.com_Manual,647.0,860.5,497.0,USDA_AgTransport_ShipAndBunker,83.08,FRED_DEXINUS,REAL
2024-01-26,,11.0600004196167,Investing.com_Manual,654.0,866.0,504.0,USDA_AgTransport_ShipAndBunker,83.11,FRED_DEXINUS,REAL
2024-01-29,,10.75,Investing.com_Manual,663.5,880.5,509.0,USDA_AgTransport_ShipAndBunker,83.12,FRED_DEXINUS,REAL
2024-01-30,,10.979999542236328,Investing.com_Manual,665.0,883.5,510.0,USDA_AgTransport_ShipAndBunker,83.11,FRED_DEXINUS,REAL
2024-01-31,,11.239999771118164,Investing.com_Manual,666.0,886.0,507.5,USDA_AgTransport_ShipAndBunker,83.02,FRED_DEXINUS,REAL
2024-02-01,,11.109999656677246,Investing.com_Manual,660.5,881.5,499.5,USDA_AgTransport_ShipAndBunker,82.95,FRED_DEXINUS,REAL
2024-02-02,,11.170000076293944,Investing.com_Manual,655.0,876.0,497.0,USDA_AgTransport_ShipAndBunker,82.92,FRED_DEXINUS,REAL
2024-02-05,,11.8100004196167,Investing.com_Manual,647.5,866.5,493.0,USDA_AgTransport_ShipAndBunker,83.04,FRED_DEXINUS,REAL
2024-02-06,,12.640000343322754,Investing.com_Manual,645.0,869.0,494.5,USDA_AgTransport_ShipAndBunker,83.03,FRED_DEXINUS,REAL
2024-02-07,,11.800000190734863,Investing.com_Manual,648.0,873.5,496.5,USDA_AgTransport_ShipAndBunker,82.97,FRED_DEXINUS,REAL
2024-02-08,,12.550000190734863,Investing.com_Manual,650.5,880.0,499.0,USDA_AgTransport_ShipAndBunker,82.97,FRED_DEXINUS,REAL
2024-02-09,,12.350000381469728,Investing.com_Manual,657.0,889.0,503.0,USDA_AgTransport_ShipAndBunker,83.0,FRED_DEXINUS,REAL
2024-02-12,,12.5,Investing.com_Manual,658.0,892.5,505.0,USDA_AgTransport_ShipAndBunker,82.95,FRED_DEXINUS,REAL
2024-02-13,,12.260000228881836,Investing.com_Manual,660.0,899.5,506.0,USDA_AgTransport_ShipAndBunker,83.06,FRED_DEXINUS,REAL
2024-02-14,,12.75,Investing.com_Manual,660.5,896.0,507.5,USDA_AgTransport_ShipAndBunker,83.02,FRED_DEXINUS,REAL
2024-02-15,,12.789999961853027,Investing.com_Manual,661.0,887.0,507.0,USDA_AgTransport_ShipAndBunker,83.0,FRED_DEXINUS,REAL
2024-02-16,,12.81999969482422,Investing.com_Manual,665.0,896.5,508.0,USDA_AgTransport_ShipAndBunker,83.02,FRED_DEXINUS,REAL
2024-02-19,,,,666.0,893.5,509.0,USDA_AgTransport_ShipAndBunker,83.02,FRED_DEXINUS,REAL
2024-02-20,,12.5,Investing.com_Manual,665.5,893.5,508.5,USDA_AgTransport_ShipAndBunker,82.88,FRED_DEXINUS,REAL
2024-02-21,,12.949999809265137,Investing.com_Manual,660.5,886.5,509.0,USDA_AgTransport_ShipAndBunker,82.96,FRED_DEXINUS,REAL
2024-02-22,,13.510000228881836,Investing.com_Manual,661.5,882.0,511.5,USDA_AgTransport_ShipAndBunker,82.86,FRED_DEXINUS,REAL
2024-02-23,,14.336999893188477,Investing.com_Manual,663.0,880.0,510.5,USDA_AgTransport_ShipAndBunker,82.86,FRED_DEXINUS,REAL
2024-02-26,,13.732999801635742,Investing.com_Manual,656.5,875.5,504.5,USDA_AgTransport_ShipAndBunker,82.85,FRED_DEXINUS,REAL
2024-02-27,,14.449999809265137,Investing.com_Manual,657.5,878.0,503.5,USDA_AgTransport_ShipAndBunker,82.88,FRED_DEXINUS,REAL
2024-02-28,,15.029999732971191,Investing.com_Manual,662.0,878.5,506.0,USDA_AgTransport_ShipAndBunker,82.88,FRED_DEXINUS,REAL
2024-02-29,,15.25,Investing.com_Manual,662.0,872.0,506.0,USDA_AgTransport_ShipAndBunker,82.87,FRED_DEXINUS,REAL
2024-03-01,,16.100000381469727,Investing.com_Manual,662.0,875.5,508.5,USDA_AgTransport_ShipAndBunker,82.91,FRED_DEXINUS,REAL
2024-03-04,,16.229999542236328,Investing.com_Manual,666.5,883.5,513.5,USDA_AgTransport_ShipAndBunker,82.88,FRED_DEXINUS,REAL
2024-03-05,,15.75,Investing.com_Manual,666.0,878.0,510.5,USDA_AgTransport_ShipAndBunker,82.86,FRED_DEXINUS,REAL
2024-03-06,,15.56999969482422,Investing.com_Manual,663.5,875.5,511.0,USDA_AgTransport_ShipAndBunker,82.78,FRED_DEXINUS,REAL
2024-03-07,,16.43000030517578,Investing.com_Manual,663.5,874.5,512.5,USDA_AgTransport_ShipAndBunker,82.78,FRED_DEXINUS,REAL
2024-03-08,,16.84000015258789,Investing.com_Manual,661.0,874.0,513.5,USDA_AgTransport_ShipAndBunker,82.73,FRED_DEXINUS,REAL
2024-03-11,,16.040000915527344,Investing.com_Manual,658.0,878.0,511.0,USDA_AgTransport_ShipAndBunker,82.72,FRED_DEXINUS,REAL
2024-03-12,,16.479999542236328,Investing.com_Manual,656.5,875.5,511.5,USDA_AgTransport_ShipAndBunker,82.77,FRED_DEXINUS,REAL
2024-03-13,,16.25,Investing.com_Manual,657.5,874.5,512.0,USDA_AgTransport_ShipAndBunker,82.81,FRED_DEXINUS,REAL
2024-03-14,,16.059999465942383,Investing.com_Manual,664.5,875.5,518.5,USDA_AgTransport_ShipAndBunker,82.82,FRED_DEXINUS,REAL
2024-03-15,,15.6899995803833,Investing.com_Manual,666.0,881.5,519.0,USDA_AgTransport_ShipAndBunker,82.86,FRED_DEXINUS,REAL
2024-03-18,,16.190000534057617,Investing.com_Manual,669.5,886.5,528.5,USDA_AgTransport_ShipAndBunker,82.89,FRED_DEXINUS,REAL
2024-03-19,,15.489999771118164,Investing.com_Manual,672.0,901.0,527.5,USDA_AgTransport_ShipAndBunker,83.01,FRED_DEXINUS,REAL
2024-03-20,,14.68000030517578,Investing.com_Manual,671.0,902.0,530.5,USDA_AgTransport_ShipAndBunker,83.18,FRED_DEXINUS,REAL
2024-03-21,,15.270000457763672,Investing.com_Manual,668.0,895.0,527.5,USDA_AgTransport_ShipAndBunker,83.15,FRED_DEXINUS,REAL
2024-03-22,,14.729999542236328,Investing.com_Manual,665.0,892.5,526.0,USDA_AgTransport_ShipAndBunker,83.53,FRED_DEXINUS,REAL
2024-03-25,,14.06999969482422,Investing.com_Manual,665.0,892.0,527.5,USDA_AgTransport_ShipAndBunker,83.42,FRED_DEXINUS,REAL
2024-03-26,,13.380000114440918,Investing.com_Manual,666.0,885.5,529.5,USDA_AgTransport_ShipAndBunker,83.32,FRED_DEXINUS,REAL
2024-03-27,,13.350000381469728,Investing.com_Manual,664.5,883.5,527.5,USDA_AgTransport_ShipAndBunker,83.34,FRED_DEXINUS,REAL
2024-03-28,,13.859999656677246,Investing.com_Manual,663.5,877.5,526.5,USDA_AgTransport_ShipAndBunker,83.35,FRED_DEXINUS,REAL
2024-03-29,,,,668.5,878.5,533.5,USDA_AgTransport_ShipAndBunker,83.34,FRED_DEXINUS,REAL
2024-04-01,,13.890000343322754,Investing.com_Manual,666.0,879.5,530.0,USDA_AgTransport_ShipAndBunker,83.36,FRED_DEXINUS,REAL
2024-04-02,,12.699999809265137,Investing.com_Manual,669.5,889.5,534.5,USDA_AgTransport_ShipAndBunker,83.32,FRED_DEXINUS,REAL
2024-04-03,,13.31999969482422,Investing.com_Manual,673.5,894.0,539.5,USDA_AgTransport_ShipAndBunker,83.43,FRED_DEXINUS,REAL
2024-04-04,,12.710000038146973,Investing.com_Manual,674.0,893.5,541.5,USDA_AgTransport_ShipAndBunker,83.44,FRED_DEXINUS,REAL
2024-04-05,,12.850000381469728,Investing.com_Manual,674.5,901.0,543.0,USDA_AgTransport_ShipAndBunker,83.29,FRED_DEXINUS,REAL
2024-04-08,,12.510000228881836,Investing.com_Manual,677.0,904.0,546.0,USDA_AgTransport_ShipAndBunker,83.25,FRED_DEXINUS,REAL
2024-04-09,,12.779999732971191,Investing.com_Manual,673.0,899.0,544.0,USDA_AgTransport_ShipAndBunker,83.18,FRED_DEXINUS,REAL
2024-04-10,,13.5,Investing.com_Manual,672.0,898.5,544.5,USDA_AgTransport_ShipAndBunker,83.37,FRED_DEXINUS,REAL
2024-04-11,,13.539999961853027,Investing.com_Manual,671.5,901.5,543.0,USDA_AgTransport_ShipAndBunker,83.19,FRED_DEXINUS,REAL
2024-04-12,,13.670000076293944,Investing.com_Manual,672.0,896.0,543.5,USDA_AgTransport_ShipAndBunker,83.59,FRED_DEXINUS,REAL
2024-04-15,,13.5600004196167,Investing.com_Manual,672.5,896.5,544.5,USDA_AgTransport_ShipAndBunker,83.48,FRED_DEXINUS,REAL
2024-04-16,,13.399999618530272,Investing.com_Manual,672.5,892.0,546.0,USDA_AgTransport_ShipAndBunker,83.54,FRED_DEXINUS,REAL
2024-04-17,,13.8100004196167,Investing.com_Manual,672.0,885.0,547.0,USDA_AgTransport_ShipAndBunker,83.54,FRED_DEXINUS,REAL
2024-04-18,,13.43000030517578,Investing.com_Manual,665.5,870.5,543.5,USDA_AgTransport_ShipAndBunker,83.53,FRED_DEXINUS,REAL
2024-04-19,,13.609999656677246,Investing.com_Manual,665.0,864.0,543.0,USDA_AgTransport_ShipAndBunker,83.46,FRED_DEXINUS,REAL
2024-04-22,,13.029999732971191,Investing.com_Manual,661.5,859.0,540.5,USDA_AgTransport_ShipAndBunker,83.47,FRED_DEXINUS,REAL
2024-04-23,,13.399999618530272,Investing.com_Manual,662.5,858.5,542.5,USDA_AgTransport_ShipAndBunker,83.36,FRED_DEXINUS,REAL
2024-04-24,,13.15999984741211,Investing.com_Manual,664.0,856.5,543.5,USDA_AgTransport_ShipAndBunker,83.34,FRED_DEXINUS,REAL
2024-04-25,,13.020000457763672,Investing.com_Manual,662.0,855.0,549.0,USDA_AgTransport_ShipAndBunker,83.31,FRED_DEXINUS,REAL
2024-04-26,,12.81999969482422,Investing.com_Manual,664.0,855.0,548.0,USDA_AgTransport_ShipAndBunker,83.38,FRED_DEXINUS,REAL
2024-04-29,,12.600000381469728,Investing.com_Manual,666.0,856.0,551.0,USDA_AgTransport_ShipAndBunker,83.46,FRED_DEXINUS,REAL
2024-04-30,,12.710000038146973,Investing.com_Manual,662.0,851.0,551.0,USDA_AgTransport_ShipAndBunker,83.44,FRED_DEXINUS,REAL
2024-05-01,,12.6899995803833,Investing.com_Manual,658.5,848.5,550.0,USDA_AgTransport_ShipAndBunker,83.45,FRED_DEXINUS,REAL
2024-05-02,,13.460000038146973,Investing.com_Manual,645.0,832.0,541.5,USDA_AgTransport_ShipAndBunker,83.44,FRED_DEXINUS,REAL
2024-05-03,,13.449999809265137,Investing.com_Manual,645.5,827.0,538.0,USDA_AgTransport_ShipAndBunker,83.43,FRED_DEXINUS,REAL
2024-05-06,,13.56999969482422,Investing.com_Manual,646.0,825.5,534.0,USDA_AgTransport_ShipAndBunker,83.48,FRED_DEXINUS,REAL
2024-05-07,,14.600000381469728,Investing.com_Manual,644.0,825.5,537.5,USDA_AgTransport_ShipAndBunker,83.51,FRED_DEXINUS,REAL
2024-05-08,,13.93000030517578,Investing.com_Manual,639.0,821.5,533.5,USDA_AgTransport_ShipAndBunker,83.45,FRED_DEXINUS,REAL
2024-05-09,,13.65999984741211,Investing.com_Manual,642.5,824.5,536.0,USDA_AgTransport_ShipAndBunker,83.51,FRED_DEXINUS,REAL
2024-05-10,,13.739999771118164,Investing.com_Manual,645.5,830.5,538.5,USDA_AgTransport_ShipAndBunker,83.54,FRED_DEXINUS,REAL
2024-05-13,,13.270000457763672,Investing.com_Manual,640.0,821.5,533.5,USDA_AgTransport_ShipAndBunker,83.48,FRED_DEXINUS,REAL
2024-05-14,,12.949999809265137,Investing.com_Manual,639.5,820.0,531.5,USDA_AgTransport_ShipAndBunker,83.5,FRED_DEXINUS,REAL
2024-05-15,,12.619999885559082,Investing.com_Manual,636.0,815.5,530.0,USDA_AgTransport_ShipAndBunker,83.46,FRED_DEXINUS,REAL
2024-05-16,,12.75,Investing.com_Manual,637.0,816.0,531.0,USDA_AgTransport_ShipAndBunker,83.46,FRED_DEXINUS,REAL
2024-05-17,,12.729999542236328,Investing.com_Manual,637.0,819.0,531.5,USDA_AgTransport_ShipAndBunker,83.34,FRED_DEXINUS,REAL
2024-05-20,,12.829999923706056,Investing.com_Manual,638.0,826.5,536.0,USDA_AgTransport_ShipAndBunker,83.34,FRED_DEXINUS,REAL
2024-05-21,,12.380000114440918,Investing.com_Manual,635.0,821.5,536.0,USDA_AgTransport_ShipAndBunker,83.31,FRED_DEXINUS,REAL
2024-05-22,,12.140000343322754,Investing.com_Manual,629.0,815.0,533.0,USDA_AgTransport_ShipAndBunker,83.26,FRED_DEXINUS,REAL
2024-05-23,,12.100000381469728,Investing.com_Manual,625.0,811.5,529.5,USDA_AgTransport_ShipAndBunker,83.27,FRED_DEXINUS,REAL
2024-05-24,,12.260000228881836,Investing.com_Manual,620.5,807.5,529.5,USDA_AgTransport_ShipAndBunker,83.09,FRED_DEXINUS,REAL
2024-05-27,,,,621.5,808.0,531.0,USDA_AgTransport_ShipAndBunker,83.09,FRED_DEXINUS,REAL
2024-05-28,,12.0,Investing.com_Manual,622.0,811.0,537.5,USDA_AgTransport_ShipAndBunker,83.16,FRED_DEXINUS,REAL
2024-05-29,,12.079999923706056,Investing.com_Manual,628.5,812.5,542.5,USDA_AgTransport_ShipAndBunker,83.33,FRED_DEXINUS,REAL
2024-05-30,,12.15999984741211,Investing.com_Manual,627.0,811.5,542.5,USDA_AgTransport_ShipAndBunker,83.28,FRED_DEXINUS,REAL
2024-05-31,,11.9399995803833,Investing.com_Manual,619.5,802.0,537.0,USDA_AgTransport_ShipAndBunker,83.43,FRED_DEXINUS,REAL
2024-06-03,,12.119999885559082,Investing.com_Manual,615.5,795.0,535.0,USDA_AgTransport_ShipAndBunker,83.14,FRED_DEXINUS,REAL
2024-06-04,,12.25,Investing.com_Manual,606.5,788.5,528.0,USDA_AgTransport_ShipAndBunker,83.52,FRED_DEXINUS,REAL
2024-06-05,,12.0600004196167,Investing.com_Manual,597.5,782.5,521.5,USDA_AgTransport_ShipAndBunker,83.37,FRED_DEXINUS,REAL
2024-06-06,,12.0600004196167,Investing.com_Manual,599.0,775.5,520.0,USDA_AgTransport_ShipAndBunker,83.47,FRED_DEXINUS,REAL
2024-06-07,,11.84000015258789,Investing.com_Manual,606.5,786.5,525.0,USDA_AgTransport_ShipAndBunker,83.38,FRED_DEXINUS,REAL
2024-06-10,,11.460000038146973,Investing.com_Manual,606.5,792.5,523.5,USDA_AgTransport_ShipAndBunker,83.5,FRED_DEXINUS,REAL
2024-06-11,,11.420000076293944,Investing.com_Manual,611.5,789.0,531.0,USDA_AgTransport_ShipAndBunker,83.5,FRED_DEXINUS,REAL
2024-06-12,,11.9399995803833,Investing.com_Manual,615.5,794.5,532.5,USDA_AgTransport_ShipAndBunker,83.57,FRED_DEXINUS,REAL
2024-06-13,,12.119999885559082,Investing.com_Manual,616.5,801.0,533.0,USDA_AgTransport_ShipAndBunker,83.52,FRED_DEXINUS,REAL
2024-06-14,,11.770000457763672,Investing.com_Manual,616.5,803.0,531.0,USDA_AgTransport_ShipAndBunker,83.54,FRED_DEXINUS,REAL
2024-06-17,,11.960000038146973,Investing.com_Manual,618.0,802.0,532.5,USDA_AgTransport_ShipAndBunker,83.52,FRED_DEXINUS,REAL
2024-06-18,,11.869999885559082,Investing.com_Manual,624.0,802.5,536.0,USDA_AgTransport_ShipAndBunker,83.42,FRED_DEXINUS,REAL
2024-06-19,,,,626.5,809.0,541.0,USDA_AgTransport_ShipAndBunker,83.42,FRED_DEXINUS,REAL
2024-06-20,,11.920000076293944,Investing.com_Manual,627.0,814.5,542.0,USDA_AgTransport_ShipAndBunker,83.62,FRED_DEXINUS,REAL
2024-06-21,,11.779999732971191,Investing.com_Manual,628.5,817.5,543.5,USDA_AgTransport_ShipAndBunker,83.53,FRED_DEXINUS,REAL
2024-06-24,,11.4399995803833,Investing.com_Manual,627.5,844.0,540.5,USDA_AgTransport_ShipAndBunker,83.42,FRED_DEXINUS,REAL
2024-06-25,,11.399999618530272,Investing.com_Manual,633.5,844.0,541.5,USDA_AgTransport_ShipAndBunker,83.4,FRED_DEXINUS,REAL
2024-06-26,,11.800000190734863,Investing.com_Manual,635.5,843.0,540.5,USDA_AgTransport_ShipAndBunker,83.55,FRED_DEXINUS,REAL
2024-06-27,,11.920000076293944,Investing.com_Manual,637.5,844.5,540.5,USDA_AgTransport_ShipAndBunker,83.44,FRED_DEXINUS,REAL
2024-06-28,,12.239999771118164,Investing.com_Manual,638.0,849.0,543.0,USDA_AgTransport_ShipAndBunker,83.33,FRED_DEXINUS,REAL
2024-07-01,,12.5,Investing.com_Manual,636.0,845.0,541.0,USDA_AgTransport_ShipAndBunker,83.44,FRED_DEXINUS,REAL
2024-07-02,,11.859999656677246,Investing.com_Manual,644.5,853.0,551.5,USDA_AgTransport_ShipAndBunker,83.5,FRED_DEXINUS,REAL
2024-07-03,,12.0,Investing.com_Manual,651.0,858.0,554.0,USDA_AgTransport_ShipAndBunker,83.48,FRED_DEXINUS,REAL
2024-07-04,,,,648.0,853.5,551.0,USDA_AgTransport_ShipAndBunker,83.48,FRED_DEXINUS,REAL
2024-07-05,,11.329999923706056,Investing.com_Manual,648.5,855.5,557.5,USDA_AgTransport_ShipAndBunker,83.47,FRED_DEXINUS,REAL
2024-07-08,,11.520000457763672,Investing.com_Manual,646.0,850.5,551.5,USDA_AgTransport_ShipAndBunker,83.45,FRED_DEXINUS,REAL
2024-07-09,,11.65999984741211,Investing.com_Manual,643.5,844.5,549.5,USDA_AgTransport_ShipAndBunker,83.47,FRED_DEXINUS,REAL
2024-07-10,,11.979999542236328,Investing.com_Manual,643.5,838.5,548.0,USDA_AgTransport_ShipAndBunker,83.5,FRED_DEXINUS,REAL
2024-07-11,,11.9399995803833,Investing.com_Manual,640.5,839.0,547.5,USDA_AgTransport_ShipAndBunker,83.57,FRED_DEXINUS,REAL
2024-07-12,,12.079999923706056,Investing.com_Manual,635.0,828.5,549.5,USDA_AgTransport_ShipAndBunker,83.48,FRED_DEXINUS,REAL
2024-07-15,,11.720000267028809,Investing.com_Manual,639.0,828.0,547.5,USDA_AgTransport_ShipAndBunker,83.55,FRED_DEXINUS,REAL
2024-07-16,,11.600000381469728,Investing.com_Manual,638.5,832.0,545.0,USDA_AgTransport_ShipAndBunker,83.6,FRED_DEXINUS,REAL
2024-07-17,,11.6899995803833,Investing.com_Manual,635.5,825.0,543.0,USDA_AgTransport_ShipAndBunker,83.55,FRED_DEXINUS,REAL
2024-07-18,,11.800000190734863,Investing.com_Manual,637.0,827.5,543.5,USDA_AgTransport_ShipAndBunker,83.58,FRED_DEXINUS,REAL
2024-07-19,,11.760000228881836,Investing.com_Manual,637.0,827.5,543.5,USDA_AgTransport_ShipAndBunker,83.7,FRED_DEXINUS,REAL
2024-07-22,,11.770000457763672,Investing.com_Manual,630.0,818.0,535.0,USDA_AgTransport_ShipAndBunker,83.65,FRED_DEXINUS,REAL
2024-07-23,,11.489999771118164,Investing.com_Manual,626.0,816.0,533.0,USDA_AgTransport_ShipAndBunker,83.68,FRED_DEXINUS,REAL
2024-07-24,,11.640000343322754,Investing.com_Manual,623.0,815.5,526.0,USDA_AgTransport_ShipAndBunker,83.72,FRED_DEXINUS,REAL
2024-07-25,,11.359999656677246,Investing.com_Manual,622.0,814.5,524.5,USDA_AgTransport_ShipAndBunker,83.7,FRED_DEXINUS,REAL
2024-07-26,,11.0600004196167,Investing.com_Manual,624.5,817.5,525.0,USDA_AgTransport_ShipAndBunker,83.7,FRED_DEXINUS,REAL
2024-07-29,,11.229999542236328,Investing.com_Manual,621.5,811.5,522.0,USDA_AgTransport_ShipAndBunker,83.75,FRED_DEXINUS,REAL
2024-07-30,,10.829999923706056,Investing.com_Manual,616.0,798.5,523.0,USDA_AgTransport_ShipAndBunker,83.7,FRED_DEXINUS,REAL
2024-07-31,,10.720000267028809,Investing.com_Manual,617.0,800.0,525.0,USDA_AgTransport_ShipAndBunker,83.73,FRED_DEXINUS,REAL
2024-08-01,,10.890000343322754,Investing.com_Manual,625.0,808.5,532.0,USDA_AgTransport_ShipAndBunker,83.7,FRED_DEXINUS,REAL
2024-08-02,,10.9399995803833,Investing.com_Manual,621.0,802.5,528.5,USDA_AgTransport_ShipAndBunker,83.79,FRED_DEXINUS,REAL
2024-08-05,,10.770000457763672,Investing.com_Manual,608.0,788.0,515.0,USDA_AgTransport_ShipAndBunker,83.83,FRED_DEXINUS,REAL
2024-08-06,,10.979999542236328,Investing.com_Manual,604.0,780.5,504.0,USDA_AgTransport_ShipAndBunker,83.91,FRED_DEXINUS,REAL
2024-08-07,,10.770000457763672,Investing.com_Manual,604.5,780.5,507.5,USDA_AgTransport_ShipAndBunker,83.96,FRED_DEXINUS,REAL
2024-08-08,,10.899999618530272,Investing.com_Manual,609.0,783.0,512.0,USDA_AgTransport_ShipAndBunker,83.95,FRED_DEXINUS,REAL
2024-08-09,,10.710000038146973,Investing.com_Manual,610.5,786.5,512.0,USDA_AgTransport_ShipAndBunker,83.92,FRED_DEXINUS,REAL
2024-08-12,,10.579999923706056,Investing.com_Manual,618.0,787.5,517.5,USDA_AgTransport_ShipAndBunker,83.92,FRED_DEXINUS,REAL
2024-08-13,,10.829999923706056,Investing.com_Manual,624.5,793.5,520.5,USDA_AgTransport_ShipAndBunker,83.97,FRED_DEXINUS,REAL
2024-08-14,,10.899999618530272,Investing.com_Manual,622.5,794.0,518.5,USDA_AgTransport_ShipAndBunker,83.91,FRED_DEXINUS,REAL
2024-08-15,,10.770000457763672,Investing.com_Manual,620.0,793.0,514.5,USDA_AgTransport_ShipAndBunker,83.94,FRED_DEXINUS,REAL
2024-08-16,,10.6899995803833,Investing.com_Manual,619.5,790.0,516.5,USDA_AgTransport_ShipAndBunker,83.95,FRED_DEXINUS,REAL
2024-08-19,,10.449999809265137,Investing.com_Manual,615.5,784.0,512.0,USDA_AgTransport_ShipAndBunker,83.82,FRED_DEXINUS,REAL
2024-08-20,,10.6899995803833,Investing.com_Manual,609.5,774.0,506.0,USDA_AgTransport_ShipAndBunker,83.79,FRED_DEXINUS,REAL
2024-08-21,,10.800000190734863,Investing.com_Manual,610.0,770.0,504.5,USDA_AgTransport_ShipAndBunker,83.93,FRED_DEXINUS,REAL
2024-08-22,,10.592000007629396,Investing.com_Manual,609.5,768.5,501.0,USDA_AgTransport_ShipAndBunker,83.93,FRED_DEXINUS,REAL
2024-08-23,,10.40999984741211,Investing.com_Manual,615.5,769.5,505.0,USDA_AgTransport_ShipAndBunker,83.91,FRED_DEXINUS,REAL
2024-08-26,,10.65999984741211,Investing.com_Manual,623.5,777.0,505.5,USDA_AgTransport_ShipAndBunker,83.87,FRED_DEXINUS,REAL
2024-08-27,,10.6899995803833,Investing.com_Manual,631.5,783.5,506.5,USDA_AgTransport_ShipAndBunker,83.91,FRED_DEXINUS,REAL
2024-08-28,,10.69499969482422,Investing.com_Manual,630.5,776.5,500.5,USDA_AgTransport_ShipAndBunker,83.9,FRED_DEXINUS,REAL
2024-08-29,,11.140000343322754,Investing.com_Manual,626.0,772.0,498.0,USDA_AgTransport_ShipAndBunker,83.84,FRED_DEXINUS,REAL
2024-08-30,,11.109999656677246,Investing.com_Manual,629.0,773.5,500.0,USDA_AgTransport_ShipAndBunker,83.83,FRED_DEXINUS,REAL
2024-09-02,,,,624.0,768.5,491.5,USDA_AgTransport_ShipAndBunker,83.83,FRED_DEXINUS,REAL
2024-09-03,,10.5,Investing.com_Manual,624.0,768.0,497.0,USDA_AgTransport_ShipAndBunker,83.94,FRED_DEXINUS,REAL
2024-09-04,,10.619999885559082,Investing.com_Manual,616.0,754.5,488.5,USDA_AgTransport_ShipAndBunker,83.95,FRED_DEXINUS,REAL
2024-09-05,,10.739999771118164,Investing.com_Manual,616.0,747.5,485.0,USDA_AgTransport_ShipAndBunker,83.96,FRED_DEXINUS,REAL
2024-09-06,,10.739999771118164,Investing.com_Manual,612.5,746.5,482.5,USDA_AgTransport_ShipAndBunker,83.91,FRED_DEXINUS,REAL
2024-09-09,,10.56999969482422,Investing.com_Manual,604.0,739.0,479.0,USDA_AgTransport_ShipAndBunker,83.93,FRED_DEXINUS,REAL
2024-09-10,,10.5600004196167,Investing.com_Manual,596.0,734.5,474.5,USDA_AgTransport_ShipAndBunker,83.95,FRED_DEXINUS,REAL
2024-09-11,,10.75,Investing.com_Manual,587.5,729.5,474.5,USDA_AgTransport_ShipAndBunker,83.95,FRED_DEXINUS,REAL
2024-09-12,,10.619999885559082,Investing.com_Manual,589.5,730.5,479.5,USDA_AgTransport_ShipAndBunker,83.92,FRED_DEXINUS,REAL
2024-09-13,,10.270000457763672,Investing.com_Manual,591.5,733.5,483.0,USDA_AgTransport_ShipAndBunker,83.88,FRED_DEXINUS,REAL
2024-09-16,,10.369999885559082,Investing.com_Manual,591.0,730.5,481.5,USDA_AgTransport_ShipAndBunker,83.89,FRED_DEXINUS,REAL
2024-09-17,,10.350000381469728,Investing.com_Manual,590.5,728.5,483.0,USDA_AgTransport_ShipAndBunker,83.75,FRED_DEXINUS,REAL
2024-09-18,,10.68000030517578,Investing.com_Manual,588.5,730.0,483.0,USDA_AgTransport_ShipAndBunker,83.75,FRED_DEXINUS,REAL
2024-09-19,,10.56999969482422,Investing.com_Manual,589.5,733.0,486.0,USDA_AgTransport_ShipAndBunker,83.68,FRED_DEXINUS,REAL
2024-09-20,,10.399999618530272,Investing.com_Manual,598.5,739.5,488.5,USDA_AgTransport_ShipAndBunker,83.57,FRED_DEXINUS,REAL
2024-09-23,,10.619999885559082,Investing.com_Manual,603.0,738.5,480.5,USDA_AgTransport_ShipAndBunker,83.53,FRED_DEXINUS,REAL
2024-09-24,,10.739999771118164,Investing.com_Manual,609.0,740.0,483.0,USDA_AgTransport_ShipAndBunker,83.66,FRED_DEXINUS,REAL
2024-09-25,,10.649999618530272,Investing.com_Manual,606.5,736.5,483.5,USDA_AgTransport_ShipAndBunker,83.56,FRED_DEXINUS,REAL
2024-09-26,,10.720000267028809,Investing.com_Manual,597.5,728.5,469.0,USDA_AgTransport_ShipAndBunker,83.6,FRED_DEXINUS,REAL
2024-09-27,,10.449999809265137,Investing.com_Manual,591.0,726.0,480.5,USDA_AgTransport_ShipAndBunker,83.68,FRED_DEXINUS,REAL
2024-09-30,,10.739999771118164,Investing.com_Manual,592.0,730.0,482.5,USDA_AgTransport_ShipAndBunker,83.76,FRED_DEXINUS,REAL
2024-10-01,,10.1899995803833,Investing.com_Manual,588.5,728.0,480.5,USDA_AgTransport_ShipAndBunker,83.81,FRED_DEXINUS,REAL
2024-10-02,,10.079999923706056,Investing.com_Manual,603.5,741.5,498.5,USDA_AgTransport_ShipAndBunker,83.81,FRED_DEXINUS,REAL
2024-10-03,,10.350000381469728,Investing.com_Manual,603.0,742.0,501.5,USDA_AgTransport_ShipAndBunker,84.0,FRED_DEXINUS,REAL
2024-10-04,,10.260000228881836,Investing.com_Manual,615.0,757.0,515.0,USDA_AgTransport_ShipAndBunker,83.99,FRED_DEXINUS,REAL
2024-10-07,,10.220000267028809,Investing.com_Manual,616.0,763.5,515.5,USDA_AgTransport_ShipAndBunker,83.96,FRED_DEXINUS,REAL
2024-10-08,,9.789999961853027,Investing.com_Manual,622.0,767.5,521.0,USDA_AgTransport_ShipAndBunker,83.95,FRED_DEXINUS,REAL
2024-10-09,,9.329999923706056,Investing.com_Manual,612.5,761.5,515.0,USDA_AgTransport_ShipAndBunker,83.93,FRED_DEXINUS,REAL
2024-10-10,,9.539999961853027,Investing.com_Manual,616.5,763.0,514.5,USDA_AgTransport_ShipAndBunker,83.94,FRED_DEXINUS,REAL
2024-10-11,,9.40999984741211,Investing.com_Manual,624.0,766.0,519.0,USDA_AgTransport_ShipAndBunker,84.08,FRED_DEXINUS,REAL
2024-10-14,,9.039999961853027,Investing.com_Manual,622.5,765.5,517.5,USDA_AgTransport_ShipAndBunker,84.08,FRED_DEXINUS,REAL
2024-10-15,,8.520000457763672,Investing.com_Manual,608.5,752.5,501.5,USDA_AgTransport_ShipAndBunker,84.04,FRED_DEXINUS,REAL
2024-10-16,,8.100000381469727,Investing.com_Manual,605.5,743.5,502.5,USDA_AgTransport_ShipAndBunker,84.01,FRED_DEXINUS,REAL
2024-10-17,,8.420000076293945,Investing.com_Manual,605.0,744.0,500.5,USDA_AgTransport_ShipAndBunker,84.04,FRED_DEXINUS,REAL
2024-10-18,,8.220000267028809,Investing.com_Manual,602.5,742.0,500.0,USDA_AgTransport_ShipAndBunker,84.03,FRED_DEXINUS,REAL
2024-10-21,,7.929999828338623,Investing.com_Manual,602.0,744.5,509.0,USDA_AgTransport_ShipAndBunker,84.07,FRED_DEXINUS,REAL
2024-10-22,,7.929999828338623,Investing.com_Manual,603.5,745.0,527.0,USDA_AgTransport_ShipAndBunker,84.06,FRED_DEXINUS,REAL
2024-10-23,,8.0600004196167,Investing.com_Manual,608.5,749.0,535.5,USDA_AgTransport_ShipAndBunker,84.06,FRED_DEXINUS,REAL
2024-10-24,,7.929999828338623,Investing.com_Manual,609.0,751.0,522.0,USDA_AgTransport_ShipAndBunker,84.05,FRED_DEXINUS,REAL
2024-10-25,,7.809999942779541,Investing.com_Manual,606.5,750.0,520.0,USDA_AgTransport_ShipAndBunker,84.06,FRED_DEXINUS,REAL
2024-10-28,,7.53000020980835,Investing.com_Manual,591.0,739.5,509.5,USDA_AgTransport_ShipAndBunker,84.05,FRED_DEXINUS,REAL
2024-10-29,,7.869999885559082,Investing.com_Manual,584.5,734.5,509.5,USDA_AgTransport_ShipAndBunker,84.04,FRED_DEXINUS,REAL
2024-10-30,,7.480000019073486,Investing.com_Manual,589.5,738.0,512.0,USDA_AgTransport_ShipAndBunker,84.07,FRED_DEXINUS,REAL
2024-10-31,,7.480000019073486,Investing.com_Manual,591.0,746.5,513.5,USDA_AgTransport_ShipAndBunker,84.06,FRED_DEXINUS,REAL
2024-11-01,,7.46999979019165,Investing.com_Manual,595.5,755.5,515.0,USDA_AgTransport_ShipAndBunker,84.03,FRED_DEXINUS,REAL
2024-11-04,,7.78000020980835,Investing.com_Manual,596.0,757.0,505.5,USDA_AgTransport_ShipAndBunker,84.11,FRED_DEXINUS,REAL
2024-11-05,,7.849999904632568,Investing.com_Manual,598.0,758.5,505.5,USDA_AgTransport_ShipAndBunker,84.1,FRED_DEXINUS,REAL
2024-11-06,,7.650000095367432,Investing.com_Manual,599.0,755.5,501.0,USDA_AgTransport_ShipAndBunker,84.31,FRED_DEXINUS,REAL
2024-11-07,,7.889999866485596,Investing.com_Manual,599.5,757.5,500.0,USDA_AgTransport_ShipAndBunker,84.37,FRED_DEXINUS,REAL
2024-11-08,,8.149999618530273,Investing.com_Manual,599.5,756.0,498.0,USDA_AgTransport_ShipAndBunker,84.34,FRED_DEXINUS,REAL
2024-11-11,,8.460000038146973,Investing.com_Manual,593.5,750.5,494.0,USDA_AgTransport_ShipAndBunker,84.34,FRED_DEXINUS,REAL
2024-11-12,,8.300000190734863,Investing.com_Manual,588.0,748.5,488.0,USDA_AgTransport_ShipAndBunker,84.38,FRED_DEXINUS,REAL
2024-11-13,,8.489999771118164,Investing.com_Manual,585.0,749.5,487.5,USDA_AgTransport_ShipAndBunker,84.39,FRED_DEXINUS,REAL
2024-11-14,,8.449999809265137,Investing.com_Manual,584.0,751.5,488.0,USDA_AgTransport_ShipAndBunker,84.42,FRED_DEXINUS,REAL
2024-11-15,,8.5,Investing.com_Manual,582.5,753.0,486.5,USDA_AgTransport_ShipAndBunker,84.41,FRED_DEXINUS,REAL
2024-11-18,,7.989999771118164,Investing.com_Manual,582.5,753.0,482.0,USDA_AgTransport_ShipAndBunker,84.37,FRED_DEXINUS,REAL
2024-11-19,,7.800000190734863,Investing.com_Manual,586.0,759.0,484.0,USDA_AgTransport_ShipAndBunker,84.36,FRED_DEXINUS,REAL
2024-11-20,,7.664000034332275,Investing.com_Manual,586.0,759.0,488.0,USDA_AgTransport_ShipAndBunker,84.41,FRED_DEXINUS,REAL
2024-11-21,,7.5,Investing.com_Manual,586.0,761.0,487.5,USDA_AgTransport_ShipAndBunker,84.48,FRED_DEXINUS,REAL
2024-11-22,,7.230000019073486,Investing.com_Manual,589.0,764.5,492.0,USDA_AgTransport_ShipAndBunker,84.44,FRED_DEXINUS,REAL
2024-11-25,,7.451000213623047,Investing.com_Manual,587.5,765.0,490.0,USDA_AgTransport_ShipAndBunker,84.24,FRED_DEXINUS,REAL
2024-11-26,,7.409999847412109,Investing.com_Manual,583.5,762.5,488.0,USDA_AgTransport_ShipAndBunker,84.27,FRED_DEXINUS,REAL
2024-11-27,,6.800000190734863,Investing.com_Manual,580.0,761.0,488.0,USDA_AgTransport_ShipAndBunker,84.41,FRED_DEXINUS,REAL
2024-11-28,,,,578.0,758.5,489.0,USDA_AgTransport_ShipAndBunker,84.41,FRED_DEXINUS,REAL
2024-11-29,,6.650000095367432,Investing.com_Manual,579.5,758.5,491.0,USDA_AgTransport_ShipAndBunker,84.48,FRED_DEXINUS,REAL
2024-12-02,,6.349999904632568,Investing.com_Manual,578.5,758.5,492.0,USDA_AgTransport_ShipAndBunker,84.74,FRED_DEXINUS,REAL
2024-12-03,,6.349999904632568,Investing.com_Manual,577.5,759.0,496.5,USDA_AgTransport_ShipAndBunker,84.68,FRED_DEXINUS,REAL
2024-12-04,,6.440000057220459,Investing.com_Manual,581.0,760.0,498.0,USDA_AgTransport_ShipAndBunker,84.69,FRED_DEXINUS,REAL
2024-12-05,,6.619999885559082,Investing.com_Manual,578.5,755.0,491.0,USDA_AgTransport_ShipAndBunker,84.68,FRED_DEXINUS,REAL
2024-12-06,,6.489999771118164,Investing.com_Manual,573.0,751.0,488.5,USDA_AgTransport_ShipAndBunker,84.67,FRED_DEXINUS,REAL
2024-12-09,,6.199999809265137,Investing.com_Manual,572.5,748.5,488.0,USDA_AgTransport_ShipAndBunker,84.72,FRED_DEXINUS,REAL
2024-12-10,,6.019999980926514,Investing.com_Manual,570.0,746.5,494.5,USDA_AgTransport_ShipAndBunker,84.84,FRED_DEXINUS,REAL
2024-12-11,,5.710000038146973,Investing.com_Manual,571.0,746.5,495.5,USDA_AgTransport_ShipAndBunker,84.8,FRED_DEXINUS,REAL
2024-12-12,,5.900000095367432,Investing.com_Manual,574.5,750.5,498.0,USDA_AgTransport_ShipAndBunker,84.84,FRED_DEXINUS,REAL
2024-12-13,,6.099999904632568,Investing.com_Manual,575.5,756.5,499.5,USDA_AgTransport_ShipAndBunker,84.78,FRED_DEXINUS,REAL
2024-12-16,,6.070000171661377,Investing.com_Manual,577.5,757.0,501.5,USDA_AgTransport_ShipAndBunker,84.89,FRED_DEXINUS,REAL
2024-12-17,,5.849999904632568,Investing.com_Manual,577.0,759.5,507.0,USDA_AgTransport_ShipAndBunker,84.91,FRED_DEXINUS,REAL
2024-12-18,,6.059999942779541,Investing.com_Manual,575.5,760.0,509.0,USDA_AgTransport_ShipAndBunker,84.95,FRED_DEXINUS,REAL
2024-12-19,,6.010000228881836,Investing.com_Manual,574.5,760.5,508.0,USDA_AgTransport_ShipAndBunker,85.09,FRED_DEXINUS,REAL
2024-12-20,,6.21999979019165,Investing.com_Manual,572.0,758.0,507.5,USDA_AgTransport_ShipAndBunker,85.02,FRED_DEXINUS,REAL
2024-12-23,,6.25,Investing.com_Manual,573.5,756.0,508.5,USDA_AgTransport_ShipAndBunker,85.1,FRED_DEXINUS,REAL
2024-12-24,,6.130000114440918,Investing.com_Manual,574.0,748.0,501.5,USDA_AgTransport_ShipAndBunker,85.14,FRED_DEXINUS,REAL
2024-12-25,,,,574.0,748.0,501.5,USDA_AgTransport_ShipAndBunker,85.14,FRED_DEXINUS,REAL
2024-12-26,,6.065000057220459,Investing.com_Manual,577.5,749.5,506.0,USDA_AgTransport_ShipAndBunker,85.25,FRED_DEXINUS,REAL
2024-12-27,,6.099999904632568,Investing.com_Manual,577.0,751.5,504.0,USDA_AgTransport_ShipAndBunker,85.53,FRED_DEXINUS,REAL
2024-12-30,,5.920000076293945,Investing.com_Manual,578.5,760.0,500.0,USDA_AgTransport_ShipAndBunker,85.47,FRED_DEXINUS,REAL
2024-12-31,,6.079999923706055,Investing.com_Manual,582.0,766.5,505.5,USDA_AgTransport_ShipAndBunker,85.55,FRED_DEXINUS,REAL
2025-01-01,,,,582.0,766.5,506.0,USDA_AgTransport_ShipAndBunker,85.55,FRED_DEXINUS,REAL
2025-01-02,,6.25,Investing.com_Manual,582.5,767.5,504.0,USDA_AgTransport_ShipAndBunker,85.75,FRED_DEXINUS,REAL
2025-01-03,,6.260000228881836,Investing.com_Manual,587.0,770.5,502.5,USDA_AgTransport_ShipAndBunker,85.75,FRED_DEXINUS,REAL
2025-01-06,,5.820000171661377,Investing.com_Manual,587.5,776.0,501.0,USDA_AgTransport_ShipAndBunker,85.7,FRED_DEXINUS,REAL
2025-01-07,,5.630000114440918,Investing.com_Manual,587.0,768.5,499.0,USDA_AgTransport_ShipAndBunker,85.74,FRED_DEXINUS,REAL
2025-01-08,,5.550000190734863,Investing.com_Manual,592.5,773.0,500.5,USDA_AgTransport_ShipAndBunker,85.89,FRED_DEXINUS,REAL
2025-01-09,,,,591.5,775.0,499.0,USDA_AgTransport_ShipAndBunker,85.87,FRED_DEXINUS,REAL
2025-01-10,,6.699999809265137,Investing.com_Manual,596.5,774.0,505.5,USDA_AgTransport_ShipAndBunker,85.96,FRED_DEXINUS,REAL
2025-01-13,,5.840000152587891,Investing.com_Manual,608.5,798.5,521.0,USDA_AgTransport_ShipAndBunker,86.69,FRED_DEXINUS,REAL
2025-01-14,,6.130000114440918,Investing.com_Manual,610.5,801.0,519.0,USDA_AgTransport_ShipAndBunker,86.63,FRED_DEXINUS,REAL
2025-01-15,,5.889999866485596,Investing.com_Manual,608.5,801.5,518.0,USDA_AgTransport_ShipAndBunker,86.37,FRED_DEXINUS,REAL
2025-01-16,,5.730000019073486,Investing.com_Manual,616.5,812.0,525.0,USDA_AgTransport_ShipAndBunker,86.57,FRED_DEXINUS,REAL
2025-01-17,,5.71999979019165,Investing.com_Manual,620.5,817.0,533.0,USDA_AgTransport_ShipAndBunker,86.55,FRED_DEXINUS,REAL
2025-01-20,,,,619.0,816.5,517.5,USDA_AgTransport_ShipAndBunker,86.55,FRED_DEXINUS,REAL
2025-01-21,,5.610000133514404,Investing.com_Manual,615.5,810.0,517.0,USDA_AgTransport_ShipAndBunker,86.58,FRED_DEXINUS,REAL
2025-01-22,,5.28000020980835,Investing.com_Manual,613.0,804.0,516.0,USDA_AgTransport_ShipAndBunker,86.34,FRED_DEXINUS,REAL
2025-01-23,,5.139999866485596,Investing.com_Manual,614.5,793.5,514.0,USDA_AgTransport_ShipAndBunker,86.42,FRED_DEXINUS,REAL
2025-01-24,,5.139999866485596,Investing.com_Manual,613.5,796.0,515.0,USDA_AgTransport_ShipAndBunker,86.2,FRED_DEXINUS,REAL
2025-01-27,,5.320000171661377,Investing.com_Manual,612.5,797.5,512.5,USDA_AgTransport_ShipAndBunker,86.34,FRED_DEXINUS,REAL
2025-01-28,,5.28000020980835,Investing.com_Manual,613.0,787.5,511.5,USDA_AgTransport_ShipAndBunker,86.52,FRED_DEXINUS,REAL
2025-01-29,,5.320000171661377,Investing.com_Manual,611.0,780.5,509.5,USDA_AgTransport_ShipAndBunker,86.61,FRED_DEXINUS,REAL
2025-01-30,,5.489999771118164,Investing.com_Manual,610.0,779.5,509.5,USDA_AgTransport_ShipAndBunker,86.55,FRED_DEXINUS,REAL
2025-01-31,,5.769999980926514,Investing.com_Manual,609.5,787.5,510.5,USDA_AgTransport_ShipAndBunker,86.54,FRED_DEXINUS,REAL
2025-02-03,,5.46999979019165,Investing.com_Manual,609.5,783.5,511.0,USDA_AgTransport_ShipAndBunker,87.19,FRED_DEXINUS,REAL
2025-02-04,,5.869999885559082,Investing.com_Manual,605.5,779.0,506.0,USDA_AgTransport_ShipAndBunker,87.06,FRED_DEXINUS,REAL
2025-02-05,,5.989999771118164,Investing.com_Manual,605.5,783.0,509.5,USDA_AgTransport_ShipAndBunker,87.08,FRED_DEXINUS,REAL
2025-02-06,,5.800000190734863,Investing.com_Manual,599.5,778.5,508.0,USDA_AgTransport_ShipAndBunker,87.57,FRED_DEXINUS,REAL
2025-02-07,,5.860000133514404,Investing.com_Manual,597.0,779.5,512.0,USDA_AgTransport_ShipAndBunker,87.43,FRED_DEXINUS,REAL
2025-02-10,,5.78000020980835,Investing.com_Manual,599.0,785.0,518.0,USDA_AgTransport_ShipAndBunker,87.45,FRED_DEXINUS,REAL
2025-02-11,,5.679999828338623,Investing.com_Manual,603.0,792.5,522.5,USDA_AgTransport_ShipAndBunker,86.76,FRED_DEXINUS,REAL
2025-02-12,,5.510000228881836,Investing.com_Manual,602.0,792.5,520.5,USDA_AgTransport_ShipAndBunker,86.9,FRED_DEXINUS,REAL
2025-02-13,,5.5,Investing.com_Manual,593.5,786.0,515.0,USDA_AgTransport_ShipAndBunker,86.89,FRED_DEXINUS,REAL
2025-02-14,,5.639999866485596,Investing.com_Manual,595.5,785.0,514.0,USDA_AgTransport_ShipAndBunker,86.82,FRED_DEXINUS,REAL
2025-02-17,,,,596.5,785.5,513.0,USDA_AgTransport_ShipAndBunker,86.82,FRED_DEXINUS,REAL
2025-02-18,,6.079999923706055,Investing.com_Manual,594.5,788.5,514.0,USDA_AgTransport_ShipAndBunker,86.96,FRED_DEXINUS,REAL
2025-02-19,,5.989999771118164,Investing.com_Manual,596.5,778.5,518.5,USDA_AgTransport_ShipAndBunker,86.96,FRED_DEXINUS,REAL
2025-02-20,,6.449999809265137,Investing.com_Manual,598.0,787.0,519.0,USDA_AgTransport_ShipAndBunker,86.65,FRED_DEXINUS,REAL
2025-02-21,,6.320000171661377,Investing.com_Manual,596.0,791.5,517.0,USDA_AgTransport_ShipAndBunker,86.7,FRED_DEXINUS,REAL
2025-02-24,,6.090000152587891,Investing.com_Manual,591.0,785.0,513.0,USDA_AgTransport_ShipAndBunker,86.72,FRED_DEXINUS,REAL
2025-02-25,,6.260000228881836,Investing.com_Manual,587.5,781.0,511.5,USDA_AgTransport_ShipAndBunker,87.2,FRED_DEXINUS,REAL
2025-02-26,,6.400000095367432,Investing.com_Manual,582.0,775.5,507.0,USDA_AgTransport_ShipAndBunker,87.2,FRED_DEXINUS,REAL
2025-02-27,,6.170000076293945,Investing.com_Manual,576.0,773.5,506.5,USDA_AgTransport_ShipAndBunker,87.17,FRED_DEXINUS,REAL
2025-02-28,,6.400000095367432,Investing.com_Manual,576.5,772.5,506.0,USDA_AgTransport_ShipAndBunker,87.5,FRED_DEXINUS,REAL
2025-03-03,,6.150000095367432,Investing.com_Manual,573.5,771.5,508.0,USDA_AgTransport_ShipAndBunker,87.35,FRED_DEXINUS,REAL
2025-03-04,,6.0,Investing.com_Manual,565.0,760.5,496.5,USDA_AgTransport_ShipAndBunker,87.26,FRED_DEXINUS,REAL
2025-03-05,,6.289999961853027,Investing.com_Manual,559.0,757.5,493.0,USDA_AgTransport_ShipAndBunker,86.95,FRED_DEXINUS,REAL
2025-03-06,,6.5,Investing.com_Manual,555.5,752.5,492.0,USDA_AgTransport_ShipAndBunker,87.11,FRED_DEXINUS,REAL
2025-03-07,,6.570000171661377,Investing.com_Manual,552.0,745.5,493.5,USDA_AgTransport_ShipAndBunker,86.88,FRED_DEXINUS,REAL
2025-03-10,,6.550000190734863,Investing.com_Manual,552.0,749.0,496.5,USDA_AgTransport_ShipAndBunker,87.27,FRED_DEXINUS,REAL
2025-03-11,,6.679999828338623,Investing.com_Manual,550.5,745.5,493.0,USDA_AgTransport_ShipAndBunker,87.16,FRED_DEXINUS,REAL
2025-03-12,,7.139999866485596,Investing.com_Manual,552.0,737.5,493.5,USDA_AgTransport_ShipAndBunker,87.16,FRED_DEXINUS,REAL
2025-03-13,,6.849999904632568,Investing.com_Manual,553.0,744.0,493.0,USDA_AgTransport_ShipAndBunker,87.0,FRED_DEXINUS,REAL
2025-03-14,,6.949999809265137,Investing.com_Manual,551.5,740.5,492.0,USDA_AgTransport_ShipAndBunker,87.0,FRED_DEXINUS,REAL
2025-03-17,,6.860000133514404,Investing.com_Manual,551.5,743.5,492.0,USDA_AgTransport_ShipAndBunker,86.79,FRED_DEXINUS,REAL
2025-03-18,,6.730000019073486,Investing.com_Manual,553.0,746.0,494.5,USDA_AgTransport_ShipAndBunker,86.5,FRED_DEXINUS,REAL
2025-03-19,,6.5,Investing.com_Manual,549.0,742.0,489.0,USDA_AgTransport_ShipAndBunker,86.43,FRED_DEXINUS,REAL
2025-03-20,,6.775000095367432,Investing.com_Manual,549.0,743.5,485.5,USDA_AgTransport_ShipAndBunker,86.31,FRED_DEXINUS,REAL
2025-03-21,,6.909999847412109,Investing.com_Manual,551.5,747.0,489.0,USDA_AgTransport_ShipAndBunker,86.01,FRED_DEXINUS,REAL
2025-03-24,,6.75,Investing.com_Manual,552.5,751.0,490.5,USDA_AgTransport_ShipAndBunker,85.56,FRED_DEXINUS,REAL
2025-03-25,,6.510000228881836,Investing.com_Manual,555.5,754.5,492.5,USDA_AgTransport_ShipAndBunker,85.77,FRED_DEXINUS,REAL
2025-03-26,,6.400000095367432,Investing.com_Manual,556.5,754.5,493.0,USDA_AgTransport_ShipAndBunker,85.71,FRED_DEXINUS,REAL
2025-03-27,,6.349999904632568,Investing.com_Manual,558.0,758.0,492.5,USDA_AgTransport_ShipAndBunker,85.79,FRED_DEXINUS,REAL
2025-03-28,,6.360000133514404,Investing.com_Manual,560.0,760.0,498.0,USDA_AgTransport_ShipAndBunker,85.51,FRED_DEXINUS,REAL
2025-03-31,,6.25,Investing.com_Manual,560.5,759.0,498.0,USDA_AgTransport_ShipAndBunker,85.43,FRED_DEXINUS,REAL
2025-04-01,,6.5,Investing.com_Manual,565.0,765.5,501.5,USDA_AgTransport_ShipAndBunker,85.46,FRED_DEXINUS,REAL
2025-04-02,,6.369999885559082,Investing.com_Manual,567.0,764.0,501.5,USDA_AgTransport_ShipAndBunker,85.52,FRED_DEXINUS,REAL
2025-04-03,,6.019999980926514,Investing.com_Manual,562.0,756.0,495.0,USDA_AgTransport_ShipAndBunker,85.44,FRED_DEXINUS,REAL
2025-04-04,,5.619999885559082,Investing.com_Manual,548.5,735.0,482.0,USDA_AgTransport_ShipAndBunker,85.24,FRED_DEXINUS,REAL
2025-04-07,,5.380000114440918,Investing.com_Manual,530.0,711.5,461.5,USDA_AgTransport_ShipAndBunker,85.85,FRED_DEXINUS,REAL
2025-04-08,,5.360000133514404,Investing.com_Manual,524.0,707.5,461.5,USDA_AgTransport_ShipAndBunker,86.24,FRED_DEXINUS,REAL
2025-04-09,,5.329999923706055,Investing.com_Manual,515.0,696.5,451.5,USDA_AgTransport_ShipAndBunker,86.64,FRED_DEXINUS,REAL
2025-04-10,,5.599999904632568,Investing.com_Manual,518.0,698.0,454.0,USDA_AgTransport_ShipAndBunker,86.69,FRED_DEXINUS,REAL
2025-04-11,,5.630000114440918,Investing.com_Manual,521.0,700.0,451.5,USDA_AgTransport_ShipAndBunker,86.06,FRED_DEXINUS,REAL
2025-04-14,,5.75,Investing.com_Manual,523.0,704.0,457.5,USDA_AgTransport_ShipAndBunker,86.02,FRED_DEXINUS,REAL
2025-04-15,,5.690000057220459,Investing.com_Manual,524.0,706.5,458.5,USDA_AgTransport_ShipAndBunker,85.76,FRED_DEXINUS,REAL
2025-04-16,,5.71999979019165,Investing.com_Manual,521.0,707.5,456.5,USDA_AgTransport_ShipAndBunker,85.67,FRED_DEXINUS,REAL
2025-04-17,,5.739999771118164,Investing.com_Manual,523.5,714.0,460.5,USDA_AgTransport_ShipAndBunker,85.37,FRED_DEXINUS,REAL
2025-04-18,,,,529.5,717.0,464.0,USDA_AgTransport_ShipAndBunker,85.43,FRED_DEXINUS,REAL
2025-04-21,,5.730000019073486,Investing.com_Manual,526.0,720.0,463.0,USDA_AgTransport_ShipAndBunker,85.18,FRED_DEXINUS,REAL
2025-04-22,,5.599999904632568,Investing.com_Manual,526.5,722.5,461.0,USDA_AgTransport_ShipAndBunker,85.19,FRED_DEXINUS,REAL
2025-04-23,,5.880000114440918,Investing.com_Manual,529.0,724.0,465.0,USDA_AgTransport_ShipAndBunker,85.42,FRED_DEXINUS,REAL
2025-04-24,,5.829999923706055,Investing.com_Manual,526.0,712.5,461.5,USDA_AgTransport_ShipAndBunker,85.3,FRED_DEXINUS,REAL
2025-04-25,,5.920000076293945,Investing.com_Manual,526.5,712.0,461.0,USDA_AgTransport_ShipAndBunker,85.43,FRED_DEXINUS,REAL
2025-04-28,,5.78000020980835,Investing.com_Manual,529.0,714.5,461.0,USDA_AgTransport_ShipAndBunker,85.02,FRED_DEXINUS,REAL
2025-04-29,,5.570000171661377,Investing.com_Manual,524.5,710.5,456.0,USDA_AgTransport_ShipAndBunker,85.27,FRED_DEXINUS,REAL
2025-04-30,,5.764999866485596,Investing.com_Manual,521.0,705.5,454.0,USDA_AgTransport_ShipAndBunker,84.49,FRED_DEXINUS,REAL
2025-05-01,,5.949999809265137,Investing.com_Manual,516.0,700.0,449.5,USDA_AgTransport_ShipAndBunker,84.58,FRED_DEXINUS,REAL
2025-05-02,,5.840000152587891,Investing.com_Manual,517.5,697.0,446.5,USDA_AgTransport_ShipAndBunker,84.5,FRED_DEXINUS,REAL
2025-05-05,,5.914000034332275,Investing.com_Manual,513.5,694.5,440.0,USDA_AgTransport_ShipAndBunker,84.27,FRED_DEXINUS,REAL
2025-05-06,,5.619999885559082,Investing.com_Manual,515.0,692.5,445.5,USDA_AgTransport_ShipAndBunker,84.45,FRED_DEXINUS,REAL
2025-05-07,,5.619999885559082,Investing.com_Manual,518.5,695.5,449.5,USDA_AgTransport_ShipAndBunker,84.82,FRED_DEXINUS,REAL
2025-05-08,,5.420000076293945,Investing.com_Manual,519.5,694.0,448.5,USDA_AgTransport_ShipAndBunker,85.67,FRED_DEXINUS,REAL
2025-05-09,,5.429999828338623,Investing.com_Manual,526.0,700.5,455.5,USDA_AgTransport_ShipAndBunker,85.38,FRED_DEXINUS,REAL
2025-05-12,,5.539999961853027,Investing.com_Manual,531.0,707.0,461.5,USDA_AgTransport_ShipAndBunker,85.38,FRED_DEXINUS,REAL
2025-05-13,,5.300000190734863,Investing.com_Manual,532.0,708.0,465.0,USDA_AgTransport_ShipAndBunker,85.35,FRED_DEXINUS,REAL
2025-05-14,,5.460000038146973,Investing.com_Manual,540.0,718.5,473.0,USDA_AgTransport_ShipAndBunker,85.29,FRED_DEXINUS,REAL
2025-05-15,,5.550000190734863,Investing.com_Manual,540.0,723.0,469.0,USDA_AgTransport_ShipAndBunker,85.52,FRED_DEXINUS,REAL
2025-05-16,,5.504000186920166,Investing.com_Manual,539.0,720.0,469.0,USDA_AgTransport_ShipAndBunker,85.49,FRED_DEXINUS,REAL
2025-05-19,,5.309999942779541,Investing.com_Manual,537.0,712.0,469.0,USDA_AgTransport_ShipAndBunker,85.37,FRED_DEXINUS,REAL
2025-05-20,,5.360000133514404,Investing.com_Manual,538.5,714.5,462.5,USDA_AgTransport_ShipAndBunker,85.63,FRED_DEXINUS,REAL
2025-05-21,,5.340000152587891,Investing.com_Manual,540.0,714.0,466.0,USDA_AgTransport_ShipAndBunker,85.65,FRED_DEXINUS,REAL
2025-05-22,,5.210000038146973,Investing.com_Manual,536.5,712.5,462.5,USDA_AgTransport_ShipAndBunker,85.97,FRED_DEXINUS,REAL
2025-05-23,,5.150000095367432,Investing.com_Manual,532.0,708.5,460.5,USDA_AgTransport_ShipAndBunker,85.17,FRED_DEXINUS,REAL
2025-05-26,,,,532.5,710.0,461.5,USDA_AgTransport_ShipAndBunker,85.17,FRED_DEXINUS,REAL
2025-05-27,,5.150000095367432,Investing.com_Manual,531.0,706.5,457.5,USDA_AgTransport_ShipAndBunker,85.3,FRED_DEXINUS,REAL
2025-05-28,,5.166999816894531,Investing.com_Manual,532.0,706.0,459.5,USDA_AgTransport_ShipAndBunker,85.39,FRED_DEXINUS,REAL
2025-05-29,,5.190000057220459,Investing.com_Manual,532.0,706.0,461.5,USDA_AgTransport_ShipAndBunker,85.49,FRED_DEXINUS,REAL
2025-05-30,,5.190000057220459,Investing.com_Manual,528.0,703.0,457.0,USDA_AgTransport_ShipAndBunker,85.5,FRED_DEXINUS,REAL
2025-06-02,,5.099999904632568,Investing.com_Manual,531.5,708.0,456.5,USDA_AgTransport_ShipAndBunker,85.33,FRED_DEXINUS,REAL
2025-06-03,,5.199999809265137,Investing.com_Manual,531.0,710.0,462.0,USDA_AgTransport_ShipAndBunker,85.59,FRED_DEXINUS,REAL
2025-06-04,,5.420000076293945,Investing.com_Manual,533.5,709.0,463.5,USDA_AgTransport_ShipAndBunker,85.85,FRED_DEXINUS,REAL
2025-06-05,,5.489999771118164,Investing.com_Manual,534.0,711.5,465.0,USDA_AgTransport_ShipAndBunker,85.8,FRED_DEXINUS,REAL
2025-06-06,,5.409999847412109,Investing.com_Manual,532.0,711.5,464.5,USDA_AgTransport_ShipAndBunker,85.66,FRED_DEXINUS,REAL
2025-06-09,,5.372000217437744,Investing.com_Manual,532.5,715.5,466.5,USDA_AgTransport_ShipAndBunker,85.64,FRED_DEXINUS,REAL
2025-06-10,,5.519999980926514,Investing.com_Manual,534.5,717.0,467.0,USDA_AgTransport_ShipAndBunker,85.57,FRED_DEXINUS,REAL
2025-06-11,,5.650000095367432,Investing.com_Manual,,,,,85.51,FRED_DEXINUS,REAL
2025-06-12,,5.730000019073486,Investing.com_Manual,,,,,85.55,FRED_DEXINUS,REAL
2025-06-13,,5.869999885559082,Investing.com_Manual,,,,,86.08,FRED_DEXINUS,REAL
2025-06-16,,5.679999828338623,Investing.com_Manual,,,,,86.05,FRED_DEXINUS,REAL
2025-06-17,,5.630000114440918,Investing.com_Manual,571.0,767.0,499.0,USDA_AgTransport_ShipAndBunker,86.29,FRED_DEXINUS,REAL
2025-06-18,,5.619999885559082,Investing.com_Manual,581.5,789.5,506.0,USDA_AgTransport_ShipAndBunker,86.49,FRED_DEXINUS,REAL
2025-06-19,,,,588.0,803.5,509.0,USDA_AgTransport_ShipAndBunker,86.49,FRED_DEXINUS,REAL
2025-06-20,,5.730000019073486,Investing.com_Manual,589.0,818.0,509.0,USDA_AgTransport_ShipAndBunker,86.58,FRED_DEXINUS,REAL
2025-06-23,,5.78000020980835,Investing.com_Manual,588.0,805.0,508.0,USDA_AgTransport_ShipAndBunker,86.73,FRED_DEXINUS,REAL
2025-06-24,,5.735000133514404,Investing.com_Manual,562.5,769.0,477.5,USDA_AgTransport_ShipAndBunker,85.92,FRED_DEXINUS,REAL
2025-06-25,,5.800000190734863,Investing.com_Manual,557.5,761.5,474.5,USDA_AgTransport_ShipAndBunker,86.04,FRED_DEXINUS,REAL
2025-06-26,,5.659999847412109,Investing.com_Manual,556.0,755.0,478.0,USDA_AgTransport_ShipAndBunker,85.66,FRED_DEXINUS,REAL
2025-06-27,,5.584000110626221,Investing.com_Manual,554.0,757.5,472.5,USDA_AgTransport_ShipAndBunker,85.45,FRED_DEXINUS,REAL
2025-06-30,,5.550000190734863,Investing.com_Manual,553.0,756.0,470.5,USDA_AgTransport_ShipAndBunker,85.74,FRED_DEXINUS,REAL
2025-07-01,,5.630000114440918,Investing.com_Manual,553.0,755.0,469.0,USDA_AgTransport_ShipAndBunker,85.58,FRED_DEXINUS,REAL
2025-07-02,,5.769999980926514,Investing.com_Manual,552.0,760.5,465.0,USDA_AgTransport_ShipAndBunker,85.7,FRED_DEXINUS,REAL
2025-07-03,,5.929999828338623,Investing.com_Manual,555.5,768.0,469.5,USDA_AgTransport_ShipAndBunker,85.3,FRED_DEXINUS,REAL
2025-07-04,,,,555.5,768.0,466.5,USDA_AgTransport_ShipAndBunker,85.3,FRED_DEXINUS,REAL
2025-07-07,,6.070000171661377,Investing.com_Manual,553.0,772.0,465.5,USDA_AgTransport_ShipAndBunker,85.86,FRED_DEXINUS,REAL
2025-07-08,,6.179999828338623,Investing.com_Manual,555.5,774.5,467.5,USDA_AgTransport_ShipAndBunker,85.75,FRED_DEXINUS,REAL
2025-07-09,,6.25,Investing.com_Manual,559.5,787.0,468.5,USDA_AgTransport_ShipAndBunker,85.69,FRED_DEXINUS,REAL
2025-07-10,,6.659999847412109,Investing.com_Manual,557.5,785.5,469.5,USDA_AgTransport_ShipAndBunker,85.65,FRED_DEXINUS,REAL
2025-07-11,,7.090000152587891,Investing.com_Manual,554.0,779.0,464.5,USDA_AgTransport_ShipAndBunker,85.8,FRED_DEXINUS,REAL
2025-07-14,,7.260000228881836,Investing.com_Manual,557.5,787.0,466.5,USDA_AgTransport_ShipAndBunker,85.99,FRED_DEXINUS,REAL
2025-07-15,,6.78000020980835,Investing.com_Manual,557.0,773.5,464.5,USDA_AgTransport_ShipAndBunker,85.82,FRED_DEXINUS,REAL
2025-07-16,,7.25,Investing.com_Manual,552.0,770.5,460.5,USDA_AgTransport_ShipAndBunker,85.96,FRED_DEXINUS,REAL
2025-07-17,,7.610000133514404,Investing.com_Manual,550.5,768.5,462.5,USDA_AgTransport_ShipAndBunker,86.08,FRED_DEXINUS,REAL
2025-07-18,,7.400000095367432,Investing.com_Manual,550.5,776.5,467.0,USDA_AgTransport_ShipAndBunker,86.1,FRED_DEXINUS,REAL
2025-07-21,,7.349999904632568,Investing.com_Manual,550.0,775.0,467.0,USDA_AgTransport_ShipAndBunker,86.3,FRED_DEXINUS,REAL
2025-07-22,,7.670000076293945,Investing.com_Manual,549.5,773.0,465.5,USDA_AgTransport_ShipAndBunker,86.37,FRED_DEXINUS,REAL
2025-07-23,,7.519999980926514,Investing.com_Manual,547.0,771.0,462.0,USDA_AgTransport_ShipAndBunker,86.41,FRED_DEXINUS,REAL
2025-07-24,,7.420000076293945,Investing.com_Manual,548.5,773.0,467.0,USDA_AgTransport_ShipAndBunker,86.39,FRED_DEXINUS,REAL
2025-07-25,,7.150000095367432,Investing.com_Manual,548.0,772.0,466.0,USDA_AgTransport_ShipAndBunker,86.48,FRED_DEXINUS,REAL
2025-07-28,,7.245999813079834,Investing.com_Manual,547.0,769.0,464.5,USDA_AgTransport_ShipAndBunker,86.67,FRED_DEXINUS,REAL
2025-07-29,,6.940000057220459,Investing.com_Manual,550.0,770.5,466.5,USDA_AgTransport_ShipAndBunker,86.83,FRED_DEXINUS,REAL
2025-07-30,,7.019999980926514,Investing.com_Manual,555.5,774.5,472.5,USDA_AgTransport_ShipAndBunker,87.44,FRED_DEXINUS,REAL
2025-07-31,,7.400000095367432,Investing.com_Manual,556.5,776.0,471.5,USDA_AgTransport_ShipAndBunker,87.6,FRED_DEXINUS,REAL
2025-08-01,,7.460000038146973,Investing.com_Manual,556.0,772.5,471.0,USDA_AgTransport_ShipAndBunker,87.54,FRED_DEXINUS,REAL
2025-08-04,,7.309999942779541,Investing.com_Manual,549.0,760.5,465.0,USDA_AgTransport_ShipAndBunker,87.63,FRED_DEXINUS,REAL
2025-08-05,,7.769999980926514,Investing.com_Manual,546.0,751.5,464.0,USDA_AgTransport_ShipAndBunker,87.8,FRED_DEXINUS,REAL
2025-08-06,,7.730000019073486,Investing.com_Manual,543.5,750.5,464.0,USDA_AgTransport_ShipAndBunker,87.71,FRED_DEXINUS,REAL
2025-08-07,,7.75,Investing.com_Manual,541.0,746.5,462.0,USDA_AgTransport_ShipAndBunker,87.71,FRED_DEXINUS,REAL
2025-08-08,,7.800000190734863,Investing.com_Manual,537.0,756.5,458.5,USDA_AgTransport_ShipAndBunker,87.67,FRED_DEXINUS,REAL
2025-08-11,,7.900000095367432,Investing.com_Manual,533.5,749.0,456.5,USDA_AgTransport_ShipAndBunker,87.63,FRED_DEXINUS,REAL
2025-08-12,,8.020000457763672,Investing.com_Manual,532.0,753.0,456.0,USDA_AgTransport_ShipAndBunker,87.71,FRED_DEXINUS,REAL
2025-08-13,,8.166999816894531,Investing.com_Manual,531.0,745.5,454.5,USDA_AgTransport_ShipAndBunker,87.48,FRED_DEXINUS,REAL
2025-08-14,,8.130000114440918,Investing.com_Manual,529.5,744.0,452.0,USDA_AgTransport_ShipAndBunker,87.56,FRED_DEXINUS,REAL
2025-08-15,,8.020000457763672,Investing.com_Manual,531.5,743.5,451.5,USDA_AgTransport_ShipAndBunker,87.56,FRED_DEXINUS,REAL
2025-08-18,,8.079999923706055,Investing.com_Manual,528.5,740.5,449.0,USDA_AgTransport_ShipAndBunker,87.3,FRED_DEXINUS,REAL
2025-08-19,,7.7729997634887695,Investing.com_Manual,527.0,739.5,445.5,USDA_AgTransport_ShipAndBunker,87.02,FRED_DEXINUS,REAL
2025-08-20,,8.039999961853027,Investing.com_Manual,527.0,740.0,444.5,USDA_AgTransport_ShipAndBunker,87.02,FRED_DEXINUS,REAL
2025-08-21,,8.15999984741211,Investing.com_Manual,529.0,743.0,446.0,USDA_AgTransport_ShipAndBunker,87.31,FRED_DEXINUS,REAL
2025-08-22,,8.40999984741211,Investing.com_Manual,527.5,744.0,443.0,USDA_AgTransport_ShipAndBunker,87.53,FRED_DEXINUS,REAL
2025-08-25,,8.5,Investing.com_Manual,531.0,749.5,453.0,USDA_AgTransport_ShipAndBunker,87.55,FRED_DEXINUS,REAL
2025-08-26,,8.600000381469727,Investing.com_Manual,532.5,751.5,452.5,USDA_AgTransport_ShipAndBunker,87.68,FRED_DEXINUS,REAL
2025-08-27,,8.300000190734863,Investing.com_Manual,530.0,746.0,442.5,USDA_AgTransport_ShipAndBunker,87.74,FRED_DEXINUS,REAL
2025-08-28,,8.350000381469727,Investing.com_Manual,529.0,745.5,443.5,USDA_AgTransport_ShipAndBunker,87.63,FRED_DEXINUS,REAL
2025-08-29,,8.369999885559082,Investing.com_Manual,531.0,749.0,442.5,USDA_AgTransport_ShipAndBunker,88.18,FRED_DEXINUS,REAL
2025-09-01,,,,533.5,747.5,444.0,USDA_AgTransport_ShipAndBunker,88.18,FRED_DEXINUS,REAL
2025-09-02,,8.020000457763672,Investing.com_Manual,534.5,751.0,447.5,USDA_AgTransport_ShipAndBunker,88.15,FRED_DEXINUS,REAL
2025-09-03,,8.140000343322754,Investing.com_Manual,536.0,757.5,448.5,USDA_AgTransport_ShipAndBunker,88.06,FRED_DEXINUS,REAL
2025-09-04,,8.062999725341797,Investing.com_Manual,530.5,755.0,445.5,USDA_AgTransport_ShipAndBunker,88.17,FRED_DEXINUS,REAL
2025-09-05,,8.039999961853027,Investing.com_Manual,525.5,755.0,438.5,USDA_AgTransport_ShipAndBunker,88.25,FRED_DEXINUS,REAL
2025-09-08,,8.149999618530273,Investing.com_Manual,524.5,754.0,435.0,USDA_AgTransport_ShipAndBunker,88.25,FRED_DEXINUS,REAL
2025-09-09,,8.390000343322754,Investing.com_Manual,524.0,758.5,439.0,USDA_AgTransport_ShipAndBunker,88.12,FRED_DEXINUS,REAL
2025-09-10,,8.220000267028809,Investing.com_Manual,521.0,761.5,437.5,USDA_AgTransport_ShipAndBunker,88.09,FRED_DEXINUS,REAL
2025-09-11,,8.114999771118164,Investing.com_Manual,517.5,760.0,438.5,USDA_AgTransport_ShipAndBunker,88.44,FRED_DEXINUS,REAL
2025-09-12,,8.100000381469727,Investing.com_Manual,516.5,758.5,437.0,USDA_AgTransport_ShipAndBunker,88.28,FRED_DEXINUS,REAL
2025-09-15,,8.210000038146973,Investing.com_Manual,516.5,760.0,438.0,USDA_AgTransport_ShipAndBunker,88.22,FRED_DEXINUS,REAL
2025-09-16,,8.039999961853027,Investing.com_Manual,521.5,764.5,440.5,USDA_AgTransport_ShipAndBunker,88.05,FRED_DEXINUS,REAL
2025-09-17,,8.140000343322754,Investing.com_Manual,524.0,770.5,442.5,USDA_AgTransport_ShipAndBunker,87.77,FRED_DEXINUS,REAL
2025-09-18,,8.199999809265137,Investing.com_Manual,524.0,772.0,444.0,USDA_AgTransport_ShipAndBunker,88.17,FRED_DEXINUS,REAL
2025-09-19,,8.15999984741211,Investing.com_Manual,520.5,765.5,441.5,USDA_AgTransport_ShipAndBunker,88.06,FRED_DEXINUS,REAL
2025-09-22,,8.0600004196167,Investing.com_Manual,515.0,764.5,441.0,USDA_AgTransport_ShipAndBunker,88.29,FRED_DEXINUS,REAL
2025-09-23,,8.25,Investing.com_Manual,514.5,763.0,442.5,USDA_AgTransport_ShipAndBunker,88.76,FRED_DEXINUS,REAL
2025-09-24,,8.380000114440918,Investing.com_Manual,518.0,768.5,449.5,USDA_AgTransport_ShipAndBunker,88.73,FRED_DEXINUS,REAL
2025-09-25,,8.199999809265137,Investing.com_Manual,520.5,772.5,453.0,USDA_AgTransport_ShipAndBunker,88.7,FRED_DEXINUS,REAL
2025-09-26,,8.050000190734863,Investing.com_Manual,524.5,782.0,458.0,USDA_AgTransport_ShipAndBunker,88.65,FRED_DEXINUS,REAL
2025-09-29,,7.769999980926514,Investing.com_Manual,523.0,773.5,457.0,USDA_AgTransport_ShipAndBunker,88.76,FRED_DEXINUS,REAL
2025-09-30,,7.510000228881836,Investing.com_Manual,,,,,88.78,FRED_DEXINUS,REAL
2025-10-01,,7.579999923706055,Investing.com_Manual,,,,,88.69,FRED_DEXINUS,REAL
2025-10-02,,7.78000020980835,Investing.com_Manual,,,,,88.74,FRED_DEXINUS,REAL
2025-10-03,,7.71999979019165,Investing.com_Manual,,,,,88.78,FRED_DEXINUS,REAL
2025-10-06,,7.866000175476074,Investing.com_Manual,,,,,88.79,FRED_DEXINUS,REAL
2025-10-07,,8.0,Investing.com_Manual,,,,,88.72,FRED_DEXINUS,REAL
2025-10-08,,7.599999904632568,Investing.com_Manual,,,,,88.77,FRED_DEXINUS,REAL
2025-10-09,,7.699999809265137,Investing.com_Manual,,,,,88.84,FRED_DEXINUS,REAL
2025-10-10,,8.180000305175781,Investing.com_Manual,,,,,88.72,FRED_DEXINUS,REAL
2025-10-13,,8.640000343322754,Investing.com_Manual,,,,,88.72,FRED_DEXINUS,REAL
2025-10-14,,8.199999809265137,Investing.com_Manual,,,,,88.76,FRED_DEXINUS,REAL
2025-10-15,,8.520000457763672,Investing.com_Manual,,,,,87.98,FRED_DEXINUS,REAL
2025-10-16,,8.329999923706055,Investing.com_Manual,,,,,87.81,FRED_DEXINUS,REAL
2025-10-17,,8.15999984741211,Investing.com_Manual,,,,,87.99,FRED_DEXINUS,REAL
2025-10-20,,8.239999771118164,Investing.com_Manual,,,,,87.92,FRED_DEXINUS,REAL
2025-10-21,,8.380000114440918,Investing.com_Manual,,,,,87.97,FRED_DEXINUS,REAL
2025-10-22,,8.229999542236328,Investing.com_Manual,,,,,87.92,FRED_DEXINUS,REAL
2025-10-23,,7.820000171661377,Investing.com_Manual,,,,,87.85,FRED_DEXINUS,REAL
2025-10-24,,7.849999904632568,Investing.com_Manual,,,,,87.83,FRED_DEXINUS,REAL
2025-10-27,,7.96999979019165,Investing.com_Manual,,,,,88.24,FRED_DEXINUS,REAL
2025-10-28,,7.953000068664551,Investing.com_Manual,,,,,88.21,FRED_DEXINUS,REAL
2025-10-29,,8.199999809265137,Investing.com_Manual,,,,,88.2,FRED_DEXINUS,REAL
2025-10-30,,8.25,Investing.com_Manual,,,,,88.64,FRED_DEXINUS,REAL
2025-10-31,,8.100000381469727,Investing.com_Manual,,,,,88.75,FRED_DEXINUS,REAL
2025-11-03,,7.920000076293945,Investing.com_Manual,,,,,88.78,FRED_DEXINUS,REAL
2025-11-04,,8.180000305175781,Investing.com_Manual,,,,,88.67,FRED_DEXINUS,REAL
2025-11-05,,8.300000190734863,Investing.com_Manual,494.0,779.5,434.0,USDA_AgTransport_ShipAndBunker,88.66,FRED_DEXINUS,REAL
2025-11-06,,8.5,Investing.com_Manual,492.5,792.5,433.5,USDA_AgTransport_ShipAndBunker,88.65,FRED_DEXINUS,REAL
2025-11-07,,8.350000381469727,Investing.com_Manual,492.5,799.0,431.0,USDA_AgTransport_ShipAndBunker,88.68,FRED_DEXINUS,REAL
2025-11-10,,8.369999885559082,Investing.com_Manual,495.5,795.0,431.5,USDA_AgTransport_ShipAndBunker,88.7,FRED_DEXINUS,REAL
2025-11-11,,8.420000076293945,Investing.com_Manual,495.0,803.0,430.5,USDA_AgTransport_ShipAndBunker,88.7,FRED_DEXINUS,REAL
2025-11-12,,8.479999542236328,Investing.com_Manual,496.0,813.0,430.0,USDA_AgTransport_ShipAndBunker,88.58,FRED_DEXINUS,REAL
2025-11-13,,8.699999809265137,Investing.com_Manual,490.0,796.0,422.5,USDA_AgTransport_ShipAndBunker,88.66,FRED_DEXINUS,REAL
2025-11-14,,8.600000381469727,Investing.com_Manual,490.0,791.5,419.0,USDA_AgTransport_ShipAndBunker,88.74,FRED_DEXINUS,REAL
2025-11-17,,8.800000190734863,Investing.com_Manual,492.0,797.0,421.5,USDA_AgTransport_ShipAndBunker,88.58,FRED_DEXINUS,REAL
2025-11-18,,8.989999771118164,Investing.com_Manual,493.0,804.0,419.0,USDA_AgTransport_ShipAndBunker,88.6,FRED_DEXINUS,REAL
2025-11-19,,8.899999618530273,Investing.com_Manual,490.0,821.5,417.5,USDA_AgTransport_ShipAndBunker,88.58,FRED_DEXINUS,REAL
2025-11-20,,8.920000076293945,Investing.com_Manual,486.5,811.5,413.0,USDA_AgTransport_ShipAndBunker,88.69,FRED_DEXINUS,REAL
2025-11-21,,8.949999809265137,Investing.com_Manual,482.0,794.5,408.5,USDA_AgTransport_ShipAndBunker,89.54,FRED_DEXINUS,REAL
2025-11-24,,9.1899995803833,Investing.com_Manual,477.0,779.0,405.5,USDA_AgTransport_ShipAndBunker,89.23,FRED_DEXINUS,REAL
2025-11-25,,9.229999542236328,Investing.com_Manual,473.0,767.0,404.0,USDA_AgTransport_ShipAndBunker,89.16,FRED_DEXINUS,REAL
2025-11-26,,9.199999809265137,Investing.com_Manual,470.5,758.5,399.0,USDA_AgTransport_ShipAndBunker,89.27,FRED_DEXINUS,REAL
2025-11-27,,,,471.5,755.5,400.0,USDA_AgTransport_ShipAndBunker,89.27,FRED_DEXINUS,REAL
2025-11-28,,8.770000457763672,Investing.com_Manual,472.0,756.0,400.0,USDA_AgTransport_ShipAndBunker,89.43,FRED_DEXINUS,REAL
2025-12-01,,9.34000015258789,Investing.com_Manual,473.5,757.5,401.5,USDA_AgTransport_ShipAndBunker,89.59,FRED_DEXINUS,REAL
2025-12-02,,9.25,Investing.com_Manual,473.0,755.5,400.0,USDA_AgTransport_ShipAndBunker,89.92,FRED_DEXINUS,REAL
2025-12-03,,9.300000190734863,Investing.com_Manual,469.5,759.0,397.0,USDA_AgTransport_ShipAndBunker,90.15,FRED_DEXINUS,REAL
2025-12-04,,9.270000457763672,Investing.com_Manual,470.5,755.5,397.0,USDA_AgTransport_ShipAndBunker,89.97,FRED_DEXINUS,REAL
2025-12-05,,9.0,Investing.com_Manual,472.5,752.0,400.0,USDA_AgTransport_ShipAndBunker,89.97,FRED_DEXINUS,REAL
2025-12-08,,9.25,Investing.com_Manual,470.5,747.5,399.5,USDA_AgTransport_ShipAndBunker,90.12,FRED_DEXINUS,REAL
2025-12-09,,8.829999923706055,Investing.com_Manual,469.5,743.0,397.0,USDA_AgTransport_ShipAndBunker,89.9,FRED_DEXINUS,REAL
2025-12-10,,9.012999534606934,Investing.com_Manual,466.0,744.0,392.5,USDA_AgTransport_ShipAndBunker,89.98,FRED_DEXINUS,REAL
2025-12-11,,8.84000015258789,Investing.com_Manual,464.0,739.0,388.0,USDA_AgTransport_ShipAndBunker,90.35,FRED_DEXINUS,REAL
2025-12-12,,8.680000305175781,Investing.com_Manual,462.0,735.5,388.0,USDA_AgTransport_ShipAndBunker,90.41,FRED_DEXINUS,REAL
2025-12-15,,8.920000076293945,Investing.com_Manual,461.0,731.0,386.5,USDA_AgTransport_ShipAndBunker,90.7,FRED_DEXINUS,REAL
2025-12-16,,8.770000457763672,Investing.com_Manual,457.5,721.5,382.0,USDA_AgTransport_ShipAndBunker,91.03,FRED_DEXINUS,REAL
2025-12-17,,8.420000076293945,Investing.com_Manual,456.0,721.0,383.5,USDA_AgTransport_ShipAndBunker,90.4,FRED_DEXINUS,REAL
2025-12-18,,8.656000137329102,Investing.com_Manual,455.5,716.0,387.0,USDA_AgTransport_ShipAndBunker,90.25,FRED_DEXINUS,REAL
2025-12-19,,8.699999809265137,Investing.com_Manual,457.0,712.0,383.0,USDA_AgTransport_ShipAndBunker,89.54,FRED_DEXINUS,REAL
2025-12-22,,8.880000114440918,Investing.com_Manual,458.0,714.5,387.5,USDA_AgTransport_ShipAndBunker,89.64,FRED_DEXINUS,REAL
2025-12-23,,8.739999771118164,Investing.com_Manual,462.0,711.0,390.5,USDA_AgTransport_ShipAndBunker,89.67,FRED_DEXINUS,REAL
2025-12-24,,8.770000457763672,Investing.com_Manual,463.0,715.0,390.0,USDA_AgTransport_ShipAndBunker,89.81,FRED_DEXINUS,REAL
2025-12-25,,,,463.0,715.0,390.0,USDA_AgTransport_ShipAndBunker,89.81,FRED_DEXINUS,REAL
2025-12-26,,8.75,Investing.com_Manual,462.0,712.5,388.5,USDA_AgTransport_ShipAndBunker,89.78,FRED_DEXINUS,REAL
2025-12-29,,8.739999771118164,Investing.com_Manual,464.5,717.5,390.0,USDA_AgTransport_ShipAndBunker,89.97,FRED_DEXINUS,REAL
2025-12-30,,8.680000305175781,Investing.com_Manual,463.0,717.0,393.0,USDA_AgTransport_ShipAndBunker,89.78,FRED_DEXINUS,REAL
2025-12-31,,8.770000457763672,Investing.com_Manual,463.5,715.0,391.0,USDA_AgTransport_ShipAndBunker,89.84,FRED_DEXINUS,REAL
2026-01-01,,,,464.0,715.0,391.5,USDA_AgTransport_ShipAndBunker,89.84,FRED_DEXINUS,REAL
2026-01-02,,8.460000038146973,Investing.com_Manual,462.0,714.5,390.5,USDA_AgTransport_ShipAndBunker,90.19,FRED_DEXINUS,REAL
2026-01-05,,8.720000267028809,Investing.com_Manual,460.0,713.5,391.0,USDA_AgTransport_ShipAndBunker,90.28,FRED_DEXINUS,REAL
2026-01-06,,8.8100004196167,Investing.com_Manual,460.0,712.0,392.5,USDA_AgTransport_ShipAndBunker,90.18,FRED_DEXINUS,REAL
2026-01-07,,8.789999961853027,Investing.com_Manual,458.5,708.0,389.5,USDA_AgTransport_ShipAndBunker,89.9,FRED_DEXINUS,REAL
2026-01-08,,9.140000343322754,Investing.com_Manual,458.0,705.5,389.0,USDA_AgTransport_ShipAndBunker,90.02,FRED_DEXINUS,REAL
2026-01-09,,8.850000381469727,Investing.com_Manual,462.0,712.5,394.0,USDA_AgTransport_ShipAndBunker,90.16,FRED_DEXINUS,REAL
2026-01-12,,8.729999542236328,Investing.com_Manual,466.0,715.5,393.0,USDA_AgTransport_ShipAndBunker,90.12,FRED_DEXINUS,REAL
2026-01-13,,8.720999717712402,Investing.com_Manual,472.0,721.0,398.0,USDA_AgTransport_ShipAndBunker,90.19,FRED_DEXINUS,REAL
2026-01-14,,9.039999961853027,Investing.com_Manual,477.5,728.0,406.0,USDA_AgTransport_ShipAndBunker,90.24,FRED_DEXINUS,REAL
2026-01-15,,9.479999542236328,Investing.com_Manual,477.0,725.0,403.0,USDA_AgTransport_ShipAndBunker,90.26,FRED_DEXINUS,REAL
2026-01-16,,9.800000190734863,Investing.com_Manual,476.0,725.0,406.5,USDA_AgTransport_ShipAndBunker,90.87,FRED_DEXINUS,REAL
2026-01-19,,,,476.0,728.0,407.5,USDA_AgTransport_ShipAndBunker,90.87,FRED_DEXINUS,REAL
2026-01-20,,10.239999771118164,Investing.com_Manual,476.0,728.5,405.5,USDA_AgTransport_ShipAndBunker,91.01,FRED_DEXINUS,REAL
2026-01-21,,10.06999969482422,Investing.com_Manual,480.0,736.5,408.0,USDA_AgTransport_ShipAndBunker,91.68,FRED_DEXINUS,REAL
2026-01-22,,10.0,Investing.com_Manual,484.5,739.0,412.0,USDA_AgTransport_ShipAndBunker,91.62,FRED_DEXINUS,REAL
2026-01-23,,10.359999656677246,Investing.com_Manual,485.0,741.0,415.5,USDA_AgTransport_ShipAndBunker,91.95,FRED_DEXINUS,REAL
2026-01-26,,10.979999542236328,Investing.com_Manual,488.0,750.0,427.5,USDA_AgTransport_ShipAndBunker,91.95,FRED_DEXINUS,REAL
2026-01-27,,11.260000228881836,Investing.com_Manual,487.0,751.5,424.5,USDA_AgTransport_ShipAndBunker,91.72,FRED_DEXINUS,REAL
2026-01-28,,11.010000228881836,Investing.com_Manual,493.5,759.5,429.5,USDA_AgTransport_ShipAndBunker,91.78,FRED_DEXINUS,REAL
2026-01-29,,11.479999542236328,Investing.com_Manual,502.0,768.0,435.0,USDA_AgTransport_ShipAndBunker,91.95,FRED_DEXINUS,REAL
2026-01-30,,11.529999732971191,Investing.com_Manual,503.0,769.0,437.5,USDA_AgTransport_ShipAndBunker,91.98,FRED_DEXINUS,REAL
2026-02-02,,11.199999809265137,Investing.com_Manual,495.0,760.0,426.5,USDA_AgTransport_ShipAndBunker,91.51,FRED_DEXINUS,REAL
2026-02-03,,10.550000190734863,Investing.com_Manual,494.5,758.0,427.0,USDA_AgTransport_ShipAndBunker,90.3,FRED_DEXINUS,REAL
2026-02-04,,10.850000381469728,Investing.com_Manual,503.5,767.5,436.0,USDA_AgTransport_ShipAndBunker,90.36,FRED_DEXINUS,REAL
2026-02-05,,10.710000038146973,Investing.com_Manual,507.5,767.5,441.0,USDA_AgTransport_ShipAndBunker,90.33,FRED_DEXINUS,REAL
2026-02-06,,10.649999618530272,Investing.com_Manual,508.5,769.5,440.0,USDA_AgTransport_ShipAndBunker,90.65,FRED_DEXINUS,REAL
2026-02-09,,10.949999809265137,Investing.com_Manual,507.5,768.5,439.5,USDA_AgTransport_ShipAndBunker,90.77,FRED_DEXINUS,REAL
2026-02-10,,11.18000030517578,Investing.com_Manual,510.5,769.0,443.0,USDA_AgTransport_ShipAndBunker,90.57,FRED_DEXINUS,REAL
2026-02-11,,11.4399995803833,Investing.com_Manual,516.5,772.5,446.5,USDA_AgTransport_ShipAndBunker,90.69,FRED_DEXINUS,REAL
2026-02-12,,11.300000190734863,Investing.com_Manual,517.0,773.5,449.0,USDA_AgTransport_ShipAndBunker,90.63,FRED_DEXINUS,REAL
2026-02-13,,11.489999771118164,Investing.com_Manual,509.5,765.0,442.5,USDA_AgTransport_ShipAndBunker,90.64,FRED_DEXINUS,REAL
2026-02-16,,,,510.0,762.5,447.0,USDA_AgTransport_ShipAndBunker,90.64,FRED_DEXINUS,REAL
2026-02-17,,11.68000030517578,Investing.com_Manual,512.5,765.5,448.0,USDA_AgTransport_ShipAndBunker,90.63,FRED_DEXINUS,REAL
2026-02-18,,11.760000228881836,Investing.com_Manual,516.0,766.0,451.5,USDA_AgTransport_ShipAndBunker,90.7,FRED_DEXINUS,REAL
2026-02-19,,11.65999984741211,Investing.com_Manual,532.0,784.5,463.5,USDA_AgTransport_ShipAndBunker,90.68,FRED_DEXINUS,REAL
2026-02-20,,11.729999542236328,Investing.com_Manual,535.5,791.0,464.5,USDA_AgTransport_ShipAndBunker,90.98,FRED_DEXINUS,REAL
2026-02-23,,11.770000457763672,Investing.com_Manual,536.0,783.5,458.5,USDA_AgTransport_ShipAndBunker,90.88,FRED_DEXINUS,REAL
2026-02-24,,11.869999885559082,Investing.com_Manual,538.0,791.5,459.5,USDA_AgTransport_ShipAndBunker,90.95,FRED_DEXINUS,REAL
2026-02-25,,11.68000030517578,Investing.com_Manual,537.5,793.5,457.0,USDA_AgTransport_ShipAndBunker,90.95,FRED_DEXINUS,REAL
2026-02-26,,11.90999984741211,Investing.com_Manual,536.5,792.0,460.5,USDA_AgTransport_ShipAndBunker,90.92,FRED_DEXINUS,REAL
2026-02-27,,12.06999969482422,Investing.com_Manual,543.5,797.5,463.0,USDA_AgTransport_ShipAndBunker,91.03,FRED_DEXINUS,REAL
2026-03-02,,12.220000267028809,Investing.com_Manual,587.5,877.5,517.0,USDA_AgTransport_ShipAndBunker,91.47,FRED_DEXINUS,REAL
2026-03-03,,12.5,Investing.com_Manual,629.0,981.5,558.5,USDA_AgTransport_ShipAndBunker,91.47,FRED_DEXINUS,REAL
2026-03-04,,11.90999984741211,Investing.com_Manual,659.0,1029.0,583.5,USDA_AgTransport_ShipAndBunker,92.08,FRED_DEXINUS,REAL
2026-03-05,,11.520000457763672,Investing.com_Manual,681.5,1108.0,610.5,USDA_AgTransport_ShipAndBunker,91.58,FRED_DEXINUS,REAL
2026-03-06,,10.460000038146973,Investing.com_Manual,735.0,1153.5,649.0,USDA_AgTransport_ShipAndBunker,91.73,FRED_DEXINUS,REAL
2026-03-09,,10.260000228881836,Investing.com_Manual,929.0,1330.0,886.0,USDA_AgTransport_ShipAndBunker,92.31,FRED_DEXINUS,REAL
2026-03-10,,10.229999542236328,Investing.com_Manual,907.0,1285.0,805.5,USDA_AgTransport_ShipAndBunker,91.85,FRED_DEXINUS,REAL
2026-03-11,,10.699999809265137,Investing.com_Manual,960.0,1379.0,794.0,USDA_AgTransport_ShipAndBunker,92.03,FRED_DEXINUS,REAL
2026-03-12,,10.399999618530272,Investing.com_Manual,1005.0,1440.0,862.0,USDA_AgTransport_ShipAndBunker,92.18,FRED_DEXINUS,REAL
2026-03-13,,10.489999771118164,Investing.com_Manual,1022.5,1477.5,871.0,USDA_AgTransport_ShipAndBunker,92.47,FRED_DEXINUS,REAL
2026-03-16,,10.670000076293944,Investing.com_Manual,1036.5,1521.0,871.5,USDA_AgTransport_ShipAndBunker,92.42,FRED_DEXINUS,REAL
2026-03-17,,10.43000030517578,Investing.com_Manual,1017.0,1493.5,847.5,USDA_AgTransport_ShipAndBunker,92.36,FRED_DEXINUS,REAL
2026-03-18,,10.699999809265137,Investing.com_Manual,1014.0,1510.0,861.0,USDA_AgTransport_ShipAndBunker,92.87,FRED_DEXINUS,REAL
2026-03-19,,10.020000457763672,Investing.com_Manual,1048.5,1601.5,916.0,USDA_AgTransport_ShipAndBunker,92.62,FRED_DEXINUS,REAL
2026-03-20,,10.010000228881836,Investing.com_Manual,1053.0,1601.5,874.0,USDA_AgTransport_ShipAndBunker,93.73,FRED_DEXINUS,REAL
2026-03-23,,9.989999771118164,Investing.com_Manual,1035.5,1623.0,869.5,USDA_AgTransport_ShipAndBunker,93.96,FRED_DEXINUS,REAL
2026-03-24,,9.800000190734863,Investing.com_Manual,974.5,1568.5,821.5,USDA_AgTransport_ShipAndBunker,93.86,FRED_DEXINUS,REAL
2026-03-25,,10.0,Investing.com_Manual,936.5,1537.0,777.0,USDA_AgTransport_ShipAndBunker,93.97,FRED_DEXINUS,REAL
2026-03-26,,10.0,Investing.com_Manual,939.5,1580.5,786.0,USDA_AgTransport_ShipAndBunker,93.97,FRED_DEXINUS,REAL
2026-03-27,,9.93000030517578,Investing.com_Manual,940.5,1601.0,787.0,USDA_AgTransport_ShipAndBunker,94.83,FRED_DEXINUS,REAL
2026-03-30,,9.9399995803833,Investing.com_Manual,971.5,1691.0,827.0,USDA_AgTransport_ShipAndBunker,94.41,FRED_DEXINUS,REAL
2026-03-31,,9.970000267028809,Investing.com_Manual,965.0,1694.0,810.0,USDA_AgTransport_ShipAndBunker,93.83,FRED_DEXINUS,REAL
2026-04-01,,10.324999809265137,Investing.com_Manual,957.5,1692.0,785.5,USDA_AgTransport_ShipAndBunker,93.21,FRED_DEXINUS,REAL
2026-04-02,,10.449999809265137,Investing.com_Manual,958.0,1759.0,795.5,USDA_AgTransport_ShipAndBunker,93.09,FRED_DEXINUS,REAL
2026-04-03,,,,958.5,1791.5,795.5,USDA_AgTransport_ShipAndBunker,93.09,FRED_DEXINUS,REAL
2026-04-06,,9.9399995803833,Investing.com_Manual,977.5,1835.0,813.0,USDA_AgTransport_ShipAndBunker,93.06,FRED_DEXINUS,REAL
2026-04-07,,10.4399995803833,Investing.com_Manual,972.0,1843.5,811.5,USDA_AgTransport_ShipAndBunker,92.96,FRED_DEXINUS,REAL
2026-04-08,,10.600000381469728,Investing.com_Manual,919.0,1670.0,752.5,USDA_AgTransport_ShipAndBunker,92.25,FRED_DEXINUS,REAL
2026-04-09,,10.300000190734863,Investing.com_Manual,893.5,1622.5,750.5,USDA_AgTransport_ShipAndBunker,92.69,FRED_DEXINUS,REAL
2026-04-10,,10.699999809265137,Investing.com_Manual,886.0,1656.5,736.5,USDA_AgTransport_ShipAndBunker,92.72,FRED_DEXINUS,REAL
2026-04-13,,11.0600004196167,Investing.com_Manual,891.5,1645.5,747.5,USDA_AgTransport_ShipAndBunker,93.39,FRED_DEXINUS,REAL
2026-04-14,,11.420000076293944,Investing.com_Manual,889.0,1610.0,734.0,USDA_AgTransport_ShipAndBunker,93.37,FRED_DEXINUS,REAL
2026-04-15,,11.399999618530272,Investing.com_Manual,861.5,1559.0,714.0,USDA_AgTransport_ShipAndBunker,93.37,FRED_DEXINUS,REAL
2026-04-16,,11.130000114440918,Investing.com_Manual,856.0,1548.5,708.5,USDA_AgTransport_ShipAndBunker,93.2,FRED_DEXINUS,REAL
2026-04-17,,11.4399995803833,Investing.com_Manual,838.5,1528.5,702.0,USDA_AgTransport_ShipAndBunker,92.9,FRED_DEXINUS,REAL
2026-04-20,,11.303999900817873,Investing.com_Manual,828.5,1463.0,699.0,USDA_AgTransport_ShipAndBunker,93.13,FRED_DEXINUS,REAL
2026-04-21,,11.350000381469728,Investing.com_Manual,819.5,1441.0,697.0,USDA_AgTransport_ShipAndBunker,93.5,FRED_DEXINUS,REAL
2026-04-22,,11.399999618530272,Investing.com_Manual,828.0,1492.0,708.0,USDA_AgTransport_ShipAndBunker,93.79,FRED_DEXINUS,REAL
2026-04-23,,11.34000015258789,Investing.com_Manual,849.0,1505.5,724.0,USDA_AgTransport_ShipAndBunker,94.11,FRED_DEXINUS,REAL
2026-04-24,,10.899999618530272,Investing.com_Manual,864.0,1527.5,732.0,USDA_AgTransport_ShipAndBunker,94.25,FRED_DEXINUS,REAL
2026-04-27,,11.270000457763672,Investing.com_Manual,859.5,1541.0,740.0,USDA_AgTransport_ShipAndBunker,94.19,FRED_DEXINUS,REAL
2026-04-28,,11.449999809265137,Investing.com_Manual,871.0,1523.0,752.5,USDA_AgTransport_ShipAndBunker,94.54,FRED_DEXINUS,REAL
2026-04-29,,11.850000381469728,Investing.com_Manual,889.0,1529.5,756.0,USDA_AgTransport_ShipAndBunker,94.85,FRED_DEXINUS,REAL
2026-04-30,,11.720000267028809,Investing.com_Manual,906.5,1551.5,773.0,USDA_AgTransport_ShipAndBunker,94.91,FRED_DEXINUS,REAL
2026-05-01,,11.729999542236328,Investing.com_Manual,901.0,1532.5,765.0,USDA_AgTransport_ShipAndBunker,94.9,FRED_DEXINUS,REAL
2026-05-04,,11.789999961853027,Investing.com_Manual,907.5,1492.5,764.0,USDA_AgTransport_ShipAndBunker,95.09,FRED_DEXINUS,REAL
2026-05-05,,12.18000030517578,Investing.com_Manual,939.5,1489.5,785.0,USDA_AgTransport_ShipAndBunker,95.32,FRED_DEXINUS,REAL
2026-05-06,,12.109999656677246,Investing.com_Manual,925.5,1410.0,763.5,USDA_AgTransport_ShipAndBunker,94.61,FRED_DEXINUS,REAL
2026-05-07,,12.100000381469728,Investing.com_Manual,902.5,1375.5,753.5,USDA_AgTransport_ShipAndBunker,94.25,FRED_DEXINUS,REAL
2026-05-08,,12.105999946594238,Investing.com_Manual,906.0,1382.5,747.0,USDA_AgTransport_ShipAndBunker,94.49,FRED_DEXINUS,REAL
2026-05-11,,12.649999618530272,Investing.com_Manual,909.5,1415.5,751.0,USDA_AgTransport_ShipAndBunker,95.31,FRED_DEXINUS,REAL
2026-05-12,,13.289999961853027,Investing.com_Manual,913.5,1433.0,761.0,USDA_AgTransport_ShipAndBunker,95.63,FRED_DEXINUS,REAL
2026-05-13,,13.329999923706056,Investing.com_Manual,912.0,1436.0,762.5,USDA_AgTransport_ShipAndBunker,95.69,FRED_DEXINUS,REAL
2026-05-14,,12.949999809265137,Investing.com_Manual,911.0,1421.5,763.0,USDA_AgTransport_ShipAndBunker,95.76,FRED_DEXINUS,REAL
2026-05-15,,13.18000030517578,Investing.com_Manual,919.0,1434.0,778.5,USDA_AgTransport_ShipAndBunker,95.97,FRED_DEXINUS,REAL
2026-05-18,,12.850000381469728,Investing.com_Manual,926.0,1437.0,790.5,USDA_AgTransport_ShipAndBunker,96.35,FRED_DEXINUS,REAL
2026-05-19,,12.649999618530272,Investing.com_Manual,927.5,1440.5,794.5,USDA_AgTransport_ShipAndBunker,96.53,FRED_DEXINUS,REAL
2026-05-20,,12.109999656677246,Investing.com_Manual,923.0,1431.5,791.5,USDA_AgTransport_ShipAndBunker,96.82,FRED_DEXINUS,REAL
2026-05-21,,12.5,Investing.com_Manual,903.5,1397.5,763.5,USDA_AgTransport_ShipAndBunker,96.2,FRED_DEXINUS,REAL
2026-05-22,,12.675000190734863,Investing.com_Manual,890.0,1377.0,765.5,USDA_AgTransport_ShipAndBunker,95.69,FRED_DEXINUS,REAL
2026-05-25,,,,860.0,1334.0,737.0,USDA_AgTransport_ShipAndBunker,95.69,FRED_DEXINUS,REAL
2026-05-26,,12.880000114440918,Investing.com_Manual,866.0,1341.0,742.5,USDA_AgTransport_ShipAndBunker,95.68,FRED_DEXINUS,REAL
2026-05-27,,12.875,Investing.com_Manual,855.5,1325.5,738.0,USDA_AgTransport_ShipAndBunker,95.69,FRED_DEXINUS,REAL
2026-05-28,,13.149999618530272,Investing.com_Manual,856.0,1302.5,736.5,USDA_AgTransport_ShipAndBunker,95.69,FRED_DEXINUS,REAL
2026-05-29,,12.9399995803833,Investing.com_Manual,843.5,1281.5,721.0,USDA_AgTransport_ShipAndBunker,95.0,FRED_DEXINUS,REAL
2026-06-01,,13.03499984741211,Investing.com_Manual,850.0,1304.5,734.5,USDA_AgTransport_ShipAndBunker,94.99,FRED_DEXINUS,REAL
2026-06-02,,12.9399995803833,Investing.com_Manual,849.5,1300.0,729.5,USDA_AgTransport_ShipAndBunker,95.27,FRED_DEXINUS,REAL
2026-06-03,,12.619999885559082,Investing.com_Manual,864.5,1342.5,736.5,USDA_AgTransport_ShipAndBunker,95.71,FRED_DEXINUS,REAL
2026-06-04,,12.65999984741211,Investing.com_Manual,859.0,1332.5,718.5,USDA_AgTransport_ShipAndBunker,95.79,FRED_DEXINUS,REAL
2026-06-05,,12.699999809265137,Investing.com_Manual,855.5,1304.0,704.0,USDA_AgTransport_ShipAndBunker,94.95,FRED_DEXINUS,REAL
2026-06-08,,12.369999885559082,Investing.com_Manual,857.5,1302.0,710.0,USDA_AgTransport_ShipAndBunker,95.71,FRED_DEXINUS,REAL
2026-06-09,,12.369999885559082,Investing.com_Manual,845.0,1286.5,693.5,USDA_AgTransport_ShipAndBunker,95.35,FRED_DEXINUS,REAL
2026-06-10,,12.5,Investing.com_Manual,834.0,1263.5,690.0,USDA_AgTransport_ShipAndBunker,95.27,FRED_DEXINUS,REAL
2026-06-11,,12.520000457763672,Investing.com_Manual,820.0,1258.0,682.5,USDA_AgTransport_ShipAndBunker,95.76,FRED_DEXINUS,REAL
2026-06-12,,12.31999969482422,Investing.com_Manual,805.0,1224.5,661.5,USDA_AgTransport_ShipAndBunker,95.11,FRED_DEXINUS,REAL
2026-06-15,,11.989999771118164,Investing.com_Manual,784.5,1186.5,639.0,USDA_AgTransport_ShipAndBunker,94.71,FRED_DEXINUS,REAL
2026-06-16,,12.130000114440918,Investing.com_Manual,757.5,1155.5,616.5,USDA_AgTransport_ShipAndBunker,94.62,FRED_DEXINUS,REAL
2026-06-17,,11.880000114440918,Investing.com_Manual,742.0,1133.0,591.0,USDA_AgTransport_ShipAndBunker,94.53,FRED_DEXINUS,REAL
2026-06-18,,11.56999969482422,Investing.com_Manual,738.5,1122.5,578.5,USDA_AgTransport_ShipAndBunker,94.33,FRED_DEXINUS,REAL
2026-06-19,,,,736.0,1127.5,570.0,USDA_AgTransport_ShipAndBunker,94.33,FRED_DEXINUS,REAL
2026-06-22,,11.579999923706056,Investing.com_Manual,734.5,1131.5,585.5,USDA_AgTransport_ShipAndBunker,94.68,FRED_DEXINUS,REAL
2026-06-23,,11.770000457763672,Investing.com_Manual,723.5,1118.5,574.0,USDA_AgTransport_ShipAndBunker,94.74,FRED_DEXINUS,REAL
2026-06-24,,11.699999809265137,Investing.com_Manual,722.0,1112.0,561.5,USDA_AgTransport_ShipAndBunker,94.67,FRED_DEXINUS,REAL
2026-06-25,,11.399999618530272,Investing.com_Manual,709.0,1105.5,547.5,USDA_AgTransport_ShipAndBunker,94.4,FRED_DEXINUS,REAL
2026-06-26,,11.270000457763672,Investing.com_Manual,707.0,1110.5,546.5,USDA_AgTransport_ShipAndBunker,94.37,FRED_DEXINUS,REAL
2026-06-29,,11.630000114440918,Investing.com_Manual,706.5,1120.0,548.0,USDA_AgTransport_ShipAndBunker,94.54,FRED_DEXINUS,REAL
2026-06-30,,11.869999885559082,Investing.com_Manual,700.5,1128.0,547.5,USDA_AgTransport_ShipAndBunker,94.66,FRED_DEXINUS,REAL
2026-07-01,,12.052000045776367,Investing.com_Manual,690.5,1129.5,542.5,USDA_AgTransport_ShipAndBunker,95.25,FRED_DEXINUS,REAL
2026-07-02,,12.270000457763672,Investing.com_Manual,685.0,1114.5,527.5,USDA_AgTransport_ShipAndBunker,95.39,FRED_DEXINUS,REAL
2026-07-03,,,,684.5,1114.5,531.0,USDA_AgTransport_ShipAndBunker,95.39,FRED_DEXINUS,REAL
2026-07-06,,12.960000038146973,Investing.com_Manual,676.0,1110.0,530.5,USDA_AgTransport_ShipAndBunker,95.4,FRED_DEXINUS,REAL
2026-07-07,,12.760000228881836,Investing.com_Manual,676.5,1114.0,526.5,USDA_AgTransport_ShipAndBunker,94.97,FRED_DEXINUS,REAL
2026-07-08,,12.835000038146973,Investing.com_Manual,693.5,1135.0,551.0,USDA_AgTransport_ShipAndBunker,95.56,FRED_DEXINUS,REAL
2026-07-09,,12.949999809265137,Investing.com_Manual,712.5,1167.5,555.5,USDA_AgTransport_ShipAndBunker,95.39,FRED_DEXINUS,REAL
2026-07-10,,12.890000343322754,Investing.com_Manual,711.5,1166.0,552.5,USDA_AgTransport_ShipAndBunker,95.33,FRED_DEXINUS,REAL
2026-07-13,,13.329999923706056,Investing.com_Manual,724.5,1175.5,564.5,USDA_AgTransport_ShipAndBunker,95.62,FRED_DEXINUS,REAL
2026-07-14,,13.100000381469728,Investing.com_Manual,758.5,1229.0,607.5,USDA_AgTransport_ShipAndBunker,96.2,FRED_DEXINUS,REAL
2026-07-15,,12.84000015258789,Investing.com_Manual,777.0,1262.0,612.0,USDA_AgTransport_ShipAndBunker,96.26,FRED_DEXINUS,REAL
2026-07-16,,12.649999618530272,Investing.com_Manual,782.0,1248.0,613.5,USDA_AgTransport_ShipAndBunker,96.35,FRED_DEXINUS,REAL
2026-07-17,,12.65999984741211,Investing.com_Manual,782.0,1275.0,613.5,USDA_AgTransport_ShipAndBunker,96.28,FRED_DEXINUS,REAL
2026-07-20,,12.1899995803833,Investing.com_Manual,793.0,1297.5,630.5,USDA_AgTransport_ShipAndBunker,96.45,FRED_DEXINUS,REAL
2026-07-21,,12.619999885559082,Investing.com_Manual,793.0,1292.0,617.5,USDA_AgTransport_ShipAndBunker,96.24,FRED_DEXINUS,REAL
2026-07-22,,12.510000228881836,Investing.com_Manual,809.5,1322.5,643.5,USDA_AgTransport_ShipAndBunker,96.57,FRED_DEXINUS,REAL
2026-07-23,,12.68000030517578,Investing.com_Manual,831.5,1340.0,652.0,USDA_AgTransport_ShipAndBunker,96.57,FRED_DEXINUS,REAL
2026-07-24,,12.56999969482422,Investing.com_Manual,835.5,1358.5,657.0,USDA_AgTransport_ShipAndBunker,96.56,FRED_DEXINUS,REAL
2026-07-27,,12.380000114440918,Investing.com_Manual,825.0,1335.5,640.5,USDA_AgTransport_ShipAndBunker,95.91,FRED_DEXINUS,REAL
2026-07-28,,12.609999656677246,Investing.com_Manual,805.0,1311.0,625.0,USDA_AgTransport_ShipAndBunker,95.85,FRED_DEXINUS,REAL
2026-07-29,,12.779999732971191,Investing.com_Manual,807.5,1341.0,624.5,USDA_AgTransport_ShipAndBunker,95.65,FRED_DEXINUS,REAL
2026-07-30,,13.359999656677246,Investing.com_Manual,815.0,1350.0,636.5,USDA_AgTransport_ShipAndBunker,95.68,FRED_DEXINUS,REAL
2026-07-31,,13.420000076293944,Investing.com_Manual,814.5,1354.0,627.5,USDA_AgTransport_ShipAndBunker,95.38,FRED_DEXINUS,REAL
2026-08-03,,13.949999809265137,Investing.com_Manual,810.0,1330.5,620.5,USDA_AgTransport_ShipAndBunker,95.34,FRED_DEXINUS,REAL
2026-08-04,,13.90999984741211,Investing.com_Manual,806.5,1312.0,620.0,USDA_AgTransport_ShipAndBunker,95.38,FRED_DEXINUS,REAL
2026-08-05,,13.970000267028809,Investing.com_Manual,791.5,1272.5,598.0,USDA_AgTransport_ShipAndBunker,95.14,FRED_DEXINUS,REAL
2026-08-06,,13.9399995803833,Investing.com_Manual,789.0,1272.0,604.5,USDA_AgTransport_ShipAndBunker,95.21,FRED_DEXINUS,REAL
2026-08-07,,13.760000228881836,Investing.com_Manual,794.5,1288.0,611.5,USDA_AgTransport_ShipAndBunker,95.21,FRED_DEXINUS,REAL
2026-08-08,,,,806.0,1321.5,622.0,USDA_AgTransport_ShipAndBunker,,,REAL
2026-08-10,,13.800000190734863,Investing.com_Manual,,,,,95.3,FRED_DEXINUS,REAL
2026-08-11,,13.789999961853027,Investing.com_Manual,823.5,1391.0,636.5,USDA_AgTransport_ShipAndBunker,95.44,FRED_DEXINUS,REAL
2026-08-12,,13.670000076293944,Investing.com_Manual,820.5,1374.0,629.5,USDA_AgTransport_ShipAndBunker,95.33,FRED_DEXINUS,REAL
2026-08-13,,13.890000343322754,Investing.com_Manual,814.5,1373.0,629.5,USDA_AgTransport_ShipAndBunker,95.44,FRED_DEXINUS,REAL
2026-08-14,,14.286999702453612,Investing.com_Manual,813.0,1368.0,629.0,USDA_AgTransport_ShipAndBunker,95.43,FRED_DEXINUS,REAL
2026-08-17,,14.0,Investing.com_Manual,817.0,1373.0,634.5,USDA_AgTransport_ShipAndBunker,95.6,FRED_DEXINUS,REAL
2026-08-18,,13.81999969482422,Investing.com_Manual,821.0,1390.0,644.0,USDA_AgTransport_ShipAndBunker,95.68,FRED_DEXINUS,REAL
2026-08-19,,14.005000114440918,Investing.com_Manual,823.0,1400.5,652.0,USDA_AgTransport_ShipAndBunker,95.75,FRED_DEXINUS,REAL
2026-08-20,,14.1899995803833,Investing.com_Manual,825.0,1396.0,657.0,USDA_AgTransport_ShipAndBunker,95.71,FRED_DEXINUS,REAL
2026-08-21,,14.75,Investing.com_Manual,823.5,1395.0,653.5,USDA_AgTransport_ShipAndBunker,95.7,FRED_DEXINUS,REAL
2026-08-24,,14.6899995803833,Investing.com_Manual,820.5,1389.0,650.0,USDA_AgTransport_ShipAndBunker,95.75,FRED_DEXINUS,REAL
2026-08-25,,15.0649995803833,Investing.com_Manual,811.5,1371.0,636.5,USDA_AgTransport_ShipAndBunker,95.41,FRED_DEXINUS,REAL
2026-08-26,,15.0600004196167,Investing.com_Manual,794.5,1341.0,625.0,USDA_AgTransport_ShipAndBunker,95.43,FRED_DEXINUS,REAL
2026-08-27,,14.81999969482422,Investing.com_Manual,791.5,1342.0,625.0,USDA_AgTransport_ShipAndBunker,95.54,FRED_DEXINUS,REAL
2026-08-28,,15.520000457763672,Investing.com_Manual,799.0,1354.5,628.0,USDA_AgTransport_ShipAndBunker,95.38,FRED_DEXINUS,REAL
2026-08-31,,15.470000267028809,Investing.com_Manual,810.5,1378.0,635.0,USDA_AgTransport_ShipAndBunker,95.16,FRED_DEXINUS,REAL
2026-09-01,,15.795000076293944,Investing.com_Manual,821.5,1411.5,648.0,USDA_AgTransport_ShipAndBunker,94.95,FRED_DEXINUS,REAL
2026-09-02,,16.579999923706055,Investing.com_Manual,840.0,1444.5,656.0,USDA_AgTransport_ShipAndBunker,94.97,FRED_DEXINUS,REAL
2026-09-03,,16.139999389648438,Investing.com_Manual,,,,,94.49,FRED_DEXINUS,REAL
2026-09-04,,16.559999465942383,Investing.com_Manual,,,,,94.49,FRED_DEXINUS,REAL
2026-09-08,,16.299999237060547,Investing.com_Manual,,,,,,,REAL
