date,route_id,vessel_type,contract_type,estimated_rate_usd_mt,price_premium_pct,volume_commitment_mt,data_type
2026-07-22,KALIMANTAN_ID_DHAMRA,HANDYSIZE,SPOT,15.15,0.0,32000,SCENARIO
2026-07-22,KALIMANTAN_ID_DHAMRA,HANDYSIZE,COA_3M,15.45,2.0,96000,SCENARIO
2026-07-22,KALIMANTAN_ID_DHAMRA,HANDYSIZE,COA_6M,15.91,5.0,192000,SCENARIO
2026-07-22,KALIMANTAN_ID_DHAMRA,HANDYSIZE,COA_12M,16.36,8.0,384000,SCENARIO
2026-07-22,KALIMANTAN_ID_DHAMRA,PANAMAX,SPOT,10.58,0.0,70000,SCENARIO
2026-07-22,KALIMANTAN_ID_DHAMRA,PANAMAX,COA_3M,10.79,2.0,210000,SCENARIO
2026-07-22,KALIMANTAN_ID_DHAMRA,PANAMAX,COA_6M,11.11,5.0,420000,SCENARIO
2026-07-22,KALIMANTAN_ID_DHAMRA,PANAMAX,COA_12M,11.43,8.0,840000,SCENARIO
2026-07-22,KALIMANTAN_ID_DHAMRA,PANAMAX,SPOT,11.06,0.0,70000,SCENARIO
2026-07-22,KALIMANTAN_ID_DHAMRA,PANAMAX,COA_3M,11.28,2.0,210000,SCENARIO
2026-07-22,KALIMANTAN_ID_DHAMRA,PANAMAX,COA_6M,11.61,5.0,420000,SCENARIO
2026-07-22,KALIMANTAN_ID_DHAMRA,PANAMAX,COA_12M,11.94,8.0,840000,SCENARIO
2026-07-22,KALIMANTAN_ID_DHAMRA,SUPRAMAX,SPOT,12.5,0.0,50000,SCENARIO
2026-07-22,KALIMANTAN_ID_DHAMRA,SUPRAMAX,COA_3M,12.75,2.0,150000,SCENARIO
2026-07-22,KALIMANTAN_ID_DHAMRA,SUPRAMAX,COA_6M,13.12,5.0,300000,SCENARIO
2026-07-22,KALIMANTAN_ID_DHAMRA,SUPRAMAX,COA_12M,13.5,8.0,600000,SCENARIO
2026-07-22,KALIMANTAN_ID_GANGAVARAM,HANDYSIZE,SPOT,14.64,0.0,32000,SCENARIO
2026-07-22,KALIMANTAN_ID_GANGAVARAM,HANDYSIZE,COA_3M,14.93,2.0,96000,SCENARIO
2026-07-22,KALIMANTAN_ID_GANGAVARAM,HANDYSIZE,COA_6M,15.37,5.0,192000,SCENARIO
2026-07-22,KALIMANTAN_ID_GANGAVARAM,HANDYSIZE,COA_12M,15.81,8.0,384000,SCENARIO
2026-07-22,KALIMANTAN_ID_GANGAVARAM,PANAMAX,SPOT,10.23,0.0,70000,SCENARIO
2026-07-22,KALIMANTAN_ID_GANGAVARAM,PANAMAX,COA_3M,10.43,2.0,210000,SCENARIO
2026-07-22,KALIMANTAN_ID_GANGAVARAM,PANAMAX,COA_6M,10.74,5.0,420000,SCENARIO
2026-07-22,KALIMANTAN_ID_GANGAVARAM,PANAMAX,COA_12M,11.05,8.0,840000,SCENARIO
2026-07-22,KALIMANTAN_ID_GANGAVARAM,PANAMAX,SPOT,10.7,0.0,70000,SCENARIO
2026-07-22,KALIMANTAN_ID_GANGAVARAM,PANAMAX,COA_3M,10.91,2.0,210000,SCENARIO
2026-07-22,KALIMANTAN_ID_GANGAVARAM,PANAMAX,COA_6M,11.23,5.0,420000,SCENARIO
2026-07-22,KALIMANTAN_ID_GANGAVARAM,PANAMAX,COA_12M,11.56,8.0,840000,SCENARIO
2026-07-22,KALIMANTAN_ID_GANGAVARAM,SUPRAMAX,SPOT,12.09,0.0,50000,SCENARIO
2026-07-22,KALIMANTAN_ID_GANGAVARAM,SUPRAMAX,COA_3M,12.33,2.0,150000,SCENARIO
2026-07-22,KALIMANTAN_ID_GANGAVARAM,SUPRAMAX,COA_6M,12.69,5.0,300000,SCENARIO
2026-07-22,KALIMANTAN_ID_GANGAVARAM,SUPRAMAX,COA_12M,13.06,8.0,600000,SCENARIO
2026-07-22,KALIMANTAN_ID_GOPALPUR,HANDYSIZE,SPOT,15.21,0.0,32000,SCENARIO
2026-07-22,KALIMANTAN_ID_GOPALPUR,HANDYSIZE,COA_3M,15.51,2.0,96000,SCENARIO
2026-07-22,KALIMANTAN_ID_GOPALPUR,HANDYSIZE,COA_6M,15.97,5.0,192000,SCENARIO
2026-07-22,KALIMANTAN_ID_GOPALPUR,HANDYSIZE,COA_12M,16.43,8.0,384000,SCENARIO
2026-07-22,KALIMANTAN_ID_GOPALPUR,PANAMAX,SPOT,11.1,0.0,70000,SCENARIO
2026-07-22,KALIMANTAN_ID_GOPALPUR,PANAMAX,COA_3M,11.32,2.0,210000,SCENARIO
2026-07-22,KALIMANTAN_ID_GOPALPUR,PANAMAX,COA_6M,11.65,5.0,420000,SCENARIO
2026-07-22,KALIMANTAN_ID_GOPALPUR,PANAMAX,COA_12M,11.99,8.0,840000,SCENARIO
2026-07-22,KALIMANTAN_ID_GOPALPUR,SUPRAMAX,SPOT,12.56,0.0,50000,SCENARIO
2026-07-22,KALIMANTAN_ID_GOPALPUR,SUPRAMAX,COA_3M,12.81,2.0,150000,SCENARIO
2026-07-22,KALIMANTAN_ID_GOPALPUR,SUPRAMAX,COA_6M,13.19,5.0,300000,SCENARIO
2026-07-22,KALIMANTAN_ID_GOPALPUR,SUPRAMAX,COA_12M,13.56,8.0,600000,SCENARIO
2026-07-22,KALIMANTAN_ID_PARADIP,HANDYSIZE,SPOT,15.29,0.0,32000,SCENARIO
2026-07-22,KALIMANTAN_ID_PARADIP,HANDYSIZE,COA_3M,15.6,2.0,96000,SCENARIO
2026-07-22,KALIMANTAN_ID_PARADIP,HANDYSIZE,COA_6M,16.05,5.0,192000,SCENARIO
2026-07-22,KALIMANTAN_ID_PARADIP,HANDYSIZE,COA_12M,16.51,8.0,384000,SCENARIO
2026-07-22,KALIMANTAN_ID_PARADIP,PANAMAX,SPOT,10.67,0.0,70000,SCENARIO
2026-07-22,KALIMANTAN_ID_PARADIP,PANAMAX,COA_3M,10.88,2.0,210000,SCENARIO
2026-07-22,KALIMANTAN_ID_PARADIP,PANAMAX,COA_6M,11.2,5.0,420000,SCENARIO
2026-07-22,KALIMANTAN_ID_PARADIP,PANAMAX,COA_12M,11.52,8.0,840000,SCENARIO
2026-07-22,KALIMANTAN_ID_PARADIP,PANAMAX,SPOT,11.15,0.0,70000,SCENARIO
2026-07-22,KALIMANTAN_ID_PARADIP,PANAMAX,COA_3M,11.37,2.0,210000,SCENARIO
2026-07-22,KALIMANTAN_ID_PARADIP,PANAMAX,COA_6M,11.71,5.0,420000,SCENARIO
2026-07-22,KALIMANTAN_ID_PARADIP,PANAMAX,COA_12M,12.04,8.0,840000,SCENARIO
2026-07-22,KALIMANTAN_ID_PARADIP,SUPRAMAX,SPOT,12.62,0.0,50000,SCENARIO
2026-07-22,KALIMANTAN_ID_PARADIP,SUPRAMAX,COA_3M,12.87,2.0,150000,SCENARIO
2026-07-22,KALIMANTAN_ID_PARADIP,SUPRAMAX,COA_6M,13.25,5.0,300000,SCENARIO
2026-07-22,KALIMANTAN_ID_PARADIP,SUPRAMAX,COA_12M,13.63,8.0,600000,SCENARIO
2026-07-22,KALIMANTAN_ID_SANDHEADS,HANDYSIZE,SPOT,16.02,0.0,32000,SCENARIO
2026-07-22,KALIMANTAN_ID_SANDHEADS,HANDYSIZE,COA_3M,16.34,2.0,96000,SCENARIO
2026-07-22,KALIMANTAN_ID_SANDHEADS,HANDYSIZE,COA_6M,16.82,5.0,192000,SCENARIO
2026-07-22,KALIMANTAN_ID_SANDHEADS,HANDYSIZE,COA_12M,17.3,8.0,384000,SCENARIO
2026-07-22,KALIMANTAN_ID_SANDHEADS,PANAMAX,SPOT,11.16,0.0,70000,SCENARIO
2026-07-22,KALIMANTAN_ID_SANDHEADS,PANAMAX,COA_3M,11.38,2.0,210000,SCENARIO
2026-07-22,KALIMANTAN_ID_SANDHEADS,PANAMAX,COA_6M,11.72,5.0,420000,SCENARIO
2026-07-22,KALIMANTAN_ID_SANDHEADS,PANAMAX,COA_12M,12.05,8.0,840000,SCENARIO
2026-07-22,KALIMANTAN_ID_SANDHEADS,PANAMAX,SPOT,11.66,0.0,70000,SCENARIO
2026-07-22,KALIMANTAN_ID_SANDHEADS,PANAMAX,COA_3M,11.89,2.0,210000,SCENARIO
2026-07-22,KALIMANTAN_ID_SANDHEADS,PANAMAX,COA_6M,12.24,5.0,420000,SCENARIO
2026-07-22,KALIMANTAN_ID_SANDHEADS,PANAMAX,COA_12M,12.59,8.0,840000,SCENARIO
2026-07-22,KALIMANTAN_ID_SANDHEADS,SUPRAMAX,SPOT,13.22,0.0,50000,SCENARIO
2026-07-22,KALIMANTAN_ID_SANDHEADS,SUPRAMAX,COA_3M,13.48,2.0,150000,SCENARIO
2026-07-22,KALIMANTAN_ID_SANDHEADS,SUPRAMAX,COA_6M,13.88,5.0,300000,SCENARIO
2026-07-22,KALIMANTAN_ID_SANDHEADS,SUPRAMAX,COA_12M,14.28,8.0,600000,SCENARIO
2026-07-22,KALIMANTAN_ID_VIZAG,HANDYSIZE,SPOT,15.07,0.0,32000,SCENARIO
2026-07-22,KALIMANTAN_ID_VIZAG,HANDYSIZE,COA_3M,15.37,2.0,96000,SCENARIO
2026-07-22,KALIMANTAN_ID_VIZAG,HANDYSIZE,COA_6M,15.82,5.0,192000,SCENARIO
2026-07-22,KALIMANTAN_ID_VIZAG,HANDYSIZE,COA_12M,16.28,8.0,384000,SCENARIO
2026-07-22,KALIMANTAN_ID_VIZAG,PANAMAX,SPOT,10.52,0.0,70000,SCENARIO
2026-07-22,KALIMANTAN_ID_VIZAG,PANAMAX,COA_3M,10.73,2.0,210000,SCENARIO
2026-07-22,KALIMANTAN_ID_VIZAG,PANAMAX,COA_6M,11.05,5.0,420000,SCENARIO
2026-07-22,KALIMANTAN_ID_VIZAG,PANAMAX,COA_12M,11.36,8.0,840000,SCENARIO
2026-07-22,KALIMANTAN_ID_VIZAG,PANAMAX,SPOT,11.0,0.0,70000,SCENARIO
2026-07-22,KALIMANTAN_ID_VIZAG,PANAMAX,COA_3M,11.22,2.0,210000,SCENARIO
2026-07-22,KALIMANTAN_ID_VIZAG,PANAMAX,COA_6M,11.55,5.0,420000,SCENARIO
2026-07-22,KALIMANTAN_ID_VIZAG,PANAMAX,COA_12M,11.88,8.0,840000,SCENARIO
2026-07-22,KALIMANTAN_ID_VIZAG,SUPRAMAX,SPOT,12.45,0.0,50000,SCENARIO
2026-07-22,KALIMANTAN_ID_VIZAG,SUPRAMAX,COA_3M,12.7,2.0,150000,SCENARIO
2026-07-22,KALIMANTAN_ID_VIZAG,SUPRAMAX,COA_6M,13.07,5.0,300000,SCENARIO
2026-07-22,KALIMANTAN_ID_VIZAG,SUPRAMAX,COA_12M,13.45,8.0,600000,SCENARIO
2026-07-22,MAPUTO_MZ_PARADIP,HANDYSIZE,SPOT,21.75,0.0,32000,SCENARIO
2026-07-22,MAPUTO_MZ_PARADIP,HANDYSIZE,COA_3M,22.18,2.0,96000,SCENARIO
2026-07-22,MAPUTO_MZ_PARADIP,HANDYSIZE,COA_6M,22.84,5.0,192000,SCENARIO
2026-07-22,MAPUTO_MZ_PARADIP,HANDYSIZE,COA_12M,23.49,8.0,384000,SCENARIO
2026-07-22,MAPUTO_MZ_PARADIP,PANAMAX,SPOT,15.03,0.0,70000,SCENARIO
2026-07-22,MAPUTO_MZ_PARADIP,PANAMAX,COA_3M,15.33,2.0,210000,SCENARIO
2026-07-22,MAPUTO_MZ_PARADIP,PANAMAX,COA_6M,15.78,5.0,420000,SCENARIO
2026-07-22,MAPUTO_MZ_PARADIP,PANAMAX,COA_12M,16.23,8.0,840000,SCENARIO
2026-07-22,MAPUTO_MZ_PARADIP,PANAMAX,SPOT,15.65,0.0,70000,SCENARIO
2026-07-22,MAPUTO_MZ_PARADIP,PANAMAX,COA_3M,15.96,2.0,210000,SCENARIO
2026-07-22,MAPUTO_MZ_PARADIP,PANAMAX,COA_6M,16.43,5.0,420000,SCENARIO
2026-07-22,MAPUTO_MZ_PARADIP,PANAMAX,COA_12M,16.9,8.0,840000,SCENARIO
2026-07-22,MAPUTO_MZ_PARADIP,SUPRAMAX,SPOT,17.84,0.0,50000,SCENARIO
2026-07-22,MAPUTO_MZ_PARADIP,SUPRAMAX,COA_3M,18.2,2.0,150000,SCENARIO
2026-07-22,MAPUTO_MZ_PARADIP,SUPRAMAX,COA_6M,18.73,5.0,300000,SCENARIO
2026-07-22,MAPUTO_MZ_PARADIP,SUPRAMAX,COA_12M,19.27,8.0,600000,SCENARIO
2026-07-22,MAPUTO_MZ_VIZAG,HANDYSIZE,SPOT,21.06,0.0,32000,SCENARIO
2026-07-22,MAPUTO_MZ_VIZAG,HANDYSIZE,COA_3M,21.48,2.0,96000,SCENARIO
2026-07-22,MAPUTO_MZ_VIZAG,HANDYSIZE,COA_6M,22.11,5.0,192000,SCENARIO
2026-07-22,MAPUTO_MZ_VIZAG,HANDYSIZE,COA_12M,22.74,8.0,384000,SCENARIO
2026-07-22,MAPUTO_MZ_VIZAG,PANAMAX,SPOT,14.57,0.0,70000,SCENARIO
2026-07-22,MAPUTO_MZ_VIZAG,PANAMAX,COA_3M,14.86,2.0,210000,SCENARIO
2026-07-22,MAPUTO_MZ_VIZAG,PANAMAX,COA_6M,15.3,5.0,420000,SCENARIO
2026-07-22,MAPUTO_MZ_VIZAG,PANAMAX,COA_12M,15.74,8.0,840000,SCENARIO
2026-07-22,MAPUTO_MZ_VIZAG,PANAMAX,SPOT,15.17,0.0,70000,SCENARIO
2026-07-22,MAPUTO_MZ_VIZAG,PANAMAX,COA_3M,15.47,2.0,210000,SCENARIO
2026-07-22,MAPUTO_MZ_VIZAG,PANAMAX,COA_6M,15.93,5.0,420000,SCENARIO
2026-07-22,MAPUTO_MZ_VIZAG,PANAMAX,COA_12M,16.38,8.0,840000,SCENARIO
2026-07-22,MAPUTO_MZ_VIZAG,SUPRAMAX,SPOT,17.29,0.0,50000,SCENARIO
2026-07-22,MAPUTO_MZ_VIZAG,SUPRAMAX,COA_3M,17.64,2.0,150000,SCENARIO
2026-07-22,MAPUTO_MZ_VIZAG,SUPRAMAX,COA_6M,18.15,5.0,300000,SCENARIO
2026-07-22,MAPUTO_MZ_VIZAG,SUPRAMAX,COA_12M,18.67,8.0,600000,SCENARIO
2026-07-22,NEWCASTLE_AU_DHAMRA,HANDYSIZE,SPOT,29.63,0.0,32000,SCENARIO
2026-07-22,NEWCASTLE_AU_DHAMRA,HANDYSIZE,COA_3M,30.22,2.0,96000,SCENARIO
2026-07-22,NEWCASTLE_AU_DHAMRA,HANDYSIZE,COA_6M,31.11,5.0,192000,SCENARIO
2026-07-22,NEWCASTLE_AU_DHAMRA,HANDYSIZE,COA_12M,32.0,8.0,384000,SCENARIO
2026-07-22,NEWCASTLE_AU_DHAMRA,PANAMAX,SPOT,20.34,0.0,70000,SCENARIO
2026-07-22,NEWCASTLE_AU_DHAMRA,PANAMAX,COA_3M,20.75,2.0,210000,SCENARIO
2026-07-22,NEWCASTLE_AU_DHAMRA,PANAMAX,COA_6M,21.36,5.0,420000,SCENARIO
2026-07-22,NEWCASTLE_AU_DHAMRA,PANAMAX,COA_12M,21.97,8.0,840000,SCENARIO
2026-07-22,NEWCASTLE_AU_DHAMRA,PANAMAX,SPOT,21.14,0.0,70000,SCENARIO
2026-07-22,NEWCASTLE_AU_DHAMRA,PANAMAX,COA_3M,21.56,2.0,210000,SCENARIO
2026-07-22,NEWCASTLE_AU_DHAMRA,PANAMAX,COA_6M,22.2,5.0,420000,SCENARIO
2026-07-22,NEWCASTLE_AU_DHAMRA,PANAMAX,COA_12M,22.83,8.0,840000,SCENARIO
2026-07-22,NEWCASTLE_AU_DHAMRA,SUPRAMAX,SPOT,24.2,0.0,50000,SCENARIO
2026-07-22,NEWCASTLE_AU_DHAMRA,SUPRAMAX,COA_3M,24.68,2.0,150000,SCENARIO
2026-07-22,NEWCASTLE_AU_DHAMRA,SUPRAMAX,COA_6M,25.41,5.0,300000,SCENARIO
2026-07-22,NEWCASTLE_AU_DHAMRA,SUPRAMAX,COA_12M,26.14,8.0,600000,SCENARIO
2026-07-22,NEWCASTLE_AU_GANGAVARAM,HANDYSIZE,SPOT,29.33,0.0,32000,SCENARIO
2026-07-22,NEWCASTLE_AU_GANGAVARAM,HANDYSIZE,COA_3M,29.92,2.0,96000,SCENARIO
2026-07-22,NEWCASTLE_AU_GANGAVARAM,HANDYSIZE,COA_6M,30.8,5.0,192000,SCENARIO
2026-07-22,NEWCASTLE_AU_GANGAVARAM,HANDYSIZE,COA_12M,31.68,8.0,384000,SCENARIO
2026-07-22,NEWCASTLE_AU_GANGAVARAM,PANAMAX,SPOT,20.14,0.0,70000,SCENARIO
2026-07-22,NEWCASTLE_AU_GANGAVARAM,PANAMAX,COA_3M,20.54,2.0,210000,SCENARIO
2026-07-22,NEWCASTLE_AU_GANGAVARAM,PANAMAX,COA_6M,21.15,5.0,420000,SCENARIO
2026-07-22,NEWCASTLE_AU_GANGAVARAM,PANAMAX,COA_12M,21.75,8.0,840000,SCENARIO
2026-07-22,NEWCASTLE_AU_GANGAVARAM,PANAMAX,SPOT,20.93,0.0,70000,SCENARIO
2026-07-22,NEWCASTLE_AU_GANGAVARAM,PANAMAX,COA_3M,21.35,2.0,210000,SCENARIO
2026-07-22,NEWCASTLE_AU_GANGAVARAM,PANAMAX,COA_6M,21.98,5.0,420000,SCENARIO
2026-07-22,NEWCASTLE_AU_GANGAVARAM,PANAMAX,COA_12M,22.6,8.0,840000,SCENARIO
2026-07-22,NEWCASTLE_AU_GANGAVARAM,SUPRAMAX,SPOT,23.96,0.0,50000,SCENARIO
2026-07-22,NEWCASTLE_AU_GANGAVARAM,SUPRAMAX,COA_3M,24.44,2.0,150000,SCENARIO
2026-07-22,NEWCASTLE_AU_GANGAVARAM,SUPRAMAX,COA_6M,25.16,5.0,300000,SCENARIO
2026-07-22,NEWCASTLE_AU_GANGAVARAM,SUPRAMAX,COA_12M,25.88,8.0,600000,SCENARIO
2026-07-22,NEWCASTLE_AU_GOPALPUR,HANDYSIZE,SPOT,29.78,0.0,32000,SCENARIO
2026-07-22,NEWCASTLE_AU_GOPALPUR,HANDYSIZE,COA_3M,30.38,2.0,96000,SCENARIO
2026-07-22,NEWCASTLE_AU_GOPALPUR,HANDYSIZE,COA_6M,31.27,5.0,192000,SCENARIO
2026-07-22,NEWCASTLE_AU_GOPALPUR,HANDYSIZE,COA_12M,32.16,8.0,384000,SCENARIO
2026-07-22,NEWCASTLE_AU_GOPALPUR,PANAMAX,SPOT,21.24,0.0,70000,SCENARIO
2026-07-22,NEWCASTLE_AU_GOPALPUR,PANAMAX,COA_3M,21.66,2.0,210000,SCENARIO
2026-07-22,NEWCASTLE_AU_GOPALPUR,PANAMAX,COA_6M,22.3,5.0,420000,SCENARIO
2026-07-22,NEWCASTLE_AU_GOPALPUR,PANAMAX,COA_12M,22.94,8.0,840000,SCENARIO
2026-07-22,NEWCASTLE_AU_GOPALPUR,SUPRAMAX,SPOT,24.33,0.0,50000,SCENARIO
2026-07-22,NEWCASTLE_AU_GOPALPUR,SUPRAMAX,COA_3M,24.82,2.0,150000,SCENARIO
2026-07-22,NEWCASTLE_AU_GOPALPUR,SUPRAMAX,COA_6M,25.55,5.0,300000,SCENARIO
2026-07-22,NEWCASTLE_AU_GOPALPUR,SUPRAMAX,COA_12M,26.28,8.0,600000,SCENARIO
2026-07-22,NEWCASTLE_AU_PARADIP,HANDYSIZE,SPOT,29.74,0.0,32000,SCENARIO
2026-07-22,NEWCASTLE_AU_PARADIP,HANDYSIZE,COA_3M,30.33,2.0,96000,SCENARIO
2026-07-22,NEWCASTLE_AU_PARADIP,HANDYSIZE,COA_6M,31.23,5.0,192000,SCENARIO
2026-07-22,NEWCASTLE_AU_PARADIP,HANDYSIZE,COA_12M,32.12,8.0,384000,SCENARIO
2026-07-22,NEWCASTLE_AU_PARADIP,PANAMAX,SPOT,20.42,0.0,70000,SCENARIO
2026-07-22,NEWCASTLE_AU_PARADIP,PANAMAX,COA_3M,20.83,2.0,210000,SCENARIO
2026-07-22,NEWCASTLE_AU_PARADIP,PANAMAX,COA_6M,21.44,5.0,420000,SCENARIO
2026-07-22,NEWCASTLE_AU_PARADIP,PANAMAX,COA_12M,22.05,8.0,840000,SCENARIO
2026-07-22,NEWCASTLE_AU_PARADIP,PANAMAX,SPOT,21.21,0.0,70000,SCENARIO
2026-07-22,NEWCASTLE_AU_PARADIP,PANAMAX,COA_3M,21.63,2.0,210000,SCENARIO
2026-07-22,NEWCASTLE_AU_PARADIP,PANAMAX,COA_6M,22.27,5.0,420000,SCENARIO
2026-07-22,NEWCASTLE_AU_PARADIP,PANAMAX,COA_12M,22.91,8.0,840000,SCENARIO
2026-07-22,NEWCASTLE_AU_PARADIP,SUPRAMAX,SPOT,24.3,0.0,50000,SCENARIO
2026-07-22,NEWCASTLE_AU_PARADIP,SUPRAMAX,COA_3M,24.79,2.0,150000,SCENARIO
2026-07-22,NEWCASTLE_AU_PARADIP,SUPRAMAX,COA_6M,25.52,5.0,300000,SCENARIO
2026-07-22,NEWCASTLE_AU_PARADIP,SUPRAMAX,COA_12M,26.24,8.0,600000,SCENARIO
2026-07-22,NEWCASTLE_AU_SANDHEADS,HANDYSIZE,SPOT,30.45,0.0,32000,SCENARIO
2026-07-22,NEWCASTLE_AU_SANDHEADS,HANDYSIZE,COA_3M,31.06,2.0,96000,SCENARIO
2026-07-22,NEWCASTLE_AU_SANDHEADS,HANDYSIZE,COA_6M,31.97,5.0,192000,SCENARIO
2026-07-22,NEWCASTLE_AU_SANDHEADS,HANDYSIZE,COA_12M,32.89,8.0,384000,SCENARIO
2026-07-22,NEWCASTLE_AU_SANDHEADS,PANAMAX,SPOT,20.89,0.0,70000,SCENARIO
2026-07-22,NEWCASTLE_AU_SANDHEADS,PANAMAX,COA_3M,21.31,2.0,210000,SCENARIO
2026-07-22,NEWCASTLE_AU_SANDHEADS,PANAMAX,COA_6M,21.93,5.0,420000,SCENARIO
2026-07-22,NEWCASTLE_AU_SANDHEADS,PANAMAX,COA_12M,22.56,8.0,840000,SCENARIO
2026-07-22,NEWCASTLE_AU_SANDHEADS,PANAMAX,SPOT,21.71,0.0,70000,SCENARIO
2026-07-22,NEWCASTLE_AU_SANDHEADS,PANAMAX,COA_3M,22.14,2.0,210000,SCENARIO
2026-07-22,NEWCASTLE_AU_SANDHEADS,PANAMAX,COA_6M,22.8,5.0,420000,SCENARIO
2026-07-22,NEWCASTLE_AU_SANDHEADS,PANAMAX,COA_12M,23.45,8.0,840000,SCENARIO
2026-07-22,NEWCASTLE_AU_SANDHEADS,SUPRAMAX,SPOT,24.88,0.0,50000,SCENARIO
2026-07-22,NEWCASTLE_AU_SANDHEADS,SUPRAMAX,COA_3M,25.38,2.0,150000,SCENARIO
2026-07-22,NEWCASTLE_AU_SANDHEADS,SUPRAMAX,COA_6M,26.12,5.0,300000,SCENARIO
2026-07-22,NEWCASTLE_AU_SANDHEADS,SUPRAMAX,COA_12M,26.87,8.0,600000,SCENARIO
2026-07-22,NEWCASTLE_AU_VIZAG,HANDYSIZE,SPOT,29.76,0.0,32000,SCENARIO
2026-07-22,NEWCASTLE_AU_VIZAG,HANDYSIZE,COA_3M,30.36,2.0,96000,SCENARIO
2026-07-22,NEWCASTLE_AU_VIZAG,HANDYSIZE,COA_6M,31.25,5.0,192000,SCENARIO
2026-07-22,NEWCASTLE_AU_VIZAG,HANDYSIZE,COA_12M,32.14,8.0,384000,SCENARIO
2026-07-22,NEWCASTLE_AU_VIZAG,PANAMAX,SPOT,20.43,0.0,70000,SCENARIO
2026-07-22,NEWCASTLE_AU_VIZAG,PANAMAX,COA_3M,20.84,2.0,210000,SCENARIO
2026-07-22,NEWCASTLE_AU_VIZAG,PANAMAX,COA_6M,21.45,5.0,420000,SCENARIO
2026-07-22,NEWCASTLE_AU_VIZAG,PANAMAX,COA_12M,22.06,8.0,840000,SCENARIO
2026-07-22,NEWCASTLE_AU_VIZAG,PANAMAX,SPOT,21.23,0.0,70000,SCENARIO
2026-07-22,NEWCASTLE_AU_VIZAG,PANAMAX,COA_3M,21.65,2.0,210000,SCENARIO
2026-07-22,NEWCASTLE_AU_VIZAG,PANAMAX,COA_6M,22.29,5.0,420000,SCENARIO
2026-07-22,NEWCASTLE_AU_VIZAG,PANAMAX,COA_12M,22.93,8.0,840000,SCENARIO
2026-07-22,NEWCASTLE_AU_VIZAG,SUPRAMAX,SPOT,24.32,0.0,50000,SCENARIO
2026-07-22,NEWCASTLE_AU_VIZAG,SUPRAMAX,COA_3M,24.81,2.0,150000,SCENARIO
2026-07-22,NEWCASTLE_AU_VIZAG,SUPRAMAX,COA_6M,25.54,5.0,300000,SCENARIO
2026-07-22,NEWCASTLE_AU_VIZAG,SUPRAMAX,COA_12M,26.27,8.0,600000,SCENARIO
2026-07-22,NORFOLK_US_PARADIP,HANDYSIZE,SPOT,51.84,0.0,32000,SCENARIO
2026-07-22,NORFOLK_US_PARADIP,HANDYSIZE,COA_3M,52.88,2.0,96000,SCENARIO
2026-07-22,NORFOLK_US_PARADIP,HANDYSIZE,COA_6M,54.43,5.0,192000,SCENARIO
2026-07-22,NORFOLK_US_PARADIP,HANDYSIZE,COA_12M,55.99,8.0,384000,SCENARIO
2026-07-22,NORFOLK_US_PARADIP,PANAMAX,SPOT,35.32,0.0,70000,SCENARIO
2026-07-22,NORFOLK_US_PARADIP,PANAMAX,COA_3M,36.03,2.0,210000,SCENARIO
2026-07-22,NORFOLK_US_PARADIP,PANAMAX,COA_6M,37.09,5.0,420000,SCENARIO
2026-07-22,NORFOLK_US_PARADIP,PANAMAX,COA_12M,38.15,8.0,840000,SCENARIO
2026-07-22,NORFOLK_US_PARADIP,PANAMAX,SPOT,36.59,0.0,70000,SCENARIO
2026-07-22,NORFOLK_US_PARADIP,PANAMAX,COA_3M,37.32,2.0,210000,SCENARIO
2026-07-22,NORFOLK_US_PARADIP,PANAMAX,COA_6M,38.42,5.0,420000,SCENARIO
2026-07-22,NORFOLK_US_PARADIP,PANAMAX,COA_12M,39.52,8.0,840000,SCENARIO
2026-07-22,NORFOLK_US_PARADIP,SUPRAMAX,SPOT,42.15,0.0,50000,SCENARIO
2026-07-22,NORFOLK_US_PARADIP,SUPRAMAX,COA_3M,42.99,2.0,150000,SCENARIO
2026-07-22,NORFOLK_US_PARADIP,SUPRAMAX,COA_6M,44.26,5.0,300000,SCENARIO
2026-07-22,NORFOLK_US_PARADIP,SUPRAMAX,COA_12M,45.52,8.0,600000,SCENARIO
2026-07-22,NORFOLK_US_VIZAG,HANDYSIZE,SPOT,51.15,0.0,32000,SCENARIO
2026-07-22,NORFOLK_US_VIZAG,HANDYSIZE,COA_3M,52.17,2.0,96000,SCENARIO
2026-07-22,NORFOLK_US_VIZAG,HANDYSIZE,COA_6M,53.71,5.0,192000,SCENARIO
2026-07-22,NORFOLK_US_VIZAG,HANDYSIZE,COA_12M,55.24,8.0,384000,SCENARIO
2026-07-22,NORFOLK_US_VIZAG,PANAMAX,SPOT,34.85,0.0,70000,SCENARIO
2026-07-22,NORFOLK_US_VIZAG,PANAMAX,COA_3M,35.55,2.0,210000,SCENARIO
2026-07-22,NORFOLK_US_VIZAG,PANAMAX,COA_6M,36.59,5.0,420000,SCENARIO
2026-07-22,NORFOLK_US_VIZAG,PANAMAX,COA_12M,37.64,8.0,840000,SCENARIO
2026-07-22,NORFOLK_US_VIZAG,PANAMAX,SPOT,36.11,0.0,70000,SCENARIO
2026-07-22,NORFOLK_US_VIZAG,PANAMAX,COA_3M,36.83,2.0,210000,SCENARIO
2026-07-22,NORFOLK_US_VIZAG,PANAMAX,COA_6M,37.92,5.0,420000,SCENARIO
2026-07-22,NORFOLK_US_VIZAG,PANAMAX,COA_12M,39.0,8.0,840000,SCENARIO
2026-07-22,NORFOLK_US_VIZAG,SUPRAMAX,SPOT,41.6,0.0,50000,SCENARIO
2026-07-22,NORFOLK_US_VIZAG,SUPRAMAX,COA_3M,42.43,2.0,150000,SCENARIO
2026-07-22,NORFOLK_US_VIZAG,SUPRAMAX,COA_6M,43.68,5.0,300000,SCENARIO
2026-07-22,NORFOLK_US_VIZAG,SUPRAMAX,COA_12M,44.93,8.0,600000,SCENARIO
2026-07-22,VOSTOCHNY_RU_PARADIP,HANDYSIZE,SPOT,28.8,0.0,32000,SCENARIO
2026-07-22,VOSTOCHNY_RU_PARADIP,HANDYSIZE,COA_3M,29.38,2.0,96000,SCENARIO
2026-07-22,VOSTOCHNY_RU_PARADIP,HANDYSIZE,COA_6M,30.24,5.0,192000,SCENARIO
2026-07-22,VOSTOCHNY_RU_PARADIP,HANDYSIZE,COA_12M,31.1,8.0,384000,SCENARIO
2026-07-22,VOSTOCHNY_RU_PARADIP,PANAMAX,SPOT,19.79,0.0,70000,SCENARIO
2026-07-22,VOSTOCHNY_RU_PARADIP,PANAMAX,COA_3M,20.19,2.0,210000,SCENARIO
2026-07-22,VOSTOCHNY_RU_PARADIP,PANAMAX,COA_6M,20.78,5.0,420000,SCENARIO
2026-07-22,VOSTOCHNY_RU_PARADIP,PANAMAX,COA_12M,21.37,8.0,840000,SCENARIO
2026-07-22,VOSTOCHNY_RU_PARADIP,PANAMAX,SPOT,20.56,0.0,70000,SCENARIO
2026-07-22,VOSTOCHNY_RU_PARADIP,PANAMAX,COA_3M,20.97,2.0,210000,SCENARIO
2026-07-22,VOSTOCHNY_RU_PARADIP,PANAMAX,COA_6M,21.59,5.0,420000,SCENARIO
2026-07-22,VOSTOCHNY_RU_PARADIP,PANAMAX,COA_12M,22.2,8.0,840000,SCENARIO
2026-07-22,VOSTOCHNY_RU_PARADIP,SUPRAMAX,SPOT,23.54,0.0,50000,SCENARIO
2026-07-22,VOSTOCHNY_RU_PARADIP,SUPRAMAX,COA_3M,24.01,2.0,150000,SCENARIO
2026-07-22,VOSTOCHNY_RU_PARADIP,SUPRAMAX,COA_6M,24.72,5.0,300000,SCENARIO
2026-07-22,VOSTOCHNY_RU_PARADIP,SUPRAMAX,COA_12M,25.42,8.0,600000,SCENARIO
2026-07-22,VOSTOCHNY_RU_VIZAG,HANDYSIZE,SPOT,28.59,0.0,32000,SCENARIO
2026-07-22,VOSTOCHNY_RU_VIZAG,HANDYSIZE,COA_3M,29.16,2.0,96000,SCENARIO
2026-07-22,VOSTOCHNY_RU_VIZAG,HANDYSIZE,COA_6M,30.02,5.0,192000,SCENARIO
2026-07-22,VOSTOCHNY_RU_VIZAG,HANDYSIZE,COA_12M,30.88,8.0,384000,SCENARIO
2026-07-22,VOSTOCHNY_RU_VIZAG,PANAMAX,SPOT,19.64,0.0,70000,SCENARIO
2026-07-22,VOSTOCHNY_RU_VIZAG,PANAMAX,COA_3M,20.03,2.0,210000,SCENARIO
2026-07-22,VOSTOCHNY_RU_VIZAG,PANAMAX,COA_6M,20.62,5.0,420000,SCENARIO
2026-07-22,VOSTOCHNY_RU_VIZAG,PANAMAX,COA_12M,21.21,8.0,840000,SCENARIO
2026-07-22,VOSTOCHNY_RU_VIZAG,PANAMAX,SPOT,20.41,0.0,70000,SCENARIO
2026-07-22,VOSTOCHNY_RU_VIZAG,PANAMAX,COA_3M,20.82,2.0,210000,SCENARIO
2026-07-22,VOSTOCHNY_RU_VIZAG,PANAMAX,COA_6M,21.43,5.0,420000,SCENARIO
2026-07-22,VOSTOCHNY_RU_VIZAG,PANAMAX,COA_12M,22.04,8.0,840000,SCENARIO
2026-07-22,VOSTOCHNY_RU_VIZAG,SUPRAMAX,SPOT,23.37,0.0,50000,SCENARIO
2026-07-22,VOSTOCHNY_RU_VIZAG,SUPRAMAX,COA_3M,23.84,2.0,150000,SCENARIO
2026-07-22,VOSTOCHNY_RU_VIZAG,SUPRAMAX,COA_6M,24.54,5.0,300000,SCENARIO
2026-07-22,VOSTOCHNY_RU_VIZAG,SUPRAMAX,COA_12M,25.24,8.0,600000,SCENARIO
2026-07-23,KALIMANTAN_ID_DHAMRA,HANDYSIZE,SPOT,15.41,0.0,32000,SCENARIO
2026-07-23,KALIMANTAN_ID_DHAMRA,HANDYSIZE,COA_3M,15.72,2.0,96000,SCENARIO
2026-07-23,KALIMANTAN_ID_DHAMRA,HANDYSIZE,COA_6M,16.18,5.0,192000,SCENARIO
2026-07-23,KALIMANTAN_ID_DHAMRA,HANDYSIZE,COA_12M,16.64,8.0,384000,SCENARIO
2026-07-23,KALIMANTAN_ID_DHAMRA,PANAMAX,SPOT,10.75,0.0,70000,SCENARIO
2026-07-23,KALIMANTAN_ID_DHAMRA,PANAMAX,COA_3M,10.96,2.0,210000,SCENARIO
2026-07-23,KALIMANTAN_ID_DHAMRA,PANAMAX,COA_6M,11.29,5.0,420000,SCENARIO
2026-07-23,KALIMANTAN_ID_DHAMRA,PANAMAX,COA_12M,11.61,8.0,840000,SCENARIO
2026-07-23,KALIMANTAN_ID_DHAMRA,PANAMAX,SPOT,11.24,0.0,70000,SCENARIO
2026-07-23,KALIMANTAN_ID_DHAMRA,PANAMAX,COA_3M,11.46,2.0,210000,SCENARIO
2026-07-23,KALIMANTAN_ID_DHAMRA,PANAMAX,COA_6M,11.8,5.0,420000,SCENARIO
2026-07-23,KALIMANTAN_ID_DHAMRA,PANAMAX,COA_12M,12.14,8.0,840000,SCENARIO
2026-07-23,KALIMANTAN_ID_DHAMRA,SUPRAMAX,SPOT,12.71,0.0,50000,SCENARIO
2026-07-23,KALIMANTAN_ID_DHAMRA,SUPRAMAX,COA_3M,12.96,2.0,150000,SCENARIO
2026-07-23,KALIMANTAN_ID_DHAMRA,SUPRAMAX,COA_6M,13.35,5.0,300000,SCENARIO
2026-07-23,KALIMANTAN_ID_DHAMRA,SUPRAMAX,COA_12M,13.73,8.0,600000,SCENARIO
2026-07-23,KALIMANTAN_ID_GANGAVARAM,HANDYSIZE,SPOT,14.88,0.0,32000,SCENARIO
2026-07-23,KALIMANTAN_ID_GANGAVARAM,HANDYSIZE,COA_3M,15.18,2.0,96000,SCENARIO
2026-07-23,KALIMANTAN_ID_GANGAVARAM,HANDYSIZE,COA_6M,15.62,5.0,192000,SCENARIO
2026-07-23,KALIMANTAN_ID_GANGAVARAM,HANDYSIZE,COA_12M,16.07,8.0,384000,SCENARIO
2026-07-23,KALIMANTAN_ID_GANGAVARAM,PANAMAX,SPOT,10.4,0.0,70000,SCENARIO
2026-07-23,KALIMANTAN_ID_GANGAVARAM,PANAMAX,COA_3M,10.61,2.0,210000,SCENARIO
2026-07-23,KALIMANTAN_ID_GANGAVARAM,PANAMAX,COA_6M,10.92,5.0,420000,SCENARIO
2026-07-23,KALIMANTAN_ID_GANGAVARAM,PANAMAX,COA_12M,11.23,8.0,840000,SCENARIO
2026-07-23,KALIMANTAN_ID_GANGAVARAM,PANAMAX,SPOT,10.87,0.0,70000,SCENARIO
2026-07-23,KALIMANTAN_ID_GANGAVARAM,PANAMAX,COA_3M,11.09,2.0,210000,SCENARIO
2026-07-23,KALIMANTAN_ID_GANGAVARAM,PANAMAX,COA_6M,11.41,5.0,420000,SCENARIO
2026-07-23,KALIMANTAN_ID_GANGAVARAM,PANAMAX,COA_12M,11.74,8.0,840000,SCENARIO
2026-07-23,KALIMANTAN_ID_GANGAVARAM,SUPRAMAX,SPOT,12.29,0.0,50000,SCENARIO
2026-07-23,KALIMANTAN_ID_GANGAVARAM,SUPRAMAX,COA_3M,12.54,2.0,150000,SCENARIO
2026-07-23,KALIMANTAN_ID_GANGAVARAM,SUPRAMAX,COA_6M,12.9,5.0,300000,SCENARIO
2026-07-23,KALIMANTAN_ID_GANGAVARAM,SUPRAMAX,COA_12M,13.27,8.0,600000,SCENARIO
2026-07-23,KALIMANTAN_ID_GOPALPUR,HANDYSIZE,SPOT,15.46,0.0,32000,SCENARIO
2026-07-23,KALIMANTAN_ID_GOPALPUR,HANDYSIZE,COA_3M,15.77,2.0,96000,SCENARIO
2026-07-23,KALIMANTAN_ID_GOPALPUR,HANDYSIZE,COA_6M,16.23,5.0,192000,SCENARIO
2026-07-23,KALIMANTAN_ID_GOPALPUR,HANDYSIZE,COA_12M,16.7,8.0,384000,SCENARIO
2026-07-23,KALIMANTAN_ID_GOPALPUR,PANAMAX,SPOT,11.28,0.0,70000,SCENARIO
2026-07-23,KALIMANTAN_ID_GOPALPUR,PANAMAX,COA_3M,11.51,2.0,210000,SCENARIO
2026-07-23,KALIMANTAN_ID_GOPALPUR,PANAMAX,COA_6M,11.84,5.0,420000,SCENARIO
2026-07-23,KALIMANTAN_ID_GOPALPUR,PANAMAX,COA_12M,12.18,8.0,840000,SCENARIO
2026-07-23,KALIMANTAN_ID_GOPALPUR,SUPRAMAX,SPOT,12.76,0.0,50000,SCENARIO
2026-07-23,KALIMANTAN_ID_GOPALPUR,SUPRAMAX,COA_3M,13.02,2.0,150000,SCENARIO
2026-07-23,KALIMANTAN_ID_GOPALPUR,SUPRAMAX,COA_6M,13.4,5.0,300000,SCENARIO
2026-07-23,KALIMANTAN_ID_GOPALPUR,SUPRAMAX,COA_12M,13.78,8.0,600000,SCENARIO
2026-07-23,KALIMANTAN_ID_PARADIP,HANDYSIZE,SPOT,15.55,0.0,32000,SCENARIO
2026-07-23,KALIMANTAN_ID_PARADIP,HANDYSIZE,COA_3M,15.86,2.0,96000,SCENARIO
2026-07-23,KALIMANTAN_ID_PARADIP,HANDYSIZE,COA_6M,16.33,5.0,192000,SCENARIO
2026-07-23,KALIMANTAN_ID_PARADIP,HANDYSIZE,COA_12M,16.79,8.0,384000,SCENARIO
2026-07-23,KALIMANTAN_ID_PARADIP,PANAMAX,SPOT,10.85,0.0,70000,SCENARIO
2026-07-23,KALIMANTAN_ID_PARADIP,PANAMAX,COA_3M,11.07,2.0,210000,SCENARIO
2026-07-23,KALIMANTAN_ID_PARADIP,PANAMAX,COA_6M,11.39,5.0,420000,SCENARIO
2026-07-23,KALIMANTAN_ID_PARADIP,PANAMAX,COA_12M,11.72,8.0,840000,SCENARIO
2026-07-23,KALIMANTAN_ID_PARADIP,PANAMAX,SPOT,11.34,0.0,70000,SCENARIO
2026-07-23,KALIMANTAN_ID_PARADIP,PANAMAX,COA_3M,11.57,2.0,210000,SCENARIO
2026-07-23,KALIMANTAN_ID_PARADIP,PANAMAX,COA_6M,11.91,5.0,420000,SCENARIO
2026-07-23,KALIMANTAN_ID_PARADIP,PANAMAX,COA_12M,12.25,8.0,840000,SCENARIO
2026-07-23,KALIMANTAN_ID_PARADIP,SUPRAMAX,SPOT,12.83,0.0,50000,SCENARIO
2026-07-23,KALIMANTAN_ID_PARADIP,SUPRAMAX,COA_3M,13.09,2.0,150000,SCENARIO
2026-07-23,KALIMANTAN_ID_PARADIP,SUPRAMAX,COA_6M,13.47,5.0,300000,SCENARIO
2026-07-23,KALIMANTAN_ID_PARADIP,SUPRAMAX,COA_12M,13.86,8.0,600000,SCENARIO
2026-07-23,KALIMANTAN_ID_SANDHEADS,HANDYSIZE,SPOT,16.29,0.0,32000,SCENARIO
2026-07-23,KALIMANTAN_ID_SANDHEADS,HANDYSIZE,COA_3M,16.62,2.0,96000,SCENARIO
2026-07-23,KALIMANTAN_ID_SANDHEADS,HANDYSIZE,COA_6M,17.1,5.0,192000,SCENARIO
2026-07-23,KALIMANTAN_ID_SANDHEADS,HANDYSIZE,COA_12M,17.59,8.0,384000,SCENARIO
2026-07-23,KALIMANTAN_ID_SANDHEADS,PANAMAX,SPOT,11.35,0.0,70000,SCENARIO
2026-07-23,KALIMANTAN_ID_SANDHEADS,PANAMAX,COA_3M,11.58,2.0,210000,SCENARIO
2026-07-23,KALIMANTAN_ID_SANDHEADS,PANAMAX,COA_6M,11.92,5.0,420000,SCENARIO
2026-07-23,KALIMANTAN_ID_SANDHEADS,PANAMAX,COA_12M,12.26,8.0,840000,SCENARIO
2026-07-23,KALIMANTAN_ID_SANDHEADS,PANAMAX,SPOT,11.85,0.0,70000,SCENARIO
2026-07-23,KALIMANTAN_ID_SANDHEADS,PANAMAX,COA_3M,12.09,2.0,210000,SCENARIO
2026-07-23,KALIMANTAN_ID_SANDHEADS,PANAMAX,COA_6M,12.44,5.0,420000,SCENARIO
2026-07-23,KALIMANTAN_ID_SANDHEADS,PANAMAX,COA_12M,12.8,8.0,840000,SCENARIO
2026-07-23,KALIMANTAN_ID_SANDHEADS,SUPRAMAX,SPOT,13.44,0.0,50000,SCENARIO
2026-07-23,KALIMANTAN_ID_SANDHEADS,SUPRAMAX,COA_3M,13.71,2.0,150000,SCENARIO
2026-07-23,KALIMANTAN_ID_SANDHEADS,SUPRAMAX,COA_6M,14.11,5.0,300000,SCENARIO
2026-07-23,KALIMANTAN_ID_SANDHEADS,SUPRAMAX,COA_12M,14.52,8.0,600000,SCENARIO
2026-07-23,KALIMANTAN_ID_VIZAG,HANDYSIZE,SPOT,15.32,0.0,32000,SCENARIO
2026-07-23,KALIMANTAN_ID_VIZAG,HANDYSIZE,COA_3M,15.63,2.0,96000,SCENARIO
2026-07-23,KALIMANTAN_ID_VIZAG,HANDYSIZE,COA_6M,16.09,5.0,192000,SCENARIO
2026-07-23,KALIMANTAN_ID_VIZAG,HANDYSIZE,COA_12M,16.55,8.0,384000,SCENARIO
2026-07-23,KALIMANTAN_ID_VIZAG,PANAMAX,SPOT,10.69,0.0,70000,SCENARIO
2026-07-23,KALIMANTAN_ID_VIZAG,PANAMAX,COA_3M,10.9,2.0,210000,SCENARIO
2026-07-23,KALIMANTAN_ID_VIZAG,PANAMAX,COA_6M,11.22,5.0,420000,SCENARIO
2026-07-23,KALIMANTAN_ID_VIZAG,PANAMAX,COA_12M,11.55,8.0,840000,SCENARIO
2026-07-23,KALIMANTAN_ID_VIZAG,PANAMAX,SPOT,11.18,0.0,70000,SCENARIO
2026-07-23,KALIMANTAN_ID_VIZAG,PANAMAX,COA_3M,11.4,2.0,210000,SCENARIO
2026-07-23,KALIMANTAN_ID_VIZAG,PANAMAX,COA_6M,11.74,5.0,420000,SCENARIO
2026-07-23,KALIMANTAN_ID_VIZAG,PANAMAX,COA_12M,12.07,8.0,840000,SCENARIO
2026-07-23,KALIMANTAN_ID_VIZAG,SUPRAMAX,SPOT,12.65,0.0,50000,SCENARIO
2026-07-23,KALIMANTAN_ID_VIZAG,SUPRAMAX,COA_3M,12.9,2.0,150000,SCENARIO
2026-07-23,KALIMANTAN_ID_VIZAG,SUPRAMAX,COA_6M,13.28,5.0,300000,SCENARIO
2026-07-23,KALIMANTAN_ID_VIZAG,SUPRAMAX,COA_12M,13.66,8.0,600000,SCENARIO
2026-07-23,MAPUTO_MZ_PARADIP,HANDYSIZE,SPOT,22.15,0.0,32000,SCENARIO
2026-07-23,MAPUTO_MZ_PARADIP,HANDYSIZE,COA_3M,22.59,2.0,96000,SCENARIO
2026-07-23,MAPUTO_MZ_PARADIP,HANDYSIZE,COA_6M,23.26,5.0,192000,SCENARIO
2026-07-23,MAPUTO_MZ_PARADIP,HANDYSIZE,COA_12M,23.92,8.0,384000,SCENARIO
2026-07-23,MAPUTO_MZ_PARADIP,PANAMAX,SPOT,15.3,0.0,70000,SCENARIO
2026-07-23,MAPUTO_MZ_PARADIP,PANAMAX,COA_3M,15.61,2.0,210000,SCENARIO
2026-07-23,MAPUTO_MZ_PARADIP,PANAMAX,COA_6M,16.07,5.0,420000,SCENARIO
2026-07-23,MAPUTO_MZ_PARADIP,PANAMAX,COA_12M,16.52,8.0,840000,SCENARIO
2026-07-23,MAPUTO_MZ_PARADIP,PANAMAX,SPOT,15.93,0.0,70000,SCENARIO
2026-07-23,MAPUTO_MZ_PARADIP,PANAMAX,COA_3M,16.25,2.0,210000,SCENARIO
2026-07-23,MAPUTO_MZ_PARADIP,PANAMAX,COA_6M,16.73,5.0,420000,SCENARIO
2026-07-23,MAPUTO_MZ_PARADIP,PANAMAX,COA_12M,17.2,8.0,840000,SCENARIO
2026-07-23,MAPUTO_MZ_PARADIP,SUPRAMAX,SPOT,18.16,0.0,50000,SCENARIO
2026-07-23,MAPUTO_MZ_PARADIP,SUPRAMAX,COA_3M,18.52,2.0,150000,SCENARIO
2026-07-23,MAPUTO_MZ_PARADIP,SUPRAMAX,COA_6M,19.07,5.0,300000,SCENARIO
2026-07-23,MAPUTO_MZ_PARADIP,SUPRAMAX,COA_12M,19.61,8.0,600000,SCENARIO
2026-07-23,MAPUTO_MZ_VIZAG,HANDYSIZE,SPOT,21.44,0.0,32000,SCENARIO
2026-07-23,MAPUTO_MZ_VIZAG,HANDYSIZE,COA_3M,21.87,2.0,96000,SCENARIO
2026-07-23,MAPUTO_MZ_VIZAG,HANDYSIZE,COA_6M,22.51,5.0,192000,SCENARIO
2026-07-23,MAPUTO_MZ_VIZAG,HANDYSIZE,COA_12M,23.16,8.0,384000,SCENARIO
2026-07-23,MAPUTO_MZ_VIZAG,PANAMAX,SPOT,14.82,0.0,70000,SCENARIO
2026-07-23,MAPUTO_MZ_VIZAG,PANAMAX,COA_3M,15.12,2.0,210000,SCENARIO
2026-07-23,MAPUTO_MZ_VIZAG,PANAMAX,COA_6M,15.56,5.0,420000,SCENARIO
2026-07-23,MAPUTO_MZ_VIZAG,PANAMAX,COA_12M,16.01,8.0,840000,SCENARIO
2026-07-23,MAPUTO_MZ_VIZAG,PANAMAX,SPOT,15.44,0.0,70000,SCENARIO
2026-07-23,MAPUTO_MZ_VIZAG,PANAMAX,COA_3M,15.75,2.0,210000,SCENARIO
2026-07-23,MAPUTO_MZ_VIZAG,PANAMAX,COA_6M,16.21,5.0,420000,SCENARIO
2026-07-23,MAPUTO_MZ_VIZAG,PANAMAX,COA_12M,16.68,8.0,840000,SCENARIO
2026-07-23,MAPUTO_MZ_VIZAG,SUPRAMAX,SPOT,17.6,0.0,50000,SCENARIO
2026-07-23,MAPUTO_MZ_VIZAG,SUPRAMAX,COA_3M,17.95,2.0,150000,SCENARIO
2026-07-23,MAPUTO_MZ_VIZAG,SUPRAMAX,COA_6M,18.48,5.0,300000,SCENARIO
2026-07-23,MAPUTO_MZ_VIZAG,SUPRAMAX,COA_12M,19.01,8.0,600000,SCENARIO
2026-07-23,NEWCASTLE_AU_DHAMRA,HANDYSIZE,SPOT,30.2,0.0,32000,SCENARIO
2026-07-23,NEWCASTLE_AU_DHAMRA,HANDYSIZE,COA_3M,30.8,2.0,96000,SCENARIO
2026-07-23,NEWCASTLE_AU_DHAMRA,HANDYSIZE,COA_6M,31.71,5.0,192000,SCENARIO
2026-07-23,NEWCASTLE_AU_DHAMRA,HANDYSIZE,COA_12M,32.62,8.0,384000,SCENARIO
2026-07-23,NEWCASTLE_AU_DHAMRA,PANAMAX,SPOT,20.73,0.0,70000,SCENARIO
2026-07-23,NEWCASTLE_AU_DHAMRA,PANAMAX,COA_3M,21.14,2.0,210000,SCENARIO
2026-07-23,NEWCASTLE_AU_DHAMRA,PANAMAX,COA_6M,21.77,5.0,420000,SCENARIO
2026-07-23,NEWCASTLE_AU_DHAMRA,PANAMAX,COA_12M,22.39,8.0,840000,SCENARIO
2026-07-23,NEWCASTLE_AU_DHAMRA,PANAMAX,SPOT,21.53,0.0,70000,SCENARIO
2026-07-23,NEWCASTLE_AU_DHAMRA,PANAMAX,COA_3M,21.96,2.0,210000,SCENARIO
2026-07-23,NEWCASTLE_AU_DHAMRA,PANAMAX,COA_6M,22.61,5.0,420000,SCENARIO
2026-07-23,NEWCASTLE_AU_DHAMRA,PANAMAX,COA_12M,23.25,8.0,840000,SCENARIO
2026-07-23,NEWCASTLE_AU_DHAMRA,SUPRAMAX,SPOT,24.65,0.0,50000,SCENARIO
2026-07-23,NEWCASTLE_AU_DHAMRA,SUPRAMAX,COA_3M,25.14,2.0,150000,SCENARIO
2026-07-23,NEWCASTLE_AU_DHAMRA,SUPRAMAX,COA_6M,25.88,5.0,300000,SCENARIO
2026-07-23,NEWCASTLE_AU_DHAMRA,SUPRAMAX,COA_12M,26.62,8.0,600000,SCENARIO
2026-07-23,NEWCASTLE_AU_GANGAVARAM,HANDYSIZE,SPOT,29.89,0.0,32000,SCENARIO
2026-07-23,NEWCASTLE_AU_GANGAVARAM,HANDYSIZE,COA_3M,30.49,2.0,96000,SCENARIO
2026-07-23,NEWCASTLE_AU_GANGAVARAM,HANDYSIZE,COA_6M,31.38,5.0,192000,SCENARIO
2026-07-23,NEWCASTLE_AU_GANGAVARAM,HANDYSIZE,COA_12M,32.28,8.0,384000,SCENARIO
2026-07-23,NEWCASTLE_AU_GANGAVARAM,PANAMAX,SPOT,20.52,0.0,70000,SCENARIO
2026-07-23,NEWCASTLE_AU_GANGAVARAM,PANAMAX,COA_3M,20.93,2.0,210000,SCENARIO
2026-07-23,NEWCASTLE_AU_GANGAVARAM,PANAMAX,COA_6M,21.55,5.0,420000,SCENARIO
2026-07-23,NEWCASTLE_AU_GANGAVARAM,PANAMAX,COA_12M,22.16,8.0,840000,SCENARIO
2026-07-23,NEWCASTLE_AU_GANGAVARAM,PANAMAX,SPOT,21.31,0.0,70000,SCENARIO
2026-07-23,NEWCASTLE_AU_GANGAVARAM,PANAMAX,COA_3M,21.74,2.0,210000,SCENARIO
2026-07-23,NEWCASTLE_AU_GANGAVARAM,PANAMAX,COA_6M,22.38,5.0,420000,SCENARIO
2026-07-23,NEWCASTLE_AU_GANGAVARAM,PANAMAX,COA_12M,23.01,8.0,840000,SCENARIO
2026-07-23,NEWCASTLE_AU_GANGAVARAM,SUPRAMAX,SPOT,24.4,0.0,50000,SCENARIO
2026-07-23,NEWCASTLE_AU_GANGAVARAM,SUPRAMAX,COA_3M,24.89,2.0,150000,SCENARIO
2026-07-23,NEWCASTLE_AU_GANGAVARAM,SUPRAMAX,COA_6M,25.62,5.0,300000,SCENARIO
2026-07-23,NEWCASTLE_AU_GANGAVARAM,SUPRAMAX,COA_12M,26.35,8.0,600000,SCENARIO
2026-07-23,NEWCASTLE_AU_GOPALPUR,HANDYSIZE,SPOT,30.35,0.0,32000,SCENARIO
2026-07-23,NEWCASTLE_AU_GOPALPUR,HANDYSIZE,COA_3M,30.96,2.0,96000,SCENARIO
2026-07-23,NEWCASTLE_AU_GOPALPUR,HANDYSIZE,COA_6M,31.87,5.0,192000,SCENARIO
2026-07-23,NEWCASTLE_AU_GOPALPUR,HANDYSIZE,COA_12M,32.78,8.0,384000,SCENARIO
2026-07-23,NEWCASTLE_AU_GOPALPUR,PANAMAX,SPOT,21.63,0.0,70000,SCENARIO
2026-07-23,NEWCASTLE_AU_GOPALPUR,PANAMAX,COA_3M,22.06,2.0,210000,SCENARIO
2026-07-23,NEWCASTLE_AU_GOPALPUR,PANAMAX,COA_6M,22.71,5.0,420000,SCENARIO
2026-07-23,NEWCASTLE_AU_GOPALPUR,PANAMAX,COA_12M,23.36,8.0,840000,SCENARIO
2026-07-23,NEWCASTLE_AU_GOPALPUR,SUPRAMAX,SPOT,24.78,0.0,50000,SCENARIO
2026-07-23,NEWCASTLE_AU_GOPALPUR,SUPRAMAX,COA_3M,25.28,2.0,150000,SCENARIO
2026-07-23,NEWCASTLE_AU_GOPALPUR,SUPRAMAX,COA_6M,26.02,5.0,300000,SCENARIO
2026-07-23,NEWCASTLE_AU_GOPALPUR,SUPRAMAX,COA_12M,26.76,8.0,600000,SCENARIO
2026-07-23,NEWCASTLE_AU_PARADIP,HANDYSIZE,SPOT,30.31,0.0,32000,SCENARIO
2026-07-23,NEWCASTLE_AU_PARADIP,HANDYSIZE,COA_3M,30.92,2.0,96000,SCENARIO
2026-07-23,NEWCASTLE_AU_PARADIP,HANDYSIZE,COA_6M,31.83,5.0,192000,SCENARIO
2026-07-23,NEWCASTLE_AU_PARADIP,HANDYSIZE,COA_12M,32.73,8.0,384000,SCENARIO
2026-07-23,NEWCASTLE_AU_PARADIP,PANAMAX,SPOT,20.8,0.0,70000,SCENARIO
2026-07-23,NEWCASTLE_AU_PARADIP,PANAMAX,COA_3M,21.22,2.0,210000,SCENARIO
2026-07-23,NEWCASTLE_AU_PARADIP,PANAMAX,COA_6M,21.84,5.0,420000,SCENARIO
2026-07-23,NEWCASTLE_AU_PARADIP,PANAMAX,COA_12M,22.46,8.0,840000,SCENARIO
2026-07-23,NEWCASTLE_AU_PARADIP,PANAMAX,SPOT,21.61,0.0,70000,SCENARIO
2026-07-23,NEWCASTLE_AU_PARADIP,PANAMAX,COA_3M,22.04,2.0,210000,SCENARIO
2026-07-23,NEWCASTLE_AU_PARADIP,PANAMAX,COA_6M,22.69,5.0,420000,SCENARIO
2026-07-23,NEWCASTLE_AU_PARADIP,PANAMAX,COA_12M,23.34,8.0,840000,SCENARIO
2026-07-23,NEWCASTLE_AU_PARADIP,SUPRAMAX,SPOT,24.75,0.0,50000,SCENARIO
2026-07-23,NEWCASTLE_AU_PARADIP,SUPRAMAX,COA_3M,25.25,2.0,150000,SCENARIO
2026-07-23,NEWCASTLE_AU_PARADIP,SUPRAMAX,COA_6M,25.99,5.0,300000,SCENARIO
2026-07-23,NEWCASTLE_AU_PARADIP,SUPRAMAX,COA_12M,26.73,8.0,600000,SCENARIO
2026-07-23,NEWCASTLE_AU_SANDHEADS,HANDYSIZE,SPOT,31.03,0.0,32000,SCENARIO
2026-07-23,NEWCASTLE_AU_SANDHEADS,HANDYSIZE,COA_3M,31.65,2.0,96000,SCENARIO
2026-07-23,NEWCASTLE_AU_SANDHEADS,HANDYSIZE,COA_6M,32.58,5.0,192000,SCENARIO
2026-07-23,NEWCASTLE_AU_SANDHEADS,HANDYSIZE,COA_12M,33.51,8.0,384000,SCENARIO
2026-07-23,NEWCASTLE_AU_SANDHEADS,PANAMAX,SPOT,21.28,0.0,70000,SCENARIO
2026-07-23,NEWCASTLE_AU_SANDHEADS,PANAMAX,COA_3M,21.71,2.0,210000,SCENARIO
2026-07-23,NEWCASTLE_AU_SANDHEADS,PANAMAX,COA_6M,22.34,5.0,420000,SCENARIO
2026-07-23,NEWCASTLE_AU_SANDHEADS,PANAMAX,COA_12M,22.98,8.0,840000,SCENARIO
2026-07-23,NEWCASTLE_AU_SANDHEADS,PANAMAX,SPOT,22.11,0.0,70000,SCENARIO
2026-07-23,NEWCASTLE_AU_SANDHEADS,PANAMAX,COA_3M,22.55,2.0,210000,SCENARIO
2026-07-23,NEWCASTLE_AU_SANDHEADS,PANAMAX,COA_6M,23.22,5.0,420000,SCENARIO
2026-07-23,NEWCASTLE_AU_SANDHEADS,PANAMAX,COA_12M,23.88,8.0,840000,SCENARIO
2026-07-23,NEWCASTLE_AU_SANDHEADS,SUPRAMAX,SPOT,25.34,0.0,50000,SCENARIO
2026-07-23,NEWCASTLE_AU_SANDHEADS,SUPRAMAX,COA_3M,25.85,2.0,150000,SCENARIO
2026-07-23,NEWCASTLE_AU_SANDHEADS,SUPRAMAX,COA_6M,26.61,5.0,300000,SCENARIO
2026-07-23,NEWCASTLE_AU_SANDHEADS,SUPRAMAX,COA_12M,27.37,8.0,600000,SCENARIO
2026-07-23,NEWCASTLE_AU_VIZAG,HANDYSIZE,SPOT,30.32,0.0,32000,SCENARIO
2026-07-23,NEWCASTLE_AU_VIZAG,HANDYSIZE,COA_3M,30.93,2.0,96000,SCENARIO
2026-07-23,NEWCASTLE_AU_VIZAG,HANDYSIZE,COA_6M,31.84,5.0,192000,SCENARIO
2026-07-23,NEWCASTLE_AU_VIZAG,HANDYSIZE,COA_12M,32.75,8.0,384000,SCENARIO
2026-07-23,NEWCASTLE_AU_VIZAG,PANAMAX,SPOT,20.81,0.0,70000,SCENARIO
2026-07-23,NEWCASTLE_AU_VIZAG,PANAMAX,COA_3M,21.23,2.0,210000,SCENARIO
2026-07-23,NEWCASTLE_AU_VIZAG,PANAMAX,COA_6M,21.85,5.0,420000,SCENARIO
2026-07-23,NEWCASTLE_AU_VIZAG,PANAMAX,COA_12M,22.47,8.0,840000,SCENARIO
2026-07-23,NEWCASTLE_AU_VIZAG,PANAMAX,SPOT,21.62,0.0,70000,SCENARIO
2026-07-23,NEWCASTLE_AU_VIZAG,PANAMAX,COA_3M,22.05,2.0,210000,SCENARIO
2026-07-23,NEWCASTLE_AU_VIZAG,PANAMAX,COA_6M,22.7,5.0,420000,SCENARIO
2026-07-23,NEWCASTLE_AU_VIZAG,PANAMAX,COA_12M,23.35,8.0,840000,SCENARIO
2026-07-23,NEWCASTLE_AU_VIZAG,SUPRAMAX,SPOT,24.77,0.0,50000,SCENARIO
2026-07-23,NEWCASTLE_AU_VIZAG,SUPRAMAX,COA_3M,25.27,2.0,150000,SCENARIO
2026-07-23,NEWCASTLE_AU_VIZAG,SUPRAMAX,COA_6M,26.01,5.0,300000,SCENARIO
2026-07-23,NEWCASTLE_AU_VIZAG,SUPRAMAX,COA_12M,26.75,8.0,600000,SCENARIO
2026-07-23,NORFOLK_US_PARADIP,HANDYSIZE,SPOT,52.87,0.0,32000,SCENARIO
2026-07-23,NORFOLK_US_PARADIP,HANDYSIZE,COA_3M,53.93,2.0,96000,SCENARIO
2026-07-23,NORFOLK_US_PARADIP,HANDYSIZE,COA_6M,55.51,5.0,192000,SCENARIO
2026-07-23,NORFOLK_US_PARADIP,HANDYSIZE,COA_12M,57.1,8.0,384000,SCENARIO
2026-07-23,NORFOLK_US_PARADIP,PANAMAX,SPOT,36.02,0.0,70000,SCENARIO
2026-07-23,NORFOLK_US_PARADIP,PANAMAX,COA_3M,36.74,2.0,210000,SCENARIO
2026-07-23,NORFOLK_US_PARADIP,PANAMAX,COA_6M,37.82,5.0,420000,SCENARIO
2026-07-23,NORFOLK_US_PARADIP,PANAMAX,COA_12M,38.9,8.0,840000,SCENARIO
2026-07-23,NORFOLK_US_PARADIP,PANAMAX,SPOT,37.31,0.0,70000,SCENARIO
2026-07-23,NORFOLK_US_PARADIP,PANAMAX,COA_3M,38.06,2.0,210000,SCENARIO
2026-07-23,NORFOLK_US_PARADIP,PANAMAX,COA_6M,39.18,5.0,420000,SCENARIO
2026-07-23,NORFOLK_US_PARADIP,PANAMAX,COA_12M,40.29,8.0,840000,SCENARIO
2026-07-23,NORFOLK_US_PARADIP,SUPRAMAX,SPOT,42.98,0.0,50000,SCENARIO
2026-07-23,NORFOLK_US_PARADIP,SUPRAMAX,COA_3M,43.84,2.0,150000,SCENARIO
2026-07-23,NORFOLK_US_PARADIP,SUPRAMAX,COA_6M,45.13,5.0,300000,SCENARIO
2026-07-23,NORFOLK_US_PARADIP,SUPRAMAX,COA_12M,46.42,8.0,600000,SCENARIO
2026-07-23,NORFOLK_US_VIZAG,HANDYSIZE,SPOT,52.17,0.0,32000,SCENARIO
2026-07-23,NORFOLK_US_VIZAG,HANDYSIZE,COA_3M,53.21,2.0,96000,SCENARIO
2026-07-23,NORFOLK_US_VIZAG,HANDYSIZE,COA_6M,54.78,5.0,192000,SCENARIO
2026-07-23,NORFOLK_US_VIZAG,HANDYSIZE,COA_12M,56.34,8.0,384000,SCENARIO
2026-07-23,NORFOLK_US_VIZAG,PANAMAX,SPOT,35.54,0.0,70000,SCENARIO
2026-07-23,NORFOLK_US_VIZAG,PANAMAX,COA_3M,36.25,2.0,210000,SCENARIO
2026-07-23,NORFOLK_US_VIZAG,PANAMAX,COA_6M,37.32,5.0,420000,SCENARIO
2026-07-23,NORFOLK_US_VIZAG,PANAMAX,COA_12M,38.38,8.0,840000,SCENARIO
2026-07-23,NORFOLK_US_VIZAG,PANAMAX,SPOT,36.82,0.0,70000,SCENARIO
2026-07-23,NORFOLK_US_VIZAG,PANAMAX,COA_3M,37.56,2.0,210000,SCENARIO
2026-07-23,NORFOLK_US_VIZAG,PANAMAX,COA_6M,38.66,5.0,420000,SCENARIO
2026-07-23,NORFOLK_US_VIZAG,PANAMAX,COA_12M,39.77,8.0,840000,SCENARIO
2026-07-23,NORFOLK_US_VIZAG,SUPRAMAX,SPOT,42.42,0.0,50000,SCENARIO
2026-07-23,NORFOLK_US_VIZAG,SUPRAMAX,COA_3M,43.27,2.0,150000,SCENARIO
2026-07-23,NORFOLK_US_VIZAG,SUPRAMAX,COA_6M,44.54,5.0,300000,SCENARIO
2026-07-23,NORFOLK_US_VIZAG,SUPRAMAX,COA_12M,45.81,8.0,600000,SCENARIO
2026-07-23,VOSTOCHNY_RU_PARADIP,HANDYSIZE,SPOT,29.35,0.0,32000,SCENARIO
2026-07-23,VOSTOCHNY_RU_PARADIP,HANDYSIZE,COA_3M,29.94,2.0,96000,SCENARIO
2026-07-23,VOSTOCHNY_RU_PARADIP,HANDYSIZE,COA_6M,30.82,5.0,192000,SCENARIO
2026-07-23,VOSTOCHNY_RU_PARADIP,HANDYSIZE,COA_12M,31.7,8.0,384000,SCENARIO
2026-07-23,VOSTOCHNY_RU_PARADIP,PANAMAX,SPOT,20.15,0.0,70000,SCENARIO
2026-07-23,VOSTOCHNY_RU_PARADIP,PANAMAX,COA_3M,20.55,2.0,210000,SCENARIO
2026-07-23,VOSTOCHNY_RU_PARADIP,PANAMAX,COA_6M,21.16,5.0,420000,SCENARIO
2026-07-23,VOSTOCHNY_RU_PARADIP,PANAMAX,COA_12M,21.76,8.0,840000,SCENARIO
2026-07-23,VOSTOCHNY_RU_PARADIP,PANAMAX,SPOT,20.94,0.0,70000,SCENARIO
2026-07-23,VOSTOCHNY_RU_PARADIP,PANAMAX,COA_3M,21.36,2.0,210000,SCENARIO
2026-07-23,VOSTOCHNY_RU_PARADIP,PANAMAX,COA_6M,21.99,5.0,420000,SCENARIO
2026-07-23,VOSTOCHNY_RU_PARADIP,PANAMAX,COA_12M,22.62,8.0,840000,SCENARIO
2026-07-23,VOSTOCHNY_RU_PARADIP,SUPRAMAX,SPOT,23.98,0.0,50000,SCENARIO
2026-07-23,VOSTOCHNY_RU_PARADIP,SUPRAMAX,COA_3M,24.46,2.0,150000,SCENARIO
2026-07-23,VOSTOCHNY_RU_PARADIP,SUPRAMAX,COA_6M,25.18,5.0,300000,SCENARIO
2026-07-23,VOSTOCHNY_RU_PARADIP,SUPRAMAX,COA_12M,25.9,8.0,600000,SCENARIO
2026-07-23,VOSTOCHNY_RU_VIZAG,HANDYSIZE,SPOT,29.12,0.0,32000,SCENARIO
2026-07-23,VOSTOCHNY_RU_VIZAG,HANDYSIZE,COA_3M,29.7,2.0,96000,SCENARIO
2026-07-23,VOSTOCHNY_RU_VIZAG,HANDYSIZE,COA_6M,30.58,5.0,192000,SCENARIO
2026-07-23,VOSTOCHNY_RU_VIZAG,HANDYSIZE,COA_12M,31.45,8.0,384000,SCENARIO
2026-07-23,VOSTOCHNY_RU_VIZAG,PANAMAX,SPOT,20.0,0.0,70000,SCENARIO
2026-07-23,VOSTOCHNY_RU_VIZAG,PANAMAX,COA_3M,20.4,2.0,210000,SCENARIO
2026-07-23,VOSTOCHNY_RU_VIZAG,PANAMAX,COA_6M,21.0,5.0,420000,SCENARIO
2026-07-23,VOSTOCHNY_RU_VIZAG,PANAMAX,COA_12M,21.6,8.0,840000,SCENARIO
2026-07-23,VOSTOCHNY_RU_VIZAG,PANAMAX,SPOT,20.78,0.0,70000,SCENARIO
2026-07-23,VOSTOCHNY_RU_VIZAG,PANAMAX,COA_3M,21.2,2.0,210000,SCENARIO
2026-07-23,VOSTOCHNY_RU_VIZAG,PANAMAX,COA_6M,21.82,5.0,420000,SCENARIO
2026-07-23,VOSTOCHNY_RU_VIZAG,PANAMAX,COA_12M,22.44,8.0,840000,SCENARIO
2026-07-23,VOSTOCHNY_RU_VIZAG,SUPRAMAX,SPOT,23.8,0.0,50000,SCENARIO
2026-07-23,VOSTOCHNY_RU_VIZAG,SUPRAMAX,COA_3M,24.28,2.0,150000,SCENARIO
2026-07-23,VOSTOCHNY_RU_VIZAG,SUPRAMAX,COA_6M,24.99,5.0,300000,SCENARIO
2026-07-23,VOSTOCHNY_RU_VIZAG,SUPRAMAX,COA_12M,25.7,8.0,600000,SCENARIO
2026-07-24,KALIMANTAN_ID_DHAMRA,HANDYSIZE,SPOT,15.39,0.0,32000,SCENARIO
2026-07-24,KALIMANTAN_ID_DHAMRA,HANDYSIZE,COA_3M,15.7,2.0,96000,SCENARIO
2026-07-24,KALIMANTAN_ID_DHAMRA,HANDYSIZE,COA_6M,16.16,5.0,192000,SCENARIO
2026-07-24,KALIMANTAN_ID_DHAMRA,HANDYSIZE,COA_12M,16.62,8.0,384000,SCENARIO
2026-07-24,KALIMANTAN_ID_DHAMRA,PANAMAX,SPOT,10.74,0.0,70000,SCENARIO
2026-07-24,KALIMANTAN_ID_DHAMRA,PANAMAX,COA_3M,10.95,2.0,210000,SCENARIO
2026-07-24,KALIMANTAN_ID_DHAMRA,PANAMAX,COA_6M,11.28,5.0,420000,SCENARIO
2026-07-24,KALIMANTAN_ID_DHAMRA,PANAMAX,COA_12M,11.6,8.0,840000,SCENARIO
2026-07-24,KALIMANTAN_ID_DHAMRA,PANAMAX,SPOT,11.23,0.0,70000,SCENARIO
2026-07-24,KALIMANTAN_ID_DHAMRA,PANAMAX,COA_3M,11.45,2.0,210000,SCENARIO
2026-07-24,KALIMANTAN_ID_DHAMRA,PANAMAX,COA_6M,11.79,5.0,420000,SCENARIO
2026-07-24,KALIMANTAN_ID_DHAMRA,PANAMAX,COA_12M,12.13,8.0,840000,SCENARIO
2026-07-24,KALIMANTAN_ID_DHAMRA,SUPRAMAX,SPOT,12.69,0.0,50000,SCENARIO
2026-07-24,KALIMANTAN_ID_DHAMRA,SUPRAMAX,COA_3M,12.94,2.0,150000,SCENARIO
2026-07-24,KALIMANTAN_ID_DHAMRA,SUPRAMAX,COA_6M,13.32,5.0,300000,SCENARIO
2026-07-24,KALIMANTAN_ID_DHAMRA,SUPRAMAX,COA_12M,13.71,8.0,600000,SCENARIO
2026-07-24,KALIMANTAN_ID_GANGAVARAM,HANDYSIZE,SPOT,14.87,0.0,32000,SCENARIO
2026-07-24,KALIMANTAN_ID_GANGAVARAM,HANDYSIZE,COA_3M,15.17,2.0,96000,SCENARIO
2026-07-24,KALIMANTAN_ID_GANGAVARAM,HANDYSIZE,COA_6M,15.61,5.0,192000,SCENARIO
2026-07-24,KALIMANTAN_ID_GANGAVARAM,HANDYSIZE,COA_12M,16.06,8.0,384000,SCENARIO
2026-07-24,KALIMANTAN_ID_GANGAVARAM,PANAMAX,SPOT,10.39,0.0,70000,SCENARIO
2026-07-24,KALIMANTAN_ID_GANGAVARAM,PANAMAX,COA_3M,10.6,2.0,210000,SCENARIO
2026-07-24,KALIMANTAN_ID_GANGAVARAM,PANAMAX,COA_6M,10.91,5.0,420000,SCENARIO
2026-07-24,KALIMANTAN_ID_GANGAVARAM,PANAMAX,COA_12M,11.22,8.0,840000,SCENARIO
2026-07-24,KALIMANTAN_ID_GANGAVARAM,PANAMAX,SPOT,10.86,0.0,70000,SCENARIO
2026-07-24,KALIMANTAN_ID_GANGAVARAM,PANAMAX,COA_3M,11.08,2.0,210000,SCENARIO
2026-07-24,KALIMANTAN_ID_GANGAVARAM,PANAMAX,COA_6M,11.4,5.0,420000,SCENARIO
2026-07-24,KALIMANTAN_ID_GANGAVARAM,PANAMAX,COA_12M,11.73,8.0,840000,SCENARIO
2026-07-24,KALIMANTAN_ID_GANGAVARAM,SUPRAMAX,SPOT,12.27,0.0,50000,SCENARIO
2026-07-24,KALIMANTAN_ID_GANGAVARAM,SUPRAMAX,COA_3M,12.52,2.0,150000,SCENARIO
2026-07-24,KALIMANTAN_ID_GANGAVARAM,SUPRAMAX,COA_6M,12.88,5.0,300000,SCENARIO
2026-07-24,KALIMANTAN_ID_GANGAVARAM,SUPRAMAX,COA_12M,13.25,8.0,600000,SCENARIO
2026-07-24,KALIMANTAN_ID_GOPALPUR,HANDYSIZE,SPOT,15.44,0.0,32000,SCENARIO
2026-07-24,KALIMANTAN_ID_GOPALPUR,HANDYSIZE,COA_3M,15.75,2.0,96000,SCENARIO
2026-07-24,KALIMANTAN_ID_GOPALPUR,HANDYSIZE,COA_6M,16.21,5.0,192000,SCENARIO
2026-07-24,KALIMANTAN_ID_GOPALPUR,HANDYSIZE,COA_12M,16.68,8.0,384000,SCENARIO
2026-07-24,KALIMANTAN_ID_GOPALPUR,PANAMAX,SPOT,11.26,0.0,70000,SCENARIO
2026-07-24,KALIMANTAN_ID_GOPALPUR,PANAMAX,COA_3M,11.49,2.0,210000,SCENARIO
2026-07-24,KALIMANTAN_ID_GOPALPUR,PANAMAX,COA_6M,11.82,5.0,420000,SCENARIO
2026-07-24,KALIMANTAN_ID_GOPALPUR,PANAMAX,COA_12M,12.16,8.0,840000,SCENARIO
2026-07-24,KALIMANTAN_ID_GOPALPUR,SUPRAMAX,SPOT,12.75,0.0,50000,SCENARIO
2026-07-24,KALIMANTAN_ID_GOPALPUR,SUPRAMAX,COA_3M,13.01,2.0,150000,SCENARIO
2026-07-24,KALIMANTAN_ID_GOPALPUR,SUPRAMAX,COA_6M,13.39,5.0,300000,SCENARIO
2026-07-24,KALIMANTAN_ID_GOPALPUR,SUPRAMAX,COA_12M,13.77,8.0,600000,SCENARIO
2026-07-24,KALIMANTAN_ID_PARADIP,HANDYSIZE,SPOT,15.53,0.0,32000,SCENARIO
2026-07-24,KALIMANTAN_ID_PARADIP,HANDYSIZE,COA_3M,15.84,2.0,96000,SCENARIO
2026-07-24,KALIMANTAN_ID_PARADIP,HANDYSIZE,COA_6M,16.31,5.0,192000,SCENARIO
2026-07-24,KALIMANTAN_ID_PARADIP,HANDYSIZE,COA_12M,16.77,8.0,384000,SCENARIO
2026-07-24,KALIMANTAN_ID_PARADIP,PANAMAX,SPOT,10.83,0.0,70000,SCENARIO
2026-07-24,KALIMANTAN_ID_PARADIP,PANAMAX,COA_3M,11.05,2.0,210000,SCENARIO
2026-07-24,KALIMANTAN_ID_PARADIP,PANAMAX,COA_6M,11.37,5.0,420000,SCENARIO
2026-07-24,KALIMANTAN_ID_PARADIP,PANAMAX,COA_12M,11.7,8.0,840000,SCENARIO
2026-07-24,KALIMANTAN_ID_PARADIP,PANAMAX,SPOT,11.32,0.0,70000,SCENARIO
2026-07-24,KALIMANTAN_ID_PARADIP,PANAMAX,COA_3M,11.55,2.0,210000,SCENARIO
2026-07-24,KALIMANTAN_ID_PARADIP,PANAMAX,COA_6M,11.89,5.0,420000,SCENARIO
2026-07-24,KALIMANTAN_ID_PARADIP,PANAMAX,COA_12M,12.23,8.0,840000,SCENARIO
2026-07-24,KALIMANTAN_ID_PARADIP,SUPRAMAX,SPOT,12.81,0.0,50000,SCENARIO
2026-07-24,KALIMANTAN_ID_PARADIP,SUPRAMAX,COA_3M,13.07,2.0,150000,SCENARIO
2026-07-24,KALIMANTAN_ID_PARADIP,SUPRAMAX,COA_6M,13.45,5.0,300000,SCENARIO
2026-07-24,KALIMANTAN_ID_PARADIP,SUPRAMAX,COA_12M,13.83,8.0,600000,SCENARIO
2026-07-24,KALIMANTAN_ID_SANDHEADS,HANDYSIZE,SPOT,16.27,0.0,32000,SCENARIO
2026-07-24,KALIMANTAN_ID_SANDHEADS,HANDYSIZE,COA_3M,16.6,2.0,96000,SCENARIO
2026-07-24,KALIMANTAN_ID_SANDHEADS,HANDYSIZE,COA_6M,17.08,5.0,192000,SCENARIO
2026-07-24,KALIMANTAN_ID_SANDHEADS,HANDYSIZE,COA_12M,17.57,8.0,384000,SCENARIO
2026-07-24,KALIMANTAN_ID_SANDHEADS,PANAMAX,SPOT,11.33,0.0,70000,SCENARIO
2026-07-24,KALIMANTAN_ID_SANDHEADS,PANAMAX,COA_3M,11.56,2.0,210000,SCENARIO
2026-07-24,KALIMANTAN_ID_SANDHEADS,PANAMAX,COA_6M,11.9,5.0,420000,SCENARIO
2026-07-24,KALIMANTAN_ID_SANDHEADS,PANAMAX,COA_12M,12.24,8.0,840000,SCENARIO
2026-07-24,KALIMANTAN_ID_SANDHEADS,PANAMAX,SPOT,11.84,0.0,70000,SCENARIO
2026-07-24,KALIMANTAN_ID_SANDHEADS,PANAMAX,COA_3M,12.08,2.0,210000,SCENARIO
2026-07-24,KALIMANTAN_ID_SANDHEADS,PANAMAX,COA_6M,12.43,5.0,420000,SCENARIO
2026-07-24,KALIMANTAN_ID_SANDHEADS,PANAMAX,COA_12M,12.79,8.0,840000,SCENARIO
2026-07-24,KALIMANTAN_ID_SANDHEADS,SUPRAMAX,SPOT,13.42,0.0,50000,SCENARIO
2026-07-24,KALIMANTAN_ID_SANDHEADS,SUPRAMAX,COA_3M,13.69,2.0,150000,SCENARIO
2026-07-24,KALIMANTAN_ID_SANDHEADS,SUPRAMAX,COA_6M,14.09,5.0,300000,SCENARIO
2026-07-24,KALIMANTAN_ID_SANDHEADS,SUPRAMAX,COA_12M,14.49,8.0,600000,SCENARIO
2026-07-24,KALIMANTAN_ID_VIZAG,HANDYSIZE,SPOT,15.3,0.0,32000,SCENARIO
2026-07-24,KALIMANTAN_ID_VIZAG,HANDYSIZE,COA_3M,15.61,2.0,96000,SCENARIO
2026-07-24,KALIMANTAN_ID_VIZAG,HANDYSIZE,COA_6M,16.07,5.0,192000,SCENARIO
2026-07-24,KALIMANTAN_ID_VIZAG,HANDYSIZE,COA_12M,16.52,8.0,384000,SCENARIO
2026-07-24,KALIMANTAN_ID_VIZAG,PANAMAX,SPOT,10.68,0.0,70000,SCENARIO
2026-07-24,KALIMANTAN_ID_VIZAG,PANAMAX,COA_3M,10.89,2.0,210000,SCENARIO
2026-07-24,KALIMANTAN_ID_VIZAG,PANAMAX,COA_6M,11.21,5.0,420000,SCENARIO
2026-07-24,KALIMANTAN_ID_VIZAG,PANAMAX,COA_12M,11.53,8.0,840000,SCENARIO
2026-07-24,KALIMANTAN_ID_VIZAG,PANAMAX,SPOT,11.17,0.0,70000,SCENARIO
2026-07-24,KALIMANTAN_ID_VIZAG,PANAMAX,COA_3M,11.39,2.0,210000,SCENARIO
2026-07-24,KALIMANTAN_ID_VIZAG,PANAMAX,COA_6M,11.73,5.0,420000,SCENARIO
2026-07-24,KALIMANTAN_ID_VIZAG,PANAMAX,COA_12M,12.06,8.0,840000,SCENARIO
2026-07-24,KALIMANTAN_ID_VIZAG,SUPRAMAX,SPOT,12.63,0.0,50000,SCENARIO
2026-07-24,KALIMANTAN_ID_VIZAG,SUPRAMAX,COA_3M,12.88,2.0,150000,SCENARIO
2026-07-24,KALIMANTAN_ID_VIZAG,SUPRAMAX,COA_6M,13.26,5.0,300000,SCENARIO
2026-07-24,KALIMANTAN_ID_VIZAG,SUPRAMAX,COA_12M,13.64,8.0,600000,SCENARIO
2026-07-24,MAPUTO_MZ_PARADIP,HANDYSIZE,SPOT,22.13,0.0,32000,SCENARIO
2026-07-24,MAPUTO_MZ_PARADIP,HANDYSIZE,COA_3M,22.57,2.0,96000,SCENARIO
2026-07-24,MAPUTO_MZ_PARADIP,HANDYSIZE,COA_6M,23.24,5.0,192000,SCENARIO
2026-07-24,MAPUTO_MZ_PARADIP,HANDYSIZE,COA_12M,23.9,8.0,384000,SCENARIO
2026-07-24,MAPUTO_MZ_PARADIP,PANAMAX,SPOT,15.28,0.0,70000,SCENARIO
2026-07-24,MAPUTO_MZ_PARADIP,PANAMAX,COA_3M,15.59,2.0,210000,SCENARIO
2026-07-24,MAPUTO_MZ_PARADIP,PANAMAX,COA_6M,16.04,5.0,420000,SCENARIO
2026-07-24,MAPUTO_MZ_PARADIP,PANAMAX,COA_12M,16.5,8.0,840000,SCENARIO
2026-07-24,MAPUTO_MZ_PARADIP,PANAMAX,SPOT,15.92,0.0,70000,SCENARIO
2026-07-24,MAPUTO_MZ_PARADIP,PANAMAX,COA_3M,16.24,2.0,210000,SCENARIO
2026-07-24,MAPUTO_MZ_PARADIP,PANAMAX,COA_6M,16.72,5.0,420000,SCENARIO
2026-07-24,MAPUTO_MZ_PARADIP,PANAMAX,COA_12M,17.19,8.0,840000,SCENARIO
2026-07-24,MAPUTO_MZ_PARADIP,SUPRAMAX,SPOT,18.14,0.0,50000,SCENARIO
2026-07-24,MAPUTO_MZ_PARADIP,SUPRAMAX,COA_3M,18.5,2.0,150000,SCENARIO
2026-07-24,MAPUTO_MZ_PARADIP,SUPRAMAX,COA_6M,19.05,5.0,300000,SCENARIO
2026-07-24,MAPUTO_MZ_PARADIP,SUPRAMAX,COA_12M,19.59,8.0,600000,SCENARIO
2026-07-24,MAPUTO_MZ_VIZAG,HANDYSIZE,SPOT,21.42,0.0,32000,SCENARIO
2026-07-24,MAPUTO_MZ_VIZAG,HANDYSIZE,COA_3M,21.85,2.0,96000,SCENARIO
2026-07-24,MAPUTO_MZ_VIZAG,HANDYSIZE,COA_6M,22.49,5.0,192000,SCENARIO
2026-07-24,MAPUTO_MZ_VIZAG,HANDYSIZE,COA_12M,23.13,8.0,384000,SCENARIO
2026-07-24,MAPUTO_MZ_VIZAG,PANAMAX,SPOT,14.81,0.0,70000,SCENARIO
2026-07-24,MAPUTO_MZ_VIZAG,PANAMAX,COA_3M,15.11,2.0,210000,SCENARIO
2026-07-24,MAPUTO_MZ_VIZAG,PANAMAX,COA_6M,15.55,5.0,420000,SCENARIO
2026-07-24,MAPUTO_MZ_VIZAG,PANAMAX,COA_12M,15.99,8.0,840000,SCENARIO
2026-07-24,MAPUTO_MZ_VIZAG,PANAMAX,SPOT,15.42,0.0,70000,SCENARIO
2026-07-24,MAPUTO_MZ_VIZAG,PANAMAX,COA_3M,15.73,2.0,210000,SCENARIO
2026-07-24,MAPUTO_MZ_VIZAG,PANAMAX,COA_6M,16.19,5.0,420000,SCENARIO
2026-07-24,MAPUTO_MZ_VIZAG,PANAMAX,COA_12M,16.65,8.0,840000,SCENARIO
2026-07-24,MAPUTO_MZ_VIZAG,SUPRAMAX,SPOT,17.58,0.0,50000,SCENARIO
2026-07-24,MAPUTO_MZ_VIZAG,SUPRAMAX,COA_3M,17.93,2.0,150000,SCENARIO
2026-07-24,MAPUTO_MZ_VIZAG,SUPRAMAX,COA_6M,18.46,5.0,300000,SCENARIO
2026-07-24,MAPUTO_MZ_VIZAG,SUPRAMAX,COA_12M,18.99,8.0,600000,SCENARIO
2026-07-24,NEWCASTLE_AU_DHAMRA,HANDYSIZE,SPOT,30.17,0.0,32000,SCENARIO
2026-07-24,NEWCASTLE_AU_DHAMRA,HANDYSIZE,COA_3M,30.77,2.0,96000,SCENARIO
2026-07-24,NEWCASTLE_AU_DHAMRA,HANDYSIZE,COA_6M,31.68,5.0,192000,SCENARIO
2026-07-24,NEWCASTLE_AU_DHAMRA,HANDYSIZE,COA_12M,32.58,8.0,384000,SCENARIO
2026-07-24,NEWCASTLE_AU_DHAMRA,PANAMAX,SPOT,20.71,0.0,70000,SCENARIO
2026-07-24,NEWCASTLE_AU_DHAMRA,PANAMAX,COA_3M,21.12,2.0,210000,SCENARIO
2026-07-24,NEWCASTLE_AU_DHAMRA,PANAMAX,COA_6M,21.75,5.0,420000,SCENARIO
2026-07-24,NEWCASTLE_AU_DHAMRA,PANAMAX,COA_12M,22.37,8.0,840000,SCENARIO
2026-07-24,NEWCASTLE_AU_DHAMRA,PANAMAX,SPOT,21.51,0.0,70000,SCENARIO
2026-07-24,NEWCASTLE_AU_DHAMRA,PANAMAX,COA_3M,21.94,2.0,210000,SCENARIO
2026-07-24,NEWCASTLE_AU_DHAMRA,PANAMAX,COA_6M,22.59,5.0,420000,SCENARIO
2026-07-24,NEWCASTLE_AU_DHAMRA,PANAMAX,COA_12M,23.23,8.0,840000,SCENARIO
2026-07-24,NEWCASTLE_AU_DHAMRA,SUPRAMAX,SPOT,24.63,0.0,50000,SCENARIO
2026-07-24,NEWCASTLE_AU_DHAMRA,SUPRAMAX,COA_3M,25.12,2.0,150000,SCENARIO
2026-07-24,NEWCASTLE_AU_DHAMRA,SUPRAMAX,COA_6M,25.86,5.0,300000,SCENARIO
2026-07-24,NEWCASTLE_AU_DHAMRA,SUPRAMAX,COA_12M,26.6,8.0,600000,SCENARIO
2026-07-24,NEWCASTLE_AU_GANGAVARAM,HANDYSIZE,SPOT,29.86,0.0,32000,SCENARIO
2026-07-24,NEWCASTLE_AU_GANGAVARAM,HANDYSIZE,COA_3M,30.46,2.0,96000,SCENARIO
2026-07-24,NEWCASTLE_AU_GANGAVARAM,HANDYSIZE,COA_6M,31.35,5.0,192000,SCENARIO
2026-07-24,NEWCASTLE_AU_GANGAVARAM,HANDYSIZE,COA_12M,32.25,8.0,384000,SCENARIO
2026-07-24,NEWCASTLE_AU_GANGAVARAM,PANAMAX,SPOT,20.5,0.0,70000,SCENARIO
2026-07-24,NEWCASTLE_AU_GANGAVARAM,PANAMAX,COA_3M,20.91,2.0,210000,SCENARIO
2026-07-24,NEWCASTLE_AU_GANGAVARAM,PANAMAX,COA_6M,21.53,5.0,420000,SCENARIO
2026-07-24,NEWCASTLE_AU_GANGAVARAM,PANAMAX,COA_12M,22.14,8.0,840000,SCENARIO
2026-07-24,NEWCASTLE_AU_GANGAVARAM,PANAMAX,SPOT,21.3,0.0,70000,SCENARIO
2026-07-24,NEWCASTLE_AU_GANGAVARAM,PANAMAX,COA_3M,21.73,2.0,210000,SCENARIO
2026-07-24,NEWCASTLE_AU_GANGAVARAM,PANAMAX,COA_6M,22.37,5.0,420000,SCENARIO
2026-07-24,NEWCASTLE_AU_GANGAVARAM,PANAMAX,COA_12M,23.0,8.0,840000,SCENARIO
2026-07-24,NEWCASTLE_AU_GANGAVARAM,SUPRAMAX,SPOT,24.38,0.0,50000,SCENARIO
2026-07-24,NEWCASTLE_AU_GANGAVARAM,SUPRAMAX,COA_3M,24.87,2.0,150000,SCENARIO
2026-07-24,NEWCASTLE_AU_GANGAVARAM,SUPRAMAX,COA_6M,25.6,5.0,300000,SCENARIO
2026-07-24,NEWCASTLE_AU_GANGAVARAM,SUPRAMAX,COA_12M,26.33,8.0,600000,SCENARIO
2026-07-24,NEWCASTLE_AU_GOPALPUR,HANDYSIZE,SPOT,30.32,0.0,32000,SCENARIO
2026-07-24,NEWCASTLE_AU_GOPALPUR,HANDYSIZE,COA_3M,30.93,2.0,96000,SCENARIO
2026-07-24,NEWCASTLE_AU_GOPALPUR,HANDYSIZE,COA_6M,31.84,5.0,192000,SCENARIO
2026-07-24,NEWCASTLE_AU_GOPALPUR,HANDYSIZE,COA_12M,32.75,8.0,384000,SCENARIO
2026-07-24,NEWCASTLE_AU_GOPALPUR,PANAMAX,SPOT,21.62,0.0,70000,SCENARIO
2026-07-24,NEWCASTLE_AU_GOPALPUR,PANAMAX,COA_3M,22.05,2.0,210000,SCENARIO
2026-07-24,NEWCASTLE_AU_GOPALPUR,PANAMAX,COA_6M,22.7,5.0,420000,SCENARIO
2026-07-24,NEWCASTLE_AU_GOPALPUR,PANAMAX,COA_12M,23.35,8.0,840000,SCENARIO
2026-07-24,NEWCASTLE_AU_GOPALPUR,SUPRAMAX,SPOT,24.76,0.0,50000,SCENARIO
2026-07-24,NEWCASTLE_AU_GOPALPUR,SUPRAMAX,COA_3M,25.26,2.0,150000,SCENARIO
2026-07-24,NEWCASTLE_AU_GOPALPUR,SUPRAMAX,COA_6M,26.0,5.0,300000,SCENARIO
2026-07-24,NEWCASTLE_AU_GOPALPUR,SUPRAMAX,COA_12M,26.74,8.0,600000,SCENARIO
2026-07-24,NEWCASTLE_AU_PARADIP,HANDYSIZE,SPOT,30.28,0.0,32000,SCENARIO
2026-07-24,NEWCASTLE_AU_PARADIP,HANDYSIZE,COA_3M,30.89,2.0,96000,SCENARIO
2026-07-24,NEWCASTLE_AU_PARADIP,HANDYSIZE,COA_6M,31.79,5.0,192000,SCENARIO
2026-07-24,NEWCASTLE_AU_PARADIP,HANDYSIZE,COA_12M,32.7,8.0,384000,SCENARIO
2026-07-24,NEWCASTLE_AU_PARADIP,PANAMAX,SPOT,20.78,0.0,70000,SCENARIO
2026-07-24,NEWCASTLE_AU_PARADIP,PANAMAX,COA_3M,21.2,2.0,210000,SCENARIO
2026-07-24,NEWCASTLE_AU_PARADIP,PANAMAX,COA_6M,21.82,5.0,420000,SCENARIO
2026-07-24,NEWCASTLE_AU_PARADIP,PANAMAX,COA_12M,22.44,8.0,840000,SCENARIO
2026-07-24,NEWCASTLE_AU_PARADIP,PANAMAX,SPOT,21.59,0.0,70000,SCENARIO
2026-07-24,NEWCASTLE_AU_PARADIP,PANAMAX,COA_3M,22.02,2.0,210000,SCENARIO
2026-07-24,NEWCASTLE_AU_PARADIP,PANAMAX,COA_6M,22.67,5.0,420000,SCENARIO
2026-07-24,NEWCASTLE_AU_PARADIP,PANAMAX,COA_12M,23.32,8.0,840000,SCENARIO
2026-07-24,NEWCASTLE_AU_PARADIP,SUPRAMAX,SPOT,24.73,0.0,50000,SCENARIO
2026-07-24,NEWCASTLE_AU_PARADIP,SUPRAMAX,COA_3M,25.22,2.0,150000,SCENARIO
2026-07-24,NEWCASTLE_AU_PARADIP,SUPRAMAX,COA_6M,25.97,5.0,300000,SCENARIO
2026-07-24,NEWCASTLE_AU_PARADIP,SUPRAMAX,COA_12M,26.71,8.0,600000,SCENARIO
2026-07-24,NEWCASTLE_AU_SANDHEADS,HANDYSIZE,SPOT,31.0,0.0,32000,SCENARIO
2026-07-24,NEWCASTLE_AU_SANDHEADS,HANDYSIZE,COA_3M,31.62,2.0,96000,SCENARIO
2026-07-24,NEWCASTLE_AU_SANDHEADS,HANDYSIZE,COA_6M,32.55,5.0,192000,SCENARIO
2026-07-24,NEWCASTLE_AU_SANDHEADS,HANDYSIZE,COA_12M,33.48,8.0,384000,SCENARIO
2026-07-24,NEWCASTLE_AU_SANDHEADS,PANAMAX,SPOT,21.27,0.0,70000,SCENARIO
2026-07-24,NEWCASTLE_AU_SANDHEADS,PANAMAX,COA_3M,21.7,2.0,210000,SCENARIO
2026-07-24,NEWCASTLE_AU_SANDHEADS,PANAMAX,COA_6M,22.33,5.0,420000,SCENARIO
2026-07-24,NEWCASTLE_AU_SANDHEADS,PANAMAX,COA_12M,22.97,8.0,840000,SCENARIO
2026-07-24,NEWCASTLE_AU_SANDHEADS,PANAMAX,SPOT,22.09,0.0,70000,SCENARIO
2026-07-24,NEWCASTLE_AU_SANDHEADS,PANAMAX,COA_3M,22.53,2.0,210000,SCENARIO
2026-07-24,NEWCASTLE_AU_SANDHEADS,PANAMAX,COA_6M,23.19,5.0,420000,SCENARIO
2026-07-24,NEWCASTLE_AU_SANDHEADS,PANAMAX,COA_12M,23.86,8.0,840000,SCENARIO
2026-07-24,NEWCASTLE_AU_SANDHEADS,SUPRAMAX,SPOT,25.32,0.0,50000,SCENARIO
2026-07-24,NEWCASTLE_AU_SANDHEADS,SUPRAMAX,COA_3M,25.83,2.0,150000,SCENARIO
2026-07-24,NEWCASTLE_AU_SANDHEADS,SUPRAMAX,COA_6M,26.59,5.0,300000,SCENARIO
2026-07-24,NEWCASTLE_AU_SANDHEADS,SUPRAMAX,COA_12M,27.35,8.0,600000,SCENARIO
2026-07-24,NEWCASTLE_AU_VIZAG,HANDYSIZE,SPOT,30.3,0.0,32000,SCENARIO
2026-07-24,NEWCASTLE_AU_VIZAG,HANDYSIZE,COA_3M,30.91,2.0,96000,SCENARIO
2026-07-24,NEWCASTLE_AU_VIZAG,HANDYSIZE,COA_6M,31.82,5.0,192000,SCENARIO
2026-07-24,NEWCASTLE_AU_VIZAG,HANDYSIZE,COA_12M,32.72,8.0,384000,SCENARIO
2026-07-24,NEWCASTLE_AU_VIZAG,PANAMAX,SPOT,20.79,0.0,70000,SCENARIO
2026-07-24,NEWCASTLE_AU_VIZAG,PANAMAX,COA_3M,21.21,2.0,210000,SCENARIO
2026-07-24,NEWCASTLE_AU_VIZAG,PANAMAX,COA_6M,21.83,5.0,420000,SCENARIO
2026-07-24,NEWCASTLE_AU_VIZAG,PANAMAX,COA_12M,22.45,8.0,840000,SCENARIO
2026-07-24,NEWCASTLE_AU_VIZAG,PANAMAX,SPOT,21.6,0.0,70000,SCENARIO
2026-07-24,NEWCASTLE_AU_VIZAG,PANAMAX,COA_3M,22.03,2.0,210000,SCENARIO
2026-07-24,NEWCASTLE_AU_VIZAG,PANAMAX,COA_6M,22.68,5.0,420000,SCENARIO
2026-07-24,NEWCASTLE_AU_VIZAG,PANAMAX,COA_12M,23.33,8.0,840000,SCENARIO
2026-07-24,NEWCASTLE_AU_VIZAG,SUPRAMAX,SPOT,24.75,0.0,50000,SCENARIO
2026-07-24,NEWCASTLE_AU_VIZAG,SUPRAMAX,COA_3M,25.25,2.0,150000,SCENARIO
2026-07-24,NEWCASTLE_AU_VIZAG,SUPRAMAX,COA_6M,25.99,5.0,300000,SCENARIO
2026-07-24,NEWCASTLE_AU_VIZAG,SUPRAMAX,COA_12M,26.73,8.0,600000,SCENARIO
2026-07-24,NORFOLK_US_PARADIP,HANDYSIZE,SPOT,52.84,0.0,32000,SCENARIO
2026-07-24,NORFOLK_US_PARADIP,HANDYSIZE,COA_3M,53.9,2.0,96000,SCENARIO
2026-07-24,NORFOLK_US_PARADIP,HANDYSIZE,COA_6M,55.48,5.0,192000,SCENARIO
2026-07-24,NORFOLK_US_PARADIP,HANDYSIZE,COA_12M,57.07,8.0,384000,SCENARIO
2026-07-24,NORFOLK_US_PARADIP,PANAMAX,SPOT,35.99,0.0,70000,SCENARIO
2026-07-24,NORFOLK_US_PARADIP,PANAMAX,COA_3M,36.71,2.0,210000,SCENARIO
2026-07-24,NORFOLK_US_PARADIP,PANAMAX,COA_6M,37.79,5.0,420000,SCENARIO
2026-07-24,NORFOLK_US_PARADIP,PANAMAX,COA_12M,38.87,8.0,840000,SCENARIO
2026-07-24,NORFOLK_US_PARADIP,PANAMAX,SPOT,37.29,0.0,70000,SCENARIO
2026-07-24,NORFOLK_US_PARADIP,PANAMAX,COA_3M,38.04,2.0,210000,SCENARIO
2026-07-24,NORFOLK_US_PARADIP,PANAMAX,COA_6M,39.15,5.0,420000,SCENARIO
2026-07-24,NORFOLK_US_PARADIP,PANAMAX,COA_12M,40.27,8.0,840000,SCENARIO
2026-07-24,NORFOLK_US_PARADIP,SUPRAMAX,SPOT,42.95,0.0,50000,SCENARIO
2026-07-24,NORFOLK_US_PARADIP,SUPRAMAX,COA_3M,43.81,2.0,150000,SCENARIO
2026-07-24,NORFOLK_US_PARADIP,SUPRAMAX,COA_6M,45.1,5.0,300000,SCENARIO
2026-07-24,NORFOLK_US_PARADIP,SUPRAMAX,COA_12M,46.39,8.0,600000,SCENARIO
2026-07-24,NORFOLK_US_VIZAG,HANDYSIZE,SPOT,52.13,0.0,32000,SCENARIO
2026-07-24,NORFOLK_US_VIZAG,HANDYSIZE,COA_3M,53.17,2.0,96000,SCENARIO
2026-07-24,NORFOLK_US_VIZAG,HANDYSIZE,COA_6M,54.74,5.0,192000,SCENARIO
2026-07-24,NORFOLK_US_VIZAG,HANDYSIZE,COA_12M,56.3,8.0,384000,SCENARIO
2026-07-24,NORFOLK_US_VIZAG,PANAMAX,SPOT,35.52,0.0,70000,SCENARIO
2026-07-24,NORFOLK_US_VIZAG,PANAMAX,COA_3M,36.23,2.0,210000,SCENARIO
2026-07-24,NORFOLK_US_VIZAG,PANAMAX,COA_6M,37.3,5.0,420000,SCENARIO
2026-07-24,NORFOLK_US_VIZAG,PANAMAX,COA_12M,38.36,8.0,840000,SCENARIO
2026-07-24,NORFOLK_US_VIZAG,PANAMAX,SPOT,36.8,0.0,70000,SCENARIO
2026-07-24,NORFOLK_US_VIZAG,PANAMAX,COA_3M,37.54,2.0,210000,SCENARIO
2026-07-24,NORFOLK_US_VIZAG,PANAMAX,COA_6M,38.64,5.0,420000,SCENARIO
2026-07-24,NORFOLK_US_VIZAG,PANAMAX,COA_12M,39.74,8.0,840000,SCENARIO
2026-07-24,NORFOLK_US_VIZAG,SUPRAMAX,SPOT,42.38,0.0,50000,SCENARIO
2026-07-24,NORFOLK_US_VIZAG,SUPRAMAX,COA_3M,43.23,2.0,150000,SCENARIO
2026-07-24,NORFOLK_US_VIZAG,SUPRAMAX,COA_6M,44.5,5.0,300000,SCENARIO
2026-07-24,NORFOLK_US_VIZAG,SUPRAMAX,COA_12M,45.77,8.0,600000,SCENARIO
2026-07-24,VOSTOCHNY_RU_PARADIP,HANDYSIZE,SPOT,29.32,0.0,32000,SCENARIO
2026-07-24,VOSTOCHNY_RU_PARADIP,HANDYSIZE,COA_3M,29.91,2.0,96000,SCENARIO
2026-07-24,VOSTOCHNY_RU_PARADIP,HANDYSIZE,COA_6M,30.79,5.0,192000,SCENARIO
2026-07-24,VOSTOCHNY_RU_PARADIP,HANDYSIZE,COA_12M,31.67,8.0,384000,SCENARIO
2026-07-24,VOSTOCHNY_RU_PARADIP,PANAMAX,SPOT,20.14,0.0,70000,SCENARIO
2026-07-24,VOSTOCHNY_RU_PARADIP,PANAMAX,COA_3M,20.54,2.0,210000,SCENARIO
2026-07-24,VOSTOCHNY_RU_PARADIP,PANAMAX,COA_6M,21.15,5.0,420000,SCENARIO
2026-07-24,VOSTOCHNY_RU_PARADIP,PANAMAX,COA_12M,21.75,8.0,840000,SCENARIO
2026-07-24,VOSTOCHNY_RU_PARADIP,PANAMAX,SPOT,20.92,0.0,70000,SCENARIO
2026-07-24,VOSTOCHNY_RU_PARADIP,PANAMAX,COA_3M,21.34,2.0,210000,SCENARIO
2026-07-24,VOSTOCHNY_RU_PARADIP,PANAMAX,COA_6M,21.97,5.0,420000,SCENARIO
2026-07-24,VOSTOCHNY_RU_PARADIP,PANAMAX,COA_12M,22.59,8.0,840000,SCENARIO
2026-07-24,VOSTOCHNY_RU_PARADIP,SUPRAMAX,SPOT,23.95,0.0,50000,SCENARIO
2026-07-24,VOSTOCHNY_RU_PARADIP,SUPRAMAX,COA_3M,24.43,2.0,150000,SCENARIO
2026-07-24,VOSTOCHNY_RU_PARADIP,SUPRAMAX,COA_6M,25.15,5.0,300000,SCENARIO
2026-07-24,VOSTOCHNY_RU_PARADIP,SUPRAMAX,COA_12M,25.87,8.0,600000,SCENARIO
2026-07-24,VOSTOCHNY_RU_VIZAG,HANDYSIZE,SPOT,29.1,0.0,32000,SCENARIO
2026-07-24,VOSTOCHNY_RU_VIZAG,HANDYSIZE,COA_3M,29.68,2.0,96000,SCENARIO
2026-07-24,VOSTOCHNY_RU_VIZAG,HANDYSIZE,COA_6M,30.56,5.0,192000,SCENARIO
2026-07-24,VOSTOCHNY_RU_VIZAG,HANDYSIZE,COA_12M,31.43,8.0,384000,SCENARIO
2026-07-24,VOSTOCHNY_RU_VIZAG,PANAMAX,SPOT,19.98,0.0,70000,SCENARIO
2026-07-24,VOSTOCHNY_RU_VIZAG,PANAMAX,COA_3M,20.38,2.0,210000,SCENARIO
2026-07-24,VOSTOCHNY_RU_VIZAG,PANAMAX,COA_6M,20.98,5.0,420000,SCENARIO
2026-07-24,VOSTOCHNY_RU_VIZAG,PANAMAX,COA_12M,21.58,8.0,840000,SCENARIO
2026-07-24,VOSTOCHNY_RU_VIZAG,PANAMAX,SPOT,20.77,0.0,70000,SCENARIO
2026-07-24,VOSTOCHNY_RU_VIZAG,PANAMAX,COA_3M,21.19,2.0,210000,SCENARIO
2026-07-24,VOSTOCHNY_RU_VIZAG,PANAMAX,COA_6M,21.81,5.0,420000,SCENARIO
2026-07-24,VOSTOCHNY_RU_VIZAG,PANAMAX,COA_12M,22.43,8.0,840000,SCENARIO
2026-07-24,VOSTOCHNY_RU_VIZAG,SUPRAMAX,SPOT,23.78,0.0,50000,SCENARIO
2026-07-24,VOSTOCHNY_RU_VIZAG,SUPRAMAX,COA_3M,24.26,2.0,150000,SCENARIO
2026-07-24,VOSTOCHNY_RU_VIZAG,SUPRAMAX,COA_6M,24.97,5.0,300000,SCENARIO
2026-07-24,VOSTOCHNY_RU_VIZAG,SUPRAMAX,COA_12M,25.68,8.0,600000,SCENARIO
2026-07-27,KALIMANTAN_ID_DHAMRA,HANDYSIZE,SPOT,15.21,0.0,32000,SCENARIO
2026-07-27,KALIMANTAN_ID_DHAMRA,HANDYSIZE,COA_3M,15.51,2.0,96000,SCENARIO
2026-07-27,KALIMANTAN_ID_DHAMRA,HANDYSIZE,COA_6M,15.97,5.0,192000,SCENARIO
2026-07-27,KALIMANTAN_ID_DHAMRA,HANDYSIZE,COA_12M,16.43,8.0,384000,SCENARIO
2026-07-27,KALIMANTAN_ID_DHAMRA,PANAMAX,SPOT,10.62,0.0,70000,SCENARIO
2026-07-27,KALIMANTAN_ID_DHAMRA,PANAMAX,COA_3M,10.83,2.0,210000,SCENARIO
2026-07-27,KALIMANTAN_ID_DHAMRA,PANAMAX,COA_6M,11.15,5.0,420000,SCENARIO
2026-07-27,KALIMANTAN_ID_DHAMRA,PANAMAX,COA_12M,11.47,8.0,840000,SCENARIO
2026-07-27,KALIMANTAN_ID_DHAMRA,PANAMAX,SPOT,11.1,0.0,70000,SCENARIO
2026-07-27,KALIMANTAN_ID_DHAMRA,PANAMAX,COA_3M,11.32,2.0,210000,SCENARIO
2026-07-27,KALIMANTAN_ID_DHAMRA,PANAMAX,COA_6M,11.65,5.0,420000,SCENARIO
2026-07-27,KALIMANTAN_ID_DHAMRA,PANAMAX,COA_12M,11.99,8.0,840000,SCENARIO
2026-07-27,KALIMANTAN_ID_DHAMRA,SUPRAMAX,SPOT,12.55,0.0,50000,SCENARIO
2026-07-27,KALIMANTAN_ID_DHAMRA,SUPRAMAX,COA_3M,12.8,2.0,150000,SCENARIO
2026-07-27,KALIMANTAN_ID_DHAMRA,SUPRAMAX,COA_6M,13.18,5.0,300000,SCENARIO
2026-07-27,KALIMANTAN_ID_DHAMRA,SUPRAMAX,COA_12M,13.55,8.0,600000,SCENARIO
2026-07-27,KALIMANTAN_ID_GANGAVARAM,HANDYSIZE,SPOT,14.69,0.0,32000,SCENARIO
2026-07-27,KALIMANTAN_ID_GANGAVARAM,HANDYSIZE,COA_3M,14.98,2.0,96000,SCENARIO
2026-07-27,KALIMANTAN_ID_GANGAVARAM,HANDYSIZE,COA_6M,15.42,5.0,192000,SCENARIO
2026-07-27,KALIMANTAN_ID_GANGAVARAM,HANDYSIZE,COA_12M,15.87,8.0,384000,SCENARIO
2026-07-27,KALIMANTAN_ID_GANGAVARAM,PANAMAX,SPOT,10.27,0.0,70000,SCENARIO
2026-07-27,KALIMANTAN_ID_GANGAVARAM,PANAMAX,COA_3M,10.48,2.0,210000,SCENARIO
2026-07-27,KALIMANTAN_ID_GANGAVARAM,PANAMAX,COA_6M,10.78,5.0,420000,SCENARIO
2026-07-27,KALIMANTAN_ID_GANGAVARAM,PANAMAX,COA_12M,11.09,8.0,840000,SCENARIO
2026-07-27,KALIMANTAN_ID_GANGAVARAM,PANAMAX,SPOT,10.74,0.0,70000,SCENARIO
2026-07-27,KALIMANTAN_ID_GANGAVARAM,PANAMAX,COA_3M,10.95,2.0,210000,SCENARIO
2026-07-27,KALIMANTAN_ID_GANGAVARAM,PANAMAX,COA_6M,11.28,5.0,420000,SCENARIO
2026-07-27,KALIMANTAN_ID_GANGAVARAM,PANAMAX,COA_12M,11.6,8.0,840000,SCENARIO
2026-07-27,KALIMANTAN_ID_GANGAVARAM,SUPRAMAX,SPOT,12.13,0.0,50000,SCENARIO
2026-07-27,KALIMANTAN_ID_GANGAVARAM,SUPRAMAX,COA_3M,12.37,2.0,150000,SCENARIO
2026-07-27,KALIMANTAN_ID_GANGAVARAM,SUPRAMAX,COA_6M,12.74,5.0,300000,SCENARIO
2026-07-27,KALIMANTAN_ID_GANGAVARAM,SUPRAMAX,COA_12M,13.1,8.0,600000,SCENARIO
2026-07-27,KALIMANTAN_ID_GOPALPUR,HANDYSIZE,SPOT,15.26,0.0,32000,SCENARIO
2026-07-27,KALIMANTAN_ID_GOPALPUR,HANDYSIZE,COA_3M,15.57,2.0,96000,SCENARIO
2026-07-27,KALIMANTAN_ID_GOPALPUR,HANDYSIZE,COA_6M,16.02,5.0,192000,SCENARIO
2026-07-27,KALIMANTAN_ID_GOPALPUR,HANDYSIZE,COA_12M,16.48,8.0,384000,SCENARIO
2026-07-27,KALIMANTAN_ID_GOPALPUR,PANAMAX,SPOT,11.14,0.0,70000,SCENARIO
2026-07-27,KALIMANTAN_ID_GOPALPUR,PANAMAX,COA_3M,11.36,2.0,210000,SCENARIO
2026-07-27,KALIMANTAN_ID_GOPALPUR,PANAMAX,COA_6M,11.7,5.0,420000,SCENARIO
2026-07-27,KALIMANTAN_ID_GOPALPUR,PANAMAX,COA_12M,12.03,8.0,840000,SCENARIO
2026-07-27,KALIMANTAN_ID_GOPALPUR,SUPRAMAX,SPOT,12.6,0.0,50000,SCENARIO
2026-07-27,KALIMANTAN_ID_GOPALPUR,SUPRAMAX,COA_3M,12.85,2.0,150000,SCENARIO
2026-07-27,KALIMANTAN_ID_GOPALPUR,SUPRAMAX,COA_6M,13.23,5.0,300000,SCENARIO
2026-07-27,KALIMANTAN_ID_GOPALPUR,SUPRAMAX,COA_12M,13.61,8.0,600000,SCENARIO
2026-07-27,KALIMANTAN_ID_PARADIP,HANDYSIZE,SPOT,15.35,0.0,32000,SCENARIO
2026-07-27,KALIMANTAN_ID_PARADIP,HANDYSIZE,COA_3M,15.66,2.0,96000,SCENARIO
2026-07-27,KALIMANTAN_ID_PARADIP,HANDYSIZE,COA_6M,16.12,5.0,192000,SCENARIO
2026-07-27,KALIMANTAN_ID_PARADIP,HANDYSIZE,COA_12M,16.58,8.0,384000,SCENARIO
2026-07-27,KALIMANTAN_ID_PARADIP,PANAMAX,SPOT,10.71,0.0,70000,SCENARIO
2026-07-27,KALIMANTAN_ID_PARADIP,PANAMAX,COA_3M,10.92,2.0,210000,SCENARIO
2026-07-27,KALIMANTAN_ID_PARADIP,PANAMAX,COA_6M,11.25,5.0,420000,SCENARIO
2026-07-27,KALIMANTAN_ID_PARADIP,PANAMAX,COA_12M,11.57,8.0,840000,SCENARIO
2026-07-27,KALIMANTAN_ID_PARADIP,PANAMAX,SPOT,11.2,0.0,70000,SCENARIO
2026-07-27,KALIMANTAN_ID_PARADIP,PANAMAX,COA_3M,11.42,2.0,210000,SCENARIO
2026-07-27,KALIMANTAN_ID_PARADIP,PANAMAX,COA_6M,11.76,5.0,420000,SCENARIO
2026-07-27,KALIMANTAN_ID_PARADIP,PANAMAX,COA_12M,12.1,8.0,840000,SCENARIO
2026-07-27,KALIMANTAN_ID_PARADIP,SUPRAMAX,SPOT,12.66,0.0,50000,SCENARIO
2026-07-27,KALIMANTAN_ID_PARADIP,SUPRAMAX,COA_3M,12.91,2.0,150000,SCENARIO
2026-07-27,KALIMANTAN_ID_PARADIP,SUPRAMAX,COA_6M,13.29,5.0,300000,SCENARIO
2026-07-27,KALIMANTAN_ID_PARADIP,SUPRAMAX,COA_12M,13.67,8.0,600000,SCENARIO
2026-07-27,KALIMANTAN_ID_SANDHEADS,HANDYSIZE,SPOT,16.07,0.0,32000,SCENARIO
2026-07-27,KALIMANTAN_ID_SANDHEADS,HANDYSIZE,COA_3M,16.39,2.0,96000,SCENARIO
2026-07-27,KALIMANTAN_ID_SANDHEADS,HANDYSIZE,COA_6M,16.87,5.0,192000,SCENARIO
2026-07-27,KALIMANTAN_ID_SANDHEADS,HANDYSIZE,COA_12M,17.36,8.0,384000,SCENARIO
2026-07-27,KALIMANTAN_ID_SANDHEADS,PANAMAX,SPOT,11.2,0.0,70000,SCENARIO
2026-07-27,KALIMANTAN_ID_SANDHEADS,PANAMAX,COA_3M,11.42,2.0,210000,SCENARIO
2026-07-27,KALIMANTAN_ID_SANDHEADS,PANAMAX,COA_6M,11.76,5.0,420000,SCENARIO
2026-07-27,KALIMANTAN_ID_SANDHEADS,PANAMAX,COA_12M,12.1,8.0,840000,SCENARIO
2026-07-27,KALIMANTAN_ID_SANDHEADS,PANAMAX,SPOT,11.7,0.0,70000,SCENARIO
2026-07-27,KALIMANTAN_ID_SANDHEADS,PANAMAX,COA_3M,11.93,2.0,210000,SCENARIO
2026-07-27,KALIMANTAN_ID_SANDHEADS,PANAMAX,COA_6M,12.29,5.0,420000,SCENARIO
2026-07-27,KALIMANTAN_ID_SANDHEADS,PANAMAX,COA_12M,12.64,8.0,840000,SCENARIO
2026-07-27,KALIMANTAN_ID_SANDHEADS,SUPRAMAX,SPOT,13.26,0.0,50000,SCENARIO
2026-07-27,KALIMANTAN_ID_SANDHEADS,SUPRAMAX,COA_3M,13.53,2.0,150000,SCENARIO
2026-07-27,KALIMANTAN_ID_SANDHEADS,SUPRAMAX,COA_6M,13.92,5.0,300000,SCENARIO
2026-07-27,KALIMANTAN_ID_SANDHEADS,SUPRAMAX,COA_12M,14.32,8.0,600000,SCENARIO
2026-07-27,KALIMANTAN_ID_VIZAG,HANDYSIZE,SPOT,15.12,0.0,32000,SCENARIO
2026-07-27,KALIMANTAN_ID_VIZAG,HANDYSIZE,COA_3M,15.42,2.0,96000,SCENARIO
2026-07-27,KALIMANTAN_ID_VIZAG,HANDYSIZE,COA_6M,15.88,5.0,192000,SCENARIO
2026-07-27,KALIMANTAN_ID_VIZAG,HANDYSIZE,COA_12M,16.33,8.0,384000,SCENARIO
2026-07-27,KALIMANTAN_ID_VIZAG,PANAMAX,SPOT,10.56,0.0,70000,SCENARIO
2026-07-27,KALIMANTAN_ID_VIZAG,PANAMAX,COA_3M,10.77,2.0,210000,SCENARIO
2026-07-27,KALIMANTAN_ID_VIZAG,PANAMAX,COA_6M,11.09,5.0,420000,SCENARIO
2026-07-27,KALIMANTAN_ID_VIZAG,PANAMAX,COA_12M,11.4,8.0,840000,SCENARIO
2026-07-27,KALIMANTAN_ID_VIZAG,PANAMAX,SPOT,11.04,0.0,70000,SCENARIO
2026-07-27,KALIMANTAN_ID_VIZAG,PANAMAX,COA_3M,11.26,2.0,210000,SCENARIO
2026-07-27,KALIMANTAN_ID_VIZAG,PANAMAX,COA_6M,11.59,5.0,420000,SCENARIO
2026-07-27,KALIMANTAN_ID_VIZAG,PANAMAX,COA_12M,11.92,8.0,840000,SCENARIO
2026-07-27,KALIMANTAN_ID_VIZAG,SUPRAMAX,SPOT,12.49,0.0,50000,SCENARIO
2026-07-27,KALIMANTAN_ID_VIZAG,SUPRAMAX,COA_3M,12.74,2.0,150000,SCENARIO
2026-07-27,KALIMANTAN_ID_VIZAG,SUPRAMAX,COA_6M,13.11,5.0,300000,SCENARIO
2026-07-27,KALIMANTAN_ID_VIZAG,SUPRAMAX,COA_12M,13.49,8.0,600000,SCENARIO
2026-07-27,MAPUTO_MZ_PARADIP,HANDYSIZE,SPOT,21.85,0.0,32000,SCENARIO
2026-07-27,MAPUTO_MZ_PARADIP,HANDYSIZE,COA_3M,22.29,2.0,96000,SCENARIO
2026-07-27,MAPUTO_MZ_PARADIP,HANDYSIZE,COA_6M,22.94,5.0,192000,SCENARIO
2026-07-27,MAPUTO_MZ_PARADIP,HANDYSIZE,COA_12M,23.6,8.0,384000,SCENARIO
2026-07-27,MAPUTO_MZ_PARADIP,PANAMAX,SPOT,15.1,0.0,70000,SCENARIO
2026-07-27,MAPUTO_MZ_PARADIP,PANAMAX,COA_3M,15.4,2.0,210000,SCENARIO
2026-07-27,MAPUTO_MZ_PARADIP,PANAMAX,COA_6M,15.86,5.0,420000,SCENARIO
2026-07-27,MAPUTO_MZ_PARADIP,PANAMAX,COA_12M,16.31,8.0,840000,SCENARIO
2026-07-27,MAPUTO_MZ_PARADIP,PANAMAX,SPOT,15.73,0.0,70000,SCENARIO
2026-07-27,MAPUTO_MZ_PARADIP,PANAMAX,COA_3M,16.04,2.0,210000,SCENARIO
2026-07-27,MAPUTO_MZ_PARADIP,PANAMAX,COA_6M,16.52,5.0,420000,SCENARIO
2026-07-27,MAPUTO_MZ_PARADIP,PANAMAX,COA_12M,16.99,8.0,840000,SCENARIO
2026-07-27,MAPUTO_MZ_PARADIP,SUPRAMAX,SPOT,17.92,0.0,50000,SCENARIO
2026-07-27,MAPUTO_MZ_PARADIP,SUPRAMAX,COA_3M,18.28,2.0,150000,SCENARIO
2026-07-27,MAPUTO_MZ_PARADIP,SUPRAMAX,COA_6M,18.82,5.0,300000,SCENARIO
2026-07-27,MAPUTO_MZ_PARADIP,SUPRAMAX,COA_12M,19.35,8.0,600000,SCENARIO
2026-07-27,MAPUTO_MZ_VIZAG,HANDYSIZE,SPOT,21.16,0.0,32000,SCENARIO
2026-07-27,MAPUTO_MZ_VIZAG,HANDYSIZE,COA_3M,21.58,2.0,96000,SCENARIO
2026-07-27,MAPUTO_MZ_VIZAG,HANDYSIZE,COA_6M,22.22,5.0,192000,SCENARIO
2026-07-27,MAPUTO_MZ_VIZAG,HANDYSIZE,COA_12M,22.85,8.0,384000,SCENARIO
2026-07-27,MAPUTO_MZ_VIZAG,PANAMAX,SPOT,14.63,0.0,70000,SCENARIO
2026-07-27,MAPUTO_MZ_VIZAG,PANAMAX,COA_3M,14.92,2.0,210000,SCENARIO
2026-07-27,MAPUTO_MZ_VIZAG,PANAMAX,COA_6M,15.36,5.0,420000,SCENARIO
2026-07-27,MAPUTO_MZ_VIZAG,PANAMAX,COA_12M,15.8,8.0,840000,SCENARIO
2026-07-27,MAPUTO_MZ_VIZAG,PANAMAX,SPOT,15.24,0.0,70000,SCENARIO
2026-07-27,MAPUTO_MZ_VIZAG,PANAMAX,COA_3M,15.54,2.0,210000,SCENARIO
2026-07-27,MAPUTO_MZ_VIZAG,PANAMAX,COA_6M,16.0,5.0,420000,SCENARIO
2026-07-27,MAPUTO_MZ_VIZAG,PANAMAX,COA_12M,16.46,8.0,840000,SCENARIO
2026-07-27,MAPUTO_MZ_VIZAG,SUPRAMAX,SPOT,17.36,0.0,50000,SCENARIO
2026-07-27,MAPUTO_MZ_VIZAG,SUPRAMAX,COA_3M,17.71,2.0,150000,SCENARIO
2026-07-27,MAPUTO_MZ_VIZAG,SUPRAMAX,COA_6M,18.23,5.0,300000,SCENARIO
2026-07-27,MAPUTO_MZ_VIZAG,SUPRAMAX,COA_12M,18.75,8.0,600000,SCENARIO
2026-07-27,NEWCASTLE_AU_DHAMRA,HANDYSIZE,SPOT,29.79,0.0,32000,SCENARIO
2026-07-27,NEWCASTLE_AU_DHAMRA,HANDYSIZE,COA_3M,30.39,2.0,96000,SCENARIO
2026-07-27,NEWCASTLE_AU_DHAMRA,HANDYSIZE,COA_6M,31.28,5.0,192000,SCENARIO
2026-07-27,NEWCASTLE_AU_DHAMRA,HANDYSIZE,COA_12M,32.17,8.0,384000,SCENARIO
2026-07-27,NEWCASTLE_AU_DHAMRA,PANAMAX,SPOT,20.45,0.0,70000,SCENARIO
2026-07-27,NEWCASTLE_AU_DHAMRA,PANAMAX,COA_3M,20.86,2.0,210000,SCENARIO
2026-07-27,NEWCASTLE_AU_DHAMRA,PANAMAX,COA_6M,21.47,5.0,420000,SCENARIO
2026-07-27,NEWCASTLE_AU_DHAMRA,PANAMAX,COA_12M,22.09,8.0,840000,SCENARIO
2026-07-27,NEWCASTLE_AU_DHAMRA,PANAMAX,SPOT,21.25,0.0,70000,SCENARIO
2026-07-27,NEWCASTLE_AU_DHAMRA,PANAMAX,COA_3M,21.68,2.0,210000,SCENARIO
2026-07-27,NEWCASTLE_AU_DHAMRA,PANAMAX,COA_6M,22.31,5.0,420000,SCENARIO
2026-07-27,NEWCASTLE_AU_DHAMRA,PANAMAX,COA_12M,22.95,8.0,840000,SCENARIO
2026-07-27,NEWCASTLE_AU_DHAMRA,SUPRAMAX,SPOT,24.32,0.0,50000,SCENARIO
2026-07-27,NEWCASTLE_AU_DHAMRA,SUPRAMAX,COA_3M,24.81,2.0,150000,SCENARIO
2026-07-27,NEWCASTLE_AU_DHAMRA,SUPRAMAX,COA_6M,25.54,5.0,300000,SCENARIO
2026-07-27,NEWCASTLE_AU_DHAMRA,SUPRAMAX,COA_12M,26.27,8.0,600000,SCENARIO
2026-07-27,NEWCASTLE_AU_GANGAVARAM,HANDYSIZE,SPOT,29.49,0.0,32000,SCENARIO
2026-07-27,NEWCASTLE_AU_GANGAVARAM,HANDYSIZE,COA_3M,30.08,2.0,96000,SCENARIO
2026-07-27,NEWCASTLE_AU_GANGAVARAM,HANDYSIZE,COA_6M,30.96,5.0,192000,SCENARIO
2026-07-27,NEWCASTLE_AU_GANGAVARAM,HANDYSIZE,COA_12M,31.85,8.0,384000,SCENARIO
2026-07-27,NEWCASTLE_AU_GANGAVARAM,PANAMAX,SPOT,20.25,0.0,70000,SCENARIO
2026-07-27,NEWCASTLE_AU_GANGAVARAM,PANAMAX,COA_3M,20.66,2.0,210000,SCENARIO
2026-07-27,NEWCASTLE_AU_GANGAVARAM,PANAMAX,COA_6M,21.26,5.0,420000,SCENARIO
2026-07-27,NEWCASTLE_AU_GANGAVARAM,PANAMAX,COA_12M,21.87,8.0,840000,SCENARIO
2026-07-27,NEWCASTLE_AU_GANGAVARAM,PANAMAX,SPOT,21.04,0.0,70000,SCENARIO
2026-07-27,NEWCASTLE_AU_GANGAVARAM,PANAMAX,COA_3M,21.46,2.0,210000,SCENARIO
2026-07-27,NEWCASTLE_AU_GANGAVARAM,PANAMAX,COA_6M,22.09,5.0,420000,SCENARIO
2026-07-27,NEWCASTLE_AU_GANGAVARAM,PANAMAX,COA_12M,22.72,8.0,840000,SCENARIO
2026-07-27,NEWCASTLE_AU_GANGAVARAM,SUPRAMAX,SPOT,24.08,0.0,50000,SCENARIO
2026-07-27,NEWCASTLE_AU_GANGAVARAM,SUPRAMAX,COA_3M,24.56,2.0,150000,SCENARIO
2026-07-27,NEWCASTLE_AU_GANGAVARAM,SUPRAMAX,COA_6M,25.28,5.0,300000,SCENARIO
2026-07-27,NEWCASTLE_AU_GANGAVARAM,SUPRAMAX,COA_12M,26.01,8.0,600000,SCENARIO
2026-07-27,NEWCASTLE_AU_GOPALPUR,HANDYSIZE,SPOT,29.94,0.0,32000,SCENARIO
2026-07-27,NEWCASTLE_AU_GOPALPUR,HANDYSIZE,COA_3M,30.54,2.0,96000,SCENARIO
2026-07-27,NEWCASTLE_AU_GOPALPUR,HANDYSIZE,COA_6M,31.44,5.0,192000,SCENARIO
2026-07-27,NEWCASTLE_AU_GOPALPUR,HANDYSIZE,COA_12M,32.34,8.0,384000,SCENARIO
2026-07-27,NEWCASTLE_AU_GOPALPUR,PANAMAX,SPOT,21.35,0.0,70000,SCENARIO
2026-07-27,NEWCASTLE_AU_GOPALPUR,PANAMAX,COA_3M,21.78,2.0,210000,SCENARIO
2026-07-27,NEWCASTLE_AU_GOPALPUR,PANAMAX,COA_6M,22.42,5.0,420000,SCENARIO
2026-07-27,NEWCASTLE_AU_GOPALPUR,PANAMAX,COA_12M,23.06,8.0,840000,SCENARIO
2026-07-27,NEWCASTLE_AU_GOPALPUR,SUPRAMAX,SPOT,24.45,0.0,50000,SCENARIO
2026-07-27,NEWCASTLE_AU_GOPALPUR,SUPRAMAX,COA_3M,24.94,2.0,150000,SCENARIO
2026-07-27,NEWCASTLE_AU_GOPALPUR,SUPRAMAX,COA_6M,25.67,5.0,300000,SCENARIO
2026-07-27,NEWCASTLE_AU_GOPALPUR,SUPRAMAX,COA_12M,26.41,8.0,600000,SCENARIO
2026-07-27,NEWCASTLE_AU_PARADIP,HANDYSIZE,SPOT,29.9,0.0,32000,SCENARIO
2026-07-27,NEWCASTLE_AU_PARADIP,HANDYSIZE,COA_3M,30.5,2.0,96000,SCENARIO
2026-07-27,NEWCASTLE_AU_PARADIP,HANDYSIZE,COA_6M,31.39,5.0,192000,SCENARIO
2026-07-27,NEWCASTLE_AU_PARADIP,HANDYSIZE,COA_12M,32.29,8.0,384000,SCENARIO
2026-07-27,NEWCASTLE_AU_PARADIP,PANAMAX,SPOT,20.53,0.0,70000,SCENARIO
2026-07-27,NEWCASTLE_AU_PARADIP,PANAMAX,COA_3M,20.94,2.0,210000,SCENARIO
2026-07-27,NEWCASTLE_AU_PARADIP,PANAMAX,COA_6M,21.56,5.0,420000,SCENARIO
2026-07-27,NEWCASTLE_AU_PARADIP,PANAMAX,COA_12M,22.17,8.0,840000,SCENARIO
2026-07-27,NEWCASTLE_AU_PARADIP,PANAMAX,SPOT,21.33,0.0,70000,SCENARIO
2026-07-27,NEWCASTLE_AU_PARADIP,PANAMAX,COA_3M,21.76,2.0,210000,SCENARIO
2026-07-27,NEWCASTLE_AU_PARADIP,PANAMAX,COA_6M,22.4,5.0,420000,SCENARIO
2026-07-27,NEWCASTLE_AU_PARADIP,PANAMAX,COA_12M,23.04,8.0,840000,SCENARIO
2026-07-27,NEWCASTLE_AU_PARADIP,SUPRAMAX,SPOT,24.42,0.0,50000,SCENARIO
2026-07-27,NEWCASTLE_AU_PARADIP,SUPRAMAX,COA_3M,24.91,2.0,150000,SCENARIO
2026-07-27,NEWCASTLE_AU_PARADIP,SUPRAMAX,COA_6M,25.64,5.0,300000,SCENARIO
2026-07-27,NEWCASTLE_AU_PARADIP,SUPRAMAX,COA_12M,26.37,8.0,600000,SCENARIO
2026-07-27,NEWCASTLE_AU_SANDHEADS,HANDYSIZE,SPOT,30.61,0.0,32000,SCENARIO
2026-07-27,NEWCASTLE_AU_SANDHEADS,HANDYSIZE,COA_3M,31.22,2.0,96000,SCENARIO
2026-07-27,NEWCASTLE_AU_SANDHEADS,HANDYSIZE,COA_6M,32.14,5.0,192000,SCENARIO
2026-07-27,NEWCASTLE_AU_SANDHEADS,HANDYSIZE,COA_12M,33.06,8.0,384000,SCENARIO
2026-07-27,NEWCASTLE_AU_SANDHEADS,PANAMAX,SPOT,21.0,0.0,70000,SCENARIO
2026-07-27,NEWCASTLE_AU_SANDHEADS,PANAMAX,COA_3M,21.42,2.0,210000,SCENARIO
2026-07-27,NEWCASTLE_AU_SANDHEADS,PANAMAX,COA_6M,22.05,5.0,420000,SCENARIO
2026-07-27,NEWCASTLE_AU_SANDHEADS,PANAMAX,COA_12M,22.68,8.0,840000,SCENARIO
2026-07-27,NEWCASTLE_AU_SANDHEADS,PANAMAX,SPOT,21.82,0.0,70000,SCENARIO
2026-07-27,NEWCASTLE_AU_SANDHEADS,PANAMAX,COA_3M,22.26,2.0,210000,SCENARIO
2026-07-27,NEWCASTLE_AU_SANDHEADS,PANAMAX,COA_6M,22.91,5.0,420000,SCENARIO
2026-07-27,NEWCASTLE_AU_SANDHEADS,PANAMAX,COA_12M,23.57,8.0,840000,SCENARIO
2026-07-27,NEWCASTLE_AU_SANDHEADS,SUPRAMAX,SPOT,25.0,0.0,50000,SCENARIO
2026-07-27,NEWCASTLE_AU_SANDHEADS,SUPRAMAX,COA_3M,25.5,2.0,150000,SCENARIO
2026-07-27,NEWCASTLE_AU_SANDHEADS,SUPRAMAX,COA_6M,26.25,5.0,300000,SCENARIO
2026-07-27,NEWCASTLE_AU_SANDHEADS,SUPRAMAX,COA_12M,27.0,8.0,600000,SCENARIO
2026-07-27,NEWCASTLE_AU_VIZAG,HANDYSIZE,SPOT,29.92,0.0,32000,SCENARIO
2026-07-27,NEWCASTLE_AU_VIZAG,HANDYSIZE,COA_3M,30.52,2.0,96000,SCENARIO
2026-07-27,NEWCASTLE_AU_VIZAG,HANDYSIZE,COA_6M,31.42,5.0,192000,SCENARIO
2026-07-27,NEWCASTLE_AU_VIZAG,HANDYSIZE,COA_12M,32.31,8.0,384000,SCENARIO
2026-07-27,NEWCASTLE_AU_VIZAG,PANAMAX,SPOT,20.54,0.0,70000,SCENARIO
2026-07-27,NEWCASTLE_AU_VIZAG,PANAMAX,COA_3M,20.95,2.0,210000,SCENARIO
2026-07-27,NEWCASTLE_AU_VIZAG,PANAMAX,COA_6M,21.57,5.0,420000,SCENARIO
2026-07-27,NEWCASTLE_AU_VIZAG,PANAMAX,COA_12M,22.18,8.0,840000,SCENARIO
2026-07-27,NEWCASTLE_AU_VIZAG,PANAMAX,SPOT,21.34,0.0,70000,SCENARIO
2026-07-27,NEWCASTLE_AU_VIZAG,PANAMAX,COA_3M,21.77,2.0,210000,SCENARIO
2026-07-27,NEWCASTLE_AU_VIZAG,PANAMAX,COA_6M,22.41,5.0,420000,SCENARIO
2026-07-27,NEWCASTLE_AU_VIZAG,PANAMAX,COA_12M,23.05,8.0,840000,SCENARIO
2026-07-27,NEWCASTLE_AU_VIZAG,SUPRAMAX,SPOT,24.44,0.0,50000,SCENARIO
2026-07-27,NEWCASTLE_AU_VIZAG,SUPRAMAX,COA_3M,24.93,2.0,150000,SCENARIO
2026-07-27,NEWCASTLE_AU_VIZAG,SUPRAMAX,COA_6M,25.66,5.0,300000,SCENARIO
2026-07-27,NEWCASTLE_AU_VIZAG,SUPRAMAX,COA_12M,26.4,8.0,600000,SCENARIO
2026-07-27,NORFOLK_US_PARADIP,HANDYSIZE,SPOT,52.15,0.0,32000,SCENARIO
2026-07-27,NORFOLK_US_PARADIP,HANDYSIZE,COA_3M,53.19,2.0,96000,SCENARIO
2026-07-27,NORFOLK_US_PARADIP,HANDYSIZE,COA_6M,54.76,5.0,192000,SCENARIO
2026-07-27,NORFOLK_US_PARADIP,HANDYSIZE,COA_12M,56.32,8.0,384000,SCENARIO
2026-07-27,NORFOLK_US_PARADIP,PANAMAX,SPOT,35.53,0.0,70000,SCENARIO
2026-07-27,NORFOLK_US_PARADIP,PANAMAX,COA_3M,36.24,2.0,210000,SCENARIO
2026-07-27,NORFOLK_US_PARADIP,PANAMAX,COA_6M,37.31,5.0,420000,SCENARIO
2026-07-27,NORFOLK_US_PARADIP,PANAMAX,COA_12M,38.37,8.0,840000,SCENARIO
2026-07-27,NORFOLK_US_PARADIP,PANAMAX,SPOT,36.81,0.0,70000,SCENARIO
2026-07-27,NORFOLK_US_PARADIP,PANAMAX,COA_3M,37.55,2.0,210000,SCENARIO
2026-07-27,NORFOLK_US_PARADIP,PANAMAX,COA_6M,38.65,5.0,420000,SCENARIO
2026-07-27,NORFOLK_US_PARADIP,PANAMAX,COA_12M,39.75,8.0,840000,SCENARIO
2026-07-27,NORFOLK_US_PARADIP,SUPRAMAX,SPOT,42.39,0.0,50000,SCENARIO
2026-07-27,NORFOLK_US_PARADIP,SUPRAMAX,COA_3M,43.24,2.0,150000,SCENARIO
2026-07-27,NORFOLK_US_PARADIP,SUPRAMAX,COA_6M,44.51,5.0,300000,SCENARIO
2026-07-27,NORFOLK_US_PARADIP,SUPRAMAX,COA_12M,45.78,8.0,600000,SCENARIO
2026-07-27,NORFOLK_US_VIZAG,HANDYSIZE,SPOT,51.45,0.0,32000,SCENARIO
2026-07-27,NORFOLK_US_VIZAG,HANDYSIZE,COA_3M,52.48,2.0,96000,SCENARIO
2026-07-27,NORFOLK_US_VIZAG,HANDYSIZE,COA_6M,54.02,5.0,192000,SCENARIO
2026-07-27,NORFOLK_US_VIZAG,HANDYSIZE,COA_12M,55.57,8.0,384000,SCENARIO
2026-07-27,NORFOLK_US_VIZAG,PANAMAX,SPOT,35.06,0.0,70000,SCENARIO
2026-07-27,NORFOLK_US_VIZAG,PANAMAX,COA_3M,35.76,2.0,210000,SCENARIO
2026-07-27,NORFOLK_US_VIZAG,PANAMAX,COA_6M,36.81,5.0,420000,SCENARIO
2026-07-27,NORFOLK_US_VIZAG,PANAMAX,COA_12M,37.86,8.0,840000,SCENARIO
2026-07-27,NORFOLK_US_VIZAG,PANAMAX,SPOT,36.33,0.0,70000,SCENARIO
2026-07-27,NORFOLK_US_VIZAG,PANAMAX,COA_3M,37.06,2.0,210000,SCENARIO
2026-07-27,NORFOLK_US_VIZAG,PANAMAX,COA_6M,38.15,5.0,420000,SCENARIO
2026-07-27,NORFOLK_US_VIZAG,PANAMAX,COA_12M,39.24,8.0,840000,SCENARIO
2026-07-27,NORFOLK_US_VIZAG,SUPRAMAX,SPOT,41.83,0.0,50000,SCENARIO
2026-07-27,NORFOLK_US_VIZAG,SUPRAMAX,COA_3M,42.67,2.0,150000,SCENARIO
2026-07-27,NORFOLK_US_VIZAG,SUPRAMAX,COA_6M,43.92,5.0,300000,SCENARIO
2026-07-27,NORFOLK_US_VIZAG,SUPRAMAX,COA_12M,45.18,8.0,600000,SCENARIO
2026-07-27,VOSTOCHNY_RU_PARADIP,HANDYSIZE,SPOT,28.96,0.0,32000,SCENARIO
2026-07-27,VOSTOCHNY_RU_PARADIP,HANDYSIZE,COA_3M,29.54,2.0,96000,SCENARIO
2026-07-27,VOSTOCHNY_RU_PARADIP,HANDYSIZE,COA_6M,30.41,5.0,192000,SCENARIO
2026-07-27,VOSTOCHNY_RU_PARADIP,HANDYSIZE,COA_12M,31.28,8.0,384000,SCENARIO
2026-07-27,VOSTOCHNY_RU_PARADIP,PANAMAX,SPOT,19.89,0.0,70000,SCENARIO
2026-07-27,VOSTOCHNY_RU_PARADIP,PANAMAX,COA_3M,20.29,2.0,210000,SCENARIO
2026-07-27,VOSTOCHNY_RU_PARADIP,PANAMAX,COA_6M,20.88,5.0,420000,SCENARIO
2026-07-27,VOSTOCHNY_RU_PARADIP,PANAMAX,COA_12M,21.48,8.0,840000,SCENARIO
2026-07-27,VOSTOCHNY_RU_PARADIP,PANAMAX,SPOT,20.67,0.0,70000,SCENARIO
2026-07-27,VOSTOCHNY_RU_PARADIP,PANAMAX,COA_3M,21.08,2.0,210000,SCENARIO
2026-07-27,VOSTOCHNY_RU_PARADIP,PANAMAX,COA_6M,21.7,5.0,420000,SCENARIO
2026-07-27,VOSTOCHNY_RU_PARADIP,PANAMAX,COA_12M,22.32,8.0,840000,SCENARIO
2026-07-27,VOSTOCHNY_RU_PARADIP,SUPRAMAX,SPOT,23.65,0.0,50000,SCENARIO
2026-07-27,VOSTOCHNY_RU_PARADIP,SUPRAMAX,COA_3M,24.12,2.0,150000,SCENARIO
2026-07-27,VOSTOCHNY_RU_PARADIP,SUPRAMAX,COA_6M,24.83,5.0,300000,SCENARIO
2026-07-27,VOSTOCHNY_RU_PARADIP,SUPRAMAX,COA_12M,25.54,8.0,600000,SCENARIO
2026-07-27,VOSTOCHNY_RU_VIZAG,HANDYSIZE,SPOT,28.73,0.0,32000,SCENARIO
2026-07-27,VOSTOCHNY_RU_VIZAG,HANDYSIZE,COA_3M,29.3,2.0,96000,SCENARIO
2026-07-27,VOSTOCHNY_RU_VIZAG,HANDYSIZE,COA_6M,30.17,5.0,192000,SCENARIO
2026-07-27,VOSTOCHNY_RU_VIZAG,HANDYSIZE,COA_12M,31.03,8.0,384000,SCENARIO
2026-07-27,VOSTOCHNY_RU_VIZAG,PANAMAX,SPOT,19.74,0.0,70000,SCENARIO
2026-07-27,VOSTOCHNY_RU_VIZAG,PANAMAX,COA_3M,20.13,2.0,210000,SCENARIO
2026-07-27,VOSTOCHNY_RU_VIZAG,PANAMAX,COA_6M,20.73,5.0,420000,SCENARIO
2026-07-27,VOSTOCHNY_RU_VIZAG,PANAMAX,COA_12M,21.32,8.0,840000,SCENARIO
2026-07-27,VOSTOCHNY_RU_VIZAG,PANAMAX,SPOT,20.51,0.0,70000,SCENARIO
2026-07-27,VOSTOCHNY_RU_VIZAG,PANAMAX,COA_3M,20.92,2.0,210000,SCENARIO
2026-07-27,VOSTOCHNY_RU_VIZAG,PANAMAX,COA_6M,21.54,5.0,420000,SCENARIO
2026-07-27,VOSTOCHNY_RU_VIZAG,PANAMAX,COA_12M,22.15,8.0,840000,SCENARIO
2026-07-27,VOSTOCHNY_RU_VIZAG,SUPRAMAX,SPOT,23.48,0.0,50000,SCENARIO
2026-07-27,VOSTOCHNY_RU_VIZAG,SUPRAMAX,COA_3M,23.95,2.0,150000,SCENARIO
2026-07-27,VOSTOCHNY_RU_VIZAG,SUPRAMAX,COA_6M,24.65,5.0,300000,SCENARIO
2026-07-27,VOSTOCHNY_RU_VIZAG,SUPRAMAX,COA_12M,25.36,8.0,600000,SCENARIO
2026-07-28,KALIMANTAN_ID_DHAMRA,HANDYSIZE,SPOT,15.14,0.0,32000,SCENARIO
2026-07-28,KALIMANTAN_ID_DHAMRA,HANDYSIZE,COA_3M,15.44,2.0,96000,SCENARIO
2026-07-28,KALIMANTAN_ID_DHAMRA,HANDYSIZE,COA_6M,15.9,5.0,192000,SCENARIO
2026-07-28,KALIMANTAN_ID_DHAMRA,HANDYSIZE,COA_12M,16.35,8.0,384000,SCENARIO
2026-07-28,KALIMANTAN_ID_DHAMRA,PANAMAX,SPOT,10.57,0.0,70000,SCENARIO
2026-07-28,KALIMANTAN_ID_DHAMRA,PANAMAX,COA_3M,10.78,2.0,210000,SCENARIO
2026-07-28,KALIMANTAN_ID_DHAMRA,PANAMAX,COA_6M,11.1,5.0,420000,SCENARIO
2026-07-28,KALIMANTAN_ID_DHAMRA,PANAMAX,COA_12M,11.42,8.0,840000,SCENARIO
2026-07-28,KALIMANTAN_ID_DHAMRA,PANAMAX,SPOT,11.05,0.0,70000,SCENARIO
2026-07-28,KALIMANTAN_ID_DHAMRA,PANAMAX,COA_3M,11.27,2.0,210000,SCENARIO
2026-07-28,KALIMANTAN_ID_DHAMRA,PANAMAX,COA_6M,11.6,5.0,420000,SCENARIO
2026-07-28,KALIMANTAN_ID_DHAMRA,PANAMAX,COA_12M,11.93,8.0,840000,SCENARIO
2026-07-28,KALIMANTAN_ID_DHAMRA,SUPRAMAX,SPOT,12.49,0.0,50000,SCENARIO
2026-07-28,KALIMANTAN_ID_DHAMRA,SUPRAMAX,COA_3M,12.74,2.0,150000,SCENARIO
2026-07-28,KALIMANTAN_ID_DHAMRA,SUPRAMAX,COA_6M,13.11,5.0,300000,SCENARIO
2026-07-28,KALIMANTAN_ID_DHAMRA,SUPRAMAX,COA_12M,13.49,8.0,600000,SCENARIO
2026-07-28,KALIMANTAN_ID_GANGAVARAM,HANDYSIZE,SPOT,14.62,0.0,32000,SCENARIO
2026-07-28,KALIMANTAN_ID_GANGAVARAM,HANDYSIZE,COA_3M,14.91,2.0,96000,SCENARIO
2026-07-28,KALIMANTAN_ID_GANGAVARAM,HANDYSIZE,COA_6M,15.35,5.0,192000,SCENARIO
2026-07-28,KALIMANTAN_ID_GANGAVARAM,HANDYSIZE,COA_12M,15.79,8.0,384000,SCENARIO
2026-07-28,KALIMANTAN_ID_GANGAVARAM,PANAMAX,SPOT,10.22,0.0,70000,SCENARIO
2026-07-28,KALIMANTAN_ID_GANGAVARAM,PANAMAX,COA_3M,10.42,2.0,210000,SCENARIO
2026-07-28,KALIMANTAN_ID_GANGAVARAM,PANAMAX,COA_6M,10.73,5.0,420000,SCENARIO
2026-07-28,KALIMANTAN_ID_GANGAVARAM,PANAMAX,COA_12M,11.04,8.0,840000,SCENARIO
2026-07-28,KALIMANTAN_ID_GANGAVARAM,PANAMAX,SPOT,10.69,0.0,70000,SCENARIO
2026-07-28,KALIMANTAN_ID_GANGAVARAM,PANAMAX,COA_3M,10.9,2.0,210000,SCENARIO
2026-07-28,KALIMANTAN_ID_GANGAVARAM,PANAMAX,COA_6M,11.22,5.0,420000,SCENARIO
2026-07-28,KALIMANTAN_ID_GANGAVARAM,PANAMAX,COA_12M,11.55,8.0,840000,SCENARIO
2026-07-28,KALIMANTAN_ID_GANGAVARAM,SUPRAMAX,SPOT,12.08,0.0,50000,SCENARIO
2026-07-28,KALIMANTAN_ID_GANGAVARAM,SUPRAMAX,COA_3M,12.32,2.0,150000,SCENARIO
2026-07-28,KALIMANTAN_ID_GANGAVARAM,SUPRAMAX,COA_6M,12.68,5.0,300000,SCENARIO
2026-07-28,KALIMANTAN_ID_GANGAVARAM,SUPRAMAX,COA_12M,13.05,8.0,600000,SCENARIO
2026-07-28,KALIMANTAN_ID_GOPALPUR,HANDYSIZE,SPOT,15.19,0.0,32000,SCENARIO
2026-07-28,KALIMANTAN_ID_GOPALPUR,HANDYSIZE,COA_3M,15.49,2.0,96000,SCENARIO
2026-07-28,KALIMANTAN_ID_GOPALPUR,HANDYSIZE,COA_6M,15.95,5.0,192000,SCENARIO
2026-07-28,KALIMANTAN_ID_GOPALPUR,HANDYSIZE,COA_12M,16.41,8.0,384000,SCENARIO
2026-07-28,KALIMANTAN_ID_GOPALPUR,PANAMAX,SPOT,11.09,0.0,70000,SCENARIO
2026-07-28,KALIMANTAN_ID_GOPALPUR,PANAMAX,COA_3M,11.31,2.0,210000,SCENARIO
2026-07-28,KALIMANTAN_ID_GOPALPUR,PANAMAX,COA_6M,11.64,5.0,420000,SCENARIO
2026-07-28,KALIMANTAN_ID_GOPALPUR,PANAMAX,COA_12M,11.98,8.0,840000,SCENARIO
2026-07-28,KALIMANTAN_ID_GOPALPUR,SUPRAMAX,SPOT,12.55,0.0,50000,SCENARIO
2026-07-28,KALIMANTAN_ID_GOPALPUR,SUPRAMAX,COA_3M,12.8,2.0,150000,SCENARIO
2026-07-28,KALIMANTAN_ID_GOPALPUR,SUPRAMAX,COA_6M,13.18,5.0,300000,SCENARIO
2026-07-28,KALIMANTAN_ID_GOPALPUR,SUPRAMAX,COA_12M,13.55,8.0,600000,SCENARIO
2026-07-28,KALIMANTAN_ID_PARADIP,HANDYSIZE,SPOT,15.27,0.0,32000,SCENARIO
2026-07-28,KALIMANTAN_ID_PARADIP,HANDYSIZE,COA_3M,15.58,2.0,96000,SCENARIO
2026-07-28,KALIMANTAN_ID_PARADIP,HANDYSIZE,COA_6M,16.03,5.0,192000,SCENARIO
2026-07-28,KALIMANTAN_ID_PARADIP,HANDYSIZE,COA_12M,16.49,8.0,384000,SCENARIO
2026-07-28,KALIMANTAN_ID_PARADIP,PANAMAX,SPOT,10.66,0.0,70000,SCENARIO
2026-07-28,KALIMANTAN_ID_PARADIP,PANAMAX,COA_3M,10.87,2.0,210000,SCENARIO
2026-07-28,KALIMANTAN_ID_PARADIP,PANAMAX,COA_6M,11.19,5.0,420000,SCENARIO
2026-07-28,KALIMANTAN_ID_PARADIP,PANAMAX,COA_12M,11.51,8.0,840000,SCENARIO
2026-07-28,KALIMANTAN_ID_PARADIP,PANAMAX,SPOT,11.14,0.0,70000,SCENARIO
2026-07-28,KALIMANTAN_ID_PARADIP,PANAMAX,COA_3M,11.36,2.0,210000,SCENARIO
2026-07-28,KALIMANTAN_ID_PARADIP,PANAMAX,COA_6M,11.7,5.0,420000,SCENARIO
2026-07-28,KALIMANTAN_ID_PARADIP,PANAMAX,COA_12M,12.03,8.0,840000,SCENARIO
2026-07-28,KALIMANTAN_ID_PARADIP,SUPRAMAX,SPOT,12.61,0.0,50000,SCENARIO
2026-07-28,KALIMANTAN_ID_PARADIP,SUPRAMAX,COA_3M,12.86,2.0,150000,SCENARIO
2026-07-28,KALIMANTAN_ID_PARADIP,SUPRAMAX,COA_6M,13.24,5.0,300000,SCENARIO
2026-07-28,KALIMANTAN_ID_PARADIP,SUPRAMAX,COA_12M,13.62,8.0,600000,SCENARIO
2026-07-28,KALIMANTAN_ID_SANDHEADS,HANDYSIZE,SPOT,16.0,0.0,32000,SCENARIO
2026-07-28,KALIMANTAN_ID_SANDHEADS,HANDYSIZE,COA_3M,16.32,2.0,96000,SCENARIO
2026-07-28,KALIMANTAN_ID_SANDHEADS,HANDYSIZE,COA_6M,16.8,5.0,192000,SCENARIO
2026-07-28,KALIMANTAN_ID_SANDHEADS,HANDYSIZE,COA_12M,17.28,8.0,384000,SCENARIO
2026-07-28,KALIMANTAN_ID_SANDHEADS,PANAMAX,SPOT,11.15,0.0,70000,SCENARIO
2026-07-28,KALIMANTAN_ID_SANDHEADS,PANAMAX,COA_3M,11.37,2.0,210000,SCENARIO
2026-07-28,KALIMANTAN_ID_SANDHEADS,PANAMAX,COA_6M,11.71,5.0,420000,SCENARIO
2026-07-28,KALIMANTAN_ID_SANDHEADS,PANAMAX,COA_12M,12.04,8.0,840000,SCENARIO
2026-07-28,KALIMANTAN_ID_SANDHEADS,PANAMAX,SPOT,11.65,0.0,70000,SCENARIO
2026-07-28,KALIMANTAN_ID_SANDHEADS,PANAMAX,COA_3M,11.88,2.0,210000,SCENARIO
2026-07-28,KALIMANTAN_ID_SANDHEADS,PANAMAX,COA_6M,12.23,5.0,420000,SCENARIO
2026-07-28,KALIMANTAN_ID_SANDHEADS,PANAMAX,COA_12M,12.58,8.0,840000,SCENARIO
2026-07-28,KALIMANTAN_ID_SANDHEADS,SUPRAMAX,SPOT,13.21,0.0,50000,SCENARIO
2026-07-28,KALIMANTAN_ID_SANDHEADS,SUPRAMAX,COA_3M,13.47,2.0,150000,SCENARIO
2026-07-28,KALIMANTAN_ID_SANDHEADS,SUPRAMAX,COA_6M,13.87,5.0,300000,SCENARIO
2026-07-28,KALIMANTAN_ID_SANDHEADS,SUPRAMAX,COA_12M,14.27,8.0,600000,SCENARIO
2026-07-28,KALIMANTAN_ID_VIZAG,HANDYSIZE,SPOT,15.06,0.0,32000,SCENARIO
2026-07-28,KALIMANTAN_ID_VIZAG,HANDYSIZE,COA_3M,15.36,2.0,96000,SCENARIO
2026-07-28,KALIMANTAN_ID_VIZAG,HANDYSIZE,COA_6M,15.81,5.0,192000,SCENARIO
2026-07-28,KALIMANTAN_ID_VIZAG,HANDYSIZE,COA_12M,16.26,8.0,384000,SCENARIO
2026-07-28,KALIMANTAN_ID_VIZAG,PANAMAX,SPOT,10.52,0.0,70000,SCENARIO
2026-07-28,KALIMANTAN_ID_VIZAG,PANAMAX,COA_3M,10.73,2.0,210000,SCENARIO
2026-07-28,KALIMANTAN_ID_VIZAG,PANAMAX,COA_6M,11.05,5.0,420000,SCENARIO
2026-07-28,KALIMANTAN_ID_VIZAG,PANAMAX,COA_12M,11.36,8.0,840000,SCENARIO
2026-07-28,KALIMANTAN_ID_VIZAG,PANAMAX,SPOT,10.99,0.0,70000,SCENARIO
2026-07-28,KALIMANTAN_ID_VIZAG,PANAMAX,COA_3M,11.21,2.0,210000,SCENARIO
2026-07-28,KALIMANTAN_ID_VIZAG,PANAMAX,COA_6M,11.54,5.0,420000,SCENARIO
2026-07-28,KALIMANTAN_ID_VIZAG,PANAMAX,COA_12M,11.87,8.0,840000,SCENARIO
2026-07-28,KALIMANTAN_ID_VIZAG,SUPRAMAX,SPOT,12.44,0.0,50000,SCENARIO
2026-07-28,KALIMANTAN_ID_VIZAG,SUPRAMAX,COA_3M,12.69,2.0,150000,SCENARIO
2026-07-28,KALIMANTAN_ID_VIZAG,SUPRAMAX,COA_6M,13.06,5.0,300000,SCENARIO
2026-07-28,KALIMANTAN_ID_VIZAG,SUPRAMAX,COA_12M,13.44,8.0,600000,SCENARIO
2026-07-28,MAPUTO_MZ_PARADIP,HANDYSIZE,SPOT,21.73,0.0,32000,SCENARIO
2026-07-28,MAPUTO_MZ_PARADIP,HANDYSIZE,COA_3M,22.16,2.0,96000,SCENARIO
2026-07-28,MAPUTO_MZ_PARADIP,HANDYSIZE,COA_6M,22.82,5.0,192000,SCENARIO
2026-07-28,MAPUTO_MZ_PARADIP,HANDYSIZE,COA_12M,23.47,8.0,384000,SCENARIO
2026-07-28,MAPUTO_MZ_PARADIP,PANAMAX,SPOT,15.01,0.0,70000,SCENARIO
2026-07-28,MAPUTO_MZ_PARADIP,PANAMAX,COA_3M,15.31,2.0,210000,SCENARIO
2026-07-28,MAPUTO_MZ_PARADIP,PANAMAX,COA_6M,15.76,5.0,420000,SCENARIO
2026-07-28,MAPUTO_MZ_PARADIP,PANAMAX,COA_12M,16.21,8.0,840000,SCENARIO
2026-07-28,MAPUTO_MZ_PARADIP,PANAMAX,SPOT,15.63,0.0,70000,SCENARIO
2026-07-28,MAPUTO_MZ_PARADIP,PANAMAX,COA_3M,15.94,2.0,210000,SCENARIO
2026-07-28,MAPUTO_MZ_PARADIP,PANAMAX,COA_6M,16.41,5.0,420000,SCENARIO
2026-07-28,MAPUTO_MZ_PARADIP,PANAMAX,COA_12M,16.88,8.0,840000,SCENARIO
2026-07-28,MAPUTO_MZ_PARADIP,SUPRAMAX,SPOT,17.82,0.0,50000,SCENARIO
2026-07-28,MAPUTO_MZ_PARADIP,SUPRAMAX,COA_3M,18.18,2.0,150000,SCENARIO
2026-07-28,MAPUTO_MZ_PARADIP,SUPRAMAX,COA_6M,18.71,5.0,300000,SCENARIO
2026-07-28,MAPUTO_MZ_PARADIP,SUPRAMAX,COA_12M,19.25,8.0,600000,SCENARIO
2026-07-28,MAPUTO_MZ_VIZAG,HANDYSIZE,SPOT,21.04,0.0,32000,SCENARIO
2026-07-28,MAPUTO_MZ_VIZAG,HANDYSIZE,COA_3M,21.46,2.0,96000,SCENARIO
2026-07-28,MAPUTO_MZ_VIZAG,HANDYSIZE,COA_6M,22.09,5.0,192000,SCENARIO
2026-07-28,MAPUTO_MZ_VIZAG,HANDYSIZE,COA_12M,22.72,8.0,384000,SCENARIO
2026-07-28,MAPUTO_MZ_VIZAG,PANAMAX,SPOT,14.55,0.0,70000,SCENARIO
2026-07-28,MAPUTO_MZ_VIZAG,PANAMAX,COA_3M,14.84,2.0,210000,SCENARIO
2026-07-28,MAPUTO_MZ_VIZAG,PANAMAX,COA_6M,15.28,5.0,420000,SCENARIO
2026-07-28,MAPUTO_MZ_VIZAG,PANAMAX,COA_12M,15.71,8.0,840000,SCENARIO
2026-07-28,MAPUTO_MZ_VIZAG,PANAMAX,SPOT,15.16,0.0,70000,SCENARIO
2026-07-28,MAPUTO_MZ_VIZAG,PANAMAX,COA_3M,15.46,2.0,210000,SCENARIO
2026-07-28,MAPUTO_MZ_VIZAG,PANAMAX,COA_6M,15.92,5.0,420000,SCENARIO
2026-07-28,MAPUTO_MZ_VIZAG,PANAMAX,COA_12M,16.37,8.0,840000,SCENARIO
2026-07-28,MAPUTO_MZ_VIZAG,SUPRAMAX,SPOT,17.27,0.0,50000,SCENARIO
2026-07-28,MAPUTO_MZ_VIZAG,SUPRAMAX,COA_3M,17.62,2.0,150000,SCENARIO
2026-07-28,MAPUTO_MZ_VIZAG,SUPRAMAX,COA_6M,18.13,5.0,300000,SCENARIO
2026-07-28,MAPUTO_MZ_VIZAG,SUPRAMAX,COA_12M,18.65,8.0,600000,SCENARIO
2026-07-28,NEWCASTLE_AU_DHAMRA,HANDYSIZE,SPOT,29.59,0.0,32000,SCENARIO
2026-07-28,NEWCASTLE_AU_DHAMRA,HANDYSIZE,COA_3M,30.18,2.0,96000,SCENARIO
2026-07-28,NEWCASTLE_AU_DHAMRA,HANDYSIZE,COA_6M,31.07,5.0,192000,SCENARIO
2026-07-28,NEWCASTLE_AU_DHAMRA,HANDYSIZE,COA_12M,31.96,8.0,384000,SCENARIO
2026-07-28,NEWCASTLE_AU_DHAMRA,PANAMAX,SPOT,20.32,0.0,70000,SCENARIO
2026-07-28,NEWCASTLE_AU_DHAMRA,PANAMAX,COA_3M,20.73,2.0,210000,SCENARIO
2026-07-28,NEWCASTLE_AU_DHAMRA,PANAMAX,COA_6M,21.34,5.0,420000,SCENARIO
2026-07-28,NEWCASTLE_AU_DHAMRA,PANAMAX,COA_12M,21.95,8.0,840000,SCENARIO
2026-07-28,NEWCASTLE_AU_DHAMRA,PANAMAX,SPOT,21.11,0.0,70000,SCENARIO
2026-07-28,NEWCASTLE_AU_DHAMRA,PANAMAX,COA_3M,21.53,2.0,210000,SCENARIO
2026-07-28,NEWCASTLE_AU_DHAMRA,PANAMAX,COA_6M,22.17,5.0,420000,SCENARIO
2026-07-28,NEWCASTLE_AU_DHAMRA,PANAMAX,COA_12M,22.8,8.0,840000,SCENARIO
2026-07-28,NEWCASTLE_AU_DHAMRA,SUPRAMAX,SPOT,24.17,0.0,50000,SCENARIO
2026-07-28,NEWCASTLE_AU_DHAMRA,SUPRAMAX,COA_3M,24.65,2.0,150000,SCENARIO
2026-07-28,NEWCASTLE_AU_DHAMRA,SUPRAMAX,COA_6M,25.38,5.0,300000,SCENARIO
2026-07-28,NEWCASTLE_AU_DHAMRA,SUPRAMAX,COA_12M,26.1,8.0,600000,SCENARIO
2026-07-28,NEWCASTLE_AU_GANGAVARAM,HANDYSIZE,SPOT,29.29,0.0,32000,SCENARIO
2026-07-28,NEWCASTLE_AU_GANGAVARAM,HANDYSIZE,COA_3M,29.88,2.0,96000,SCENARIO
2026-07-28,NEWCASTLE_AU_GANGAVARAM,HANDYSIZE,COA_6M,30.75,5.0,192000,SCENARIO
2026-07-28,NEWCASTLE_AU_GANGAVARAM,HANDYSIZE,COA_12M,31.63,8.0,384000,SCENARIO
2026-07-28,NEWCASTLE_AU_GANGAVARAM,PANAMAX,SPOT,20.11,0.0,70000,SCENARIO
2026-07-28,NEWCASTLE_AU_GANGAVARAM,PANAMAX,COA_3M,20.51,2.0,210000,SCENARIO
2026-07-28,NEWCASTLE_AU_GANGAVARAM,PANAMAX,COA_6M,21.12,5.0,420000,SCENARIO
2026-07-28,NEWCASTLE_AU_GANGAVARAM,PANAMAX,COA_12M,21.72,8.0,840000,SCENARIO
2026-07-28,NEWCASTLE_AU_GANGAVARAM,PANAMAX,SPOT,20.9,0.0,70000,SCENARIO
2026-07-28,NEWCASTLE_AU_GANGAVARAM,PANAMAX,COA_3M,21.32,2.0,210000,SCENARIO
2026-07-28,NEWCASTLE_AU_GANGAVARAM,PANAMAX,COA_6M,21.95,5.0,420000,SCENARIO
2026-07-28,NEWCASTLE_AU_GANGAVARAM,PANAMAX,COA_12M,22.57,8.0,840000,SCENARIO
2026-07-28,NEWCASTLE_AU_GANGAVARAM,SUPRAMAX,SPOT,23.92,0.0,50000,SCENARIO
2026-07-28,NEWCASTLE_AU_GANGAVARAM,SUPRAMAX,COA_3M,24.4,2.0,150000,SCENARIO
2026-07-28,NEWCASTLE_AU_GANGAVARAM,SUPRAMAX,COA_6M,25.12,5.0,300000,SCENARIO
2026-07-28,NEWCASTLE_AU_GANGAVARAM,SUPRAMAX,COA_12M,25.83,8.0,600000,SCENARIO
2026-07-28,NEWCASTLE_AU_GOPALPUR,HANDYSIZE,SPOT,29.74,0.0,32000,SCENARIO
2026-07-28,NEWCASTLE_AU_GOPALPUR,HANDYSIZE,COA_3M,30.33,2.0,96000,SCENARIO
2026-07-28,NEWCASTLE_AU_GOPALPUR,HANDYSIZE,COA_6M,31.23,5.0,192000,SCENARIO
2026-07-28,NEWCASTLE_AU_GOPALPUR,HANDYSIZE,COA_12M,32.12,8.0,384000,SCENARIO
2026-07-28,NEWCASTLE_AU_GOPALPUR,PANAMAX,SPOT,21.21,0.0,70000,SCENARIO
2026-07-28,NEWCASTLE_AU_GOPALPUR,PANAMAX,COA_3M,21.63,2.0,210000,SCENARIO
2026-07-28,NEWCASTLE_AU_GOPALPUR,PANAMAX,COA_6M,22.27,5.0,420000,SCENARIO
2026-07-28,NEWCASTLE_AU_GOPALPUR,PANAMAX,COA_12M,22.91,8.0,840000,SCENARIO
2026-07-28,NEWCASTLE_AU_GOPALPUR,SUPRAMAX,SPOT,24.3,0.0,50000,SCENARIO
2026-07-28,NEWCASTLE_AU_GOPALPUR,SUPRAMAX,COA_3M,24.79,2.0,150000,SCENARIO
2026-07-28,NEWCASTLE_AU_GOPALPUR,SUPRAMAX,COA_6M,25.52,5.0,300000,SCENARIO
2026-07-28,NEWCASTLE_AU_GOPALPUR,SUPRAMAX,COA_12M,26.24,8.0,600000,SCENARIO
2026-07-28,NEWCASTLE_AU_PARADIP,HANDYSIZE,SPOT,29.7,0.0,32000,SCENARIO
2026-07-28,NEWCASTLE_AU_PARADIP,HANDYSIZE,COA_3M,30.29,2.0,96000,SCENARIO
2026-07-28,NEWCASTLE_AU_PARADIP,HANDYSIZE,COA_6M,31.19,5.0,192000,SCENARIO
2026-07-28,NEWCASTLE_AU_PARADIP,HANDYSIZE,COA_12M,32.08,8.0,384000,SCENARIO
2026-07-28,NEWCASTLE_AU_PARADIP,PANAMAX,SPOT,20.39,0.0,70000,SCENARIO
2026-07-28,NEWCASTLE_AU_PARADIP,PANAMAX,COA_3M,20.8,2.0,210000,SCENARIO
2026-07-28,NEWCASTLE_AU_PARADIP,PANAMAX,COA_6M,21.41,5.0,420000,SCENARIO
2026-07-28,NEWCASTLE_AU_PARADIP,PANAMAX,COA_12M,22.02,8.0,840000,SCENARIO
2026-07-28,NEWCASTLE_AU_PARADIP,PANAMAX,SPOT,21.19,0.0,70000,SCENARIO
2026-07-28,NEWCASTLE_AU_PARADIP,PANAMAX,COA_3M,21.61,2.0,210000,SCENARIO
2026-07-28,NEWCASTLE_AU_PARADIP,PANAMAX,COA_6M,22.25,5.0,420000,SCENARIO
2026-07-28,NEWCASTLE_AU_PARADIP,PANAMAX,COA_12M,22.89,8.0,840000,SCENARIO
2026-07-28,NEWCASTLE_AU_PARADIP,SUPRAMAX,SPOT,24.27,0.0,50000,SCENARIO
2026-07-28,NEWCASTLE_AU_PARADIP,SUPRAMAX,COA_3M,24.76,2.0,150000,SCENARIO
2026-07-28,NEWCASTLE_AU_PARADIP,SUPRAMAX,COA_6M,25.48,5.0,300000,SCENARIO
2026-07-28,NEWCASTLE_AU_PARADIP,SUPRAMAX,COA_12M,26.21,8.0,600000,SCENARIO
2026-07-28,NEWCASTLE_AU_SANDHEADS,HANDYSIZE,SPOT,30.41,0.0,32000,SCENARIO
2026-07-28,NEWCASTLE_AU_SANDHEADS,HANDYSIZE,COA_3M,31.02,2.0,96000,SCENARIO
2026-07-28,NEWCASTLE_AU_SANDHEADS,HANDYSIZE,COA_6M,31.93,5.0,192000,SCENARIO
2026-07-28,NEWCASTLE_AU_SANDHEADS,HANDYSIZE,COA_12M,32.84,8.0,384000,SCENARIO
2026-07-28,NEWCASTLE_AU_SANDHEADS,PANAMAX,SPOT,20.87,0.0,70000,SCENARIO
2026-07-28,NEWCASTLE_AU_SANDHEADS,PANAMAX,COA_3M,21.29,2.0,210000,SCENARIO
2026-07-28,NEWCASTLE_AU_SANDHEADS,PANAMAX,COA_6M,21.91,5.0,420000,SCENARIO
2026-07-28,NEWCASTLE_AU_SANDHEADS,PANAMAX,COA_12M,22.54,8.0,840000,SCENARIO
2026-07-28,NEWCASTLE_AU_SANDHEADS,PANAMAX,SPOT,21.68,0.0,70000,SCENARIO
2026-07-28,NEWCASTLE_AU_SANDHEADS,PANAMAX,COA_3M,22.11,2.0,210000,SCENARIO
2026-07-28,NEWCASTLE_AU_SANDHEADS,PANAMAX,COA_6M,22.76,5.0,420000,SCENARIO
2026-07-28,NEWCASTLE_AU_SANDHEADS,PANAMAX,COA_12M,23.41,8.0,840000,SCENARIO
2026-07-28,NEWCASTLE_AU_SANDHEADS,SUPRAMAX,SPOT,24.85,0.0,50000,SCENARIO
2026-07-28,NEWCASTLE_AU_SANDHEADS,SUPRAMAX,COA_3M,25.35,2.0,150000,SCENARIO
2026-07-28,NEWCASTLE_AU_SANDHEADS,SUPRAMAX,COA_6M,26.09,5.0,300000,SCENARIO
2026-07-28,NEWCASTLE_AU_SANDHEADS,SUPRAMAX,COA_12M,26.84,8.0,600000,SCENARIO
2026-07-28,NEWCASTLE_AU_VIZAG,HANDYSIZE,SPOT,29.72,0.0,32000,SCENARIO
2026-07-28,NEWCASTLE_AU_VIZAG,HANDYSIZE,COA_3M,30.31,2.0,96000,SCENARIO
2026-07-28,NEWCASTLE_AU_VIZAG,HANDYSIZE,COA_6M,31.21,5.0,192000,SCENARIO
2026-07-28,NEWCASTLE_AU_VIZAG,HANDYSIZE,COA_12M,32.1,8.0,384000,SCENARIO
2026-07-28,NEWCASTLE_AU_VIZAG,PANAMAX,SPOT,20.4,0.0,70000,SCENARIO
2026-07-28,NEWCASTLE_AU_VIZAG,PANAMAX,COA_3M,20.81,2.0,210000,SCENARIO
2026-07-28,NEWCASTLE_AU_VIZAG,PANAMAX,COA_6M,21.42,5.0,420000,SCENARIO
2026-07-28,NEWCASTLE_AU_VIZAG,PANAMAX,COA_12M,22.03,8.0,840000,SCENARIO
2026-07-28,NEWCASTLE_AU_VIZAG,PANAMAX,SPOT,21.2,0.0,70000,SCENARIO
2026-07-28,NEWCASTLE_AU_VIZAG,PANAMAX,COA_3M,21.62,2.0,210000,SCENARIO
2026-07-28,NEWCASTLE_AU_VIZAG,PANAMAX,COA_6M,22.26,5.0,420000,SCENARIO
2026-07-28,NEWCASTLE_AU_VIZAG,PANAMAX,COA_12M,22.9,8.0,840000,SCENARIO
2026-07-28,NEWCASTLE_AU_VIZAG,SUPRAMAX,SPOT,24.29,0.0,50000,SCENARIO
2026-07-28,NEWCASTLE_AU_VIZAG,SUPRAMAX,COA_3M,24.78,2.0,150000,SCENARIO
2026-07-28,NEWCASTLE_AU_VIZAG,SUPRAMAX,COA_6M,25.5,5.0,300000,SCENARIO
2026-07-28,NEWCASTLE_AU_VIZAG,SUPRAMAX,COA_12M,26.23,8.0,600000,SCENARIO
2026-07-28,NORFOLK_US_PARADIP,HANDYSIZE,SPOT,51.76,0.0,32000,SCENARIO
2026-07-28,NORFOLK_US_PARADIP,HANDYSIZE,COA_3M,52.8,2.0,96000,SCENARIO
2026-07-28,NORFOLK_US_PARADIP,HANDYSIZE,COA_6M,54.35,5.0,192000,SCENARIO
2026-07-28,NORFOLK_US_PARADIP,HANDYSIZE,COA_12M,55.9,8.0,384000,SCENARIO
2026-07-28,NORFOLK_US_PARADIP,PANAMAX,SPOT,35.26,0.0,70000,SCENARIO
2026-07-28,NORFOLK_US_PARADIP,PANAMAX,COA_3M,35.97,2.0,210000,SCENARIO
2026-07-28,NORFOLK_US_PARADIP,PANAMAX,COA_6M,37.02,5.0,420000,SCENARIO
2026-07-28,NORFOLK_US_PARADIP,PANAMAX,COA_12M,38.08,8.0,840000,SCENARIO
2026-07-28,NORFOLK_US_PARADIP,PANAMAX,SPOT,36.53,0.0,70000,SCENARIO
2026-07-28,NORFOLK_US_PARADIP,PANAMAX,COA_3M,37.26,2.0,210000,SCENARIO
2026-07-28,NORFOLK_US_PARADIP,PANAMAX,COA_6M,38.36,5.0,420000,SCENARIO
2026-07-28,NORFOLK_US_PARADIP,PANAMAX,COA_12M,39.45,8.0,840000,SCENARIO
2026-07-28,NORFOLK_US_PARADIP,SUPRAMAX,SPOT,42.09,0.0,50000,SCENARIO
2026-07-28,NORFOLK_US_PARADIP,SUPRAMAX,COA_3M,42.93,2.0,150000,SCENARIO
2026-07-28,NORFOLK_US_PARADIP,SUPRAMAX,COA_6M,44.19,5.0,300000,SCENARIO
2026-07-28,NORFOLK_US_PARADIP,SUPRAMAX,COA_12M,45.46,8.0,600000,SCENARIO
2026-07-28,NORFOLK_US_VIZAG,HANDYSIZE,SPOT,51.08,0.0,32000,SCENARIO
2026-07-28,NORFOLK_US_VIZAG,HANDYSIZE,COA_3M,52.1,2.0,96000,SCENARIO
2026-07-28,NORFOLK_US_VIZAG,HANDYSIZE,COA_6M,53.63,5.0,192000,SCENARIO
2026-07-28,NORFOLK_US_VIZAG,HANDYSIZE,COA_12M,55.17,8.0,384000,SCENARIO
2026-07-28,NORFOLK_US_VIZAG,PANAMAX,SPOT,34.8,0.0,70000,SCENARIO
2026-07-28,NORFOLK_US_VIZAG,PANAMAX,COA_3M,35.5,2.0,210000,SCENARIO
2026-07-28,NORFOLK_US_VIZAG,PANAMAX,COA_6M,36.54,5.0,420000,SCENARIO
2026-07-28,NORFOLK_US_VIZAG,PANAMAX,COA_12M,37.58,8.0,840000,SCENARIO
2026-07-28,NORFOLK_US_VIZAG,PANAMAX,SPOT,36.06,0.0,70000,SCENARIO
2026-07-28,NORFOLK_US_VIZAG,PANAMAX,COA_3M,36.78,2.0,210000,SCENARIO
2026-07-28,NORFOLK_US_VIZAG,PANAMAX,COA_6M,37.86,5.0,420000,SCENARIO
2026-07-28,NORFOLK_US_VIZAG,PANAMAX,COA_12M,38.94,8.0,840000,SCENARIO
2026-07-28,NORFOLK_US_VIZAG,SUPRAMAX,SPOT,41.54,0.0,50000,SCENARIO
2026-07-28,NORFOLK_US_VIZAG,SUPRAMAX,COA_3M,42.37,2.0,150000,SCENARIO
2026-07-28,NORFOLK_US_VIZAG,SUPRAMAX,COA_6M,43.62,5.0,300000,SCENARIO
2026-07-28,NORFOLK_US_VIZAG,SUPRAMAX,COA_12M,44.86,8.0,600000,SCENARIO
2026-07-28,VOSTOCHNY_RU_PARADIP,HANDYSIZE,SPOT,28.77,0.0,32000,SCENARIO
2026-07-28,VOSTOCHNY_RU_PARADIP,HANDYSIZE,COA_3M,29.35,2.0,96000,SCENARIO
2026-07-28,VOSTOCHNY_RU_PARADIP,HANDYSIZE,COA_6M,30.21,5.0,192000,SCENARIO
2026-07-28,VOSTOCHNY_RU_PARADIP,HANDYSIZE,COA_12M,31.07,8.0,384000,SCENARIO
2026-07-28,VOSTOCHNY_RU_PARADIP,PANAMAX,SPOT,19.76,0.0,70000,SCENARIO
2026-07-28,VOSTOCHNY_RU_PARADIP,PANAMAX,COA_3M,20.16,2.0,210000,SCENARIO
2026-07-28,VOSTOCHNY_RU_PARADIP,PANAMAX,COA_6M,20.75,5.0,420000,SCENARIO
2026-07-28,VOSTOCHNY_RU_PARADIP,PANAMAX,COA_12M,21.34,8.0,840000,SCENARIO
2026-07-28,VOSTOCHNY_RU_PARADIP,PANAMAX,SPOT,20.53,0.0,70000,SCENARIO
2026-07-28,VOSTOCHNY_RU_PARADIP,PANAMAX,COA_3M,20.94,2.0,210000,SCENARIO
2026-07-28,VOSTOCHNY_RU_PARADIP,PANAMAX,COA_6M,21.56,5.0,420000,SCENARIO
2026-07-28,VOSTOCHNY_RU_PARADIP,PANAMAX,COA_12M,22.17,8.0,840000,SCENARIO
2026-07-28,VOSTOCHNY_RU_PARADIP,SUPRAMAX,SPOT,23.51,0.0,50000,SCENARIO
2026-07-28,VOSTOCHNY_RU_PARADIP,SUPRAMAX,COA_3M,23.98,2.0,150000,SCENARIO
2026-07-28,VOSTOCHNY_RU_PARADIP,SUPRAMAX,COA_6M,24.69,5.0,300000,SCENARIO
2026-07-28,VOSTOCHNY_RU_PARADIP,SUPRAMAX,COA_12M,25.39,8.0,600000,SCENARIO
2026-07-28,VOSTOCHNY_RU_VIZAG,HANDYSIZE,SPOT,28.55,0.0,32000,SCENARIO
2026-07-28,VOSTOCHNY_RU_VIZAG,HANDYSIZE,COA_3M,29.12,2.0,96000,SCENARIO
2026-07-28,VOSTOCHNY_RU_VIZAG,HANDYSIZE,COA_6M,29.98,5.0,192000,SCENARIO
2026-07-28,VOSTOCHNY_RU_VIZAG,HANDYSIZE,COA_12M,30.83,8.0,384000,SCENARIO
2026-07-28,VOSTOCHNY_RU_VIZAG,PANAMAX,SPOT,19.61,0.0,70000,SCENARIO
2026-07-28,VOSTOCHNY_RU_VIZAG,PANAMAX,COA_3M,20.0,2.0,210000,SCENARIO
2026-07-28,VOSTOCHNY_RU_VIZAG,PANAMAX,COA_6M,20.59,5.0,420000,SCENARIO
2026-07-28,VOSTOCHNY_RU_VIZAG,PANAMAX,COA_12M,21.18,8.0,840000,SCENARIO
2026-07-28,VOSTOCHNY_RU_VIZAG,PANAMAX,SPOT,20.38,0.0,70000,SCENARIO
2026-07-28,VOSTOCHNY_RU_VIZAG,PANAMAX,COA_3M,20.79,2.0,210000,SCENARIO
2026-07-28,VOSTOCHNY_RU_VIZAG,PANAMAX,COA_6M,21.4,5.0,420000,SCENARIO
2026-07-28,VOSTOCHNY_RU_VIZAG,PANAMAX,COA_12M,22.01,8.0,840000,SCENARIO
2026-07-28,VOSTOCHNY_RU_VIZAG,SUPRAMAX,SPOT,23.34,0.0,50000,SCENARIO
2026-07-28,VOSTOCHNY_RU_VIZAG,SUPRAMAX,COA_3M,23.81,2.0,150000,SCENARIO
2026-07-28,VOSTOCHNY_RU_VIZAG,SUPRAMAX,COA_6M,24.51,5.0,300000,SCENARIO
2026-07-28,VOSTOCHNY_RU_VIZAG,SUPRAMAX,COA_12M,25.21,8.0,600000,SCENARIO
2026-07-29,KALIMANTAN_ID_DHAMRA,HANDYSIZE,SPOT,15.22,0.0,32000,SCENARIO
2026-07-29,KALIMANTAN_ID_DHAMRA,HANDYSIZE,COA_3M,15.52,2.0,96000,SCENARIO
2026-07-29,KALIMANTAN_ID_DHAMRA,HANDYSIZE,COA_6M,15.98,5.0,192000,SCENARIO
2026-07-29,KALIMANTAN_ID_DHAMRA,HANDYSIZE,COA_12M,16.44,8.0,384000,SCENARIO
2026-07-29,KALIMANTAN_ID_DHAMRA,PANAMAX,SPOT,10.63,0.0,70000,SCENARIO
2026-07-29,KALIMANTAN_ID_DHAMRA,PANAMAX,COA_3M,10.84,2.0,210000,SCENARIO
2026-07-29,KALIMANTAN_ID_DHAMRA,PANAMAX,COA_6M,11.16,5.0,420000,SCENARIO
2026-07-29,KALIMANTAN_ID_DHAMRA,PANAMAX,COA_12M,11.48,8.0,840000,SCENARIO
2026-07-29,KALIMANTAN_ID_DHAMRA,PANAMAX,SPOT,11.11,0.0,70000,SCENARIO
2026-07-29,KALIMANTAN_ID_DHAMRA,PANAMAX,COA_3M,11.33,2.0,210000,SCENARIO
2026-07-29,KALIMANTAN_ID_DHAMRA,PANAMAX,COA_6M,11.67,5.0,420000,SCENARIO
2026-07-29,KALIMANTAN_ID_DHAMRA,PANAMAX,COA_12M,12.0,8.0,840000,SCENARIO
2026-07-29,KALIMANTAN_ID_DHAMRA,SUPRAMAX,SPOT,12.56,0.0,50000,SCENARIO
2026-07-29,KALIMANTAN_ID_DHAMRA,SUPRAMAX,COA_3M,12.81,2.0,150000,SCENARIO
2026-07-29,KALIMANTAN_ID_DHAMRA,SUPRAMAX,COA_6M,13.19,5.0,300000,SCENARIO
2026-07-29,KALIMANTAN_ID_DHAMRA,SUPRAMAX,COA_12M,13.56,8.0,600000,SCENARIO
2026-07-29,KALIMANTAN_ID_GANGAVARAM,HANDYSIZE,SPOT,14.7,0.0,32000,SCENARIO
2026-07-29,KALIMANTAN_ID_GANGAVARAM,HANDYSIZE,COA_3M,14.99,2.0,96000,SCENARIO
2026-07-29,KALIMANTAN_ID_GANGAVARAM,HANDYSIZE,COA_6M,15.44,5.0,192000,SCENARIO
2026-07-29,KALIMANTAN_ID_GANGAVARAM,HANDYSIZE,COA_12M,15.88,8.0,384000,SCENARIO
2026-07-29,KALIMANTAN_ID_GANGAVARAM,PANAMAX,SPOT,10.28,0.0,70000,SCENARIO
2026-07-29,KALIMANTAN_ID_GANGAVARAM,PANAMAX,COA_3M,10.49,2.0,210000,SCENARIO
2026-07-29,KALIMANTAN_ID_GANGAVARAM,PANAMAX,COA_6M,10.79,5.0,420000,SCENARIO
2026-07-29,KALIMANTAN_ID_GANGAVARAM,PANAMAX,COA_12M,11.1,8.0,840000,SCENARIO
2026-07-29,KALIMANTAN_ID_GANGAVARAM,PANAMAX,SPOT,10.75,0.0,70000,SCENARIO
2026-07-29,KALIMANTAN_ID_GANGAVARAM,PANAMAX,COA_3M,10.96,2.0,210000,SCENARIO
2026-07-29,KALIMANTAN_ID_GANGAVARAM,PANAMAX,COA_6M,11.29,5.0,420000,SCENARIO
2026-07-29,KALIMANTAN_ID_GANGAVARAM,PANAMAX,COA_12M,11.61,8.0,840000,SCENARIO
2026-07-29,KALIMANTAN_ID_GANGAVARAM,SUPRAMAX,SPOT,12.14,0.0,50000,SCENARIO
2026-07-29,KALIMANTAN_ID_GANGAVARAM,SUPRAMAX,COA_3M,12.38,2.0,150000,SCENARIO
2026-07-29,KALIMANTAN_ID_GANGAVARAM,SUPRAMAX,COA_6M,12.75,5.0,300000,SCENARIO
2026-07-29,KALIMANTAN_ID_GANGAVARAM,SUPRAMAX,COA_12M,13.11,8.0,600000,SCENARIO
2026-07-29,KALIMANTAN_ID_GOPALPUR,HANDYSIZE,SPOT,15.28,0.0,32000,SCENARIO
2026-07-29,KALIMANTAN_ID_GOPALPUR,HANDYSIZE,COA_3M,15.59,2.0,96000,SCENARIO
2026-07-29,KALIMANTAN_ID_GOPALPUR,HANDYSIZE,COA_6M,16.04,5.0,192000,SCENARIO
2026-07-29,KALIMANTAN_ID_GOPALPUR,HANDYSIZE,COA_12M,16.5,8.0,384000,SCENARIO
2026-07-29,KALIMANTAN_ID_GOPALPUR,PANAMAX,SPOT,11.15,0.0,70000,SCENARIO
2026-07-29,KALIMANTAN_ID_GOPALPUR,PANAMAX,COA_3M,11.37,2.0,210000,SCENARIO
2026-07-29,KALIMANTAN_ID_GOPALPUR,PANAMAX,COA_6M,11.71,5.0,420000,SCENARIO
2026-07-29,KALIMANTAN_ID_GOPALPUR,PANAMAX,COA_12M,12.04,8.0,840000,SCENARIO
2026-07-29,KALIMANTAN_ID_GOPALPUR,SUPRAMAX,SPOT,12.61,0.0,50000,SCENARIO
2026-07-29,KALIMANTAN_ID_GOPALPUR,SUPRAMAX,COA_3M,12.86,2.0,150000,SCENARIO
2026-07-29,KALIMANTAN_ID_GOPALPUR,SUPRAMAX,COA_6M,13.24,5.0,300000,SCENARIO
2026-07-29,KALIMANTAN_ID_GOPALPUR,SUPRAMAX,COA_12M,13.62,8.0,600000,SCENARIO
2026-07-29,KALIMANTAN_ID_PARADIP,HANDYSIZE,SPOT,15.36,0.0,32000,SCENARIO
2026-07-29,KALIMANTAN_ID_PARADIP,HANDYSIZE,COA_3M,15.67,2.0,96000,SCENARIO
2026-07-29,KALIMANTAN_ID_PARADIP,HANDYSIZE,COA_6M,16.13,5.0,192000,SCENARIO
2026-07-29,KALIMANTAN_ID_PARADIP,HANDYSIZE,COA_12M,16.59,8.0,384000,SCENARIO
2026-07-29,KALIMANTAN_ID_PARADIP,PANAMAX,SPOT,10.72,0.0,70000,SCENARIO
2026-07-29,KALIMANTAN_ID_PARADIP,PANAMAX,COA_3M,10.93,2.0,210000,SCENARIO
2026-07-29,KALIMANTAN_ID_PARADIP,PANAMAX,COA_6M,11.26,5.0,420000,SCENARIO
2026-07-29,KALIMANTAN_ID_PARADIP,PANAMAX,COA_12M,11.58,8.0,840000,SCENARIO
2026-07-29,KALIMANTAN_ID_PARADIP,PANAMAX,SPOT,11.2,0.0,70000,SCENARIO
2026-07-29,KALIMANTAN_ID_PARADIP,PANAMAX,COA_3M,11.42,2.0,210000,SCENARIO
2026-07-29,KALIMANTAN_ID_PARADIP,PANAMAX,COA_6M,11.76,5.0,420000,SCENARIO
2026-07-29,KALIMANTAN_ID_PARADIP,PANAMAX,COA_12M,12.1,8.0,840000,SCENARIO
2026-07-29,KALIMANTAN_ID_PARADIP,SUPRAMAX,SPOT,12.68,0.0,50000,SCENARIO
2026-07-29,KALIMANTAN_ID_PARADIP,SUPRAMAX,COA_3M,12.93,2.0,150000,SCENARIO
2026-07-29,KALIMANTAN_ID_PARADIP,SUPRAMAX,COA_6M,13.31,5.0,300000,SCENARIO
2026-07-29,KALIMANTAN_ID_PARADIP,SUPRAMAX,COA_12M,13.69,8.0,600000,SCENARIO
2026-07-29,KALIMANTAN_ID_SANDHEADS,HANDYSIZE,SPOT,16.09,0.0,32000,SCENARIO
2026-07-29,KALIMANTAN_ID_SANDHEADS,HANDYSIZE,COA_3M,16.41,2.0,96000,SCENARIO
2026-07-29,KALIMANTAN_ID_SANDHEADS,HANDYSIZE,COA_6M,16.89,5.0,192000,SCENARIO
2026-07-29,KALIMANTAN_ID_SANDHEADS,HANDYSIZE,COA_12M,17.38,8.0,384000,SCENARIO
2026-07-29,KALIMANTAN_ID_SANDHEADS,PANAMAX,SPOT,11.21,0.0,70000,SCENARIO
2026-07-29,KALIMANTAN_ID_SANDHEADS,PANAMAX,COA_3M,11.43,2.0,210000,SCENARIO
2026-07-29,KALIMANTAN_ID_SANDHEADS,PANAMAX,COA_6M,11.77,5.0,420000,SCENARIO
2026-07-29,KALIMANTAN_ID_SANDHEADS,PANAMAX,COA_12M,12.11,8.0,840000,SCENARIO
2026-07-29,KALIMANTAN_ID_SANDHEADS,PANAMAX,SPOT,11.72,0.0,70000,SCENARIO
2026-07-29,KALIMANTAN_ID_SANDHEADS,PANAMAX,COA_3M,11.95,2.0,210000,SCENARIO
2026-07-29,KALIMANTAN_ID_SANDHEADS,PANAMAX,COA_6M,12.31,5.0,420000,SCENARIO
2026-07-29,KALIMANTAN_ID_SANDHEADS,PANAMAX,COA_12M,12.66,8.0,840000,SCENARIO
2026-07-29,KALIMANTAN_ID_SANDHEADS,SUPRAMAX,SPOT,13.28,0.0,50000,SCENARIO
2026-07-29,KALIMANTAN_ID_SANDHEADS,SUPRAMAX,COA_3M,13.55,2.0,150000,SCENARIO
2026-07-29,KALIMANTAN_ID_SANDHEADS,SUPRAMAX,COA_6M,13.94,5.0,300000,SCENARIO
2026-07-29,KALIMANTAN_ID_SANDHEADS,SUPRAMAX,COA_12M,14.34,8.0,600000,SCENARIO
2026-07-29,KALIMANTAN_ID_VIZAG,HANDYSIZE,SPOT,15.14,0.0,32000,SCENARIO
2026-07-29,KALIMANTAN_ID_VIZAG,HANDYSIZE,COA_3M,15.44,2.0,96000,SCENARIO
2026-07-29,KALIMANTAN_ID_VIZAG,HANDYSIZE,COA_6M,15.9,5.0,192000,SCENARIO
2026-07-29,KALIMANTAN_ID_VIZAG,HANDYSIZE,COA_12M,16.35,8.0,384000,SCENARIO
2026-07-29,KALIMANTAN_ID_VIZAG,PANAMAX,SPOT,10.57,0.0,70000,SCENARIO
2026-07-29,KALIMANTAN_ID_VIZAG,PANAMAX,COA_3M,10.78,2.0,210000,SCENARIO
2026-07-29,KALIMANTAN_ID_VIZAG,PANAMAX,COA_6M,11.1,5.0,420000,SCENARIO
2026-07-29,KALIMANTAN_ID_VIZAG,PANAMAX,COA_12M,11.42,8.0,840000,SCENARIO
2026-07-29,KALIMANTAN_ID_VIZAG,PANAMAX,SPOT,11.05,0.0,70000,SCENARIO
2026-07-29,KALIMANTAN_ID_VIZAG,PANAMAX,COA_3M,11.27,2.0,210000,SCENARIO
2026-07-29,KALIMANTAN_ID_VIZAG,PANAMAX,COA_6M,11.6,5.0,420000,SCENARIO
2026-07-29,KALIMANTAN_ID_VIZAG,PANAMAX,COA_12M,11.93,8.0,840000,SCENARIO
2026-07-29,KALIMANTAN_ID_VIZAG,SUPRAMAX,SPOT,12.51,0.0,50000,SCENARIO
2026-07-29,KALIMANTAN_ID_VIZAG,SUPRAMAX,COA_3M,12.76,2.0,150000,SCENARIO
2026-07-29,KALIMANTAN_ID_VIZAG,SUPRAMAX,COA_6M,13.14,5.0,300000,SCENARIO
2026-07-29,KALIMANTAN_ID_VIZAG,SUPRAMAX,COA_12M,13.51,8.0,600000,SCENARIO
2026-07-29,MAPUTO_MZ_PARADIP,HANDYSIZE,SPOT,21.85,0.0,32000,SCENARIO
2026-07-29,MAPUTO_MZ_PARADIP,HANDYSIZE,COA_3M,22.29,2.0,96000,SCENARIO
2026-07-29,MAPUTO_MZ_PARADIP,HANDYSIZE,COA_6M,22.94,5.0,192000,SCENARIO
2026-07-29,MAPUTO_MZ_PARADIP,HANDYSIZE,COA_12M,23.6,8.0,384000,SCENARIO
2026-07-29,MAPUTO_MZ_PARADIP,PANAMAX,SPOT,15.1,0.0,70000,SCENARIO
2026-07-29,MAPUTO_MZ_PARADIP,PANAMAX,COA_3M,15.4,2.0,210000,SCENARIO
2026-07-29,MAPUTO_MZ_PARADIP,PANAMAX,COA_6M,15.86,5.0,420000,SCENARIO
2026-07-29,MAPUTO_MZ_PARADIP,PANAMAX,COA_12M,16.31,8.0,840000,SCENARIO
2026-07-29,MAPUTO_MZ_PARADIP,PANAMAX,SPOT,15.72,0.0,70000,SCENARIO
2026-07-29,MAPUTO_MZ_PARADIP,PANAMAX,COA_3M,16.03,2.0,210000,SCENARIO
2026-07-29,MAPUTO_MZ_PARADIP,PANAMAX,COA_6M,16.51,5.0,420000,SCENARIO
2026-07-29,MAPUTO_MZ_PARADIP,PANAMAX,COA_12M,16.98,8.0,840000,SCENARIO
2026-07-29,MAPUTO_MZ_PARADIP,SUPRAMAX,SPOT,17.92,0.0,50000,SCENARIO
2026-07-29,MAPUTO_MZ_PARADIP,SUPRAMAX,COA_3M,18.28,2.0,150000,SCENARIO
2026-07-29,MAPUTO_MZ_PARADIP,SUPRAMAX,COA_6M,18.82,5.0,300000,SCENARIO
2026-07-29,MAPUTO_MZ_PARADIP,SUPRAMAX,COA_12M,19.35,8.0,600000,SCENARIO
2026-07-29,MAPUTO_MZ_VIZAG,HANDYSIZE,SPOT,21.16,0.0,32000,SCENARIO
2026-07-29,MAPUTO_MZ_VIZAG,HANDYSIZE,COA_3M,21.58,2.0,96000,SCENARIO
2026-07-29,MAPUTO_MZ_VIZAG,HANDYSIZE,COA_6M,22.22,5.0,192000,SCENARIO
2026-07-29,MAPUTO_MZ_VIZAG,HANDYSIZE,COA_12M,22.85,8.0,384000,SCENARIO
2026-07-29,MAPUTO_MZ_VIZAG,PANAMAX,SPOT,14.63,0.0,70000,SCENARIO
2026-07-29,MAPUTO_MZ_VIZAG,PANAMAX,COA_3M,14.92,2.0,210000,SCENARIO
2026-07-29,MAPUTO_MZ_VIZAG,PANAMAX,COA_6M,15.36,5.0,420000,SCENARIO
2026-07-29,MAPUTO_MZ_VIZAG,PANAMAX,COA_12M,15.8,8.0,840000,SCENARIO
2026-07-29,MAPUTO_MZ_VIZAG,PANAMAX,SPOT,15.24,0.0,70000,SCENARIO
2026-07-29,MAPUTO_MZ_VIZAG,PANAMAX,COA_3M,15.54,2.0,210000,SCENARIO
2026-07-29,MAPUTO_MZ_VIZAG,PANAMAX,COA_6M,16.0,5.0,420000,SCENARIO
2026-07-29,MAPUTO_MZ_VIZAG,PANAMAX,COA_12M,16.46,8.0,840000,SCENARIO
2026-07-29,MAPUTO_MZ_VIZAG,SUPRAMAX,SPOT,17.37,0.0,50000,SCENARIO
2026-07-29,MAPUTO_MZ_VIZAG,SUPRAMAX,COA_3M,17.72,2.0,150000,SCENARIO
2026-07-29,MAPUTO_MZ_VIZAG,SUPRAMAX,COA_6M,18.24,5.0,300000,SCENARIO
2026-07-29,MAPUTO_MZ_VIZAG,SUPRAMAX,COA_12M,18.76,8.0,600000,SCENARIO
2026-07-29,NEWCASTLE_AU_DHAMRA,HANDYSIZE,SPOT,29.76,0.0,32000,SCENARIO
2026-07-29,NEWCASTLE_AU_DHAMRA,HANDYSIZE,COA_3M,30.36,2.0,96000,SCENARIO
2026-07-29,NEWCASTLE_AU_DHAMRA,HANDYSIZE,COA_6M,31.25,5.0,192000,SCENARIO
2026-07-29,NEWCASTLE_AU_DHAMRA,HANDYSIZE,COA_12M,32.14,8.0,384000,SCENARIO
2026-07-29,NEWCASTLE_AU_DHAMRA,PANAMAX,SPOT,20.43,0.0,70000,SCENARIO
2026-07-29,NEWCASTLE_AU_DHAMRA,PANAMAX,COA_3M,20.84,2.0,210000,SCENARIO
2026-07-29,NEWCASTLE_AU_DHAMRA,PANAMAX,COA_6M,21.45,5.0,420000,SCENARIO
2026-07-29,NEWCASTLE_AU_DHAMRA,PANAMAX,COA_12M,22.06,8.0,840000,SCENARIO
2026-07-29,NEWCASTLE_AU_DHAMRA,PANAMAX,SPOT,21.22,0.0,70000,SCENARIO
2026-07-29,NEWCASTLE_AU_DHAMRA,PANAMAX,COA_3M,21.64,2.0,210000,SCENARIO
2026-07-29,NEWCASTLE_AU_DHAMRA,PANAMAX,COA_6M,22.28,5.0,420000,SCENARIO
2026-07-29,NEWCASTLE_AU_DHAMRA,PANAMAX,COA_12M,22.92,8.0,840000,SCENARIO
2026-07-29,NEWCASTLE_AU_DHAMRA,SUPRAMAX,SPOT,24.3,0.0,50000,SCENARIO
2026-07-29,NEWCASTLE_AU_DHAMRA,SUPRAMAX,COA_3M,24.79,2.0,150000,SCENARIO
2026-07-29,NEWCASTLE_AU_DHAMRA,SUPRAMAX,COA_6M,25.52,5.0,300000,SCENARIO
2026-07-29,NEWCASTLE_AU_DHAMRA,SUPRAMAX,COA_12M,26.24,8.0,600000,SCENARIO
2026-07-29,NEWCASTLE_AU_GANGAVARAM,HANDYSIZE,SPOT,29.46,0.0,32000,SCENARIO
2026-07-29,NEWCASTLE_AU_GANGAVARAM,HANDYSIZE,COA_3M,30.05,2.0,96000,SCENARIO
2026-07-29,NEWCASTLE_AU_GANGAVARAM,HANDYSIZE,COA_6M,30.93,5.0,192000,SCENARIO
2026-07-29,NEWCASTLE_AU_GANGAVARAM,HANDYSIZE,COA_12M,31.82,8.0,384000,SCENARIO
2026-07-29,NEWCASTLE_AU_GANGAVARAM,PANAMAX,SPOT,20.22,0.0,70000,SCENARIO
2026-07-29,NEWCASTLE_AU_GANGAVARAM,PANAMAX,COA_3M,20.62,2.0,210000,SCENARIO
2026-07-29,NEWCASTLE_AU_GANGAVARAM,PANAMAX,COA_6M,21.23,5.0,420000,SCENARIO
2026-07-29,NEWCASTLE_AU_GANGAVARAM,PANAMAX,COA_12M,21.84,8.0,840000,SCENARIO
2026-07-29,NEWCASTLE_AU_GANGAVARAM,PANAMAX,SPOT,21.01,0.0,70000,SCENARIO
2026-07-29,NEWCASTLE_AU_GANGAVARAM,PANAMAX,COA_3M,21.43,2.0,210000,SCENARIO
2026-07-29,NEWCASTLE_AU_GANGAVARAM,PANAMAX,COA_6M,22.06,5.0,420000,SCENARIO
2026-07-29,NEWCASTLE_AU_GANGAVARAM,PANAMAX,COA_12M,22.69,8.0,840000,SCENARIO
2026-07-29,NEWCASTLE_AU_GANGAVARAM,SUPRAMAX,SPOT,24.06,0.0,50000,SCENARIO
2026-07-29,NEWCASTLE_AU_GANGAVARAM,SUPRAMAX,COA_3M,24.54,2.0,150000,SCENARIO
2026-07-29,NEWCASTLE_AU_GANGAVARAM,SUPRAMAX,COA_6M,25.26,5.0,300000,SCENARIO
2026-07-29,NEWCASTLE_AU_GANGAVARAM,SUPRAMAX,COA_12M,25.98,8.0,600000,SCENARIO
2026-07-29,NEWCASTLE_AU_GOPALPUR,HANDYSIZE,SPOT,29.91,0.0,32000,SCENARIO
2026-07-29,NEWCASTLE_AU_GOPALPUR,HANDYSIZE,COA_3M,30.51,2.0,96000,SCENARIO
2026-07-29,NEWCASTLE_AU_GOPALPUR,HANDYSIZE,COA_6M,31.41,5.0,192000,SCENARIO
2026-07-29,NEWCASTLE_AU_GOPALPUR,HANDYSIZE,COA_12M,32.3,8.0,384000,SCENARIO
2026-07-29,NEWCASTLE_AU_GOPALPUR,PANAMAX,SPOT,21.33,0.0,70000,SCENARIO
2026-07-29,NEWCASTLE_AU_GOPALPUR,PANAMAX,COA_3M,21.76,2.0,210000,SCENARIO
2026-07-29,NEWCASTLE_AU_GOPALPUR,PANAMAX,COA_6M,22.4,5.0,420000,SCENARIO
2026-07-29,NEWCASTLE_AU_GOPALPUR,PANAMAX,COA_12M,23.04,8.0,840000,SCENARIO
2026-07-29,NEWCASTLE_AU_GOPALPUR,SUPRAMAX,SPOT,24.44,0.0,50000,SCENARIO
2026-07-29,NEWCASTLE_AU_GOPALPUR,SUPRAMAX,COA_3M,24.93,2.0,150000,SCENARIO
2026-07-29,NEWCASTLE_AU_GOPALPUR,SUPRAMAX,COA_6M,25.66,5.0,300000,SCENARIO
2026-07-29,NEWCASTLE_AU_GOPALPUR,SUPRAMAX,COA_12M,26.4,8.0,600000,SCENARIO
2026-07-29,NEWCASTLE_AU_PARADIP,HANDYSIZE,SPOT,29.87,0.0,32000,SCENARIO
2026-07-29,NEWCASTLE_AU_PARADIP,HANDYSIZE,COA_3M,30.47,2.0,96000,SCENARIO
2026-07-29,NEWCASTLE_AU_PARADIP,HANDYSIZE,COA_6M,31.36,5.0,192000,SCENARIO
2026-07-29,NEWCASTLE_AU_PARADIP,HANDYSIZE,COA_12M,32.26,8.0,384000,SCENARIO
2026-07-29,NEWCASTLE_AU_PARADIP,PANAMAX,SPOT,20.51,0.0,70000,SCENARIO
2026-07-29,NEWCASTLE_AU_PARADIP,PANAMAX,COA_3M,20.92,2.0,210000,SCENARIO
2026-07-29,NEWCASTLE_AU_PARADIP,PANAMAX,COA_6M,21.54,5.0,420000,SCENARIO
2026-07-29,NEWCASTLE_AU_PARADIP,PANAMAX,COA_12M,22.15,8.0,840000,SCENARIO
2026-07-29,NEWCASTLE_AU_PARADIP,PANAMAX,SPOT,21.3,0.0,70000,SCENARIO
2026-07-29,NEWCASTLE_AU_PARADIP,PANAMAX,COA_3M,21.73,2.0,210000,SCENARIO
2026-07-29,NEWCASTLE_AU_PARADIP,PANAMAX,COA_6M,22.37,5.0,420000,SCENARIO
2026-07-29,NEWCASTLE_AU_PARADIP,PANAMAX,COA_12M,23.0,8.0,840000,SCENARIO
2026-07-29,NEWCASTLE_AU_PARADIP,SUPRAMAX,SPOT,24.4,0.0,50000,SCENARIO
2026-07-29,NEWCASTLE_AU_PARADIP,SUPRAMAX,COA_3M,24.89,2.0,150000,SCENARIO
2026-07-29,NEWCASTLE_AU_PARADIP,SUPRAMAX,COA_6M,25.62,5.0,300000,SCENARIO
2026-07-29,NEWCASTLE_AU_PARADIP,SUPRAMAX,COA_12M,26.35,8.0,600000,SCENARIO
2026-07-29,NEWCASTLE_AU_SANDHEADS,HANDYSIZE,SPOT,30.59,0.0,32000,SCENARIO
2026-07-29,NEWCASTLE_AU_SANDHEADS,HANDYSIZE,COA_3M,31.2,2.0,96000,SCENARIO
2026-07-29,NEWCASTLE_AU_SANDHEADS,HANDYSIZE,COA_6M,32.12,5.0,192000,SCENARIO
2026-07-29,NEWCASTLE_AU_SANDHEADS,HANDYSIZE,COA_12M,33.04,8.0,384000,SCENARIO
2026-07-29,NEWCASTLE_AU_SANDHEADS,PANAMAX,SPOT,20.99,0.0,70000,SCENARIO
2026-07-29,NEWCASTLE_AU_SANDHEADS,PANAMAX,COA_3M,21.41,2.0,210000,SCENARIO
2026-07-29,NEWCASTLE_AU_SANDHEADS,PANAMAX,COA_6M,22.04,5.0,420000,SCENARIO
2026-07-29,NEWCASTLE_AU_SANDHEADS,PANAMAX,COA_12M,22.67,8.0,840000,SCENARIO
2026-07-29,NEWCASTLE_AU_SANDHEADS,PANAMAX,SPOT,21.8,0.0,70000,SCENARIO
2026-07-29,NEWCASTLE_AU_SANDHEADS,PANAMAX,COA_3M,22.24,2.0,210000,SCENARIO
2026-07-29,NEWCASTLE_AU_SANDHEADS,PANAMAX,COA_6M,22.89,5.0,420000,SCENARIO
2026-07-29,NEWCASTLE_AU_SANDHEADS,PANAMAX,COA_12M,23.54,8.0,840000,SCENARIO
2026-07-29,NEWCASTLE_AU_SANDHEADS,SUPRAMAX,SPOT,24.99,0.0,50000,SCENARIO
2026-07-29,NEWCASTLE_AU_SANDHEADS,SUPRAMAX,COA_3M,25.49,2.0,150000,SCENARIO
2026-07-29,NEWCASTLE_AU_SANDHEADS,SUPRAMAX,COA_6M,26.24,5.0,300000,SCENARIO
2026-07-29,NEWCASTLE_AU_SANDHEADS,SUPRAMAX,COA_12M,26.99,8.0,600000,SCENARIO
2026-07-29,NEWCASTLE_AU_VIZAG,HANDYSIZE,SPOT,29.89,0.0,32000,SCENARIO
2026-07-29,NEWCASTLE_AU_VIZAG,HANDYSIZE,COA_3M,30.49,2.0,96000,SCENARIO
2026-07-29,NEWCASTLE_AU_VIZAG,HANDYSIZE,COA_6M,31.38,5.0,192000,SCENARIO
2026-07-29,NEWCASTLE_AU_VIZAG,HANDYSIZE,COA_12M,32.28,8.0,384000,SCENARIO
2026-07-29,NEWCASTLE_AU_VIZAG,PANAMAX,SPOT,20.52,0.0,70000,SCENARIO
2026-07-29,NEWCASTLE_AU_VIZAG,PANAMAX,COA_3M,20.93,2.0,210000,SCENARIO
2026-07-29,NEWCASTLE_AU_VIZAG,PANAMAX,COA_6M,21.55,5.0,420000,SCENARIO
2026-07-29,NEWCASTLE_AU_VIZAG,PANAMAX,COA_12M,22.16,8.0,840000,SCENARIO
2026-07-29,NEWCASTLE_AU_VIZAG,PANAMAX,SPOT,21.32,0.0,70000,SCENARIO
2026-07-29,NEWCASTLE_AU_VIZAG,PANAMAX,COA_3M,21.75,2.0,210000,SCENARIO
2026-07-29,NEWCASTLE_AU_VIZAG,PANAMAX,COA_6M,22.39,5.0,420000,SCENARIO
2026-07-29,NEWCASTLE_AU_VIZAG,PANAMAX,COA_12M,23.03,8.0,840000,SCENARIO
2026-07-29,NEWCASTLE_AU_VIZAG,SUPRAMAX,SPOT,24.43,0.0,50000,SCENARIO
2026-07-29,NEWCASTLE_AU_VIZAG,SUPRAMAX,COA_3M,24.92,2.0,150000,SCENARIO
2026-07-29,NEWCASTLE_AU_VIZAG,SUPRAMAX,COA_6M,25.65,5.0,300000,SCENARIO
2026-07-29,NEWCASTLE_AU_VIZAG,SUPRAMAX,COA_12M,26.38,8.0,600000,SCENARIO
2026-07-29,NORFOLK_US_PARADIP,HANDYSIZE,SPOT,52.06,0.0,32000,SCENARIO
2026-07-29,NORFOLK_US_PARADIP,HANDYSIZE,COA_3M,53.1,2.0,96000,SCENARIO
2026-07-29,NORFOLK_US_PARADIP,HANDYSIZE,COA_6M,54.66,5.0,192000,SCENARIO
2026-07-29,NORFOLK_US_PARADIP,HANDYSIZE,COA_12M,56.22,8.0,384000,SCENARIO
2026-07-29,NORFOLK_US_PARADIP,PANAMAX,SPOT,35.47,0.0,70000,SCENARIO
2026-07-29,NORFOLK_US_PARADIP,PANAMAX,COA_3M,36.18,2.0,210000,SCENARIO
2026-07-29,NORFOLK_US_PARADIP,PANAMAX,COA_6M,37.24,5.0,420000,SCENARIO
2026-07-29,NORFOLK_US_PARADIP,PANAMAX,COA_12M,38.31,8.0,840000,SCENARIO
2026-07-29,NORFOLK_US_PARADIP,PANAMAX,SPOT,36.74,0.0,70000,SCENARIO
2026-07-29,NORFOLK_US_PARADIP,PANAMAX,COA_3M,37.47,2.0,210000,SCENARIO
2026-07-29,NORFOLK_US_PARADIP,PANAMAX,COA_6M,38.58,5.0,420000,SCENARIO
2026-07-29,NORFOLK_US_PARADIP,PANAMAX,COA_12M,39.68,8.0,840000,SCENARIO
2026-07-29,NORFOLK_US_PARADIP,SUPRAMAX,SPOT,42.33,0.0,50000,SCENARIO
2026-07-29,NORFOLK_US_PARADIP,SUPRAMAX,COA_3M,43.18,2.0,150000,SCENARIO
2026-07-29,NORFOLK_US_PARADIP,SUPRAMAX,COA_6M,44.45,5.0,300000,SCENARIO
2026-07-29,NORFOLK_US_PARADIP,SUPRAMAX,COA_12M,45.72,8.0,600000,SCENARIO
2026-07-29,NORFOLK_US_VIZAG,HANDYSIZE,SPOT,51.37,0.0,32000,SCENARIO
2026-07-29,NORFOLK_US_VIZAG,HANDYSIZE,COA_3M,52.4,2.0,96000,SCENARIO
2026-07-29,NORFOLK_US_VIZAG,HANDYSIZE,COA_6M,53.94,5.0,192000,SCENARIO
2026-07-29,NORFOLK_US_VIZAG,HANDYSIZE,COA_12M,55.48,8.0,384000,SCENARIO
2026-07-29,NORFOLK_US_VIZAG,PANAMAX,SPOT,35.0,0.0,70000,SCENARIO
2026-07-29,NORFOLK_US_VIZAG,PANAMAX,COA_3M,35.7,2.0,210000,SCENARIO
2026-07-29,NORFOLK_US_VIZAG,PANAMAX,COA_6M,36.75,5.0,420000,SCENARIO
2026-07-29,NORFOLK_US_VIZAG,PANAMAX,COA_12M,37.8,8.0,840000,SCENARIO
2026-07-29,NORFOLK_US_VIZAG,PANAMAX,SPOT,36.26,0.0,70000,SCENARIO
2026-07-29,NORFOLK_US_VIZAG,PANAMAX,COA_3M,36.99,2.0,210000,SCENARIO
2026-07-29,NORFOLK_US_VIZAG,PANAMAX,COA_6M,38.07,5.0,420000,SCENARIO
2026-07-29,NORFOLK_US_VIZAG,PANAMAX,COA_12M,39.16,8.0,840000,SCENARIO
2026-07-29,NORFOLK_US_VIZAG,SUPRAMAX,SPOT,41.78,0.0,50000,SCENARIO
2026-07-29,NORFOLK_US_VIZAG,SUPRAMAX,COA_3M,42.62,2.0,150000,SCENARIO
2026-07-29,NORFOLK_US_VIZAG,SUPRAMAX,COA_6M,43.87,5.0,300000,SCENARIO
2026-07-29,NORFOLK_US_VIZAG,SUPRAMAX,COA_12M,45.12,8.0,600000,SCENARIO
2026-07-29,VOSTOCHNY_RU_PARADIP,HANDYSIZE,SPOT,28.93,0.0,32000,SCENARIO
2026-07-29,VOSTOCHNY_RU_PARADIP,HANDYSIZE,COA_3M,29.51,2.0,96000,SCENARIO
2026-07-29,VOSTOCHNY_RU_PARADIP,HANDYSIZE,COA_6M,30.38,5.0,192000,SCENARIO
2026-07-29,VOSTOCHNY_RU_PARADIP,HANDYSIZE,COA_12M,31.24,8.0,384000,SCENARIO
2026-07-29,VOSTOCHNY_RU_PARADIP,PANAMAX,SPOT,19.87,0.0,70000,SCENARIO
2026-07-29,VOSTOCHNY_RU_PARADIP,PANAMAX,COA_3M,20.27,2.0,210000,SCENARIO
2026-07-29,VOSTOCHNY_RU_PARADIP,PANAMAX,COA_6M,20.86,5.0,420000,SCENARIO
2026-07-29,VOSTOCHNY_RU_PARADIP,PANAMAX,COA_12M,21.46,8.0,840000,SCENARIO
2026-07-29,VOSTOCHNY_RU_PARADIP,PANAMAX,SPOT,20.65,0.0,70000,SCENARIO
2026-07-29,VOSTOCHNY_RU_PARADIP,PANAMAX,COA_3M,21.06,2.0,210000,SCENARIO
2026-07-29,VOSTOCHNY_RU_PARADIP,PANAMAX,COA_6M,21.68,5.0,420000,SCENARIO
2026-07-29,VOSTOCHNY_RU_PARADIP,PANAMAX,COA_12M,22.3,8.0,840000,SCENARIO
2026-07-29,VOSTOCHNY_RU_PARADIP,SUPRAMAX,SPOT,23.64,0.0,50000,SCENARIO
2026-07-29,VOSTOCHNY_RU_PARADIP,SUPRAMAX,COA_3M,24.11,2.0,150000,SCENARIO
2026-07-29,VOSTOCHNY_RU_PARADIP,SUPRAMAX,COA_6M,24.82,5.0,300000,SCENARIO
2026-07-29,VOSTOCHNY_RU_PARADIP,SUPRAMAX,COA_12M,25.53,8.0,600000,SCENARIO
2026-07-29,VOSTOCHNY_RU_VIZAG,HANDYSIZE,SPOT,28.71,0.0,32000,SCENARIO
2026-07-29,VOSTOCHNY_RU_VIZAG,HANDYSIZE,COA_3M,29.28,2.0,96000,SCENARIO
2026-07-29,VOSTOCHNY_RU_VIZAG,HANDYSIZE,COA_6M,30.15,5.0,192000,SCENARIO
2026-07-29,VOSTOCHNY_RU_VIZAG,HANDYSIZE,COA_12M,31.01,8.0,384000,SCENARIO
2026-07-29,VOSTOCHNY_RU_VIZAG,PANAMAX,SPOT,19.72,0.0,70000,SCENARIO
2026-07-29,VOSTOCHNY_RU_VIZAG,PANAMAX,COA_3M,20.11,2.0,210000,SCENARIO
2026-07-29,VOSTOCHNY_RU_VIZAG,PANAMAX,COA_6M,20.71,5.0,420000,SCENARIO
2026-07-29,VOSTOCHNY_RU_VIZAG,PANAMAX,COA_12M,21.3,8.0,840000,SCENARIO
2026-07-29,VOSTOCHNY_RU_VIZAG,PANAMAX,SPOT,20.5,0.0,70000,SCENARIO
2026-07-29,VOSTOCHNY_RU_VIZAG,PANAMAX,COA_3M,20.91,2.0,210000,SCENARIO
2026-07-29,VOSTOCHNY_RU_VIZAG,PANAMAX,COA_6M,21.53,5.0,420000,SCENARIO
2026-07-29,VOSTOCHNY_RU_VIZAG,PANAMAX,COA_12M,22.14,8.0,840000,SCENARIO
2026-07-29,VOSTOCHNY_RU_VIZAG,SUPRAMAX,SPOT,23.47,0.0,50000,SCENARIO
2026-07-29,VOSTOCHNY_RU_VIZAG,SUPRAMAX,COA_3M,23.94,2.0,150000,SCENARIO
2026-07-29,VOSTOCHNY_RU_VIZAG,SUPRAMAX,COA_6M,24.64,5.0,300000,SCENARIO
2026-07-29,VOSTOCHNY_RU_VIZAG,SUPRAMAX,COA_12M,25.35,8.0,600000,SCENARIO
2026-07-30,KALIMANTAN_ID_DHAMRA,HANDYSIZE,SPOT,15.53,0.0,32000,SCENARIO
2026-07-30,KALIMANTAN_ID_DHAMRA,HANDYSIZE,COA_3M,15.84,2.0,96000,SCENARIO
2026-07-30,KALIMANTAN_ID_DHAMRA,HANDYSIZE,COA_6M,16.31,5.0,192000,SCENARIO
2026-07-30,KALIMANTAN_ID_DHAMRA,HANDYSIZE,COA_12M,16.77,8.0,384000,SCENARIO
2026-07-30,KALIMANTAN_ID_DHAMRA,PANAMAX,SPOT,10.84,0.0,70000,SCENARIO
2026-07-30,KALIMANTAN_ID_DHAMRA,PANAMAX,COA_3M,11.06,2.0,210000,SCENARIO
2026-07-30,KALIMANTAN_ID_DHAMRA,PANAMAX,COA_6M,11.38,5.0,420000,SCENARIO
2026-07-30,KALIMANTAN_ID_DHAMRA,PANAMAX,COA_12M,11.71,8.0,840000,SCENARIO
2026-07-30,KALIMANTAN_ID_DHAMRA,PANAMAX,SPOT,11.32,0.0,70000,SCENARIO
2026-07-30,KALIMANTAN_ID_DHAMRA,PANAMAX,COA_3M,11.55,2.0,210000,SCENARIO
2026-07-30,KALIMANTAN_ID_DHAMRA,PANAMAX,COA_6M,11.89,5.0,420000,SCENARIO
2026-07-30,KALIMANTAN_ID_DHAMRA,PANAMAX,COA_12M,12.23,8.0,840000,SCENARIO
2026-07-30,KALIMANTAN_ID_DHAMRA,SUPRAMAX,SPOT,12.81,0.0,50000,SCENARIO
2026-07-30,KALIMANTAN_ID_DHAMRA,SUPRAMAX,COA_3M,13.07,2.0,150000,SCENARIO
2026-07-30,KALIMANTAN_ID_DHAMRA,SUPRAMAX,COA_6M,13.45,5.0,300000,SCENARIO
2026-07-30,KALIMANTAN_ID_DHAMRA,SUPRAMAX,COA_12M,13.83,8.0,600000,SCENARIO
2026-07-30,KALIMANTAN_ID_GANGAVARAM,HANDYSIZE,SPOT,15.0,0.0,32000,SCENARIO
2026-07-30,KALIMANTAN_ID_GANGAVARAM,HANDYSIZE,COA_3M,15.3,2.0,96000,SCENARIO
2026-07-30,KALIMANTAN_ID_GANGAVARAM,HANDYSIZE,COA_6M,15.75,5.0,192000,SCENARIO
2026-07-30,KALIMANTAN_ID_GANGAVARAM,HANDYSIZE,COA_12M,16.2,8.0,384000,SCENARIO
2026-07-30,KALIMANTAN_ID_GANGAVARAM,PANAMAX,SPOT,10.48,0.0,70000,SCENARIO
2026-07-30,KALIMANTAN_ID_GANGAVARAM,PANAMAX,COA_3M,10.69,2.0,210000,SCENARIO
2026-07-30,KALIMANTAN_ID_GANGAVARAM,PANAMAX,COA_6M,11.0,5.0,420000,SCENARIO
2026-07-30,KALIMANTAN_ID_GANGAVARAM,PANAMAX,COA_12M,11.32,8.0,840000,SCENARIO
2026-07-30,KALIMANTAN_ID_GANGAVARAM,PANAMAX,SPOT,10.96,0.0,70000,SCENARIO
2026-07-30,KALIMANTAN_ID_GANGAVARAM,PANAMAX,COA_3M,11.18,2.0,210000,SCENARIO
2026-07-30,KALIMANTAN_ID_GANGAVARAM,PANAMAX,COA_6M,11.51,5.0,420000,SCENARIO
2026-07-30,KALIMANTAN_ID_GANGAVARAM,PANAMAX,COA_12M,11.84,8.0,840000,SCENARIO
2026-07-30,KALIMANTAN_ID_GANGAVARAM,SUPRAMAX,SPOT,12.39,0.0,50000,SCENARIO
2026-07-30,KALIMANTAN_ID_GANGAVARAM,SUPRAMAX,COA_3M,12.64,2.0,150000,SCENARIO
2026-07-30,KALIMANTAN_ID_GANGAVARAM,SUPRAMAX,COA_6M,13.01,5.0,300000,SCENARIO
2026-07-30,KALIMANTAN_ID_GANGAVARAM,SUPRAMAX,COA_12M,13.38,8.0,600000,SCENARIO
2026-07-30,KALIMANTAN_ID_GOPALPUR,HANDYSIZE,SPOT,15.6,0.0,32000,SCENARIO
2026-07-30,KALIMANTAN_ID_GOPALPUR,HANDYSIZE,COA_3M,15.91,2.0,96000,SCENARIO
2026-07-30,KALIMANTAN_ID_GOPALPUR,HANDYSIZE,COA_6M,16.38,5.0,192000,SCENARIO
2026-07-30,KALIMANTAN_ID_GOPALPUR,HANDYSIZE,COA_12M,16.85,8.0,384000,SCENARIO
2026-07-30,KALIMANTAN_ID_GOPALPUR,PANAMAX,SPOT,11.37,0.0,70000,SCENARIO
2026-07-30,KALIMANTAN_ID_GOPALPUR,PANAMAX,COA_3M,11.6,2.0,210000,SCENARIO
2026-07-30,KALIMANTAN_ID_GOPALPUR,PANAMAX,COA_6M,11.94,5.0,420000,SCENARIO
2026-07-30,KALIMANTAN_ID_GOPALPUR,PANAMAX,COA_12M,12.28,8.0,840000,SCENARIO
2026-07-30,KALIMANTAN_ID_GOPALPUR,SUPRAMAX,SPOT,12.88,0.0,50000,SCENARIO
2026-07-30,KALIMANTAN_ID_GOPALPUR,SUPRAMAX,COA_3M,13.14,2.0,150000,SCENARIO
2026-07-30,KALIMANTAN_ID_GOPALPUR,SUPRAMAX,COA_6M,13.52,5.0,300000,SCENARIO
2026-07-30,KALIMANTAN_ID_GOPALPUR,SUPRAMAX,COA_12M,13.91,8.0,600000,SCENARIO
2026-07-30,KALIMANTAN_ID_PARADIP,HANDYSIZE,SPOT,15.68,0.0,32000,SCENARIO
2026-07-30,KALIMANTAN_ID_PARADIP,HANDYSIZE,COA_3M,15.99,2.0,96000,SCENARIO
2026-07-30,KALIMANTAN_ID_PARADIP,HANDYSIZE,COA_6M,16.46,5.0,192000,SCENARIO
2026-07-30,KALIMANTAN_ID_PARADIP,HANDYSIZE,COA_12M,16.93,8.0,384000,SCENARIO
2026-07-30,KALIMANTAN_ID_PARADIP,PANAMAX,SPOT,10.93,0.0,70000,SCENARIO
2026-07-30,KALIMANTAN_ID_PARADIP,PANAMAX,COA_3M,11.15,2.0,210000,SCENARIO
2026-07-30,KALIMANTAN_ID_PARADIP,PANAMAX,COA_6M,11.48,5.0,420000,SCENARIO
2026-07-30,KALIMANTAN_ID_PARADIP,PANAMAX,COA_12M,11.8,8.0,840000,SCENARIO
2026-07-30,KALIMANTAN_ID_PARADIP,PANAMAX,SPOT,11.42,0.0,70000,SCENARIO
2026-07-30,KALIMANTAN_ID_PARADIP,PANAMAX,COA_3M,11.65,2.0,210000,SCENARIO
2026-07-30,KALIMANTAN_ID_PARADIP,PANAMAX,COA_6M,11.99,5.0,420000,SCENARIO
2026-07-30,KALIMANTAN_ID_PARADIP,PANAMAX,COA_12M,12.33,8.0,840000,SCENARIO
2026-07-30,KALIMANTAN_ID_PARADIP,SUPRAMAX,SPOT,12.94,0.0,50000,SCENARIO
2026-07-30,KALIMANTAN_ID_PARADIP,SUPRAMAX,COA_3M,13.2,2.0,150000,SCENARIO
2026-07-30,KALIMANTAN_ID_PARADIP,SUPRAMAX,COA_6M,13.59,5.0,300000,SCENARIO
2026-07-30,KALIMANTAN_ID_PARADIP,SUPRAMAX,COA_12M,13.98,8.0,600000,SCENARIO
2026-07-30,KALIMANTAN_ID_SANDHEADS,HANDYSIZE,SPOT,16.43,0.0,32000,SCENARIO
2026-07-30,KALIMANTAN_ID_SANDHEADS,HANDYSIZE,COA_3M,16.76,2.0,96000,SCENARIO
2026-07-30,KALIMANTAN_ID_SANDHEADS,HANDYSIZE,COA_6M,17.25,5.0,192000,SCENARIO
2026-07-30,KALIMANTAN_ID_SANDHEADS,HANDYSIZE,COA_12M,17.74,8.0,384000,SCENARIO
2026-07-30,KALIMANTAN_ID_SANDHEADS,PANAMAX,SPOT,11.45,0.0,70000,SCENARIO
2026-07-30,KALIMANTAN_ID_SANDHEADS,PANAMAX,COA_3M,11.68,2.0,210000,SCENARIO
2026-07-30,KALIMANTAN_ID_SANDHEADS,PANAMAX,COA_6M,12.02,5.0,420000,SCENARIO
2026-07-30,KALIMANTAN_ID_SANDHEADS,PANAMAX,COA_12M,12.37,8.0,840000,SCENARIO
2026-07-30,KALIMANTAN_ID_SANDHEADS,PANAMAX,SPOT,11.95,0.0,70000,SCENARIO
2026-07-30,KALIMANTAN_ID_SANDHEADS,PANAMAX,COA_3M,12.19,2.0,210000,SCENARIO
2026-07-30,KALIMANTAN_ID_SANDHEADS,PANAMAX,COA_6M,12.55,5.0,420000,SCENARIO
2026-07-30,KALIMANTAN_ID_SANDHEADS,PANAMAX,COA_12M,12.91,8.0,840000,SCENARIO
2026-07-30,KALIMANTAN_ID_SANDHEADS,SUPRAMAX,SPOT,13.57,0.0,50000,SCENARIO
2026-07-30,KALIMANTAN_ID_SANDHEADS,SUPRAMAX,COA_3M,13.84,2.0,150000,SCENARIO
2026-07-30,KALIMANTAN_ID_SANDHEADS,SUPRAMAX,COA_6M,14.25,5.0,300000,SCENARIO
2026-07-30,KALIMANTAN_ID_SANDHEADS,SUPRAMAX,COA_12M,14.66,8.0,600000,SCENARIO
2026-07-30,KALIMANTAN_ID_VIZAG,HANDYSIZE,SPOT,15.46,0.0,32000,SCENARIO
2026-07-30,KALIMANTAN_ID_VIZAG,HANDYSIZE,COA_3M,15.77,2.0,96000,SCENARIO
2026-07-30,KALIMANTAN_ID_VIZAG,HANDYSIZE,COA_6M,16.23,5.0,192000,SCENARIO
2026-07-30,KALIMANTAN_ID_VIZAG,HANDYSIZE,COA_12M,16.7,8.0,384000,SCENARIO
2026-07-30,KALIMANTAN_ID_VIZAG,PANAMAX,SPOT,10.79,0.0,70000,SCENARIO
2026-07-30,KALIMANTAN_ID_VIZAG,PANAMAX,COA_3M,11.01,2.0,210000,SCENARIO
2026-07-30,KALIMANTAN_ID_VIZAG,PANAMAX,COA_6M,11.33,5.0,420000,SCENARIO
2026-07-30,KALIMANTAN_ID_VIZAG,PANAMAX,COA_12M,11.65,8.0,840000,SCENARIO
2026-07-30,KALIMANTAN_ID_VIZAG,PANAMAX,SPOT,11.27,0.0,70000,SCENARIO
2026-07-30,KALIMANTAN_ID_VIZAG,PANAMAX,COA_3M,11.5,2.0,210000,SCENARIO
2026-07-30,KALIMANTAN_ID_VIZAG,PANAMAX,COA_6M,11.83,5.0,420000,SCENARIO
2026-07-30,KALIMANTAN_ID_VIZAG,PANAMAX,COA_12M,12.17,8.0,840000,SCENARIO
2026-07-30,KALIMANTAN_ID_VIZAG,SUPRAMAX,SPOT,12.77,0.0,50000,SCENARIO
2026-07-30,KALIMANTAN_ID_VIZAG,SUPRAMAX,COA_3M,13.03,2.0,150000,SCENARIO
2026-07-30,KALIMANTAN_ID_VIZAG,SUPRAMAX,COA_6M,13.41,5.0,300000,SCENARIO
2026-07-30,KALIMANTAN_ID_VIZAG,SUPRAMAX,COA_12M,13.79,8.0,600000,SCENARIO
2026-07-30,MAPUTO_MZ_PARADIP,HANDYSIZE,SPOT,22.31,0.0,32000,SCENARIO
2026-07-30,MAPUTO_MZ_PARADIP,HANDYSIZE,COA_3M,22.76,2.0,96000,SCENARIO
2026-07-30,MAPUTO_MZ_PARADIP,HANDYSIZE,COA_6M,23.43,5.0,192000,SCENARIO
2026-07-30,MAPUTO_MZ_PARADIP,HANDYSIZE,COA_12M,24.09,8.0,384000,SCENARIO
2026-07-30,MAPUTO_MZ_PARADIP,PANAMAX,SPOT,15.41,0.0,70000,SCENARIO
2026-07-30,MAPUTO_MZ_PARADIP,PANAMAX,COA_3M,15.72,2.0,210000,SCENARIO
2026-07-30,MAPUTO_MZ_PARADIP,PANAMAX,COA_6M,16.18,5.0,420000,SCENARIO
2026-07-30,MAPUTO_MZ_PARADIP,PANAMAX,COA_12M,16.64,8.0,840000,SCENARIO
2026-07-30,MAPUTO_MZ_PARADIP,PANAMAX,SPOT,16.04,0.0,70000,SCENARIO
2026-07-30,MAPUTO_MZ_PARADIP,PANAMAX,COA_3M,16.36,2.0,210000,SCENARIO
2026-07-30,MAPUTO_MZ_PARADIP,PANAMAX,COA_6M,16.84,5.0,420000,SCENARIO
2026-07-30,MAPUTO_MZ_PARADIP,PANAMAX,COA_12M,17.32,8.0,840000,SCENARIO
2026-07-30,MAPUTO_MZ_PARADIP,SUPRAMAX,SPOT,18.3,0.0,50000,SCENARIO
2026-07-30,MAPUTO_MZ_PARADIP,SUPRAMAX,COA_3M,18.67,2.0,150000,SCENARIO
2026-07-30,MAPUTO_MZ_PARADIP,SUPRAMAX,COA_6M,19.21,5.0,300000,SCENARIO
2026-07-30,MAPUTO_MZ_PARADIP,SUPRAMAX,COA_12M,19.76,8.0,600000,SCENARIO
2026-07-30,MAPUTO_MZ_VIZAG,HANDYSIZE,SPOT,21.61,0.0,32000,SCENARIO
2026-07-30,MAPUTO_MZ_VIZAG,HANDYSIZE,COA_3M,22.04,2.0,96000,SCENARIO
2026-07-30,MAPUTO_MZ_VIZAG,HANDYSIZE,COA_6M,22.69,5.0,192000,SCENARIO
2026-07-30,MAPUTO_MZ_VIZAG,HANDYSIZE,COA_12M,23.34,8.0,384000,SCENARIO
2026-07-30,MAPUTO_MZ_VIZAG,PANAMAX,SPOT,14.93,0.0,70000,SCENARIO
2026-07-30,MAPUTO_MZ_VIZAG,PANAMAX,COA_3M,15.23,2.0,210000,SCENARIO
2026-07-30,MAPUTO_MZ_VIZAG,PANAMAX,COA_6M,15.68,5.0,420000,SCENARIO
2026-07-30,MAPUTO_MZ_VIZAG,PANAMAX,COA_12M,16.12,8.0,840000,SCENARIO
2026-07-30,MAPUTO_MZ_VIZAG,PANAMAX,SPOT,15.55,0.0,70000,SCENARIO
2026-07-30,MAPUTO_MZ_VIZAG,PANAMAX,COA_3M,15.86,2.0,210000,SCENARIO
2026-07-30,MAPUTO_MZ_VIZAG,PANAMAX,COA_6M,16.33,5.0,420000,SCENARIO
2026-07-30,MAPUTO_MZ_VIZAG,PANAMAX,COA_12M,16.79,8.0,840000,SCENARIO
2026-07-30,MAPUTO_MZ_VIZAG,SUPRAMAX,SPOT,17.74,0.0,50000,SCENARIO
2026-07-30,MAPUTO_MZ_VIZAG,SUPRAMAX,COA_3M,18.09,2.0,150000,SCENARIO
2026-07-30,MAPUTO_MZ_VIZAG,SUPRAMAX,COA_6M,18.63,5.0,300000,SCENARIO
2026-07-30,MAPUTO_MZ_VIZAG,SUPRAMAX,COA_12M,19.16,8.0,600000,SCENARIO
2026-07-30,NEWCASTLE_AU_DHAMRA,HANDYSIZE,SPOT,30.4,0.0,32000,SCENARIO
2026-07-30,NEWCASTLE_AU_DHAMRA,HANDYSIZE,COA_3M,31.01,2.0,96000,SCENARIO
2026-07-30,NEWCASTLE_AU_DHAMRA,HANDYSIZE,COA_6M,31.92,5.0,192000,SCENARIO
2026-07-30,NEWCASTLE_AU_DHAMRA,HANDYSIZE,COA_12M,32.83,8.0,384000,SCENARIO
2026-07-30,NEWCASTLE_AU_DHAMRA,PANAMAX,SPOT,20.86,0.0,70000,SCENARIO
2026-07-30,NEWCASTLE_AU_DHAMRA,PANAMAX,COA_3M,21.28,2.0,210000,SCENARIO
2026-07-30,NEWCASTLE_AU_DHAMRA,PANAMAX,COA_6M,21.9,5.0,420000,SCENARIO
2026-07-30,NEWCASTLE_AU_DHAMRA,PANAMAX,COA_12M,22.53,8.0,840000,SCENARIO
2026-07-30,NEWCASTLE_AU_DHAMRA,PANAMAX,SPOT,21.66,0.0,70000,SCENARIO
2026-07-30,NEWCASTLE_AU_DHAMRA,PANAMAX,COA_3M,22.09,2.0,210000,SCENARIO
2026-07-30,NEWCASTLE_AU_DHAMRA,PANAMAX,COA_6M,22.74,5.0,420000,SCENARIO
2026-07-30,NEWCASTLE_AU_DHAMRA,PANAMAX,COA_12M,23.39,8.0,840000,SCENARIO
2026-07-30,NEWCASTLE_AU_DHAMRA,SUPRAMAX,SPOT,24.82,0.0,50000,SCENARIO
2026-07-30,NEWCASTLE_AU_DHAMRA,SUPRAMAX,COA_3M,25.32,2.0,150000,SCENARIO
2026-07-30,NEWCASTLE_AU_DHAMRA,SUPRAMAX,COA_6M,26.06,5.0,300000,SCENARIO
2026-07-30,NEWCASTLE_AU_DHAMRA,SUPRAMAX,COA_12M,26.81,8.0,600000,SCENARIO
2026-07-30,NEWCASTLE_AU_GANGAVARAM,HANDYSIZE,SPOT,30.09,0.0,32000,SCENARIO
2026-07-30,NEWCASTLE_AU_GANGAVARAM,HANDYSIZE,COA_3M,30.69,2.0,96000,SCENARIO
2026-07-30,NEWCASTLE_AU_GANGAVARAM,HANDYSIZE,COA_6M,31.59,5.0,192000,SCENARIO
2026-07-30,NEWCASTLE_AU_GANGAVARAM,HANDYSIZE,COA_12M,32.5,8.0,384000,SCENARIO
2026-07-30,NEWCASTLE_AU_GANGAVARAM,PANAMAX,SPOT,20.65,0.0,70000,SCENARIO
2026-07-30,NEWCASTLE_AU_GANGAVARAM,PANAMAX,COA_3M,21.06,2.0,210000,SCENARIO
2026-07-30,NEWCASTLE_AU_GANGAVARAM,PANAMAX,COA_6M,21.68,5.0,420000,SCENARIO
2026-07-30,NEWCASTLE_AU_GANGAVARAM,PANAMAX,COA_12M,22.3,8.0,840000,SCENARIO
2026-07-30,NEWCASTLE_AU_GANGAVARAM,PANAMAX,SPOT,21.45,0.0,70000,SCENARIO
2026-07-30,NEWCASTLE_AU_GANGAVARAM,PANAMAX,COA_3M,21.88,2.0,210000,SCENARIO
2026-07-30,NEWCASTLE_AU_GANGAVARAM,PANAMAX,COA_6M,22.52,5.0,420000,SCENARIO
2026-07-30,NEWCASTLE_AU_GANGAVARAM,PANAMAX,COA_12M,23.17,8.0,840000,SCENARIO
2026-07-30,NEWCASTLE_AU_GANGAVARAM,SUPRAMAX,SPOT,24.58,0.0,50000,SCENARIO
2026-07-30,NEWCASTLE_AU_GANGAVARAM,SUPRAMAX,COA_3M,25.07,2.0,150000,SCENARIO
2026-07-30,NEWCASTLE_AU_GANGAVARAM,SUPRAMAX,COA_6M,25.81,5.0,300000,SCENARIO
2026-07-30,NEWCASTLE_AU_GANGAVARAM,SUPRAMAX,COA_12M,26.55,8.0,600000,SCENARIO
2026-07-30,NEWCASTLE_AU_GOPALPUR,HANDYSIZE,SPOT,30.56,0.0,32000,SCENARIO
2026-07-30,NEWCASTLE_AU_GOPALPUR,HANDYSIZE,COA_3M,31.17,2.0,96000,SCENARIO
2026-07-30,NEWCASTLE_AU_GOPALPUR,HANDYSIZE,COA_6M,32.09,5.0,192000,SCENARIO
2026-07-30,NEWCASTLE_AU_GOPALPUR,HANDYSIZE,COA_12M,33.0,8.0,384000,SCENARIO
2026-07-30,NEWCASTLE_AU_GOPALPUR,PANAMAX,SPOT,21.78,0.0,70000,SCENARIO
2026-07-30,NEWCASTLE_AU_GOPALPUR,PANAMAX,COA_3M,22.22,2.0,210000,SCENARIO
2026-07-30,NEWCASTLE_AU_GOPALPUR,PANAMAX,COA_6M,22.87,5.0,420000,SCENARIO
2026-07-30,NEWCASTLE_AU_GOPALPUR,PANAMAX,COA_12M,23.52,8.0,840000,SCENARIO
2026-07-30,NEWCASTLE_AU_GOPALPUR,SUPRAMAX,SPOT,24.97,0.0,50000,SCENARIO
2026-07-30,NEWCASTLE_AU_GOPALPUR,SUPRAMAX,COA_3M,25.47,2.0,150000,SCENARIO
2026-07-30,NEWCASTLE_AU_GOPALPUR,SUPRAMAX,COA_6M,26.22,5.0,300000,SCENARIO
2026-07-30,NEWCASTLE_AU_GOPALPUR,SUPRAMAX,COA_12M,26.97,8.0,600000,SCENARIO
2026-07-30,NEWCASTLE_AU_PARADIP,HANDYSIZE,SPOT,30.52,0.0,32000,SCENARIO
2026-07-30,NEWCASTLE_AU_PARADIP,HANDYSIZE,COA_3M,31.13,2.0,96000,SCENARIO
2026-07-30,NEWCASTLE_AU_PARADIP,HANDYSIZE,COA_6M,32.05,5.0,192000,SCENARIO
2026-07-30,NEWCASTLE_AU_PARADIP,HANDYSIZE,COA_12M,32.96,8.0,384000,SCENARIO
2026-07-30,NEWCASTLE_AU_PARADIP,PANAMAX,SPOT,20.94,0.0,70000,SCENARIO
2026-07-30,NEWCASTLE_AU_PARADIP,PANAMAX,COA_3M,21.36,2.0,210000,SCENARIO
2026-07-30,NEWCASTLE_AU_PARADIP,PANAMAX,COA_6M,21.99,5.0,420000,SCENARIO
2026-07-30,NEWCASTLE_AU_PARADIP,PANAMAX,COA_12M,22.62,8.0,840000,SCENARIO
2026-07-30,NEWCASTLE_AU_PARADIP,PANAMAX,SPOT,21.75,0.0,70000,SCENARIO
2026-07-30,NEWCASTLE_AU_PARADIP,PANAMAX,COA_3M,22.18,2.0,210000,SCENARIO
2026-07-30,NEWCASTLE_AU_PARADIP,PANAMAX,COA_6M,22.84,5.0,420000,SCENARIO
2026-07-30,NEWCASTLE_AU_PARADIP,PANAMAX,COA_12M,23.49,8.0,840000,SCENARIO
2026-07-30,NEWCASTLE_AU_PARADIP,SUPRAMAX,SPOT,24.93,0.0,50000,SCENARIO
2026-07-30,NEWCASTLE_AU_PARADIP,SUPRAMAX,COA_3M,25.43,2.0,150000,SCENARIO
2026-07-30,NEWCASTLE_AU_PARADIP,SUPRAMAX,COA_6M,26.18,5.0,300000,SCENARIO
2026-07-30,NEWCASTLE_AU_PARADIP,SUPRAMAX,COA_12M,26.92,8.0,600000,SCENARIO
2026-07-30,NEWCASTLE_AU_SANDHEADS,HANDYSIZE,SPOT,31.25,0.0,32000,SCENARIO
2026-07-30,NEWCASTLE_AU_SANDHEADS,HANDYSIZE,COA_3M,31.88,2.0,96000,SCENARIO
2026-07-30,NEWCASTLE_AU_SANDHEADS,HANDYSIZE,COA_6M,32.81,5.0,192000,SCENARIO
2026-07-30,NEWCASTLE_AU_SANDHEADS,HANDYSIZE,COA_12M,33.75,8.0,384000,SCENARIO
2026-07-30,NEWCASTLE_AU_SANDHEADS,PANAMAX,SPOT,21.43,0.0,70000,SCENARIO
2026-07-30,NEWCASTLE_AU_SANDHEADS,PANAMAX,COA_3M,21.86,2.0,210000,SCENARIO
2026-07-30,NEWCASTLE_AU_SANDHEADS,PANAMAX,COA_6M,22.5,5.0,420000,SCENARIO
2026-07-30,NEWCASTLE_AU_SANDHEADS,PANAMAX,COA_12M,23.14,8.0,840000,SCENARIO
2026-07-30,NEWCASTLE_AU_SANDHEADS,PANAMAX,SPOT,22.26,0.0,70000,SCENARIO
2026-07-30,NEWCASTLE_AU_SANDHEADS,PANAMAX,COA_3M,22.71,2.0,210000,SCENARIO
2026-07-30,NEWCASTLE_AU_SANDHEADS,PANAMAX,COA_6M,23.37,5.0,420000,SCENARIO
2026-07-30,NEWCASTLE_AU_SANDHEADS,PANAMAX,COA_12M,24.04,8.0,840000,SCENARIO
2026-07-30,NEWCASTLE_AU_SANDHEADS,SUPRAMAX,SPOT,25.54,0.0,50000,SCENARIO
2026-07-30,NEWCASTLE_AU_SANDHEADS,SUPRAMAX,COA_3M,26.05,2.0,150000,SCENARIO
2026-07-30,NEWCASTLE_AU_SANDHEADS,SUPRAMAX,COA_6M,26.82,5.0,300000,SCENARIO
2026-07-30,NEWCASTLE_AU_SANDHEADS,SUPRAMAX,COA_12M,27.58,8.0,600000,SCENARIO
2026-07-30,NEWCASTLE_AU_VIZAG,HANDYSIZE,SPOT,30.54,0.0,32000,SCENARIO
2026-07-30,NEWCASTLE_AU_VIZAG,HANDYSIZE,COA_3M,31.15,2.0,96000,SCENARIO
2026-07-30,NEWCASTLE_AU_VIZAG,HANDYSIZE,COA_6M,32.07,5.0,192000,SCENARIO
2026-07-30,NEWCASTLE_AU_VIZAG,HANDYSIZE,COA_12M,32.98,8.0,384000,SCENARIO
2026-07-30,NEWCASTLE_AU_VIZAG,PANAMAX,SPOT,20.95,0.0,70000,SCENARIO
2026-07-30,NEWCASTLE_AU_VIZAG,PANAMAX,COA_3M,21.37,2.0,210000,SCENARIO
2026-07-30,NEWCASTLE_AU_VIZAG,PANAMAX,COA_6M,22.0,5.0,420000,SCENARIO
2026-07-30,NEWCASTLE_AU_VIZAG,PANAMAX,COA_12M,22.63,8.0,840000,SCENARIO
2026-07-30,NEWCASTLE_AU_VIZAG,PANAMAX,SPOT,21.76,0.0,70000,SCENARIO
2026-07-30,NEWCASTLE_AU_VIZAG,PANAMAX,COA_3M,22.2,2.0,210000,SCENARIO
2026-07-30,NEWCASTLE_AU_VIZAG,PANAMAX,COA_6M,22.85,5.0,420000,SCENARIO
2026-07-30,NEWCASTLE_AU_VIZAG,PANAMAX,COA_12M,23.5,8.0,840000,SCENARIO
2026-07-30,NEWCASTLE_AU_VIZAG,SUPRAMAX,SPOT,24.96,0.0,50000,SCENARIO
2026-07-30,NEWCASTLE_AU_VIZAG,SUPRAMAX,COA_3M,25.46,2.0,150000,SCENARIO
2026-07-30,NEWCASTLE_AU_VIZAG,SUPRAMAX,COA_6M,26.21,5.0,300000,SCENARIO
2026-07-30,NEWCASTLE_AU_VIZAG,SUPRAMAX,COA_12M,26.96,8.0,600000,SCENARIO
2026-07-30,NORFOLK_US_PARADIP,HANDYSIZE,SPOT,53.2,0.0,32000,SCENARIO
2026-07-30,NORFOLK_US_PARADIP,HANDYSIZE,COA_3M,54.26,2.0,96000,SCENARIO
2026-07-30,NORFOLK_US_PARADIP,HANDYSIZE,COA_6M,55.86,5.0,192000,SCENARIO
2026-07-30,NORFOLK_US_PARADIP,HANDYSIZE,COA_12M,57.46,8.0,384000,SCENARIO
2026-07-30,NORFOLK_US_PARADIP,PANAMAX,SPOT,36.23,0.0,70000,SCENARIO
2026-07-30,NORFOLK_US_PARADIP,PANAMAX,COA_3M,36.95,2.0,210000,SCENARIO
2026-07-30,NORFOLK_US_PARADIP,PANAMAX,COA_6M,38.04,5.0,420000,SCENARIO
2026-07-30,NORFOLK_US_PARADIP,PANAMAX,COA_12M,39.13,8.0,840000,SCENARIO
2026-07-30,NORFOLK_US_PARADIP,PANAMAX,SPOT,37.53,0.0,70000,SCENARIO
2026-07-30,NORFOLK_US_PARADIP,PANAMAX,COA_3M,38.28,2.0,210000,SCENARIO
2026-07-30,NORFOLK_US_PARADIP,PANAMAX,COA_6M,39.41,5.0,420000,SCENARIO
2026-07-30,NORFOLK_US_PARADIP,PANAMAX,COA_12M,40.53,8.0,840000,SCENARIO
2026-07-30,NORFOLK_US_PARADIP,SUPRAMAX,SPOT,43.26,0.0,50000,SCENARIO
2026-07-30,NORFOLK_US_PARADIP,SUPRAMAX,COA_3M,44.13,2.0,150000,SCENARIO
2026-07-30,NORFOLK_US_PARADIP,SUPRAMAX,COA_6M,45.42,5.0,300000,SCENARIO
2026-07-30,NORFOLK_US_PARADIP,SUPRAMAX,COA_12M,46.72,8.0,600000,SCENARIO
2026-07-30,NORFOLK_US_VIZAG,HANDYSIZE,SPOT,52.5,0.0,32000,SCENARIO
2026-07-30,NORFOLK_US_VIZAG,HANDYSIZE,COA_3M,53.55,2.0,96000,SCENARIO
2026-07-30,NORFOLK_US_VIZAG,HANDYSIZE,COA_6M,55.12,5.0,192000,SCENARIO
2026-07-30,NORFOLK_US_VIZAG,HANDYSIZE,COA_12M,56.7,8.0,384000,SCENARIO
2026-07-30,NORFOLK_US_VIZAG,PANAMAX,SPOT,35.76,0.0,70000,SCENARIO
2026-07-30,NORFOLK_US_VIZAG,PANAMAX,COA_3M,36.48,2.0,210000,SCENARIO
2026-07-30,NORFOLK_US_VIZAG,PANAMAX,COA_6M,37.55,5.0,420000,SCENARIO
2026-07-30,NORFOLK_US_VIZAG,PANAMAX,COA_12M,38.62,8.0,840000,SCENARIO
2026-07-30,NORFOLK_US_VIZAG,PANAMAX,SPOT,37.04,0.0,70000,SCENARIO
2026-07-30,NORFOLK_US_VIZAG,PANAMAX,COA_3M,37.78,2.0,210000,SCENARIO
2026-07-30,NORFOLK_US_VIZAG,PANAMAX,COA_6M,38.89,5.0,420000,SCENARIO
2026-07-30,NORFOLK_US_VIZAG,PANAMAX,COA_12M,40.0,8.0,840000,SCENARIO
2026-07-30,NORFOLK_US_VIZAG,SUPRAMAX,SPOT,42.7,0.0,50000,SCENARIO
2026-07-30,NORFOLK_US_VIZAG,SUPRAMAX,COA_3M,43.55,2.0,150000,SCENARIO
2026-07-30,NORFOLK_US_VIZAG,SUPRAMAX,COA_6M,44.84,5.0,300000,SCENARIO
2026-07-30,NORFOLK_US_VIZAG,SUPRAMAX,COA_12M,46.12,8.0,600000,SCENARIO
2026-07-30,VOSTOCHNY_RU_PARADIP,HANDYSIZE,SPOT,29.55,0.0,32000,SCENARIO
2026-07-30,VOSTOCHNY_RU_PARADIP,HANDYSIZE,COA_3M,30.14,2.0,96000,SCENARIO
2026-07-30,VOSTOCHNY_RU_PARADIP,HANDYSIZE,COA_6M,31.03,5.0,192000,SCENARIO
2026-07-30,VOSTOCHNY_RU_PARADIP,HANDYSIZE,COA_12M,31.91,8.0,384000,SCENARIO
2026-07-30,VOSTOCHNY_RU_PARADIP,PANAMAX,SPOT,20.29,0.0,70000,SCENARIO
2026-07-30,VOSTOCHNY_RU_PARADIP,PANAMAX,COA_3M,20.7,2.0,210000,SCENARIO
2026-07-30,VOSTOCHNY_RU_PARADIP,PANAMAX,COA_6M,21.3,5.0,420000,SCENARIO
2026-07-30,VOSTOCHNY_RU_PARADIP,PANAMAX,COA_12M,21.91,8.0,840000,SCENARIO
2026-07-30,VOSTOCHNY_RU_PARADIP,PANAMAX,SPOT,21.08,0.0,70000,SCENARIO
2026-07-30,VOSTOCHNY_RU_PARADIP,PANAMAX,COA_3M,21.5,2.0,210000,SCENARIO
2026-07-30,VOSTOCHNY_RU_PARADIP,PANAMAX,COA_6M,22.13,5.0,420000,SCENARIO
2026-07-30,VOSTOCHNY_RU_PARADIP,PANAMAX,COA_12M,22.77,8.0,840000,SCENARIO
2026-07-30,VOSTOCHNY_RU_PARADIP,SUPRAMAX,SPOT,24.15,0.0,50000,SCENARIO
2026-07-30,VOSTOCHNY_RU_PARADIP,SUPRAMAX,COA_3M,24.63,2.0,150000,SCENARIO
2026-07-30,VOSTOCHNY_RU_PARADIP,SUPRAMAX,COA_6M,25.36,5.0,300000,SCENARIO
2026-07-30,VOSTOCHNY_RU_PARADIP,SUPRAMAX,COA_12M,26.08,8.0,600000,SCENARIO
2026-07-30,VOSTOCHNY_RU_VIZAG,HANDYSIZE,SPOT,29.33,0.0,32000,SCENARIO
2026-07-30,VOSTOCHNY_RU_VIZAG,HANDYSIZE,COA_3M,29.92,2.0,96000,SCENARIO
2026-07-30,VOSTOCHNY_RU_VIZAG,HANDYSIZE,COA_6M,30.8,5.0,192000,SCENARIO
2026-07-30,VOSTOCHNY_RU_VIZAG,HANDYSIZE,COA_12M,31.68,8.0,384000,SCENARIO
2026-07-30,VOSTOCHNY_RU_VIZAG,PANAMAX,SPOT,20.14,0.0,70000,SCENARIO
2026-07-30,VOSTOCHNY_RU_VIZAG,PANAMAX,COA_3M,20.54,2.0,210000,SCENARIO
2026-07-30,VOSTOCHNY_RU_VIZAG,PANAMAX,COA_6M,21.15,5.0,420000,SCENARIO
2026-07-30,VOSTOCHNY_RU_VIZAG,PANAMAX,COA_12M,21.75,8.0,840000,SCENARIO
2026-07-30,VOSTOCHNY_RU_VIZAG,PANAMAX,SPOT,20.92,0.0,70000,SCENARIO
2026-07-30,VOSTOCHNY_RU_VIZAG,PANAMAX,COA_3M,21.34,2.0,210000,SCENARIO
2026-07-30,VOSTOCHNY_RU_VIZAG,PANAMAX,COA_6M,21.97,5.0,420000,SCENARIO
2026-07-30,VOSTOCHNY_RU_VIZAG,PANAMAX,COA_12M,22.59,8.0,840000,SCENARIO
2026-07-30,VOSTOCHNY_RU_VIZAG,SUPRAMAX,SPOT,23.98,0.0,50000,SCENARIO
2026-07-30,VOSTOCHNY_RU_VIZAG,SUPRAMAX,COA_3M,24.46,2.0,150000,SCENARIO
2026-07-30,VOSTOCHNY_RU_VIZAG,SUPRAMAX,COA_6M,25.18,5.0,300000,SCENARIO
2026-07-30,VOSTOCHNY_RU_VIZAG,SUPRAMAX,COA_12M,25.9,8.0,600000,SCENARIO
2026-07-31,KALIMANTAN_ID_DHAMRA,HANDYSIZE,SPOT,15.53,0.0,32000,SCENARIO
2026-07-31,KALIMANTAN_ID_DHAMRA,HANDYSIZE,COA_3M,15.84,2.0,96000,SCENARIO
2026-07-31,KALIMANTAN_ID_DHAMRA,HANDYSIZE,COA_6M,16.31,5.0,192000,SCENARIO
2026-07-31,KALIMANTAN_ID_DHAMRA,HANDYSIZE,COA_12M,16.77,8.0,384000,SCENARIO
2026-07-31,KALIMANTAN_ID_DHAMRA,PANAMAX,SPOT,10.84,0.0,70000,SCENARIO
2026-07-31,KALIMANTAN_ID_DHAMRA,PANAMAX,COA_3M,11.06,2.0,210000,SCENARIO
2026-07-31,KALIMANTAN_ID_DHAMRA,PANAMAX,COA_6M,11.38,5.0,420000,SCENARIO
2026-07-31,KALIMANTAN_ID_DHAMRA,PANAMAX,COA_12M,11.71,8.0,840000,SCENARIO
2026-07-31,KALIMANTAN_ID_DHAMRA,PANAMAX,SPOT,11.32,0.0,70000,SCENARIO
2026-07-31,KALIMANTAN_ID_DHAMRA,PANAMAX,COA_3M,11.55,2.0,210000,SCENARIO
2026-07-31,KALIMANTAN_ID_DHAMRA,PANAMAX,COA_6M,11.89,5.0,420000,SCENARIO
2026-07-31,KALIMANTAN_ID_DHAMRA,PANAMAX,COA_12M,12.23,8.0,840000,SCENARIO
2026-07-31,KALIMANTAN_ID_DHAMRA,SUPRAMAX,SPOT,12.81,0.0,50000,SCENARIO
2026-07-31,KALIMANTAN_ID_DHAMRA,SUPRAMAX,COA_3M,13.07,2.0,150000,SCENARIO
2026-07-31,KALIMANTAN_ID_DHAMRA,SUPRAMAX,COA_6M,13.45,5.0,300000,SCENARIO
2026-07-31,KALIMANTAN_ID_DHAMRA,SUPRAMAX,COA_12M,13.83,8.0,600000,SCENARIO
2026-07-31,KALIMANTAN_ID_GANGAVARAM,HANDYSIZE,SPOT,15.0,0.0,32000,SCENARIO
2026-07-31,KALIMANTAN_ID_GANGAVARAM,HANDYSIZE,COA_3M,15.3,2.0,96000,SCENARIO
2026-07-31,KALIMANTAN_ID_GANGAVARAM,HANDYSIZE,COA_6M,15.75,5.0,192000,SCENARIO
2026-07-31,KALIMANTAN_ID_GANGAVARAM,HANDYSIZE,COA_12M,16.2,8.0,384000,SCENARIO
2026-07-31,KALIMANTAN_ID_GANGAVARAM,PANAMAX,SPOT,10.48,0.0,70000,SCENARIO
2026-07-31,KALIMANTAN_ID_GANGAVARAM,PANAMAX,COA_3M,10.69,2.0,210000,SCENARIO
2026-07-31,KALIMANTAN_ID_GANGAVARAM,PANAMAX,COA_6M,11.0,5.0,420000,SCENARIO
2026-07-31,KALIMANTAN_ID_GANGAVARAM,PANAMAX,COA_12M,11.32,8.0,840000,SCENARIO
2026-07-31,KALIMANTAN_ID_GANGAVARAM,PANAMAX,SPOT,10.96,0.0,70000,SCENARIO
2026-07-31,KALIMANTAN_ID_GANGAVARAM,PANAMAX,COA_3M,11.18,2.0,210000,SCENARIO
2026-07-31,KALIMANTAN_ID_GANGAVARAM,PANAMAX,COA_6M,11.51,5.0,420000,SCENARIO
2026-07-31,KALIMANTAN_ID_GANGAVARAM,PANAMAX,COA_12M,11.84,8.0,840000,SCENARIO
2026-07-31,KALIMANTAN_ID_GANGAVARAM,SUPRAMAX,SPOT,12.39,0.0,50000,SCENARIO
2026-07-31,KALIMANTAN_ID_GANGAVARAM,SUPRAMAX,COA_3M,12.64,2.0,150000,SCENARIO
2026-07-31,KALIMANTAN_ID_GANGAVARAM,SUPRAMAX,COA_6M,13.01,5.0,300000,SCENARIO
2026-07-31,KALIMANTAN_ID_GANGAVARAM,SUPRAMAX,COA_12M,13.38,8.0,600000,SCENARIO
2026-07-31,KALIMANTAN_ID_GOPALPUR,HANDYSIZE,SPOT,15.6,0.0,32000,SCENARIO
2026-07-31,KALIMANTAN_ID_GOPALPUR,HANDYSIZE,COA_3M,15.91,2.0,96000,SCENARIO
2026-07-31,KALIMANTAN_ID_GOPALPUR,HANDYSIZE,COA_6M,16.38,5.0,192000,SCENARIO
2026-07-31,KALIMANTAN_ID_GOPALPUR,HANDYSIZE,COA_12M,16.85,8.0,384000,SCENARIO
2026-07-31,KALIMANTAN_ID_GOPALPUR,PANAMAX,SPOT,11.37,0.0,70000,SCENARIO
2026-07-31,KALIMANTAN_ID_GOPALPUR,PANAMAX,COA_3M,11.6,2.0,210000,SCENARIO
2026-07-31,KALIMANTAN_ID_GOPALPUR,PANAMAX,COA_6M,11.94,5.0,420000,SCENARIO
2026-07-31,KALIMANTAN_ID_GOPALPUR,PANAMAX,COA_12M,12.28,8.0,840000,SCENARIO
2026-07-31,KALIMANTAN_ID_GOPALPUR,SUPRAMAX,SPOT,12.88,0.0,50000,SCENARIO
2026-07-31,KALIMANTAN_ID_GOPALPUR,SUPRAMAX,COA_3M,13.14,2.0,150000,SCENARIO
2026-07-31,KALIMANTAN_ID_GOPALPUR,SUPRAMAX,COA_6M,13.52,5.0,300000,SCENARIO
2026-07-31,KALIMANTAN_ID_GOPALPUR,SUPRAMAX,COA_12M,13.91,8.0,600000,SCENARIO
2026-07-31,KALIMANTAN_ID_PARADIP,HANDYSIZE,SPOT,15.68,0.0,32000,SCENARIO
2026-07-31,KALIMANTAN_ID_PARADIP,HANDYSIZE,COA_3M,15.99,2.0,96000,SCENARIO
2026-07-31,KALIMANTAN_ID_PARADIP,HANDYSIZE,COA_6M,16.46,5.0,192000,SCENARIO
2026-07-31,KALIMANTAN_ID_PARADIP,HANDYSIZE,COA_12M,16.93,8.0,384000,SCENARIO
2026-07-31,KALIMANTAN_ID_PARADIP,PANAMAX,SPOT,10.93,0.0,70000,SCENARIO
2026-07-31,KALIMANTAN_ID_PARADIP,PANAMAX,COA_3M,11.15,2.0,210000,SCENARIO
2026-07-31,KALIMANTAN_ID_PARADIP,PANAMAX,COA_6M,11.48,5.0,420000,SCENARIO
2026-07-31,KALIMANTAN_ID_PARADIP,PANAMAX,COA_12M,11.8,8.0,840000,SCENARIO
2026-07-31,KALIMANTAN_ID_PARADIP,PANAMAX,SPOT,11.42,0.0,70000,SCENARIO
2026-07-31,KALIMANTAN_ID_PARADIP,PANAMAX,COA_3M,11.65,2.0,210000,SCENARIO
2026-07-31,KALIMANTAN_ID_PARADIP,PANAMAX,COA_6M,11.99,5.0,420000,SCENARIO
2026-07-31,KALIMANTAN_ID_PARADIP,PANAMAX,COA_12M,12.33,8.0,840000,SCENARIO
2026-07-31,KALIMANTAN_ID_PARADIP,SUPRAMAX,SPOT,12.94,0.0,50000,SCENARIO
2026-07-31,KALIMANTAN_ID_PARADIP,SUPRAMAX,COA_3M,13.2,2.0,150000,SCENARIO
2026-07-31,KALIMANTAN_ID_PARADIP,SUPRAMAX,COA_6M,13.59,5.0,300000,SCENARIO
2026-07-31,KALIMANTAN_ID_PARADIP,SUPRAMAX,COA_12M,13.98,8.0,600000,SCENARIO
2026-07-31,KALIMANTAN_ID_SANDHEADS,HANDYSIZE,SPOT,16.44,0.0,32000,SCENARIO
2026-07-31,KALIMANTAN_ID_SANDHEADS,HANDYSIZE,COA_3M,16.77,2.0,96000,SCENARIO
2026-07-31,KALIMANTAN_ID_SANDHEADS,HANDYSIZE,COA_6M,17.26,5.0,192000,SCENARIO
2026-07-31,KALIMANTAN_ID_SANDHEADS,HANDYSIZE,COA_12M,17.76,8.0,384000,SCENARIO
2026-07-31,KALIMANTAN_ID_SANDHEADS,PANAMAX,SPOT,11.45,0.0,70000,SCENARIO
2026-07-31,KALIMANTAN_ID_SANDHEADS,PANAMAX,COA_3M,11.68,2.0,210000,SCENARIO
2026-07-31,KALIMANTAN_ID_SANDHEADS,PANAMAX,COA_6M,12.02,5.0,420000,SCENARIO
2026-07-31,KALIMANTAN_ID_SANDHEADS,PANAMAX,COA_12M,12.37,8.0,840000,SCENARIO
2026-07-31,KALIMANTAN_ID_SANDHEADS,PANAMAX,SPOT,11.95,0.0,70000,SCENARIO
2026-07-31,KALIMANTAN_ID_SANDHEADS,PANAMAX,COA_3M,12.19,2.0,210000,SCENARIO
2026-07-31,KALIMANTAN_ID_SANDHEADS,PANAMAX,COA_6M,12.55,5.0,420000,SCENARIO
2026-07-31,KALIMANTAN_ID_SANDHEADS,PANAMAX,COA_12M,12.91,8.0,840000,SCENARIO
2026-07-31,KALIMANTAN_ID_SANDHEADS,SUPRAMAX,SPOT,13.57,0.0,50000,SCENARIO
2026-07-31,KALIMANTAN_ID_SANDHEADS,SUPRAMAX,COA_3M,13.84,2.0,150000,SCENARIO
2026-07-31,KALIMANTAN_ID_SANDHEADS,SUPRAMAX,COA_6M,14.25,5.0,300000,SCENARIO
2026-07-31,KALIMANTAN_ID_SANDHEADS,SUPRAMAX,COA_12M,14.66,8.0,600000,SCENARIO
2026-07-31,KALIMANTAN_ID_VIZAG,HANDYSIZE,SPOT,15.46,0.0,32000,SCENARIO
2026-07-31,KALIMANTAN_ID_VIZAG,HANDYSIZE,COA_3M,15.77,2.0,96000,SCENARIO
2026-07-31,KALIMANTAN_ID_VIZAG,HANDYSIZE,COA_6M,16.23,5.0,192000,SCENARIO
2026-07-31,KALIMANTAN_ID_VIZAG,HANDYSIZE,COA_12M,16.7,8.0,384000,SCENARIO
2026-07-31,KALIMANTAN_ID_VIZAG,PANAMAX,SPOT,10.79,0.0,70000,SCENARIO
2026-07-31,KALIMANTAN_ID_VIZAG,PANAMAX,COA_3M,11.01,2.0,210000,SCENARIO
2026-07-31,KALIMANTAN_ID_VIZAG,PANAMAX,COA_6M,11.33,5.0,420000,SCENARIO
2026-07-31,KALIMANTAN_ID_VIZAG,PANAMAX,COA_12M,11.65,8.0,840000,SCENARIO
2026-07-31,KALIMANTAN_ID_VIZAG,PANAMAX,SPOT,11.27,0.0,70000,SCENARIO
2026-07-31,KALIMANTAN_ID_VIZAG,PANAMAX,COA_3M,11.5,2.0,210000,SCENARIO
2026-07-31,KALIMANTAN_ID_VIZAG,PANAMAX,COA_6M,11.83,5.0,420000,SCENARIO
2026-07-31,KALIMANTAN_ID_VIZAG,PANAMAX,COA_12M,12.17,8.0,840000,SCENARIO
2026-07-31,KALIMANTAN_ID_VIZAG,SUPRAMAX,SPOT,12.77,0.0,50000,SCENARIO
2026-07-31,KALIMANTAN_ID_VIZAG,SUPRAMAX,COA_3M,13.03,2.0,150000,SCENARIO
2026-07-31,KALIMANTAN_ID_VIZAG,SUPRAMAX,COA_6M,13.41,5.0,300000,SCENARIO
2026-07-31,KALIMANTAN_ID_VIZAG,SUPRAMAX,COA_12M,13.79,8.0,600000,SCENARIO
2026-07-31,MAPUTO_MZ_PARADIP,HANDYSIZE,SPOT,22.31,0.0,32000,SCENARIO
2026-07-31,MAPUTO_MZ_PARADIP,HANDYSIZE,COA_3M,22.76,2.0,96000,SCENARIO
2026-07-31,MAPUTO_MZ_PARADIP,HANDYSIZE,COA_6M,23.43,5.0,192000,SCENARIO
2026-07-31,MAPUTO_MZ_PARADIP,HANDYSIZE,COA_12M,24.09,8.0,384000,SCENARIO
2026-07-31,MAPUTO_MZ_PARADIP,PANAMAX,SPOT,15.41,0.0,70000,SCENARIO
2026-07-31,MAPUTO_MZ_PARADIP,PANAMAX,COA_3M,15.72,2.0,210000,SCENARIO
2026-07-31,MAPUTO_MZ_PARADIP,PANAMAX,COA_6M,16.18,5.0,420000,SCENARIO
2026-07-31,MAPUTO_MZ_PARADIP,PANAMAX,COA_12M,16.64,8.0,840000,SCENARIO
2026-07-31,MAPUTO_MZ_PARADIP,PANAMAX,SPOT,16.04,0.0,70000,SCENARIO
2026-07-31,MAPUTO_MZ_PARADIP,PANAMAX,COA_3M,16.36,2.0,210000,SCENARIO
2026-07-31,MAPUTO_MZ_PARADIP,PANAMAX,COA_6M,16.84,5.0,420000,SCENARIO
2026-07-31,MAPUTO_MZ_PARADIP,PANAMAX,COA_12M,17.32,8.0,840000,SCENARIO
2026-07-31,MAPUTO_MZ_PARADIP,SUPRAMAX,SPOT,18.3,0.0,50000,SCENARIO
2026-07-31,MAPUTO_MZ_PARADIP,SUPRAMAX,COA_3M,18.67,2.0,150000,SCENARIO
2026-07-31,MAPUTO_MZ_PARADIP,SUPRAMAX,COA_6M,19.21,5.0,300000,SCENARIO
2026-07-31,MAPUTO_MZ_PARADIP,SUPRAMAX,COA_12M,19.76,8.0,600000,SCENARIO
2026-07-31,MAPUTO_MZ_VIZAG,HANDYSIZE,SPOT,21.61,0.0,32000,SCENARIO
2026-07-31,MAPUTO_MZ_VIZAG,HANDYSIZE,COA_3M,22.04,2.0,96000,SCENARIO
2026-07-31,MAPUTO_MZ_VIZAG,HANDYSIZE,COA_6M,22.69,5.0,192000,SCENARIO
2026-07-31,MAPUTO_MZ_VIZAG,HANDYSIZE,COA_12M,23.34,8.0,384000,SCENARIO
2026-07-31,MAPUTO_MZ_VIZAG,PANAMAX,SPOT,14.93,0.0,70000,SCENARIO
2026-07-31,MAPUTO_MZ_VIZAG,PANAMAX,COA_3M,15.23,2.0,210000,SCENARIO
2026-07-31,MAPUTO_MZ_VIZAG,PANAMAX,COA_6M,15.68,5.0,420000,SCENARIO
2026-07-31,MAPUTO_MZ_VIZAG,PANAMAX,COA_12M,16.12,8.0,840000,SCENARIO
2026-07-31,MAPUTO_MZ_VIZAG,PANAMAX,SPOT,15.55,0.0,70000,SCENARIO
2026-07-31,MAPUTO_MZ_VIZAG,PANAMAX,COA_3M,15.86,2.0,210000,SCENARIO
2026-07-31,MAPUTO_MZ_VIZAG,PANAMAX,COA_6M,16.33,5.0,420000,SCENARIO
2026-07-31,MAPUTO_MZ_VIZAG,PANAMAX,COA_12M,16.79,8.0,840000,SCENARIO
2026-07-31,MAPUTO_MZ_VIZAG,SUPRAMAX,SPOT,17.74,0.0,50000,SCENARIO
2026-07-31,MAPUTO_MZ_VIZAG,SUPRAMAX,COA_3M,18.09,2.0,150000,SCENARIO
2026-07-31,MAPUTO_MZ_VIZAG,SUPRAMAX,COA_6M,18.63,5.0,300000,SCENARIO
2026-07-31,MAPUTO_MZ_VIZAG,SUPRAMAX,COA_12M,19.16,8.0,600000,SCENARIO
2026-07-31,NEWCASTLE_AU_DHAMRA,HANDYSIZE,SPOT,30.39,0.0,32000,SCENARIO
2026-07-31,NEWCASTLE_AU_DHAMRA,HANDYSIZE,COA_3M,31.0,2.0,96000,SCENARIO
2026-07-31,NEWCASTLE_AU_DHAMRA,HANDYSIZE,COA_6M,31.91,5.0,192000,SCENARIO
2026-07-31,NEWCASTLE_AU_DHAMRA,HANDYSIZE,COA_12M,32.82,8.0,384000,SCENARIO
2026-07-31,NEWCASTLE_AU_DHAMRA,PANAMAX,SPOT,20.86,0.0,70000,SCENARIO
2026-07-31,NEWCASTLE_AU_DHAMRA,PANAMAX,COA_3M,21.28,2.0,210000,SCENARIO
2026-07-31,NEWCASTLE_AU_DHAMRA,PANAMAX,COA_6M,21.9,5.0,420000,SCENARIO
2026-07-31,NEWCASTLE_AU_DHAMRA,PANAMAX,COA_12M,22.53,8.0,840000,SCENARIO
2026-07-31,NEWCASTLE_AU_DHAMRA,PANAMAX,SPOT,21.66,0.0,70000,SCENARIO
2026-07-31,NEWCASTLE_AU_DHAMRA,PANAMAX,COA_3M,22.09,2.0,210000,SCENARIO
2026-07-31,NEWCASTLE_AU_DHAMRA,PANAMAX,COA_6M,22.74,5.0,420000,SCENARIO
2026-07-31,NEWCASTLE_AU_DHAMRA,PANAMAX,COA_12M,23.39,8.0,840000,SCENARIO
2026-07-31,NEWCASTLE_AU_DHAMRA,SUPRAMAX,SPOT,24.82,0.0,50000,SCENARIO
2026-07-31,NEWCASTLE_AU_DHAMRA,SUPRAMAX,COA_3M,25.32,2.0,150000,SCENARIO
2026-07-31,NEWCASTLE_AU_DHAMRA,SUPRAMAX,COA_6M,26.06,5.0,300000,SCENARIO
2026-07-31,NEWCASTLE_AU_DHAMRA,SUPRAMAX,COA_12M,26.81,8.0,600000,SCENARIO
2026-07-31,NEWCASTLE_AU_GANGAVARAM,HANDYSIZE,SPOT,30.09,0.0,32000,SCENARIO
2026-07-31,NEWCASTLE_AU_GANGAVARAM,HANDYSIZE,COA_3M,30.69,2.0,96000,SCENARIO
2026-07-31,NEWCASTLE_AU_GANGAVARAM,HANDYSIZE,COA_6M,31.59,5.0,192000,SCENARIO
2026-07-31,NEWCASTLE_AU_GANGAVARAM,HANDYSIZE,COA_12M,32.5,8.0,384000,SCENARIO
2026-07-31,NEWCASTLE_AU_GANGAVARAM,PANAMAX,SPOT,20.65,0.0,70000,SCENARIO
2026-07-31,NEWCASTLE_AU_GANGAVARAM,PANAMAX,COA_3M,21.06,2.0,210000,SCENARIO
2026-07-31,NEWCASTLE_AU_GANGAVARAM,PANAMAX,COA_6M,21.68,5.0,420000,SCENARIO
2026-07-31,NEWCASTLE_AU_GANGAVARAM,PANAMAX,COA_12M,22.3,8.0,840000,SCENARIO
2026-07-31,NEWCASTLE_AU_GANGAVARAM,PANAMAX,SPOT,21.45,0.0,70000,SCENARIO
2026-07-31,NEWCASTLE_AU_GANGAVARAM,PANAMAX,COA_3M,21.88,2.0,210000,SCENARIO
2026-07-31,NEWCASTLE_AU_GANGAVARAM,PANAMAX,COA_6M,22.52,5.0,420000,SCENARIO
2026-07-31,NEWCASTLE_AU_GANGAVARAM,PANAMAX,COA_12M,23.17,8.0,840000,SCENARIO
2026-07-31,NEWCASTLE_AU_GANGAVARAM,SUPRAMAX,SPOT,24.58,0.0,50000,SCENARIO
2026-07-31,NEWCASTLE_AU_GANGAVARAM,SUPRAMAX,COA_3M,25.07,2.0,150000,SCENARIO
2026-07-31,NEWCASTLE_AU_GANGAVARAM,SUPRAMAX,COA_6M,25.81,5.0,300000,SCENARIO
2026-07-31,NEWCASTLE_AU_GANGAVARAM,SUPRAMAX,COA_12M,26.55,8.0,600000,SCENARIO
2026-07-31,NEWCASTLE_AU_GOPALPUR,HANDYSIZE,SPOT,30.56,0.0,32000,SCENARIO
2026-07-31,NEWCASTLE_AU_GOPALPUR,HANDYSIZE,COA_3M,31.17,2.0,96000,SCENARIO
2026-07-31,NEWCASTLE_AU_GOPALPUR,HANDYSIZE,COA_6M,32.09,5.0,192000,SCENARIO
2026-07-31,NEWCASTLE_AU_GOPALPUR,HANDYSIZE,COA_12M,33.0,8.0,384000,SCENARIO
2026-07-31,NEWCASTLE_AU_GOPALPUR,PANAMAX,SPOT,21.78,0.0,70000,SCENARIO
2026-07-31,NEWCASTLE_AU_GOPALPUR,PANAMAX,COA_3M,22.22,2.0,210000,SCENARIO
2026-07-31,NEWCASTLE_AU_GOPALPUR,PANAMAX,COA_6M,22.87,5.0,420000,SCENARIO
2026-07-31,NEWCASTLE_AU_GOPALPUR,PANAMAX,COA_12M,23.52,8.0,840000,SCENARIO
2026-07-31,NEWCASTLE_AU_GOPALPUR,SUPRAMAX,SPOT,24.97,0.0,50000,SCENARIO
2026-07-31,NEWCASTLE_AU_GOPALPUR,SUPRAMAX,COA_3M,25.47,2.0,150000,SCENARIO
2026-07-31,NEWCASTLE_AU_GOPALPUR,SUPRAMAX,COA_6M,26.22,5.0,300000,SCENARIO
2026-07-31,NEWCASTLE_AU_GOPALPUR,SUPRAMAX,COA_12M,26.97,8.0,600000,SCENARIO
2026-07-31,NEWCASTLE_AU_PARADIP,HANDYSIZE,SPOT,30.52,0.0,32000,SCENARIO
2026-07-31,NEWCASTLE_AU_PARADIP,HANDYSIZE,COA_3M,31.13,2.0,96000,SCENARIO
2026-07-31,NEWCASTLE_AU_PARADIP,HANDYSIZE,COA_6M,32.05,5.0,192000,SCENARIO
2026-07-31,NEWCASTLE_AU_PARADIP,HANDYSIZE,COA_12M,32.96,8.0,384000,SCENARIO
2026-07-31,NEWCASTLE_AU_PARADIP,PANAMAX,SPOT,20.94,0.0,70000,SCENARIO
2026-07-31,NEWCASTLE_AU_PARADIP,PANAMAX,COA_3M,21.36,2.0,210000,SCENARIO
2026-07-31,NEWCASTLE_AU_PARADIP,PANAMAX,COA_6M,21.99,5.0,420000,SCENARIO
2026-07-31,NEWCASTLE_AU_PARADIP,PANAMAX,COA_12M,22.62,8.0,840000,SCENARIO
2026-07-31,NEWCASTLE_AU_PARADIP,PANAMAX,SPOT,21.75,0.0,70000,SCENARIO
2026-07-31,NEWCASTLE_AU_PARADIP,PANAMAX,COA_3M,22.18,2.0,210000,SCENARIO
2026-07-31,NEWCASTLE_AU_PARADIP,PANAMAX,COA_6M,22.84,5.0,420000,SCENARIO
2026-07-31,NEWCASTLE_AU_PARADIP,PANAMAX,COA_12M,23.49,8.0,840000,SCENARIO
2026-07-31,NEWCASTLE_AU_PARADIP,SUPRAMAX,SPOT,24.93,0.0,50000,SCENARIO
2026-07-31,NEWCASTLE_AU_PARADIP,SUPRAMAX,COA_3M,25.43,2.0,150000,SCENARIO
2026-07-31,NEWCASTLE_AU_PARADIP,SUPRAMAX,COA_6M,26.18,5.0,300000,SCENARIO
2026-07-31,NEWCASTLE_AU_PARADIP,SUPRAMAX,COA_12M,26.92,8.0,600000,SCENARIO
2026-07-31,NEWCASTLE_AU_SANDHEADS,HANDYSIZE,SPOT,31.25,0.0,32000,SCENARIO
2026-07-31,NEWCASTLE_AU_SANDHEADS,HANDYSIZE,COA_3M,31.88,2.0,96000,SCENARIO
2026-07-31,NEWCASTLE_AU_SANDHEADS,HANDYSIZE,COA_6M,32.81,5.0,192000,SCENARIO
2026-07-31,NEWCASTLE_AU_SANDHEADS,HANDYSIZE,COA_12M,33.75,8.0,384000,SCENARIO
2026-07-31,NEWCASTLE_AU_SANDHEADS,PANAMAX,SPOT,21.43,0.0,70000,SCENARIO
2026-07-31,NEWCASTLE_AU_SANDHEADS,PANAMAX,COA_3M,21.86,2.0,210000,SCENARIO
2026-07-31,NEWCASTLE_AU_SANDHEADS,PANAMAX,COA_6M,22.5,5.0,420000,SCENARIO
2026-07-31,NEWCASTLE_AU_SANDHEADS,PANAMAX,COA_12M,23.14,8.0,840000,SCENARIO
2026-07-31,NEWCASTLE_AU_SANDHEADS,PANAMAX,SPOT,22.26,0.0,70000,SCENARIO
2026-07-31,NEWCASTLE_AU_SANDHEADS,PANAMAX,COA_3M,22.71,2.0,210000,SCENARIO
2026-07-31,NEWCASTLE_AU_SANDHEADS,PANAMAX,COA_6M,23.37,5.0,420000,SCENARIO
2026-07-31,NEWCASTLE_AU_SANDHEADS,PANAMAX,COA_12M,24.04,8.0,840000,SCENARIO
2026-07-31,NEWCASTLE_AU_SANDHEADS,SUPRAMAX,SPOT,25.54,0.0,50000,SCENARIO
2026-07-31,NEWCASTLE_AU_SANDHEADS,SUPRAMAX,COA_3M,26.05,2.0,150000,SCENARIO
2026-07-31,NEWCASTLE_AU_SANDHEADS,SUPRAMAX,COA_6M,26.82,5.0,300000,SCENARIO
2026-07-31,NEWCASTLE_AU_SANDHEADS,SUPRAMAX,COA_12M,27.58,8.0,600000,SCENARIO
2026-07-31,NEWCASTLE_AU_VIZAG,HANDYSIZE,SPOT,30.54,0.0,32000,SCENARIO
2026-07-31,NEWCASTLE_AU_VIZAG,HANDYSIZE,COA_3M,31.15,2.0,96000,SCENARIO
2026-07-31,NEWCASTLE_AU_VIZAG,HANDYSIZE,COA_6M,32.07,5.0,192000,SCENARIO
2026-07-31,NEWCASTLE_AU_VIZAG,HANDYSIZE,COA_12M,32.98,8.0,384000,SCENARIO
2026-07-31,NEWCASTLE_AU_VIZAG,PANAMAX,SPOT,20.95,0.0,70000,SCENARIO
2026-07-31,NEWCASTLE_AU_VIZAG,PANAMAX,COA_3M,21.37,2.0,210000,SCENARIO
2026-07-31,NEWCASTLE_AU_VIZAG,PANAMAX,COA_6M,22.0,5.0,420000,SCENARIO
2026-07-31,NEWCASTLE_AU_VIZAG,PANAMAX,COA_12M,22.63,8.0,840000,SCENARIO
2026-07-31,NEWCASTLE_AU_VIZAG,PANAMAX,SPOT,21.76,0.0,70000,SCENARIO
2026-07-31,NEWCASTLE_AU_VIZAG,PANAMAX,COA_3M,22.2,2.0,210000,SCENARIO
2026-07-31,NEWCASTLE_AU_VIZAG,PANAMAX,COA_6M,22.85,5.0,420000,SCENARIO
2026-07-31,NEWCASTLE_AU_VIZAG,PANAMAX,COA_12M,23.5,8.0,840000,SCENARIO
2026-07-31,NEWCASTLE_AU_VIZAG,SUPRAMAX,SPOT,24.96,0.0,50000,SCENARIO
2026-07-31,NEWCASTLE_AU_VIZAG,SUPRAMAX,COA_3M,25.46,2.0,150000,SCENARIO
2026-07-31,NEWCASTLE_AU_VIZAG,SUPRAMAX,COA_6M,26.21,5.0,300000,SCENARIO
2026-07-31,NEWCASTLE_AU_VIZAG,SUPRAMAX,COA_12M,26.96,8.0,600000,SCENARIO
2026-07-31,NORFOLK_US_PARADIP,HANDYSIZE,SPOT,53.2,0.0,32000,SCENARIO
2026-07-31,NORFOLK_US_PARADIP,HANDYSIZE,COA_3M,54.26,2.0,96000,SCENARIO
2026-07-31,NORFOLK_US_PARADIP,HANDYSIZE,COA_6M,55.86,5.0,192000,SCENARIO
2026-07-31,NORFOLK_US_PARADIP,HANDYSIZE,COA_12M,57.46,8.0,384000,SCENARIO
2026-07-31,NORFOLK_US_PARADIP,PANAMAX,SPOT,36.23,0.0,70000,SCENARIO
2026-07-31,NORFOLK_US_PARADIP,PANAMAX,COA_3M,36.95,2.0,210000,SCENARIO
2026-07-31,NORFOLK_US_PARADIP,PANAMAX,COA_6M,38.04,5.0,420000,SCENARIO
2026-07-31,NORFOLK_US_PARADIP,PANAMAX,COA_12M,39.13,8.0,840000,SCENARIO
2026-07-31,NORFOLK_US_PARADIP,PANAMAX,SPOT,37.52,0.0,70000,SCENARIO
2026-07-31,NORFOLK_US_PARADIP,PANAMAX,COA_3M,38.27,2.0,210000,SCENARIO
2026-07-31,NORFOLK_US_PARADIP,PANAMAX,COA_6M,39.4,5.0,420000,SCENARIO
2026-07-31,NORFOLK_US_PARADIP,PANAMAX,COA_12M,40.52,8.0,840000,SCENARIO
2026-07-31,NORFOLK_US_PARADIP,SUPRAMAX,SPOT,43.26,0.0,50000,SCENARIO
2026-07-31,NORFOLK_US_PARADIP,SUPRAMAX,COA_3M,44.13,2.0,150000,SCENARIO
2026-07-31,NORFOLK_US_PARADIP,SUPRAMAX,COA_6M,45.42,5.0,300000,SCENARIO
2026-07-31,NORFOLK_US_PARADIP,SUPRAMAX,COA_12M,46.72,8.0,600000,SCENARIO
2026-07-31,NORFOLK_US_VIZAG,HANDYSIZE,SPOT,52.5,0.0,32000,SCENARIO
2026-07-31,NORFOLK_US_VIZAG,HANDYSIZE,COA_3M,53.55,2.0,96000,SCENARIO
2026-07-31,NORFOLK_US_VIZAG,HANDYSIZE,COA_6M,55.12,5.0,192000,SCENARIO
2026-07-31,NORFOLK_US_VIZAG,HANDYSIZE,COA_12M,56.7,8.0,384000,SCENARIO
2026-07-31,NORFOLK_US_VIZAG,PANAMAX,SPOT,35.75,0.0,70000,SCENARIO
2026-07-31,NORFOLK_US_VIZAG,PANAMAX,COA_3M,36.47,2.0,210000,SCENARIO
2026-07-31,NORFOLK_US_VIZAG,PANAMAX,COA_6M,37.54,5.0,420000,SCENARIO
2026-07-31,NORFOLK_US_VIZAG,PANAMAX,COA_12M,38.61,8.0,840000,SCENARIO
2026-07-31,NORFOLK_US_VIZAG,PANAMAX,SPOT,37.04,0.0,70000,SCENARIO
2026-07-31,NORFOLK_US_VIZAG,PANAMAX,COA_3M,37.78,2.0,210000,SCENARIO
2026-07-31,NORFOLK_US_VIZAG,PANAMAX,COA_6M,38.89,5.0,420000,SCENARIO
2026-07-31,NORFOLK_US_VIZAG,PANAMAX,COA_12M,40.0,8.0,840000,SCENARIO
2026-07-31,NORFOLK_US_VIZAG,SUPRAMAX,SPOT,42.7,0.0,50000,SCENARIO
2026-07-31,NORFOLK_US_VIZAG,SUPRAMAX,COA_3M,43.55,2.0,150000,SCENARIO
2026-07-31,NORFOLK_US_VIZAG,SUPRAMAX,COA_6M,44.84,5.0,300000,SCENARIO
2026-07-31,NORFOLK_US_VIZAG,SUPRAMAX,COA_12M,46.12,8.0,600000,SCENARIO
2026-07-31,VOSTOCHNY_RU_PARADIP,HANDYSIZE,SPOT,29.55,0.0,32000,SCENARIO
2026-07-31,VOSTOCHNY_RU_PARADIP,HANDYSIZE,COA_3M,30.14,2.0,96000,SCENARIO
2026-07-31,VOSTOCHNY_RU_PARADIP,HANDYSIZE,COA_6M,31.03,5.0,192000,SCENARIO
2026-07-31,VOSTOCHNY_RU_PARADIP,HANDYSIZE,COA_12M,31.91,8.0,384000,SCENARIO
2026-07-31,VOSTOCHNY_RU_PARADIP,PANAMAX,SPOT,20.29,0.0,70000,SCENARIO
2026-07-31,VOSTOCHNY_RU_PARADIP,PANAMAX,COA_3M,20.7,2.0,210000,SCENARIO
2026-07-31,VOSTOCHNY_RU_PARADIP,PANAMAX,COA_6M,21.3,5.0,420000,SCENARIO
2026-07-31,VOSTOCHNY_RU_PARADIP,PANAMAX,COA_12M,21.91,8.0,840000,SCENARIO
2026-07-31,VOSTOCHNY_RU_PARADIP,PANAMAX,SPOT,21.08,0.0,70000,SCENARIO
2026-07-31,VOSTOCHNY_RU_PARADIP,PANAMAX,COA_3M,21.5,2.0,210000,SCENARIO
2026-07-31,VOSTOCHNY_RU_PARADIP,PANAMAX,COA_6M,22.13,5.0,420000,SCENARIO
2026-07-31,VOSTOCHNY_RU_PARADIP,PANAMAX,COA_12M,22.77,8.0,840000,SCENARIO
2026-07-31,VOSTOCHNY_RU_PARADIP,SUPRAMAX,SPOT,24.15,0.0,50000,SCENARIO
2026-07-31,VOSTOCHNY_RU_PARADIP,SUPRAMAX,COA_3M,24.63,2.0,150000,SCENARIO
2026-07-31,VOSTOCHNY_RU_PARADIP,SUPRAMAX,COA_6M,25.36,5.0,300000,SCENARIO
2026-07-31,VOSTOCHNY_RU_PARADIP,SUPRAMAX,COA_12M,26.08,8.0,600000,SCENARIO
2026-07-31,VOSTOCHNY_RU_VIZAG,HANDYSIZE,SPOT,29.33,0.0,32000,SCENARIO
2026-07-31,VOSTOCHNY_RU_VIZAG,HANDYSIZE,COA_3M,29.92,2.0,96000,SCENARIO
2026-07-31,VOSTOCHNY_RU_VIZAG,HANDYSIZE,COA_6M,30.8,5.0,192000,SCENARIO
2026-07-31,VOSTOCHNY_RU_VIZAG,HANDYSIZE,COA_12M,31.68,8.0,384000,SCENARIO
2026-07-31,VOSTOCHNY_RU_VIZAG,PANAMAX,SPOT,20.14,0.0,70000,SCENARIO
2026-07-31,VOSTOCHNY_RU_VIZAG,PANAMAX,COA_3M,20.54,2.0,210000,SCENARIO
2026-07-31,VOSTOCHNY_RU_VIZAG,PANAMAX,COA_6M,21.15,5.0,420000,SCENARIO
2026-07-31,VOSTOCHNY_RU_VIZAG,PANAMAX,COA_12M,21.75,8.0,840000,SCENARIO
2026-07-31,VOSTOCHNY_RU_VIZAG,PANAMAX,SPOT,20.92,0.0,70000,SCENARIO
2026-07-31,VOSTOCHNY_RU_VIZAG,PANAMAX,COA_3M,21.34,2.0,210000,SCENARIO
2026-07-31,VOSTOCHNY_RU_VIZAG,PANAMAX,COA_6M,21.97,5.0,420000,SCENARIO
2026-07-31,VOSTOCHNY_RU_VIZAG,PANAMAX,COA_12M,22.59,8.0,840000,SCENARIO
2026-07-31,VOSTOCHNY_RU_VIZAG,SUPRAMAX,SPOT,23.98,0.0,50000,SCENARIO
2026-07-31,VOSTOCHNY_RU_VIZAG,SUPRAMAX,COA_3M,24.46,2.0,150000,SCENARIO
2026-07-31,VOSTOCHNY_RU_VIZAG,SUPRAMAX,COA_6M,25.18,5.0,300000,SCENARIO
2026-07-31,VOSTOCHNY_RU_VIZAG,SUPRAMAX,COA_12M,25.9,8.0,600000,SCENARIO
2026-08-03,KALIMANTAN_ID_DHAMRA,HANDYSIZE,SPOT,15.69,0.0,32000,SCENARIO
2026-08-03,KALIMANTAN_ID_DHAMRA,HANDYSIZE,COA_3M,16.0,2.0,96000,SCENARIO
2026-08-03,KALIMANTAN_ID_DHAMRA,HANDYSIZE,COA_6M,16.47,5.0,192000,SCENARIO
2026-08-03,KALIMANTAN_ID_DHAMRA,HANDYSIZE,COA_12M,16.95,8.0,384000,SCENARIO
2026-08-03,KALIMANTAN_ID_DHAMRA,PANAMAX,SPOT,10.95,0.0,70000,SCENARIO
2026-08-03,KALIMANTAN_ID_DHAMRA,PANAMAX,COA_3M,11.17,2.0,210000,SCENARIO
2026-08-03,KALIMANTAN_ID_DHAMRA,PANAMAX,COA_6M,11.5,5.0,420000,SCENARIO
2026-08-03,KALIMANTAN_ID_DHAMRA,PANAMAX,COA_12M,11.83,8.0,840000,SCENARIO
2026-08-03,KALIMANTAN_ID_DHAMRA,PANAMAX,SPOT,11.43,0.0,70000,SCENARIO
2026-08-03,KALIMANTAN_ID_DHAMRA,PANAMAX,COA_3M,11.66,2.0,210000,SCENARIO
2026-08-03,KALIMANTAN_ID_DHAMRA,PANAMAX,COA_6M,12.0,5.0,420000,SCENARIO
2026-08-03,KALIMANTAN_ID_DHAMRA,PANAMAX,COA_12M,12.34,8.0,840000,SCENARIO
2026-08-03,KALIMANTAN_ID_DHAMRA,SUPRAMAX,SPOT,12.95,0.0,50000,SCENARIO
2026-08-03,KALIMANTAN_ID_DHAMRA,SUPRAMAX,COA_3M,13.21,2.0,150000,SCENARIO
2026-08-03,KALIMANTAN_ID_DHAMRA,SUPRAMAX,COA_6M,13.6,5.0,300000,SCENARIO
2026-08-03,KALIMANTAN_ID_DHAMRA,SUPRAMAX,COA_12M,13.99,8.0,600000,SCENARIO
2026-08-03,KALIMANTAN_ID_GANGAVARAM,HANDYSIZE,SPOT,15.17,0.0,32000,SCENARIO
2026-08-03,KALIMANTAN_ID_GANGAVARAM,HANDYSIZE,COA_3M,15.47,2.0,96000,SCENARIO
2026-08-03,KALIMANTAN_ID_GANGAVARAM,HANDYSIZE,COA_6M,15.93,5.0,192000,SCENARIO
2026-08-03,KALIMANTAN_ID_GANGAVARAM,HANDYSIZE,COA_12M,16.38,8.0,384000,SCENARIO
2026-08-03,KALIMANTAN_ID_GANGAVARAM,PANAMAX,SPOT,10.59,0.0,70000,SCENARIO
2026-08-03,KALIMANTAN_ID_GANGAVARAM,PANAMAX,COA_3M,10.8,2.0,210000,SCENARIO
2026-08-03,KALIMANTAN_ID_GANGAVARAM,PANAMAX,COA_6M,11.12,5.0,420000,SCENARIO
2026-08-03,KALIMANTAN_ID_GANGAVARAM,PANAMAX,COA_12M,11.44,8.0,840000,SCENARIO
2026-08-03,KALIMANTAN_ID_GANGAVARAM,PANAMAX,SPOT,11.07,0.0,70000,SCENARIO
2026-08-03,KALIMANTAN_ID_GANGAVARAM,PANAMAX,COA_3M,11.29,2.0,210000,SCENARIO
2026-08-03,KALIMANTAN_ID_GANGAVARAM,PANAMAX,COA_6M,11.62,5.0,420000,SCENARIO
2026-08-03,KALIMANTAN_ID_GANGAVARAM,PANAMAX,COA_12M,11.96,8.0,840000,SCENARIO
2026-08-03,KALIMANTAN_ID_GANGAVARAM,SUPRAMAX,SPOT,12.52,0.0,50000,SCENARIO
2026-08-03,KALIMANTAN_ID_GANGAVARAM,SUPRAMAX,COA_3M,12.77,2.0,150000,SCENARIO
2026-08-03,KALIMANTAN_ID_GANGAVARAM,SUPRAMAX,COA_6M,13.15,5.0,300000,SCENARIO
2026-08-03,KALIMANTAN_ID_GANGAVARAM,SUPRAMAX,COA_12M,13.52,8.0,600000,SCENARIO
2026-08-03,KALIMANTAN_ID_GOPALPUR,HANDYSIZE,SPOT,15.77,0.0,32000,SCENARIO
2026-08-03,KALIMANTAN_ID_GOPALPUR,HANDYSIZE,COA_3M,16.09,2.0,96000,SCENARIO
2026-08-03,KALIMANTAN_ID_GOPALPUR,HANDYSIZE,COA_6M,16.56,5.0,192000,SCENARIO
2026-08-03,KALIMANTAN_ID_GOPALPUR,HANDYSIZE,COA_12M,17.03,8.0,384000,SCENARIO
2026-08-03,KALIMANTAN_ID_GOPALPUR,PANAMAX,SPOT,11.49,0.0,70000,SCENARIO
2026-08-03,KALIMANTAN_ID_GOPALPUR,PANAMAX,COA_3M,11.72,2.0,210000,SCENARIO
2026-08-03,KALIMANTAN_ID_GOPALPUR,PANAMAX,COA_6M,12.06,5.0,420000,SCENARIO
2026-08-03,KALIMANTAN_ID_GOPALPUR,PANAMAX,COA_12M,12.41,8.0,840000,SCENARIO
2026-08-03,KALIMANTAN_ID_GOPALPUR,SUPRAMAX,SPOT,13.02,0.0,50000,SCENARIO
2026-08-03,KALIMANTAN_ID_GOPALPUR,SUPRAMAX,COA_3M,13.28,2.0,150000,SCENARIO
2026-08-03,KALIMANTAN_ID_GOPALPUR,SUPRAMAX,COA_6M,13.67,5.0,300000,SCENARIO
2026-08-03,KALIMANTAN_ID_GOPALPUR,SUPRAMAX,COA_12M,14.06,8.0,600000,SCENARIO
2026-08-03,KALIMANTAN_ID_PARADIP,HANDYSIZE,SPOT,15.85,0.0,32000,SCENARIO
2026-08-03,KALIMANTAN_ID_PARADIP,HANDYSIZE,COA_3M,16.17,2.0,96000,SCENARIO
2026-08-03,KALIMANTAN_ID_PARADIP,HANDYSIZE,COA_6M,16.64,5.0,192000,SCENARIO
2026-08-03,KALIMANTAN_ID_PARADIP,HANDYSIZE,COA_12M,17.12,8.0,384000,SCENARIO
2026-08-03,KALIMANTAN_ID_PARADIP,PANAMAX,SPOT,11.05,0.0,70000,SCENARIO
2026-08-03,KALIMANTAN_ID_PARADIP,PANAMAX,COA_3M,11.27,2.0,210000,SCENARIO
2026-08-03,KALIMANTAN_ID_PARADIP,PANAMAX,COA_6M,11.6,5.0,420000,SCENARIO
2026-08-03,KALIMANTAN_ID_PARADIP,PANAMAX,COA_12M,11.93,8.0,840000,SCENARIO
2026-08-03,KALIMANTAN_ID_PARADIP,PANAMAX,SPOT,11.54,0.0,70000,SCENARIO
2026-08-03,KALIMANTAN_ID_PARADIP,PANAMAX,COA_3M,11.77,2.0,210000,SCENARIO
2026-08-03,KALIMANTAN_ID_PARADIP,PANAMAX,COA_6M,12.12,5.0,420000,SCENARIO
2026-08-03,KALIMANTAN_ID_PARADIP,PANAMAX,COA_12M,12.46,8.0,840000,SCENARIO
2026-08-03,KALIMANTAN_ID_PARADIP,SUPRAMAX,SPOT,13.08,0.0,50000,SCENARIO
2026-08-03,KALIMANTAN_ID_PARADIP,SUPRAMAX,COA_3M,13.34,2.0,150000,SCENARIO
2026-08-03,KALIMANTAN_ID_PARADIP,SUPRAMAX,COA_6M,13.73,5.0,300000,SCENARIO
2026-08-03,KALIMANTAN_ID_PARADIP,SUPRAMAX,COA_12M,14.13,8.0,600000,SCENARIO
2026-08-03,KALIMANTAN_ID_SANDHEADS,HANDYSIZE,SPOT,16.62,0.0,32000,SCENARIO
2026-08-03,KALIMANTAN_ID_SANDHEADS,HANDYSIZE,COA_3M,16.95,2.0,96000,SCENARIO
2026-08-03,KALIMANTAN_ID_SANDHEADS,HANDYSIZE,COA_6M,17.45,5.0,192000,SCENARIO
2026-08-03,KALIMANTAN_ID_SANDHEADS,HANDYSIZE,COA_12M,17.95,8.0,384000,SCENARIO
2026-08-03,KALIMANTAN_ID_SANDHEADS,PANAMAX,SPOT,11.57,0.0,70000,SCENARIO
2026-08-03,KALIMANTAN_ID_SANDHEADS,PANAMAX,COA_3M,11.8,2.0,210000,SCENARIO
2026-08-03,KALIMANTAN_ID_SANDHEADS,PANAMAX,COA_6M,12.15,5.0,420000,SCENARIO
2026-08-03,KALIMANTAN_ID_SANDHEADS,PANAMAX,COA_12M,12.5,8.0,840000,SCENARIO
2026-08-03,KALIMANTAN_ID_SANDHEADS,PANAMAX,SPOT,12.08,0.0,70000,SCENARIO
2026-08-03,KALIMANTAN_ID_SANDHEADS,PANAMAX,COA_3M,12.32,2.0,210000,SCENARIO
2026-08-03,KALIMANTAN_ID_SANDHEADS,PANAMAX,COA_6M,12.68,5.0,420000,SCENARIO
2026-08-03,KALIMANTAN_ID_SANDHEADS,PANAMAX,COA_12M,13.05,8.0,840000,SCENARIO
2026-08-03,KALIMANTAN_ID_SANDHEADS,SUPRAMAX,SPOT,13.72,0.0,50000,SCENARIO
2026-08-03,KALIMANTAN_ID_SANDHEADS,SUPRAMAX,COA_3M,13.99,2.0,150000,SCENARIO
2026-08-03,KALIMANTAN_ID_SANDHEADS,SUPRAMAX,COA_6M,14.41,5.0,300000,SCENARIO
2026-08-03,KALIMANTAN_ID_SANDHEADS,SUPRAMAX,COA_12M,14.82,8.0,600000,SCENARIO
2026-08-03,KALIMANTAN_ID_VIZAG,HANDYSIZE,SPOT,15.63,0.0,32000,SCENARIO
2026-08-03,KALIMANTAN_ID_VIZAG,HANDYSIZE,COA_3M,15.94,2.0,96000,SCENARIO
2026-08-03,KALIMANTAN_ID_VIZAG,HANDYSIZE,COA_6M,16.41,5.0,192000,SCENARIO
2026-08-03,KALIMANTAN_ID_VIZAG,HANDYSIZE,COA_12M,16.88,8.0,384000,SCENARIO
2026-08-03,KALIMANTAN_ID_VIZAG,PANAMAX,SPOT,10.9,0.0,70000,SCENARIO
2026-08-03,KALIMANTAN_ID_VIZAG,PANAMAX,COA_3M,11.12,2.0,210000,SCENARIO
2026-08-03,KALIMANTAN_ID_VIZAG,PANAMAX,COA_6M,11.45,5.0,420000,SCENARIO
2026-08-03,KALIMANTAN_ID_VIZAG,PANAMAX,COA_12M,11.77,8.0,840000,SCENARIO
2026-08-03,KALIMANTAN_ID_VIZAG,PANAMAX,SPOT,11.39,0.0,70000,SCENARIO
2026-08-03,KALIMANTAN_ID_VIZAG,PANAMAX,COA_3M,11.62,2.0,210000,SCENARIO
2026-08-03,KALIMANTAN_ID_VIZAG,PANAMAX,COA_6M,11.96,5.0,420000,SCENARIO
2026-08-03,KALIMANTAN_ID_VIZAG,PANAMAX,COA_12M,12.3,8.0,840000,SCENARIO
2026-08-03,KALIMANTAN_ID_VIZAG,SUPRAMAX,SPOT,12.91,0.0,50000,SCENARIO
2026-08-03,KALIMANTAN_ID_VIZAG,SUPRAMAX,COA_3M,13.17,2.0,150000,SCENARIO
2026-08-03,KALIMANTAN_ID_VIZAG,SUPRAMAX,COA_6M,13.56,5.0,300000,SCENARIO
2026-08-03,KALIMANTAN_ID_VIZAG,SUPRAMAX,COA_12M,13.94,8.0,600000,SCENARIO
2026-08-03,MAPUTO_MZ_PARADIP,HANDYSIZE,SPOT,22.55,0.0,32000,SCENARIO
2026-08-03,MAPUTO_MZ_PARADIP,HANDYSIZE,COA_3M,23.0,2.0,96000,SCENARIO
2026-08-03,MAPUTO_MZ_PARADIP,HANDYSIZE,COA_6M,23.68,5.0,192000,SCENARIO
2026-08-03,MAPUTO_MZ_PARADIP,HANDYSIZE,COA_12M,24.35,8.0,384000,SCENARIO
2026-08-03,MAPUTO_MZ_PARADIP,PANAMAX,SPOT,15.57,0.0,70000,SCENARIO
2026-08-03,MAPUTO_MZ_PARADIP,PANAMAX,COA_3M,15.88,2.0,210000,SCENARIO
2026-08-03,MAPUTO_MZ_PARADIP,PANAMAX,COA_6M,16.35,5.0,420000,SCENARIO
2026-08-03,MAPUTO_MZ_PARADIP,PANAMAX,COA_12M,16.82,8.0,840000,SCENARIO
2026-08-03,MAPUTO_MZ_PARADIP,PANAMAX,SPOT,16.2,0.0,70000,SCENARIO
2026-08-03,MAPUTO_MZ_PARADIP,PANAMAX,COA_3M,16.52,2.0,210000,SCENARIO
2026-08-03,MAPUTO_MZ_PARADIP,PANAMAX,COA_6M,17.01,5.0,420000,SCENARIO
2026-08-03,MAPUTO_MZ_PARADIP,PANAMAX,COA_12M,17.5,8.0,840000,SCENARIO
2026-08-03,MAPUTO_MZ_PARADIP,SUPRAMAX,SPOT,18.5,0.0,50000,SCENARIO
2026-08-03,MAPUTO_MZ_PARADIP,SUPRAMAX,COA_3M,18.87,2.0,150000,SCENARIO
2026-08-03,MAPUTO_MZ_PARADIP,SUPRAMAX,COA_6M,19.43,5.0,300000,SCENARIO
2026-08-03,MAPUTO_MZ_PARADIP,SUPRAMAX,COA_12M,19.98,8.0,600000,SCENARIO
2026-08-03,MAPUTO_MZ_VIZAG,HANDYSIZE,SPOT,21.85,0.0,32000,SCENARIO
2026-08-03,MAPUTO_MZ_VIZAG,HANDYSIZE,COA_3M,22.29,2.0,96000,SCENARIO
2026-08-03,MAPUTO_MZ_VIZAG,HANDYSIZE,COA_6M,22.94,5.0,192000,SCENARIO
2026-08-03,MAPUTO_MZ_VIZAG,HANDYSIZE,COA_12M,23.6,8.0,384000,SCENARIO
2026-08-03,MAPUTO_MZ_VIZAG,PANAMAX,SPOT,15.09,0.0,70000,SCENARIO
2026-08-03,MAPUTO_MZ_VIZAG,PANAMAX,COA_3M,15.39,2.0,210000,SCENARIO
2026-08-03,MAPUTO_MZ_VIZAG,PANAMAX,COA_6M,15.84,5.0,420000,SCENARIO
2026-08-03,MAPUTO_MZ_VIZAG,PANAMAX,COA_12M,16.3,8.0,840000,SCENARIO
2026-08-03,MAPUTO_MZ_VIZAG,PANAMAX,SPOT,15.71,0.0,70000,SCENARIO
2026-08-03,MAPUTO_MZ_VIZAG,PANAMAX,COA_3M,16.02,2.0,210000,SCENARIO
2026-08-03,MAPUTO_MZ_VIZAG,PANAMAX,COA_6M,16.5,5.0,420000,SCENARIO
2026-08-03,MAPUTO_MZ_VIZAG,PANAMAX,COA_12M,16.97,8.0,840000,SCENARIO
2026-08-03,MAPUTO_MZ_VIZAG,SUPRAMAX,SPOT,17.94,0.0,50000,SCENARIO
2026-08-03,MAPUTO_MZ_VIZAG,SUPRAMAX,COA_3M,18.3,2.0,150000,SCENARIO
2026-08-03,MAPUTO_MZ_VIZAG,SUPRAMAX,COA_6M,18.84,5.0,300000,SCENARIO
2026-08-03,MAPUTO_MZ_VIZAG,SUPRAMAX,COA_12M,19.38,8.0,600000,SCENARIO
2026-08-03,NEWCASTLE_AU_DHAMRA,HANDYSIZE,SPOT,30.71,0.0,32000,SCENARIO
2026-08-03,NEWCASTLE_AU_DHAMRA,HANDYSIZE,COA_3M,31.32,2.0,96000,SCENARIO
2026-08-03,NEWCASTLE_AU_DHAMRA,HANDYSIZE,COA_6M,32.25,5.0,192000,SCENARIO
2026-08-03,NEWCASTLE_AU_DHAMRA,HANDYSIZE,COA_12M,33.17,8.0,384000,SCENARIO
2026-08-03,NEWCASTLE_AU_DHAMRA,PANAMAX,SPOT,21.07,0.0,70000,SCENARIO
2026-08-03,NEWCASTLE_AU_DHAMRA,PANAMAX,COA_3M,21.49,2.0,210000,SCENARIO
2026-08-03,NEWCASTLE_AU_DHAMRA,PANAMAX,COA_6M,22.12,5.0,420000,SCENARIO
2026-08-03,NEWCASTLE_AU_DHAMRA,PANAMAX,COA_12M,22.76,8.0,840000,SCENARIO
2026-08-03,NEWCASTLE_AU_DHAMRA,PANAMAX,SPOT,21.88,0.0,70000,SCENARIO
2026-08-03,NEWCASTLE_AU_DHAMRA,PANAMAX,COA_3M,22.32,2.0,210000,SCENARIO
2026-08-03,NEWCASTLE_AU_DHAMRA,PANAMAX,COA_6M,22.97,5.0,420000,SCENARIO
2026-08-03,NEWCASTLE_AU_DHAMRA,PANAMAX,COA_12M,23.63,8.0,840000,SCENARIO
2026-08-03,NEWCASTLE_AU_DHAMRA,SUPRAMAX,SPOT,25.09,0.0,50000,SCENARIO
2026-08-03,NEWCASTLE_AU_DHAMRA,SUPRAMAX,COA_3M,25.59,2.0,150000,SCENARIO
2026-08-03,NEWCASTLE_AU_DHAMRA,SUPRAMAX,COA_6M,26.34,5.0,300000,SCENARIO
2026-08-03,NEWCASTLE_AU_DHAMRA,SUPRAMAX,COA_12M,27.1,8.0,600000,SCENARIO
2026-08-03,NEWCASTLE_AU_GANGAVARAM,HANDYSIZE,SPOT,30.4,0.0,32000,SCENARIO
2026-08-03,NEWCASTLE_AU_GANGAVARAM,HANDYSIZE,COA_3M,31.01,2.0,96000,SCENARIO
2026-08-03,NEWCASTLE_AU_GANGAVARAM,HANDYSIZE,COA_6M,31.92,5.0,192000,SCENARIO
2026-08-03,NEWCASTLE_AU_GANGAVARAM,HANDYSIZE,COA_12M,32.83,8.0,384000,SCENARIO
2026-08-03,NEWCASTLE_AU_GANGAVARAM,PANAMAX,SPOT,20.86,0.0,70000,SCENARIO
2026-08-03,NEWCASTLE_AU_GANGAVARAM,PANAMAX,COA_3M,21.28,2.0,210000,SCENARIO
2026-08-03,NEWCASTLE_AU_GANGAVARAM,PANAMAX,COA_6M,21.9,5.0,420000,SCENARIO
2026-08-03,NEWCASTLE_AU_GANGAVARAM,PANAMAX,COA_12M,22.53,8.0,840000,SCENARIO
2026-08-03,NEWCASTLE_AU_GANGAVARAM,PANAMAX,SPOT,21.66,0.0,70000,SCENARIO
2026-08-03,NEWCASTLE_AU_GANGAVARAM,PANAMAX,COA_3M,22.09,2.0,210000,SCENARIO
2026-08-03,NEWCASTLE_AU_GANGAVARAM,PANAMAX,COA_6M,22.74,5.0,420000,SCENARIO
2026-08-03,NEWCASTLE_AU_GANGAVARAM,PANAMAX,COA_12M,23.39,8.0,840000,SCENARIO
2026-08-03,NEWCASTLE_AU_GANGAVARAM,SUPRAMAX,SPOT,24.84,0.0,50000,SCENARIO
2026-08-03,NEWCASTLE_AU_GANGAVARAM,SUPRAMAX,COA_3M,25.34,2.0,150000,SCENARIO
2026-08-03,NEWCASTLE_AU_GANGAVARAM,SUPRAMAX,COA_6M,26.08,5.0,300000,SCENARIO
2026-08-03,NEWCASTLE_AU_GANGAVARAM,SUPRAMAX,COA_12M,26.83,8.0,600000,SCENARIO
2026-08-03,NEWCASTLE_AU_GOPALPUR,HANDYSIZE,SPOT,30.88,0.0,32000,SCENARIO
2026-08-03,NEWCASTLE_AU_GOPALPUR,HANDYSIZE,COA_3M,31.5,2.0,96000,SCENARIO
2026-08-03,NEWCASTLE_AU_GOPALPUR,HANDYSIZE,COA_6M,32.42,5.0,192000,SCENARIO
2026-08-03,NEWCASTLE_AU_GOPALPUR,HANDYSIZE,COA_12M,33.35,8.0,384000,SCENARIO
2026-08-03,NEWCASTLE_AU_GOPALPUR,PANAMAX,SPOT,22.0,0.0,70000,SCENARIO
2026-08-03,NEWCASTLE_AU_GOPALPUR,PANAMAX,COA_3M,22.44,2.0,210000,SCENARIO
2026-08-03,NEWCASTLE_AU_GOPALPUR,PANAMAX,COA_6M,23.1,5.0,420000,SCENARIO
2026-08-03,NEWCASTLE_AU_GOPALPUR,PANAMAX,COA_12M,23.76,8.0,840000,SCENARIO
2026-08-03,NEWCASTLE_AU_GOPALPUR,SUPRAMAX,SPOT,25.24,0.0,50000,SCENARIO
2026-08-03,NEWCASTLE_AU_GOPALPUR,SUPRAMAX,COA_3M,25.74,2.0,150000,SCENARIO
2026-08-03,NEWCASTLE_AU_GOPALPUR,SUPRAMAX,COA_6M,26.5,5.0,300000,SCENARIO
2026-08-03,NEWCASTLE_AU_GOPALPUR,SUPRAMAX,COA_12M,27.26,8.0,600000,SCENARIO
2026-08-03,NEWCASTLE_AU_PARADIP,HANDYSIZE,SPOT,30.84,0.0,32000,SCENARIO
2026-08-03,NEWCASTLE_AU_PARADIP,HANDYSIZE,COA_3M,31.46,2.0,96000,SCENARIO
2026-08-03,NEWCASTLE_AU_PARADIP,HANDYSIZE,COA_6M,32.38,5.0,192000,SCENARIO
2026-08-03,NEWCASTLE_AU_PARADIP,HANDYSIZE,COA_12M,33.31,8.0,384000,SCENARIO
2026-08-03,NEWCASTLE_AU_PARADIP,PANAMAX,SPOT,21.15,0.0,70000,SCENARIO
2026-08-03,NEWCASTLE_AU_PARADIP,PANAMAX,COA_3M,21.57,2.0,210000,SCENARIO
2026-08-03,NEWCASTLE_AU_PARADIP,PANAMAX,COA_6M,22.21,5.0,420000,SCENARIO
2026-08-03,NEWCASTLE_AU_PARADIP,PANAMAX,COA_12M,22.84,8.0,840000,SCENARIO
2026-08-03,NEWCASTLE_AU_PARADIP,PANAMAX,SPOT,21.97,0.0,70000,SCENARIO
2026-08-03,NEWCASTLE_AU_PARADIP,PANAMAX,COA_3M,22.41,2.0,210000,SCENARIO
2026-08-03,NEWCASTLE_AU_PARADIP,PANAMAX,COA_6M,23.07,5.0,420000,SCENARIO
2026-08-03,NEWCASTLE_AU_PARADIP,PANAMAX,COA_12M,23.73,8.0,840000,SCENARIO
2026-08-03,NEWCASTLE_AU_PARADIP,SUPRAMAX,SPOT,25.2,0.0,50000,SCENARIO
2026-08-03,NEWCASTLE_AU_PARADIP,SUPRAMAX,COA_3M,25.7,2.0,150000,SCENARIO
2026-08-03,NEWCASTLE_AU_PARADIP,SUPRAMAX,COA_6M,26.46,5.0,300000,SCENARIO
2026-08-03,NEWCASTLE_AU_PARADIP,SUPRAMAX,COA_12M,27.22,8.0,600000,SCENARIO
2026-08-03,NEWCASTLE_AU_SANDHEADS,HANDYSIZE,SPOT,31.59,0.0,32000,SCENARIO
2026-08-03,NEWCASTLE_AU_SANDHEADS,HANDYSIZE,COA_3M,32.22,2.0,96000,SCENARIO
2026-08-03,NEWCASTLE_AU_SANDHEADS,HANDYSIZE,COA_6M,33.17,5.0,192000,SCENARIO
2026-08-03,NEWCASTLE_AU_SANDHEADS,HANDYSIZE,COA_12M,34.12,8.0,384000,SCENARIO
2026-08-03,NEWCASTLE_AU_SANDHEADS,PANAMAX,SPOT,21.66,0.0,70000,SCENARIO
2026-08-03,NEWCASTLE_AU_SANDHEADS,PANAMAX,COA_3M,22.09,2.0,210000,SCENARIO
2026-08-03,NEWCASTLE_AU_SANDHEADS,PANAMAX,COA_6M,22.74,5.0,420000,SCENARIO
2026-08-03,NEWCASTLE_AU_SANDHEADS,PANAMAX,COA_12M,23.39,8.0,840000,SCENARIO
2026-08-03,NEWCASTLE_AU_SANDHEADS,PANAMAX,SPOT,22.49,0.0,70000,SCENARIO
2026-08-03,NEWCASTLE_AU_SANDHEADS,PANAMAX,COA_3M,22.94,2.0,210000,SCENARIO
2026-08-03,NEWCASTLE_AU_SANDHEADS,PANAMAX,COA_6M,23.61,5.0,420000,SCENARIO
2026-08-03,NEWCASTLE_AU_SANDHEADS,PANAMAX,COA_12M,24.29,8.0,840000,SCENARIO
2026-08-03,NEWCASTLE_AU_SANDHEADS,SUPRAMAX,SPOT,25.82,0.0,50000,SCENARIO
2026-08-03,NEWCASTLE_AU_SANDHEADS,SUPRAMAX,COA_3M,26.34,2.0,150000,SCENARIO
2026-08-03,NEWCASTLE_AU_SANDHEADS,SUPRAMAX,COA_6M,27.11,5.0,300000,SCENARIO
2026-08-03,NEWCASTLE_AU_SANDHEADS,SUPRAMAX,COA_12M,27.89,8.0,600000,SCENARIO
2026-08-03,NEWCASTLE_AU_VIZAG,HANDYSIZE,SPOT,30.86,0.0,32000,SCENARIO
2026-08-03,NEWCASTLE_AU_VIZAG,HANDYSIZE,COA_3M,31.48,2.0,96000,SCENARIO
2026-08-03,NEWCASTLE_AU_VIZAG,HANDYSIZE,COA_6M,32.4,5.0,192000,SCENARIO
2026-08-03,NEWCASTLE_AU_VIZAG,HANDYSIZE,COA_12M,33.33,8.0,384000,SCENARIO
2026-08-03,NEWCASTLE_AU_VIZAG,PANAMAX,SPOT,21.17,0.0,70000,SCENARIO
2026-08-03,NEWCASTLE_AU_VIZAG,PANAMAX,COA_3M,21.59,2.0,210000,SCENARIO
2026-08-03,NEWCASTLE_AU_VIZAG,PANAMAX,COA_6M,22.23,5.0,420000,SCENARIO
2026-08-03,NEWCASTLE_AU_VIZAG,PANAMAX,COA_12M,22.86,8.0,840000,SCENARIO
2026-08-03,NEWCASTLE_AU_VIZAG,PANAMAX,SPOT,21.99,0.0,70000,SCENARIO
2026-08-03,NEWCASTLE_AU_VIZAG,PANAMAX,COA_3M,22.43,2.0,210000,SCENARIO
2026-08-03,NEWCASTLE_AU_VIZAG,PANAMAX,COA_6M,23.09,5.0,420000,SCENARIO
2026-08-03,NEWCASTLE_AU_VIZAG,PANAMAX,COA_12M,23.75,8.0,840000,SCENARIO
2026-08-03,NEWCASTLE_AU_VIZAG,SUPRAMAX,SPOT,25.23,0.0,50000,SCENARIO
2026-08-03,NEWCASTLE_AU_VIZAG,SUPRAMAX,COA_3M,25.73,2.0,150000,SCENARIO
2026-08-03,NEWCASTLE_AU_VIZAG,SUPRAMAX,COA_6M,26.49,5.0,300000,SCENARIO
2026-08-03,NEWCASTLE_AU_VIZAG,SUPRAMAX,COA_12M,27.25,8.0,600000,SCENARIO
2026-08-03,NORFOLK_US_PARADIP,HANDYSIZE,SPOT,53.75,0.0,32000,SCENARIO
2026-08-03,NORFOLK_US_PARADIP,HANDYSIZE,COA_3M,54.83,2.0,96000,SCENARIO
2026-08-03,NORFOLK_US_PARADIP,HANDYSIZE,COA_6M,56.44,5.0,192000,SCENARIO
2026-08-03,NORFOLK_US_PARADIP,HANDYSIZE,COA_12M,58.05,8.0,384000,SCENARIO
2026-08-03,NORFOLK_US_PARADIP,PANAMAX,SPOT,36.59,0.0,70000,SCENARIO
2026-08-03,NORFOLK_US_PARADIP,PANAMAX,COA_3M,37.32,2.0,210000,SCENARIO
2026-08-03,NORFOLK_US_PARADIP,PANAMAX,COA_6M,38.42,5.0,420000,SCENARIO
2026-08-03,NORFOLK_US_PARADIP,PANAMAX,COA_12M,39.52,8.0,840000,SCENARIO
2026-08-03,NORFOLK_US_PARADIP,PANAMAX,SPOT,37.9,0.0,70000,SCENARIO
2026-08-03,NORFOLK_US_PARADIP,PANAMAX,COA_3M,38.66,2.0,210000,SCENARIO
2026-08-03,NORFOLK_US_PARADIP,PANAMAX,COA_6M,39.8,5.0,420000,SCENARIO
2026-08-03,NORFOLK_US_PARADIP,PANAMAX,COA_12M,40.93,8.0,840000,SCENARIO
2026-08-03,NORFOLK_US_PARADIP,SUPRAMAX,SPOT,43.71,0.0,50000,SCENARIO
2026-08-03,NORFOLK_US_PARADIP,SUPRAMAX,COA_3M,44.58,2.0,150000,SCENARIO
2026-08-03,NORFOLK_US_PARADIP,SUPRAMAX,COA_6M,45.9,5.0,300000,SCENARIO
2026-08-03,NORFOLK_US_PARADIP,SUPRAMAX,COA_12M,47.21,8.0,600000,SCENARIO
2026-08-03,NORFOLK_US_VIZAG,HANDYSIZE,SPOT,53.04,0.0,32000,SCENARIO
2026-08-03,NORFOLK_US_VIZAG,HANDYSIZE,COA_3M,54.1,2.0,96000,SCENARIO
2026-08-03,NORFOLK_US_VIZAG,HANDYSIZE,COA_6M,55.69,5.0,192000,SCENARIO
2026-08-03,NORFOLK_US_VIZAG,HANDYSIZE,COA_12M,57.28,8.0,384000,SCENARIO
2026-08-03,NORFOLK_US_VIZAG,PANAMAX,SPOT,36.12,0.0,70000,SCENARIO
2026-08-03,NORFOLK_US_VIZAG,PANAMAX,COA_3M,36.84,2.0,210000,SCENARIO
2026-08-03,NORFOLK_US_VIZAG,PANAMAX,COA_6M,37.93,5.0,420000,SCENARIO
2026-08-03,NORFOLK_US_VIZAG,PANAMAX,COA_12M,39.01,8.0,840000,SCENARIO
2026-08-03,NORFOLK_US_VIZAG,PANAMAX,SPOT,37.41,0.0,70000,SCENARIO
2026-08-03,NORFOLK_US_VIZAG,PANAMAX,COA_3M,38.16,2.0,210000,SCENARIO
2026-08-03,NORFOLK_US_VIZAG,PANAMAX,COA_6M,39.28,5.0,420000,SCENARIO
2026-08-03,NORFOLK_US_VIZAG,PANAMAX,COA_12M,40.4,8.0,840000,SCENARIO
2026-08-03,NORFOLK_US_VIZAG,SUPRAMAX,SPOT,43.15,0.0,50000,SCENARIO
2026-08-03,NORFOLK_US_VIZAG,SUPRAMAX,COA_3M,44.01,2.0,150000,SCENARIO
2026-08-03,NORFOLK_US_VIZAG,SUPRAMAX,COA_6M,45.31,5.0,300000,SCENARIO
2026-08-03,NORFOLK_US_VIZAG,SUPRAMAX,COA_12M,46.6,8.0,600000,SCENARIO
2026-08-03,VOSTOCHNY_RU_PARADIP,HANDYSIZE,SPOT,29.86,0.0,32000,SCENARIO
2026-08-03,VOSTOCHNY_RU_PARADIP,HANDYSIZE,COA_3M,30.46,2.0,96000,SCENARIO
2026-08-03,VOSTOCHNY_RU_PARADIP,HANDYSIZE,COA_6M,31.35,5.0,192000,SCENARIO
2026-08-03,VOSTOCHNY_RU_PARADIP,HANDYSIZE,COA_12M,32.25,8.0,384000,SCENARIO
2026-08-03,VOSTOCHNY_RU_PARADIP,PANAMAX,SPOT,20.49,0.0,70000,SCENARIO
2026-08-03,VOSTOCHNY_RU_PARADIP,PANAMAX,COA_3M,20.9,2.0,210000,SCENARIO
2026-08-03,VOSTOCHNY_RU_PARADIP,PANAMAX,COA_6M,21.51,5.0,420000,SCENARIO
2026-08-03,VOSTOCHNY_RU_PARADIP,PANAMAX,COA_12M,22.13,8.0,840000,SCENARIO
2026-08-03,VOSTOCHNY_RU_PARADIP,PANAMAX,SPOT,21.29,0.0,70000,SCENARIO
2026-08-03,VOSTOCHNY_RU_PARADIP,PANAMAX,COA_3M,21.72,2.0,210000,SCENARIO
2026-08-03,VOSTOCHNY_RU_PARADIP,PANAMAX,COA_6M,22.35,5.0,420000,SCENARIO
2026-08-03,VOSTOCHNY_RU_PARADIP,PANAMAX,COA_12M,22.99,8.0,840000,SCENARIO
2026-08-03,VOSTOCHNY_RU_PARADIP,SUPRAMAX,SPOT,24.41,0.0,50000,SCENARIO
2026-08-03,VOSTOCHNY_RU_PARADIP,SUPRAMAX,COA_3M,24.9,2.0,150000,SCENARIO
2026-08-03,VOSTOCHNY_RU_PARADIP,SUPRAMAX,COA_6M,25.63,5.0,300000,SCENARIO
2026-08-03,VOSTOCHNY_RU_PARADIP,SUPRAMAX,COA_12M,26.36,8.0,600000,SCENARIO
2026-08-03,VOSTOCHNY_RU_VIZAG,HANDYSIZE,SPOT,29.64,0.0,32000,SCENARIO
2026-08-03,VOSTOCHNY_RU_VIZAG,HANDYSIZE,COA_3M,30.23,2.0,96000,SCENARIO
2026-08-03,VOSTOCHNY_RU_VIZAG,HANDYSIZE,COA_6M,31.12,5.0,192000,SCENARIO
2026-08-03,VOSTOCHNY_RU_VIZAG,HANDYSIZE,COA_12M,32.01,8.0,384000,SCENARIO
2026-08-03,VOSTOCHNY_RU_VIZAG,PANAMAX,SPOT,20.35,0.0,70000,SCENARIO
2026-08-03,VOSTOCHNY_RU_VIZAG,PANAMAX,COA_3M,20.76,2.0,210000,SCENARIO
2026-08-03,VOSTOCHNY_RU_VIZAG,PANAMAX,COA_6M,21.37,5.0,420000,SCENARIO
2026-08-03,VOSTOCHNY_RU_VIZAG,PANAMAX,COA_12M,21.98,8.0,840000,SCENARIO
2026-08-03,VOSTOCHNY_RU_VIZAG,PANAMAX,SPOT,21.14,0.0,70000,SCENARIO
2026-08-03,VOSTOCHNY_RU_VIZAG,PANAMAX,COA_3M,21.56,2.0,210000,SCENARIO
2026-08-03,VOSTOCHNY_RU_VIZAG,PANAMAX,COA_6M,22.2,5.0,420000,SCENARIO
2026-08-03,VOSTOCHNY_RU_VIZAG,PANAMAX,COA_12M,22.83,8.0,840000,SCENARIO
2026-08-03,VOSTOCHNY_RU_VIZAG,SUPRAMAX,SPOT,24.24,0.0,50000,SCENARIO
2026-08-03,VOSTOCHNY_RU_VIZAG,SUPRAMAX,COA_3M,24.72,2.0,150000,SCENARIO
2026-08-03,VOSTOCHNY_RU_VIZAG,SUPRAMAX,COA_6M,25.45,5.0,300000,SCENARIO
2026-08-03,VOSTOCHNY_RU_VIZAG,SUPRAMAX,COA_12M,26.18,8.0,600000,SCENARIO
2026-08-04,KALIMANTAN_ID_DHAMRA,HANDYSIZE,SPOT,15.62,0.0,32000,SCENARIO
2026-08-04,KALIMANTAN_ID_DHAMRA,HANDYSIZE,COA_3M,15.93,2.0,96000,SCENARIO
2026-08-04,KALIMANTAN_ID_DHAMRA,HANDYSIZE,COA_6M,16.4,5.0,192000,SCENARIO
2026-08-04,KALIMANTAN_ID_DHAMRA,HANDYSIZE,COA_12M,16.87,8.0,384000,SCENARIO
2026-08-04,KALIMANTAN_ID_DHAMRA,PANAMAX,SPOT,10.9,0.0,70000,SCENARIO
2026-08-04,KALIMANTAN_ID_DHAMRA,PANAMAX,COA_3M,11.12,2.0,210000,SCENARIO
2026-08-04,KALIMANTAN_ID_DHAMRA,PANAMAX,COA_6M,11.45,5.0,420000,SCENARIO
2026-08-04,KALIMANTAN_ID_DHAMRA,PANAMAX,COA_12M,11.77,8.0,840000,SCENARIO
2026-08-04,KALIMANTAN_ID_DHAMRA,PANAMAX,SPOT,11.38,0.0,70000,SCENARIO
2026-08-04,KALIMANTAN_ID_DHAMRA,PANAMAX,COA_3M,11.61,2.0,210000,SCENARIO
2026-08-04,KALIMANTAN_ID_DHAMRA,PANAMAX,COA_6M,11.95,5.0,420000,SCENARIO
2026-08-04,KALIMANTAN_ID_DHAMRA,PANAMAX,COA_12M,12.29,8.0,840000,SCENARIO
2026-08-04,KALIMANTAN_ID_DHAMRA,SUPRAMAX,SPOT,12.89,0.0,50000,SCENARIO
2026-08-04,KALIMANTAN_ID_DHAMRA,SUPRAMAX,COA_3M,13.15,2.0,150000,SCENARIO
2026-08-04,KALIMANTAN_ID_DHAMRA,SUPRAMAX,COA_6M,13.53,5.0,300000,SCENARIO
2026-08-04,KALIMANTAN_ID_DHAMRA,SUPRAMAX,COA_12M,13.92,8.0,600000,SCENARIO
2026-08-04,KALIMANTAN_ID_GANGAVARAM,HANDYSIZE,SPOT,15.09,0.0,32000,SCENARIO
2026-08-04,KALIMANTAN_ID_GANGAVARAM,HANDYSIZE,COA_3M,15.39,2.0,96000,SCENARIO
2026-08-04,KALIMANTAN_ID_GANGAVARAM,HANDYSIZE,COA_6M,15.84,5.0,192000,SCENARIO
2026-08-04,KALIMANTAN_ID_GANGAVARAM,HANDYSIZE,COA_12M,16.3,8.0,384000,SCENARIO
2026-08-04,KALIMANTAN_ID_GANGAVARAM,PANAMAX,SPOT,10.54,0.0,70000,SCENARIO
2026-08-04,KALIMANTAN_ID_GANGAVARAM,PANAMAX,COA_3M,10.75,2.0,210000,SCENARIO
2026-08-04,KALIMANTAN_ID_GANGAVARAM,PANAMAX,COA_6M,11.07,5.0,420000,SCENARIO
2026-08-04,KALIMANTAN_ID_GANGAVARAM,PANAMAX,COA_12M,11.38,8.0,840000,SCENARIO
2026-08-04,KALIMANTAN_ID_GANGAVARAM,PANAMAX,SPOT,11.02,0.0,70000,SCENARIO
2026-08-04,KALIMANTAN_ID_GANGAVARAM,PANAMAX,COA_3M,11.24,2.0,210000,SCENARIO
2026-08-04,KALIMANTAN_ID_GANGAVARAM,PANAMAX,COA_6M,11.57,5.0,420000,SCENARIO
2026-08-04,KALIMANTAN_ID_GANGAVARAM,PANAMAX,COA_12M,11.9,8.0,840000,SCENARIO
2026-08-04,KALIMANTAN_ID_GANGAVARAM,SUPRAMAX,SPOT,12.47,0.0,50000,SCENARIO
2026-08-04,KALIMANTAN_ID_GANGAVARAM,SUPRAMAX,COA_3M,12.72,2.0,150000,SCENARIO
2026-08-04,KALIMANTAN_ID_GANGAVARAM,SUPRAMAX,COA_6M,13.09,5.0,300000,SCENARIO
2026-08-04,KALIMANTAN_ID_GANGAVARAM,SUPRAMAX,COA_12M,13.47,8.0,600000,SCENARIO
2026-08-04,KALIMANTAN_ID_GOPALPUR,HANDYSIZE,SPOT,15.69,0.0,32000,SCENARIO
2026-08-04,KALIMANTAN_ID_GOPALPUR,HANDYSIZE,COA_3M,16.0,2.0,96000,SCENARIO
2026-08-04,KALIMANTAN_ID_GOPALPUR,HANDYSIZE,COA_6M,16.47,5.0,192000,SCENARIO
2026-08-04,KALIMANTAN_ID_GOPALPUR,HANDYSIZE,COA_12M,16.95,8.0,384000,SCENARIO
2026-08-04,KALIMANTAN_ID_GOPALPUR,PANAMAX,SPOT,11.44,0.0,70000,SCENARIO
2026-08-04,KALIMANTAN_ID_GOPALPUR,PANAMAX,COA_3M,11.67,2.0,210000,SCENARIO
2026-08-04,KALIMANTAN_ID_GOPALPUR,PANAMAX,COA_6M,12.01,5.0,420000,SCENARIO
2026-08-04,KALIMANTAN_ID_GOPALPUR,PANAMAX,COA_12M,12.36,8.0,840000,SCENARIO
2026-08-04,KALIMANTAN_ID_GOPALPUR,SUPRAMAX,SPOT,12.96,0.0,50000,SCENARIO
2026-08-04,KALIMANTAN_ID_GOPALPUR,SUPRAMAX,COA_3M,13.22,2.0,150000,SCENARIO
2026-08-04,KALIMANTAN_ID_GOPALPUR,SUPRAMAX,COA_6M,13.61,5.0,300000,SCENARIO
2026-08-04,KALIMANTAN_ID_GOPALPUR,SUPRAMAX,COA_12M,14.0,8.0,600000,SCENARIO
2026-08-04,KALIMANTAN_ID_PARADIP,HANDYSIZE,SPOT,15.77,0.0,32000,SCENARIO
2026-08-04,KALIMANTAN_ID_PARADIP,HANDYSIZE,COA_3M,16.09,2.0,96000,SCENARIO
2026-08-04,KALIMANTAN_ID_PARADIP,HANDYSIZE,COA_6M,16.56,5.0,192000,SCENARIO
2026-08-04,KALIMANTAN_ID_PARADIP,HANDYSIZE,COA_12M,17.03,8.0,384000,SCENARIO
2026-08-04,KALIMANTAN_ID_PARADIP,PANAMAX,SPOT,11.0,0.0,70000,SCENARIO
2026-08-04,KALIMANTAN_ID_PARADIP,PANAMAX,COA_3M,11.22,2.0,210000,SCENARIO
2026-08-04,KALIMANTAN_ID_PARADIP,PANAMAX,COA_6M,11.55,5.0,420000,SCENARIO
2026-08-04,KALIMANTAN_ID_PARADIP,PANAMAX,COA_12M,11.88,8.0,840000,SCENARIO
2026-08-04,KALIMANTAN_ID_PARADIP,PANAMAX,SPOT,11.49,0.0,70000,SCENARIO
2026-08-04,KALIMANTAN_ID_PARADIP,PANAMAX,COA_3M,11.72,2.0,210000,SCENARIO
2026-08-04,KALIMANTAN_ID_PARADIP,PANAMAX,COA_6M,12.06,5.0,420000,SCENARIO
2026-08-04,KALIMANTAN_ID_PARADIP,PANAMAX,COA_12M,12.41,8.0,840000,SCENARIO
2026-08-04,KALIMANTAN_ID_PARADIP,SUPRAMAX,SPOT,13.02,0.0,50000,SCENARIO
2026-08-04,KALIMANTAN_ID_PARADIP,SUPRAMAX,COA_3M,13.28,2.0,150000,SCENARIO
2026-08-04,KALIMANTAN_ID_PARADIP,SUPRAMAX,COA_6M,13.67,5.0,300000,SCENARIO
2026-08-04,KALIMANTAN_ID_PARADIP,SUPRAMAX,COA_12M,14.06,8.0,600000,SCENARIO
2026-08-04,KALIMANTAN_ID_SANDHEADS,HANDYSIZE,SPOT,16.54,0.0,32000,SCENARIO
2026-08-04,KALIMANTAN_ID_SANDHEADS,HANDYSIZE,COA_3M,16.87,2.0,96000,SCENARIO
2026-08-04,KALIMANTAN_ID_SANDHEADS,HANDYSIZE,COA_6M,17.37,5.0,192000,SCENARIO
2026-08-04,KALIMANTAN_ID_SANDHEADS,HANDYSIZE,COA_12M,17.86,8.0,384000,SCENARIO
2026-08-04,KALIMANTAN_ID_SANDHEADS,PANAMAX,SPOT,11.52,0.0,70000,SCENARIO
2026-08-04,KALIMANTAN_ID_SANDHEADS,PANAMAX,COA_3M,11.75,2.0,210000,SCENARIO
2026-08-04,KALIMANTAN_ID_SANDHEADS,PANAMAX,COA_6M,12.1,5.0,420000,SCENARIO
2026-08-04,KALIMANTAN_ID_SANDHEADS,PANAMAX,COA_12M,12.44,8.0,840000,SCENARIO
2026-08-04,KALIMANTAN_ID_SANDHEADS,PANAMAX,SPOT,12.03,0.0,70000,SCENARIO
2026-08-04,KALIMANTAN_ID_SANDHEADS,PANAMAX,COA_3M,12.27,2.0,210000,SCENARIO
2026-08-04,KALIMANTAN_ID_SANDHEADS,PANAMAX,COA_6M,12.63,5.0,420000,SCENARIO
2026-08-04,KALIMANTAN_ID_SANDHEADS,PANAMAX,COA_12M,12.99,8.0,840000,SCENARIO
2026-08-04,KALIMANTAN_ID_SANDHEADS,SUPRAMAX,SPOT,13.66,0.0,50000,SCENARIO
2026-08-04,KALIMANTAN_ID_SANDHEADS,SUPRAMAX,COA_3M,13.93,2.0,150000,SCENARIO
2026-08-04,KALIMANTAN_ID_SANDHEADS,SUPRAMAX,COA_6M,14.34,5.0,300000,SCENARIO
2026-08-04,KALIMANTAN_ID_SANDHEADS,SUPRAMAX,COA_12M,14.75,8.0,600000,SCENARIO
2026-08-04,KALIMANTAN_ID_VIZAG,HANDYSIZE,SPOT,15.56,0.0,32000,SCENARIO
2026-08-04,KALIMANTAN_ID_VIZAG,HANDYSIZE,COA_3M,15.87,2.0,96000,SCENARIO
2026-08-04,KALIMANTAN_ID_VIZAG,HANDYSIZE,COA_6M,16.34,5.0,192000,SCENARIO
2026-08-04,KALIMANTAN_ID_VIZAG,HANDYSIZE,COA_12M,16.8,8.0,384000,SCENARIO
2026-08-04,KALIMANTAN_ID_VIZAG,PANAMAX,SPOT,10.85,0.0,70000,SCENARIO
2026-08-04,KALIMANTAN_ID_VIZAG,PANAMAX,COA_3M,11.07,2.0,210000,SCENARIO
2026-08-04,KALIMANTAN_ID_VIZAG,PANAMAX,COA_6M,11.39,5.0,420000,SCENARIO
2026-08-04,KALIMANTAN_ID_VIZAG,PANAMAX,COA_12M,11.72,8.0,840000,SCENARIO
2026-08-04,KALIMANTAN_ID_VIZAG,PANAMAX,SPOT,11.34,0.0,70000,SCENARIO
2026-08-04,KALIMANTAN_ID_VIZAG,PANAMAX,COA_3M,11.57,2.0,210000,SCENARIO
2026-08-04,KALIMANTAN_ID_VIZAG,PANAMAX,COA_6M,11.91,5.0,420000,SCENARIO
2026-08-04,KALIMANTAN_ID_VIZAG,PANAMAX,COA_12M,12.25,8.0,840000,SCENARIO
2026-08-04,KALIMANTAN_ID_VIZAG,SUPRAMAX,SPOT,12.85,0.0,50000,SCENARIO
2026-08-04,KALIMANTAN_ID_VIZAG,SUPRAMAX,COA_3M,13.11,2.0,150000,SCENARIO
2026-08-04,KALIMANTAN_ID_VIZAG,SUPRAMAX,COA_6M,13.49,5.0,300000,SCENARIO
2026-08-04,KALIMANTAN_ID_VIZAG,SUPRAMAX,COA_12M,13.88,8.0,600000,SCENARIO
2026-08-04,MAPUTO_MZ_PARADIP,HANDYSIZE,SPOT,22.44,0.0,32000,SCENARIO
2026-08-04,MAPUTO_MZ_PARADIP,HANDYSIZE,COA_3M,22.89,2.0,96000,SCENARIO
2026-08-04,MAPUTO_MZ_PARADIP,HANDYSIZE,COA_6M,23.56,5.0,192000,SCENARIO
2026-08-04,MAPUTO_MZ_PARADIP,HANDYSIZE,COA_12M,24.24,8.0,384000,SCENARIO
2026-08-04,MAPUTO_MZ_PARADIP,PANAMAX,SPOT,15.49,0.0,70000,SCENARIO
2026-08-04,MAPUTO_MZ_PARADIP,PANAMAX,COA_3M,15.8,2.0,210000,SCENARIO
2026-08-04,MAPUTO_MZ_PARADIP,PANAMAX,COA_6M,16.26,5.0,420000,SCENARIO
2026-08-04,MAPUTO_MZ_PARADIP,PANAMAX,COA_12M,16.73,8.0,840000,SCENARIO
2026-08-04,MAPUTO_MZ_PARADIP,PANAMAX,SPOT,16.13,0.0,70000,SCENARIO
2026-08-04,MAPUTO_MZ_PARADIP,PANAMAX,COA_3M,16.45,2.0,210000,SCENARIO
2026-08-04,MAPUTO_MZ_PARADIP,PANAMAX,COA_6M,16.94,5.0,420000,SCENARIO
2026-08-04,MAPUTO_MZ_PARADIP,PANAMAX,COA_12M,17.42,8.0,840000,SCENARIO
2026-08-04,MAPUTO_MZ_PARADIP,SUPRAMAX,SPOT,18.41,0.0,50000,SCENARIO
2026-08-04,MAPUTO_MZ_PARADIP,SUPRAMAX,COA_3M,18.78,2.0,150000,SCENARIO
2026-08-04,MAPUTO_MZ_PARADIP,SUPRAMAX,COA_6M,19.33,5.0,300000,SCENARIO
2026-08-04,MAPUTO_MZ_PARADIP,SUPRAMAX,COA_12M,19.88,8.0,600000,SCENARIO
2026-08-04,MAPUTO_MZ_VIZAG,HANDYSIZE,SPOT,21.74,0.0,32000,SCENARIO
2026-08-04,MAPUTO_MZ_VIZAG,HANDYSIZE,COA_3M,22.17,2.0,96000,SCENARIO
2026-08-04,MAPUTO_MZ_VIZAG,HANDYSIZE,COA_6M,22.83,5.0,192000,SCENARIO
2026-08-04,MAPUTO_MZ_VIZAG,HANDYSIZE,COA_12M,23.48,8.0,384000,SCENARIO
2026-08-04,MAPUTO_MZ_VIZAG,PANAMAX,SPOT,15.02,0.0,70000,SCENARIO
2026-08-04,MAPUTO_MZ_VIZAG,PANAMAX,COA_3M,15.32,2.0,210000,SCENARIO
2026-08-04,MAPUTO_MZ_VIZAG,PANAMAX,COA_6M,15.77,5.0,420000,SCENARIO
2026-08-04,MAPUTO_MZ_VIZAG,PANAMAX,COA_12M,16.22,8.0,840000,SCENARIO
2026-08-04,MAPUTO_MZ_VIZAG,PANAMAX,SPOT,15.64,0.0,70000,SCENARIO
2026-08-04,MAPUTO_MZ_VIZAG,PANAMAX,COA_3M,15.95,2.0,210000,SCENARIO
2026-08-04,MAPUTO_MZ_VIZAG,PANAMAX,COA_6M,16.42,5.0,420000,SCENARIO
2026-08-04,MAPUTO_MZ_VIZAG,PANAMAX,COA_12M,16.89,8.0,840000,SCENARIO
2026-08-04,MAPUTO_MZ_VIZAG,SUPRAMAX,SPOT,17.85,0.0,50000,SCENARIO
2026-08-04,MAPUTO_MZ_VIZAG,SUPRAMAX,COA_3M,18.21,2.0,150000,SCENARIO
2026-08-04,MAPUTO_MZ_VIZAG,SUPRAMAX,COA_6M,18.74,5.0,300000,SCENARIO
2026-08-04,MAPUTO_MZ_VIZAG,SUPRAMAX,COA_12M,19.28,8.0,600000,SCENARIO
2026-08-04,NEWCASTLE_AU_DHAMRA,HANDYSIZE,SPOT,30.55,0.0,32000,SCENARIO
2026-08-04,NEWCASTLE_AU_DHAMRA,HANDYSIZE,COA_3M,31.16,2.0,96000,SCENARIO
2026-08-04,NEWCASTLE_AU_DHAMRA,HANDYSIZE,COA_6M,32.08,5.0,192000,SCENARIO
2026-08-04,NEWCASTLE_AU_DHAMRA,HANDYSIZE,COA_12M,32.99,8.0,384000,SCENARIO
2026-08-04,NEWCASTLE_AU_DHAMRA,PANAMAX,SPOT,20.96,0.0,70000,SCENARIO
2026-08-04,NEWCASTLE_AU_DHAMRA,PANAMAX,COA_3M,21.38,2.0,210000,SCENARIO
2026-08-04,NEWCASTLE_AU_DHAMRA,PANAMAX,COA_6M,22.01,5.0,420000,SCENARIO
2026-08-04,NEWCASTLE_AU_DHAMRA,PANAMAX,COA_12M,22.64,8.0,840000,SCENARIO
2026-08-04,NEWCASTLE_AU_DHAMRA,PANAMAX,SPOT,21.77,0.0,70000,SCENARIO
2026-08-04,NEWCASTLE_AU_DHAMRA,PANAMAX,COA_3M,22.21,2.0,210000,SCENARIO
2026-08-04,NEWCASTLE_AU_DHAMRA,PANAMAX,COA_6M,22.86,5.0,420000,SCENARIO
2026-08-04,NEWCASTLE_AU_DHAMRA,PANAMAX,COA_12M,23.51,8.0,840000,SCENARIO
2026-08-04,NEWCASTLE_AU_DHAMRA,SUPRAMAX,SPOT,24.96,0.0,50000,SCENARIO
2026-08-04,NEWCASTLE_AU_DHAMRA,SUPRAMAX,COA_3M,25.46,2.0,150000,SCENARIO
2026-08-04,NEWCASTLE_AU_DHAMRA,SUPRAMAX,COA_6M,26.21,5.0,300000,SCENARIO
2026-08-04,NEWCASTLE_AU_DHAMRA,SUPRAMAX,COA_12M,26.96,8.0,600000,SCENARIO
2026-08-04,NEWCASTLE_AU_GANGAVARAM,HANDYSIZE,SPOT,30.25,0.0,32000,SCENARIO
2026-08-04,NEWCASTLE_AU_GANGAVARAM,HANDYSIZE,COA_3M,30.86,2.0,96000,SCENARIO
2026-08-04,NEWCASTLE_AU_GANGAVARAM,HANDYSIZE,COA_6M,31.76,5.0,192000,SCENARIO
2026-08-04,NEWCASTLE_AU_GANGAVARAM,HANDYSIZE,COA_12M,32.67,8.0,384000,SCENARIO
2026-08-04,NEWCASTLE_AU_GANGAVARAM,PANAMAX,SPOT,20.75,0.0,70000,SCENARIO
2026-08-04,NEWCASTLE_AU_GANGAVARAM,PANAMAX,COA_3M,21.16,2.0,210000,SCENARIO
2026-08-04,NEWCASTLE_AU_GANGAVARAM,PANAMAX,COA_6M,21.79,5.0,420000,SCENARIO
2026-08-04,NEWCASTLE_AU_GANGAVARAM,PANAMAX,COA_12M,22.41,8.0,840000,SCENARIO
2026-08-04,NEWCASTLE_AU_GANGAVARAM,PANAMAX,SPOT,21.55,0.0,70000,SCENARIO
2026-08-04,NEWCASTLE_AU_GANGAVARAM,PANAMAX,COA_3M,21.98,2.0,210000,SCENARIO
2026-08-04,NEWCASTLE_AU_GANGAVARAM,PANAMAX,COA_6M,22.63,5.0,420000,SCENARIO
2026-08-04,NEWCASTLE_AU_GANGAVARAM,PANAMAX,COA_12M,23.27,8.0,840000,SCENARIO
2026-08-04,NEWCASTLE_AU_GANGAVARAM,SUPRAMAX,SPOT,24.71,0.0,50000,SCENARIO
2026-08-04,NEWCASTLE_AU_GANGAVARAM,SUPRAMAX,COA_3M,25.2,2.0,150000,SCENARIO
2026-08-04,NEWCASTLE_AU_GANGAVARAM,SUPRAMAX,COA_6M,25.95,5.0,300000,SCENARIO
2026-08-04,NEWCASTLE_AU_GANGAVARAM,SUPRAMAX,COA_12M,26.69,8.0,600000,SCENARIO
2026-08-04,NEWCASTLE_AU_GOPALPUR,HANDYSIZE,SPOT,30.72,0.0,32000,SCENARIO
2026-08-04,NEWCASTLE_AU_GOPALPUR,HANDYSIZE,COA_3M,31.33,2.0,96000,SCENARIO
2026-08-04,NEWCASTLE_AU_GOPALPUR,HANDYSIZE,COA_6M,32.26,5.0,192000,SCENARIO
2026-08-04,NEWCASTLE_AU_GOPALPUR,HANDYSIZE,COA_12M,33.18,8.0,384000,SCENARIO
2026-08-04,NEWCASTLE_AU_GOPALPUR,PANAMAX,SPOT,21.89,0.0,70000,SCENARIO
2026-08-04,NEWCASTLE_AU_GOPALPUR,PANAMAX,COA_3M,22.33,2.0,210000,SCENARIO
2026-08-04,NEWCASTLE_AU_GOPALPUR,PANAMAX,COA_6M,22.98,5.0,420000,SCENARIO
2026-08-04,NEWCASTLE_AU_GOPALPUR,PANAMAX,COA_12M,23.64,8.0,840000,SCENARIO
2026-08-04,NEWCASTLE_AU_GOPALPUR,SUPRAMAX,SPOT,25.11,0.0,50000,SCENARIO
2026-08-04,NEWCASTLE_AU_GOPALPUR,SUPRAMAX,COA_3M,25.61,2.0,150000,SCENARIO
2026-08-04,NEWCASTLE_AU_GOPALPUR,SUPRAMAX,COA_6M,26.37,5.0,300000,SCENARIO
2026-08-04,NEWCASTLE_AU_GOPALPUR,SUPRAMAX,COA_12M,27.12,8.0,600000,SCENARIO
2026-08-04,NEWCASTLE_AU_PARADIP,HANDYSIZE,SPOT,30.68,0.0,32000,SCENARIO
2026-08-04,NEWCASTLE_AU_PARADIP,HANDYSIZE,COA_3M,31.29,2.0,96000,SCENARIO
2026-08-04,NEWCASTLE_AU_PARADIP,HANDYSIZE,COA_6M,32.21,5.0,192000,SCENARIO
2026-08-04,NEWCASTLE_AU_PARADIP,HANDYSIZE,COA_12M,33.13,8.0,384000,SCENARIO
2026-08-04,NEWCASTLE_AU_PARADIP,PANAMAX,SPOT,21.05,0.0,70000,SCENARIO
2026-08-04,NEWCASTLE_AU_PARADIP,PANAMAX,COA_3M,21.47,2.0,210000,SCENARIO
2026-08-04,NEWCASTLE_AU_PARADIP,PANAMAX,COA_6M,22.1,5.0,420000,SCENARIO
2026-08-04,NEWCASTLE_AU_PARADIP,PANAMAX,COA_12M,22.73,8.0,840000,SCENARIO
2026-08-04,NEWCASTLE_AU_PARADIP,PANAMAX,SPOT,21.86,0.0,70000,SCENARIO
2026-08-04,NEWCASTLE_AU_PARADIP,PANAMAX,COA_3M,22.3,2.0,210000,SCENARIO
2026-08-04,NEWCASTLE_AU_PARADIP,PANAMAX,COA_6M,22.95,5.0,420000,SCENARIO
2026-08-04,NEWCASTLE_AU_PARADIP,PANAMAX,COA_12M,23.61,8.0,840000,SCENARIO
2026-08-04,NEWCASTLE_AU_PARADIP,SUPRAMAX,SPOT,25.07,0.0,50000,SCENARIO
2026-08-04,NEWCASTLE_AU_PARADIP,SUPRAMAX,COA_3M,25.57,2.0,150000,SCENARIO
2026-08-04,NEWCASTLE_AU_PARADIP,SUPRAMAX,COA_6M,26.32,5.0,300000,SCENARIO
2026-08-04,NEWCASTLE_AU_PARADIP,SUPRAMAX,COA_12M,27.08,8.0,600000,SCENARIO
2026-08-04,NEWCASTLE_AU_SANDHEADS,HANDYSIZE,SPOT,31.43,0.0,32000,SCENARIO
2026-08-04,NEWCASTLE_AU_SANDHEADS,HANDYSIZE,COA_3M,32.06,2.0,96000,SCENARIO
2026-08-04,NEWCASTLE_AU_SANDHEADS,HANDYSIZE,COA_6M,33.0,5.0,192000,SCENARIO
2026-08-04,NEWCASTLE_AU_SANDHEADS,HANDYSIZE,COA_12M,33.94,8.0,384000,SCENARIO
2026-08-04,NEWCASTLE_AU_SANDHEADS,PANAMAX,SPOT,21.55,0.0,70000,SCENARIO
2026-08-04,NEWCASTLE_AU_SANDHEADS,PANAMAX,COA_3M,21.98,2.0,210000,SCENARIO
2026-08-04,NEWCASTLE_AU_SANDHEADS,PANAMAX,COA_6M,22.63,5.0,420000,SCENARIO
2026-08-04,NEWCASTLE_AU_SANDHEADS,PANAMAX,COA_12M,23.27,8.0,840000,SCENARIO
2026-08-04,NEWCASTLE_AU_SANDHEADS,PANAMAX,SPOT,22.38,0.0,70000,SCENARIO
2026-08-04,NEWCASTLE_AU_SANDHEADS,PANAMAX,COA_3M,22.83,2.0,210000,SCENARIO
2026-08-04,NEWCASTLE_AU_SANDHEADS,PANAMAX,COA_6M,23.5,5.0,420000,SCENARIO
2026-08-04,NEWCASTLE_AU_SANDHEADS,PANAMAX,COA_12M,24.17,8.0,840000,SCENARIO
2026-08-04,NEWCASTLE_AU_SANDHEADS,SUPRAMAX,SPOT,25.69,0.0,50000,SCENARIO
2026-08-04,NEWCASTLE_AU_SANDHEADS,SUPRAMAX,COA_3M,26.2,2.0,150000,SCENARIO
2026-08-04,NEWCASTLE_AU_SANDHEADS,SUPRAMAX,COA_6M,26.97,5.0,300000,SCENARIO
2026-08-04,NEWCASTLE_AU_SANDHEADS,SUPRAMAX,COA_12M,27.75,8.0,600000,SCENARIO
2026-08-04,NEWCASTLE_AU_VIZAG,HANDYSIZE,SPOT,30.71,0.0,32000,SCENARIO
2026-08-04,NEWCASTLE_AU_VIZAG,HANDYSIZE,COA_3M,31.32,2.0,96000,SCENARIO
2026-08-04,NEWCASTLE_AU_VIZAG,HANDYSIZE,COA_6M,32.25,5.0,192000,SCENARIO
2026-08-04,NEWCASTLE_AU_VIZAG,HANDYSIZE,COA_12M,33.17,8.0,384000,SCENARIO
2026-08-04,NEWCASTLE_AU_VIZAG,PANAMAX,SPOT,21.06,0.0,70000,SCENARIO
2026-08-04,NEWCASTLE_AU_VIZAG,PANAMAX,COA_3M,21.48,2.0,210000,SCENARIO
2026-08-04,NEWCASTLE_AU_VIZAG,PANAMAX,COA_6M,22.11,5.0,420000,SCENARIO
2026-08-04,NEWCASTLE_AU_VIZAG,PANAMAX,COA_12M,22.74,8.0,840000,SCENARIO
2026-08-04,NEWCASTLE_AU_VIZAG,PANAMAX,SPOT,21.88,0.0,70000,SCENARIO
2026-08-04,NEWCASTLE_AU_VIZAG,PANAMAX,COA_3M,22.32,2.0,210000,SCENARIO
2026-08-04,NEWCASTLE_AU_VIZAG,PANAMAX,COA_6M,22.97,5.0,420000,SCENARIO
2026-08-04,NEWCASTLE_AU_VIZAG,PANAMAX,COA_12M,23.63,8.0,840000,SCENARIO
2026-08-04,NEWCASTLE_AU_VIZAG,SUPRAMAX,SPOT,25.1,0.0,50000,SCENARIO
2026-08-04,NEWCASTLE_AU_VIZAG,SUPRAMAX,COA_3M,25.6,2.0,150000,SCENARIO
2026-08-04,NEWCASTLE_AU_VIZAG,SUPRAMAX,COA_6M,26.36,5.0,300000,SCENARIO
2026-08-04,NEWCASTLE_AU_VIZAG,SUPRAMAX,COA_12M,27.11,8.0,600000,SCENARIO
2026-08-04,NORFOLK_US_PARADIP,HANDYSIZE,SPOT,53.47,0.0,32000,SCENARIO
2026-08-04,NORFOLK_US_PARADIP,HANDYSIZE,COA_3M,54.54,2.0,96000,SCENARIO
2026-08-04,NORFOLK_US_PARADIP,HANDYSIZE,COA_6M,56.14,5.0,192000,SCENARIO
2026-08-04,NORFOLK_US_PARADIP,HANDYSIZE,COA_12M,57.75,8.0,384000,SCENARIO
2026-08-04,NORFOLK_US_PARADIP,PANAMAX,SPOT,36.4,0.0,70000,SCENARIO
2026-08-04,NORFOLK_US_PARADIP,PANAMAX,COA_3M,37.13,2.0,210000,SCENARIO
2026-08-04,NORFOLK_US_PARADIP,PANAMAX,COA_6M,38.22,5.0,420000,SCENARIO
2026-08-04,NORFOLK_US_PARADIP,PANAMAX,COA_12M,39.31,8.0,840000,SCENARIO
2026-08-04,NORFOLK_US_PARADIP,PANAMAX,SPOT,37.7,0.0,70000,SCENARIO
2026-08-04,NORFOLK_US_PARADIP,PANAMAX,COA_3M,38.45,2.0,210000,SCENARIO
2026-08-04,NORFOLK_US_PARADIP,PANAMAX,COA_6M,39.59,5.0,420000,SCENARIO
2026-08-04,NORFOLK_US_PARADIP,PANAMAX,COA_12M,40.72,8.0,840000,SCENARIO
2026-08-04,NORFOLK_US_PARADIP,SUPRAMAX,SPOT,43.49,0.0,50000,SCENARIO
2026-08-04,NORFOLK_US_PARADIP,SUPRAMAX,COA_3M,44.36,2.0,150000,SCENARIO
2026-08-04,NORFOLK_US_PARADIP,SUPRAMAX,COA_6M,45.66,5.0,300000,SCENARIO
2026-08-04,NORFOLK_US_PARADIP,SUPRAMAX,COA_12M,46.97,8.0,600000,SCENARIO
2026-08-04,NORFOLK_US_VIZAG,HANDYSIZE,SPOT,52.77,0.0,32000,SCENARIO
2026-08-04,NORFOLK_US_VIZAG,HANDYSIZE,COA_3M,53.83,2.0,96000,SCENARIO
2026-08-04,NORFOLK_US_VIZAG,HANDYSIZE,COA_6M,55.41,5.0,192000,SCENARIO
2026-08-04,NORFOLK_US_VIZAG,HANDYSIZE,COA_12M,56.99,8.0,384000,SCENARIO
2026-08-04,NORFOLK_US_VIZAG,PANAMAX,SPOT,35.93,0.0,70000,SCENARIO
2026-08-04,NORFOLK_US_VIZAG,PANAMAX,COA_3M,36.65,2.0,210000,SCENARIO
2026-08-04,NORFOLK_US_VIZAG,PANAMAX,COA_6M,37.73,5.0,420000,SCENARIO
2026-08-04,NORFOLK_US_VIZAG,PANAMAX,COA_12M,38.8,8.0,840000,SCENARIO
2026-08-04,NORFOLK_US_VIZAG,PANAMAX,SPOT,37.22,0.0,70000,SCENARIO
2026-08-04,NORFOLK_US_VIZAG,PANAMAX,COA_3M,37.96,2.0,210000,SCENARIO
2026-08-04,NORFOLK_US_VIZAG,PANAMAX,COA_6M,39.08,5.0,420000,SCENARIO
2026-08-04,NORFOLK_US_VIZAG,PANAMAX,COA_12M,40.2,8.0,840000,SCENARIO
2026-08-04,NORFOLK_US_VIZAG,SUPRAMAX,SPOT,42.93,0.0,50000,SCENARIO
2026-08-04,NORFOLK_US_VIZAG,SUPRAMAX,COA_3M,43.79,2.0,150000,SCENARIO
2026-08-04,NORFOLK_US_VIZAG,SUPRAMAX,COA_6M,45.08,5.0,300000,SCENARIO
2026-08-04,NORFOLK_US_VIZAG,SUPRAMAX,COA_12M,46.36,8.0,600000,SCENARIO
2026-08-04,VOSTOCHNY_RU_PARADIP,HANDYSIZE,SPOT,29.71,0.0,32000,SCENARIO
2026-08-04,VOSTOCHNY_RU_PARADIP,HANDYSIZE,COA_3M,30.3,2.0,96000,SCENARIO
2026-08-04,VOSTOCHNY_RU_PARADIP,HANDYSIZE,COA_6M,31.2,5.0,192000,SCENARIO
2026-08-04,VOSTOCHNY_RU_PARADIP,HANDYSIZE,COA_12M,32.09,8.0,384000,SCENARIO
2026-08-04,VOSTOCHNY_RU_PARADIP,PANAMAX,SPOT,20.39,0.0,70000,SCENARIO
2026-08-04,VOSTOCHNY_RU_PARADIP,PANAMAX,COA_3M,20.8,2.0,210000,SCENARIO
2026-08-04,VOSTOCHNY_RU_PARADIP,PANAMAX,COA_6M,21.41,5.0,420000,SCENARIO
2026-08-04,VOSTOCHNY_RU_PARADIP,PANAMAX,COA_12M,22.02,8.0,840000,SCENARIO
2026-08-04,VOSTOCHNY_RU_PARADIP,PANAMAX,SPOT,21.18,0.0,70000,SCENARIO
2026-08-04,VOSTOCHNY_RU_PARADIP,PANAMAX,COA_3M,21.6,2.0,210000,SCENARIO
2026-08-04,VOSTOCHNY_RU_PARADIP,PANAMAX,COA_6M,22.24,5.0,420000,SCENARIO
2026-08-04,VOSTOCHNY_RU_PARADIP,PANAMAX,COA_12M,22.87,8.0,840000,SCENARIO
2026-08-04,VOSTOCHNY_RU_PARADIP,SUPRAMAX,SPOT,24.29,0.0,50000,SCENARIO
2026-08-04,VOSTOCHNY_RU_PARADIP,SUPRAMAX,COA_3M,24.78,2.0,150000,SCENARIO
2026-08-04,VOSTOCHNY_RU_PARADIP,SUPRAMAX,COA_6M,25.5,5.0,300000,SCENARIO
2026-08-04,VOSTOCHNY_RU_PARADIP,SUPRAMAX,COA_12M,26.23,8.0,600000,SCENARIO
2026-08-04,VOSTOCHNY_RU_VIZAG,HANDYSIZE,SPOT,29.5,0.0,32000,SCENARIO
2026-08-04,VOSTOCHNY_RU_VIZAG,HANDYSIZE,COA_3M,30.09,2.0,96000,SCENARIO
2026-08-04,VOSTOCHNY_RU_VIZAG,HANDYSIZE,COA_6M,30.98,5.0,192000,SCENARIO
2026-08-04,VOSTOCHNY_RU_VIZAG,HANDYSIZE,COA_12M,31.86,8.0,384000,SCENARIO
2026-08-04,VOSTOCHNY_RU_VIZAG,PANAMAX,SPOT,20.25,0.0,70000,SCENARIO
2026-08-04,VOSTOCHNY_RU_VIZAG,PANAMAX,COA_3M,20.66,2.0,210000,SCENARIO
2026-08-04,VOSTOCHNY_RU_VIZAG,PANAMAX,COA_6M,21.26,5.0,420000,SCENARIO
2026-08-04,VOSTOCHNY_RU_VIZAG,PANAMAX,COA_12M,21.87,8.0,840000,SCENARIO
2026-08-04,VOSTOCHNY_RU_VIZAG,PANAMAX,SPOT,21.03,0.0,70000,SCENARIO
2026-08-04,VOSTOCHNY_RU_VIZAG,PANAMAX,COA_3M,21.45,2.0,210000,SCENARIO
2026-08-04,VOSTOCHNY_RU_VIZAG,PANAMAX,COA_6M,22.08,5.0,420000,SCENARIO
2026-08-04,VOSTOCHNY_RU_VIZAG,PANAMAX,COA_12M,22.71,8.0,840000,SCENARIO
2026-08-04,VOSTOCHNY_RU_VIZAG,SUPRAMAX,SPOT,24.12,0.0,50000,SCENARIO
2026-08-04,VOSTOCHNY_RU_VIZAG,SUPRAMAX,COA_3M,24.6,2.0,150000,SCENARIO
2026-08-04,VOSTOCHNY_RU_VIZAG,SUPRAMAX,COA_6M,25.33,5.0,300000,SCENARIO
2026-08-04,VOSTOCHNY_RU_VIZAG,SUPRAMAX,COA_12M,26.05,8.0,600000,SCENARIO
2026-08-05,KALIMANTAN_ID_DHAMRA,HANDYSIZE,SPOT,15.5,0.0,32000,SCENARIO
2026-08-05,KALIMANTAN_ID_DHAMRA,HANDYSIZE,COA_3M,15.81,2.0,96000,SCENARIO
2026-08-05,KALIMANTAN_ID_DHAMRA,HANDYSIZE,COA_6M,16.28,5.0,192000,SCENARIO
2026-08-05,KALIMANTAN_ID_DHAMRA,HANDYSIZE,COA_12M,16.74,8.0,384000,SCENARIO
2026-08-05,KALIMANTAN_ID_DHAMRA,PANAMAX,SPOT,10.82,0.0,70000,SCENARIO
2026-08-05,KALIMANTAN_ID_DHAMRA,PANAMAX,COA_3M,11.04,2.0,210000,SCENARIO
2026-08-05,KALIMANTAN_ID_DHAMRA,PANAMAX,COA_6M,11.36,5.0,420000,SCENARIO
2026-08-05,KALIMANTAN_ID_DHAMRA,PANAMAX,COA_12M,11.69,8.0,840000,SCENARIO
2026-08-05,KALIMANTAN_ID_DHAMRA,PANAMAX,SPOT,11.3,0.0,70000,SCENARIO
2026-08-05,KALIMANTAN_ID_DHAMRA,PANAMAX,COA_3M,11.53,2.0,210000,SCENARIO
2026-08-05,KALIMANTAN_ID_DHAMRA,PANAMAX,COA_6M,11.87,5.0,420000,SCENARIO
2026-08-05,KALIMANTAN_ID_DHAMRA,PANAMAX,COA_12M,12.2,8.0,840000,SCENARIO
2026-08-05,KALIMANTAN_ID_DHAMRA,SUPRAMAX,SPOT,12.8,0.0,50000,SCENARIO
2026-08-05,KALIMANTAN_ID_DHAMRA,SUPRAMAX,COA_3M,13.06,2.0,150000,SCENARIO
2026-08-05,KALIMANTAN_ID_DHAMRA,SUPRAMAX,COA_6M,13.44,5.0,300000,SCENARIO
2026-08-05,KALIMANTAN_ID_DHAMRA,SUPRAMAX,COA_12M,13.82,8.0,600000,SCENARIO
2026-08-05,KALIMANTAN_ID_GANGAVARAM,HANDYSIZE,SPOT,14.98,0.0,32000,SCENARIO
2026-08-05,KALIMANTAN_ID_GANGAVARAM,HANDYSIZE,COA_3M,15.28,2.0,96000,SCENARIO
2026-08-05,KALIMANTAN_ID_GANGAVARAM,HANDYSIZE,COA_6M,15.73,5.0,192000,SCENARIO
2026-08-05,KALIMANTAN_ID_GANGAVARAM,HANDYSIZE,COA_12M,16.18,8.0,384000,SCENARIO
2026-08-05,KALIMANTAN_ID_GANGAVARAM,PANAMAX,SPOT,10.47,0.0,70000,SCENARIO
2026-08-05,KALIMANTAN_ID_GANGAVARAM,PANAMAX,COA_3M,10.68,2.0,210000,SCENARIO
2026-08-05,KALIMANTAN_ID_GANGAVARAM,PANAMAX,COA_6M,10.99,5.0,420000,SCENARIO
2026-08-05,KALIMANTAN_ID_GANGAVARAM,PANAMAX,COA_12M,11.31,8.0,840000,SCENARIO
2026-08-05,KALIMANTAN_ID_GANGAVARAM,PANAMAX,SPOT,10.94,0.0,70000,SCENARIO
2026-08-05,KALIMANTAN_ID_GANGAVARAM,PANAMAX,COA_3M,11.16,2.0,210000,SCENARIO
2026-08-05,KALIMANTAN_ID_GANGAVARAM,PANAMAX,COA_6M,11.49,5.0,420000,SCENARIO
2026-08-05,KALIMANTAN_ID_GANGAVARAM,PANAMAX,COA_12M,11.82,8.0,840000,SCENARIO
2026-08-05,KALIMANTAN_ID_GANGAVARAM,SUPRAMAX,SPOT,12.38,0.0,50000,SCENARIO
2026-08-05,KALIMANTAN_ID_GANGAVARAM,SUPRAMAX,COA_3M,12.63,2.0,150000,SCENARIO
2026-08-05,KALIMANTAN_ID_GANGAVARAM,SUPRAMAX,COA_6M,13.0,5.0,300000,SCENARIO
2026-08-05,KALIMANTAN_ID_GANGAVARAM,SUPRAMAX,COA_12M,13.37,8.0,600000,SCENARIO
2026-08-05,KALIMANTAN_ID_GOPALPUR,HANDYSIZE,SPOT,15.58,0.0,32000,SCENARIO
2026-08-05,KALIMANTAN_ID_GOPALPUR,HANDYSIZE,COA_3M,15.89,2.0,96000,SCENARIO
2026-08-05,KALIMANTAN_ID_GOPALPUR,HANDYSIZE,COA_6M,16.36,5.0,192000,SCENARIO
2026-08-05,KALIMANTAN_ID_GOPALPUR,HANDYSIZE,COA_12M,16.83,8.0,384000,SCENARIO
2026-08-05,KALIMANTAN_ID_GOPALPUR,PANAMAX,SPOT,11.35,0.0,70000,SCENARIO
2026-08-05,KALIMANTAN_ID_GOPALPUR,PANAMAX,COA_3M,11.58,2.0,210000,SCENARIO
2026-08-05,KALIMANTAN_ID_GOPALPUR,PANAMAX,COA_6M,11.92,5.0,420000,SCENARIO
2026-08-05,KALIMANTAN_ID_GOPALPUR,PANAMAX,COA_12M,12.26,8.0,840000,SCENARIO
2026-08-05,KALIMANTAN_ID_GOPALPUR,SUPRAMAX,SPOT,12.87,0.0,50000,SCENARIO
2026-08-05,KALIMANTAN_ID_GOPALPUR,SUPRAMAX,COA_3M,13.13,2.0,150000,SCENARIO
2026-08-05,KALIMANTAN_ID_GOPALPUR,SUPRAMAX,COA_6M,13.51,5.0,300000,SCENARIO
2026-08-05,KALIMANTAN_ID_GOPALPUR,SUPRAMAX,COA_12M,13.9,8.0,600000,SCENARIO
2026-08-05,KALIMANTAN_ID_PARADIP,HANDYSIZE,SPOT,15.65,0.0,32000,SCENARIO
2026-08-05,KALIMANTAN_ID_PARADIP,HANDYSIZE,COA_3M,15.96,2.0,96000,SCENARIO
2026-08-05,KALIMANTAN_ID_PARADIP,HANDYSIZE,COA_6M,16.43,5.0,192000,SCENARIO
2026-08-05,KALIMANTAN_ID_PARADIP,HANDYSIZE,COA_12M,16.9,8.0,384000,SCENARIO
2026-08-05,KALIMANTAN_ID_PARADIP,PANAMAX,SPOT,10.92,0.0,70000,SCENARIO
2026-08-05,KALIMANTAN_ID_PARADIP,PANAMAX,COA_3M,11.14,2.0,210000,SCENARIO
2026-08-05,KALIMANTAN_ID_PARADIP,PANAMAX,COA_6M,11.47,5.0,420000,SCENARIO
2026-08-05,KALIMANTAN_ID_PARADIP,PANAMAX,COA_12M,11.79,8.0,840000,SCENARIO
2026-08-05,KALIMANTAN_ID_PARADIP,PANAMAX,SPOT,11.41,0.0,70000,SCENARIO
2026-08-05,KALIMANTAN_ID_PARADIP,PANAMAX,COA_3M,11.64,2.0,210000,SCENARIO
2026-08-05,KALIMANTAN_ID_PARADIP,PANAMAX,COA_6M,11.98,5.0,420000,SCENARIO
2026-08-05,KALIMANTAN_ID_PARADIP,PANAMAX,COA_12M,12.32,8.0,840000,SCENARIO
2026-08-05,KALIMANTAN_ID_PARADIP,SUPRAMAX,SPOT,12.93,0.0,50000,SCENARIO
2026-08-05,KALIMANTAN_ID_PARADIP,SUPRAMAX,COA_3M,13.19,2.0,150000,SCENARIO
2026-08-05,KALIMANTAN_ID_PARADIP,SUPRAMAX,COA_6M,13.58,5.0,300000,SCENARIO
2026-08-05,KALIMANTAN_ID_PARADIP,SUPRAMAX,COA_12M,13.96,8.0,600000,SCENARIO
2026-08-05,KALIMANTAN_ID_SANDHEADS,HANDYSIZE,SPOT,16.42,0.0,32000,SCENARIO
2026-08-05,KALIMANTAN_ID_SANDHEADS,HANDYSIZE,COA_3M,16.75,2.0,96000,SCENARIO
2026-08-05,KALIMANTAN_ID_SANDHEADS,HANDYSIZE,COA_6M,17.24,5.0,192000,SCENARIO
2026-08-05,KALIMANTAN_ID_SANDHEADS,HANDYSIZE,COA_12M,17.73,8.0,384000,SCENARIO
2026-08-05,KALIMANTAN_ID_SANDHEADS,PANAMAX,SPOT,11.44,0.0,70000,SCENARIO
2026-08-05,KALIMANTAN_ID_SANDHEADS,PANAMAX,COA_3M,11.67,2.0,210000,SCENARIO
2026-08-05,KALIMANTAN_ID_SANDHEADS,PANAMAX,COA_6M,12.01,5.0,420000,SCENARIO
2026-08-05,KALIMANTAN_ID_SANDHEADS,PANAMAX,COA_12M,12.36,8.0,840000,SCENARIO
2026-08-05,KALIMANTAN_ID_SANDHEADS,PANAMAX,SPOT,11.94,0.0,70000,SCENARIO
2026-08-05,KALIMANTAN_ID_SANDHEADS,PANAMAX,COA_3M,12.18,2.0,210000,SCENARIO
2026-08-05,KALIMANTAN_ID_SANDHEADS,PANAMAX,COA_6M,12.54,5.0,420000,SCENARIO
2026-08-05,KALIMANTAN_ID_SANDHEADS,PANAMAX,COA_12M,12.9,8.0,840000,SCENARIO
2026-08-05,KALIMANTAN_ID_SANDHEADS,SUPRAMAX,SPOT,13.56,0.0,50000,SCENARIO
2026-08-05,KALIMANTAN_ID_SANDHEADS,SUPRAMAX,COA_3M,13.83,2.0,150000,SCENARIO
2026-08-05,KALIMANTAN_ID_SANDHEADS,SUPRAMAX,COA_6M,14.24,5.0,300000,SCENARIO
2026-08-05,KALIMANTAN_ID_SANDHEADS,SUPRAMAX,COA_12M,14.64,8.0,600000,SCENARIO
2026-08-05,KALIMANTAN_ID_VIZAG,HANDYSIZE,SPOT,15.44,0.0,32000,SCENARIO
2026-08-05,KALIMANTAN_ID_VIZAG,HANDYSIZE,COA_3M,15.75,2.0,96000,SCENARIO
2026-08-05,KALIMANTAN_ID_VIZAG,HANDYSIZE,COA_6M,16.21,5.0,192000,SCENARIO
2026-08-05,KALIMANTAN_ID_VIZAG,HANDYSIZE,COA_12M,16.68,8.0,384000,SCENARIO
2026-08-05,KALIMANTAN_ID_VIZAG,PANAMAX,SPOT,10.78,0.0,70000,SCENARIO
2026-08-05,KALIMANTAN_ID_VIZAG,PANAMAX,COA_3M,11.0,2.0,210000,SCENARIO
2026-08-05,KALIMANTAN_ID_VIZAG,PANAMAX,COA_6M,11.32,5.0,420000,SCENARIO
2026-08-05,KALIMANTAN_ID_VIZAG,PANAMAX,COA_12M,11.64,8.0,840000,SCENARIO
2026-08-05,KALIMANTAN_ID_VIZAG,PANAMAX,SPOT,11.26,0.0,70000,SCENARIO
2026-08-05,KALIMANTAN_ID_VIZAG,PANAMAX,COA_3M,11.49,2.0,210000,SCENARIO
2026-08-05,KALIMANTAN_ID_VIZAG,PANAMAX,COA_6M,11.82,5.0,420000,SCENARIO
2026-08-05,KALIMANTAN_ID_VIZAG,PANAMAX,COA_12M,12.16,8.0,840000,SCENARIO
2026-08-05,KALIMANTAN_ID_VIZAG,SUPRAMAX,SPOT,12.76,0.0,50000,SCENARIO
2026-08-05,KALIMANTAN_ID_VIZAG,SUPRAMAX,COA_3M,13.02,2.0,150000,SCENARIO
2026-08-05,KALIMANTAN_ID_VIZAG,SUPRAMAX,COA_6M,13.4,5.0,300000,SCENARIO
2026-08-05,KALIMANTAN_ID_VIZAG,SUPRAMAX,COA_12M,13.78,8.0,600000,SCENARIO
2026-08-05,MAPUTO_MZ_PARADIP,HANDYSIZE,SPOT,22.25,0.0,32000,SCENARIO
2026-08-05,MAPUTO_MZ_PARADIP,HANDYSIZE,COA_3M,22.7,2.0,96000,SCENARIO
2026-08-05,MAPUTO_MZ_PARADIP,HANDYSIZE,COA_6M,23.36,5.0,192000,SCENARIO
2026-08-05,MAPUTO_MZ_PARADIP,HANDYSIZE,COA_12M,24.03,8.0,384000,SCENARIO
2026-08-05,MAPUTO_MZ_PARADIP,PANAMAX,SPOT,15.37,0.0,70000,SCENARIO
2026-08-05,MAPUTO_MZ_PARADIP,PANAMAX,COA_3M,15.68,2.0,210000,SCENARIO
2026-08-05,MAPUTO_MZ_PARADIP,PANAMAX,COA_6M,16.14,5.0,420000,SCENARIO
2026-08-05,MAPUTO_MZ_PARADIP,PANAMAX,COA_12M,16.6,8.0,840000,SCENARIO
2026-08-05,MAPUTO_MZ_PARADIP,PANAMAX,SPOT,16.0,0.0,70000,SCENARIO
2026-08-05,MAPUTO_MZ_PARADIP,PANAMAX,COA_3M,16.32,2.0,210000,SCENARIO
2026-08-05,MAPUTO_MZ_PARADIP,PANAMAX,COA_6M,16.8,5.0,420000,SCENARIO
2026-08-05,MAPUTO_MZ_PARADIP,PANAMAX,COA_12M,17.28,8.0,840000,SCENARIO
2026-08-05,MAPUTO_MZ_PARADIP,SUPRAMAX,SPOT,18.26,0.0,50000,SCENARIO
2026-08-05,MAPUTO_MZ_PARADIP,SUPRAMAX,COA_3M,18.63,2.0,150000,SCENARIO
2026-08-05,MAPUTO_MZ_PARADIP,SUPRAMAX,COA_6M,19.17,5.0,300000,SCENARIO
2026-08-05,MAPUTO_MZ_PARADIP,SUPRAMAX,COA_12M,19.72,8.0,600000,SCENARIO
2026-08-05,MAPUTO_MZ_VIZAG,HANDYSIZE,SPOT,21.56,0.0,32000,SCENARIO
2026-08-05,MAPUTO_MZ_VIZAG,HANDYSIZE,COA_3M,21.99,2.0,96000,SCENARIO
2026-08-05,MAPUTO_MZ_VIZAG,HANDYSIZE,COA_6M,22.64,5.0,192000,SCENARIO
2026-08-05,MAPUTO_MZ_VIZAG,HANDYSIZE,COA_12M,23.28,8.0,384000,SCENARIO
2026-08-05,MAPUTO_MZ_VIZAG,PANAMAX,SPOT,14.9,0.0,70000,SCENARIO
2026-08-05,MAPUTO_MZ_VIZAG,PANAMAX,COA_3M,15.2,2.0,210000,SCENARIO
2026-08-05,MAPUTO_MZ_VIZAG,PANAMAX,COA_6M,15.65,5.0,420000,SCENARIO
2026-08-05,MAPUTO_MZ_VIZAG,PANAMAX,COA_12M,16.09,8.0,840000,SCENARIO
2026-08-05,MAPUTO_MZ_VIZAG,PANAMAX,SPOT,15.52,0.0,70000,SCENARIO
2026-08-05,MAPUTO_MZ_VIZAG,PANAMAX,COA_3M,15.83,2.0,210000,SCENARIO
2026-08-05,MAPUTO_MZ_VIZAG,PANAMAX,COA_6M,16.3,5.0,420000,SCENARIO
2026-08-05,MAPUTO_MZ_VIZAG,PANAMAX,COA_12M,16.76,8.0,840000,SCENARIO
2026-08-05,MAPUTO_MZ_VIZAG,SUPRAMAX,SPOT,17.71,0.0,50000,SCENARIO
2026-08-05,MAPUTO_MZ_VIZAG,SUPRAMAX,COA_3M,18.06,2.0,150000,SCENARIO
2026-08-05,MAPUTO_MZ_VIZAG,SUPRAMAX,COA_6M,18.6,5.0,300000,SCENARIO
2026-08-05,MAPUTO_MZ_VIZAG,SUPRAMAX,COA_12M,19.13,8.0,600000,SCENARIO
2026-08-05,NEWCASTLE_AU_DHAMRA,HANDYSIZE,SPOT,30.28,0.0,32000,SCENARIO
2026-08-05,NEWCASTLE_AU_DHAMRA,HANDYSIZE,COA_3M,30.89,2.0,96000,SCENARIO
2026-08-05,NEWCASTLE_AU_DHAMRA,HANDYSIZE,COA_6M,31.79,5.0,192000,SCENARIO
2026-08-05,NEWCASTLE_AU_DHAMRA,HANDYSIZE,COA_12M,32.7,8.0,384000,SCENARIO
2026-08-05,NEWCASTLE_AU_DHAMRA,PANAMAX,SPOT,20.78,0.0,70000,SCENARIO
2026-08-05,NEWCASTLE_AU_DHAMRA,PANAMAX,COA_3M,21.2,2.0,210000,SCENARIO
2026-08-05,NEWCASTLE_AU_DHAMRA,PANAMAX,COA_6M,21.82,5.0,420000,SCENARIO
2026-08-05,NEWCASTLE_AU_DHAMRA,PANAMAX,COA_12M,22.44,8.0,840000,SCENARIO
2026-08-05,NEWCASTLE_AU_DHAMRA,PANAMAX,SPOT,21.58,0.0,70000,SCENARIO
2026-08-05,NEWCASTLE_AU_DHAMRA,PANAMAX,COA_3M,22.01,2.0,210000,SCENARIO
2026-08-05,NEWCASTLE_AU_DHAMRA,PANAMAX,COA_6M,22.66,5.0,420000,SCENARIO
2026-08-05,NEWCASTLE_AU_DHAMRA,PANAMAX,COA_12M,23.31,8.0,840000,SCENARIO
2026-08-05,NEWCASTLE_AU_DHAMRA,SUPRAMAX,SPOT,24.74,0.0,50000,SCENARIO
2026-08-05,NEWCASTLE_AU_DHAMRA,SUPRAMAX,COA_3M,25.23,2.0,150000,SCENARIO
2026-08-05,NEWCASTLE_AU_DHAMRA,SUPRAMAX,COA_6M,25.98,5.0,300000,SCENARIO
2026-08-05,NEWCASTLE_AU_DHAMRA,SUPRAMAX,COA_12M,26.72,8.0,600000,SCENARIO
2026-08-05,NEWCASTLE_AU_GANGAVARAM,HANDYSIZE,SPOT,29.98,0.0,32000,SCENARIO
2026-08-05,NEWCASTLE_AU_GANGAVARAM,HANDYSIZE,COA_3M,30.58,2.0,96000,SCENARIO
2026-08-05,NEWCASTLE_AU_GANGAVARAM,HANDYSIZE,COA_6M,31.48,5.0,192000,SCENARIO
2026-08-05,NEWCASTLE_AU_GANGAVARAM,HANDYSIZE,COA_12M,32.38,8.0,384000,SCENARIO
2026-08-05,NEWCASTLE_AU_GANGAVARAM,PANAMAX,SPOT,20.57,0.0,70000,SCENARIO
2026-08-05,NEWCASTLE_AU_GANGAVARAM,PANAMAX,COA_3M,20.98,2.0,210000,SCENARIO
2026-08-05,NEWCASTLE_AU_GANGAVARAM,PANAMAX,COA_6M,21.6,5.0,420000,SCENARIO
2026-08-05,NEWCASTLE_AU_GANGAVARAM,PANAMAX,COA_12M,22.22,8.0,840000,SCENARIO
2026-08-05,NEWCASTLE_AU_GANGAVARAM,PANAMAX,SPOT,21.37,0.0,70000,SCENARIO
2026-08-05,NEWCASTLE_AU_GANGAVARAM,PANAMAX,COA_3M,21.8,2.0,210000,SCENARIO
2026-08-05,NEWCASTLE_AU_GANGAVARAM,PANAMAX,COA_6M,22.44,5.0,420000,SCENARIO
2026-08-05,NEWCASTLE_AU_GANGAVARAM,PANAMAX,COA_12M,23.08,8.0,840000,SCENARIO
2026-08-05,NEWCASTLE_AU_GANGAVARAM,SUPRAMAX,SPOT,24.5,0.0,50000,SCENARIO
2026-08-05,NEWCASTLE_AU_GANGAVARAM,SUPRAMAX,COA_3M,24.99,2.0,150000,SCENARIO
2026-08-05,NEWCASTLE_AU_GANGAVARAM,SUPRAMAX,COA_6M,25.73,5.0,300000,SCENARIO
2026-08-05,NEWCASTLE_AU_GANGAVARAM,SUPRAMAX,COA_12M,26.46,8.0,600000,SCENARIO
2026-08-05,NEWCASTLE_AU_GOPALPUR,HANDYSIZE,SPOT,30.46,0.0,32000,SCENARIO
2026-08-05,NEWCASTLE_AU_GOPALPUR,HANDYSIZE,COA_3M,31.07,2.0,96000,SCENARIO
2026-08-05,NEWCASTLE_AU_GOPALPUR,HANDYSIZE,COA_6M,31.98,5.0,192000,SCENARIO
2026-08-05,NEWCASTLE_AU_GOPALPUR,HANDYSIZE,COA_12M,32.9,8.0,384000,SCENARIO
2026-08-05,NEWCASTLE_AU_GOPALPUR,PANAMAX,SPOT,21.7,0.0,70000,SCENARIO
2026-08-05,NEWCASTLE_AU_GOPALPUR,PANAMAX,COA_3M,22.13,2.0,210000,SCENARIO
2026-08-05,NEWCASTLE_AU_GOPALPUR,PANAMAX,COA_6M,22.79,5.0,420000,SCENARIO
2026-08-05,NEWCASTLE_AU_GOPALPUR,PANAMAX,COA_12M,23.44,8.0,840000,SCENARIO
2026-08-05,NEWCASTLE_AU_GOPALPUR,SUPRAMAX,SPOT,24.9,0.0,50000,SCENARIO
2026-08-05,NEWCASTLE_AU_GOPALPUR,SUPRAMAX,COA_3M,25.4,2.0,150000,SCENARIO
2026-08-05,NEWCASTLE_AU_GOPALPUR,SUPRAMAX,COA_6M,26.14,5.0,300000,SCENARIO
2026-08-05,NEWCASTLE_AU_GOPALPUR,SUPRAMAX,COA_12M,26.89,8.0,600000,SCENARIO
2026-08-05,NEWCASTLE_AU_PARADIP,HANDYSIZE,SPOT,30.41,0.0,32000,SCENARIO
2026-08-05,NEWCASTLE_AU_PARADIP,HANDYSIZE,COA_3M,31.02,2.0,96000,SCENARIO
2026-08-05,NEWCASTLE_AU_PARADIP,HANDYSIZE,COA_6M,31.93,5.0,192000,SCENARIO
2026-08-05,NEWCASTLE_AU_PARADIP,HANDYSIZE,COA_12M,32.84,8.0,384000,SCENARIO
2026-08-05,NEWCASTLE_AU_PARADIP,PANAMAX,SPOT,20.86,0.0,70000,SCENARIO
2026-08-05,NEWCASTLE_AU_PARADIP,PANAMAX,COA_3M,21.28,2.0,210000,SCENARIO
2026-08-05,NEWCASTLE_AU_PARADIP,PANAMAX,COA_6M,21.9,5.0,420000,SCENARIO
2026-08-05,NEWCASTLE_AU_PARADIP,PANAMAX,COA_12M,22.53,8.0,840000,SCENARIO
2026-08-05,NEWCASTLE_AU_PARADIP,PANAMAX,SPOT,21.67,0.0,70000,SCENARIO
2026-08-05,NEWCASTLE_AU_PARADIP,PANAMAX,COA_3M,22.1,2.0,210000,SCENARIO
2026-08-05,NEWCASTLE_AU_PARADIP,PANAMAX,COA_6M,22.75,5.0,420000,SCENARIO
2026-08-05,NEWCASTLE_AU_PARADIP,PANAMAX,COA_12M,23.4,8.0,840000,SCENARIO
2026-08-05,NEWCASTLE_AU_PARADIP,SUPRAMAX,SPOT,24.86,0.0,50000,SCENARIO
2026-08-05,NEWCASTLE_AU_PARADIP,SUPRAMAX,COA_3M,25.36,2.0,150000,SCENARIO
2026-08-05,NEWCASTLE_AU_PARADIP,SUPRAMAX,COA_6M,26.1,5.0,300000,SCENARIO
2026-08-05,NEWCASTLE_AU_PARADIP,SUPRAMAX,COA_12M,26.85,8.0,600000,SCENARIO
2026-08-05,NEWCASTLE_AU_SANDHEADS,HANDYSIZE,SPOT,31.15,0.0,32000,SCENARIO
2026-08-05,NEWCASTLE_AU_SANDHEADS,HANDYSIZE,COA_3M,31.77,2.0,96000,SCENARIO
2026-08-05,NEWCASTLE_AU_SANDHEADS,HANDYSIZE,COA_6M,32.71,5.0,192000,SCENARIO
2026-08-05,NEWCASTLE_AU_SANDHEADS,HANDYSIZE,COA_12M,33.64,8.0,384000,SCENARIO
2026-08-05,NEWCASTLE_AU_SANDHEADS,PANAMAX,SPOT,21.37,0.0,70000,SCENARIO
2026-08-05,NEWCASTLE_AU_SANDHEADS,PANAMAX,COA_3M,21.8,2.0,210000,SCENARIO
2026-08-05,NEWCASTLE_AU_SANDHEADS,PANAMAX,COA_6M,22.44,5.0,420000,SCENARIO
2026-08-05,NEWCASTLE_AU_SANDHEADS,PANAMAX,COA_12M,23.08,8.0,840000,SCENARIO
2026-08-05,NEWCASTLE_AU_SANDHEADS,PANAMAX,SPOT,22.19,0.0,70000,SCENARIO
2026-08-05,NEWCASTLE_AU_SANDHEADS,PANAMAX,COA_3M,22.63,2.0,210000,SCENARIO
2026-08-05,NEWCASTLE_AU_SANDHEADS,PANAMAX,COA_6M,23.3,5.0,420000,SCENARIO
2026-08-05,NEWCASTLE_AU_SANDHEADS,PANAMAX,COA_12M,23.97,8.0,840000,SCENARIO
2026-08-05,NEWCASTLE_AU_SANDHEADS,SUPRAMAX,SPOT,25.47,0.0,50000,SCENARIO
2026-08-05,NEWCASTLE_AU_SANDHEADS,SUPRAMAX,COA_3M,25.98,2.0,150000,SCENARIO
2026-08-05,NEWCASTLE_AU_SANDHEADS,SUPRAMAX,COA_6M,26.74,5.0,300000,SCENARIO
2026-08-05,NEWCASTLE_AU_SANDHEADS,SUPRAMAX,COA_12M,27.51,8.0,600000,SCENARIO
2026-08-05,NEWCASTLE_AU_VIZAG,HANDYSIZE,SPOT,30.44,0.0,32000,SCENARIO
2026-08-05,NEWCASTLE_AU_VIZAG,HANDYSIZE,COA_3M,31.05,2.0,96000,SCENARIO
2026-08-05,NEWCASTLE_AU_VIZAG,HANDYSIZE,COA_6M,31.96,5.0,192000,SCENARIO
2026-08-05,NEWCASTLE_AU_VIZAG,HANDYSIZE,COA_12M,32.88,8.0,384000,SCENARIO
2026-08-05,NEWCASTLE_AU_VIZAG,PANAMAX,SPOT,20.88,0.0,70000,SCENARIO
2026-08-05,NEWCASTLE_AU_VIZAG,PANAMAX,COA_3M,21.3,2.0,210000,SCENARIO
2026-08-05,NEWCASTLE_AU_VIZAG,PANAMAX,COA_6M,21.92,5.0,420000,SCENARIO
2026-08-05,NEWCASTLE_AU_VIZAG,PANAMAX,COA_12M,22.55,8.0,840000,SCENARIO
2026-08-05,NEWCASTLE_AU_VIZAG,PANAMAX,SPOT,21.69,0.0,70000,SCENARIO
2026-08-05,NEWCASTLE_AU_VIZAG,PANAMAX,COA_3M,22.12,2.0,210000,SCENARIO
2026-08-05,NEWCASTLE_AU_VIZAG,PANAMAX,COA_6M,22.77,5.0,420000,SCENARIO
2026-08-05,NEWCASTLE_AU_VIZAG,PANAMAX,COA_12M,23.43,8.0,840000,SCENARIO
2026-08-05,NEWCASTLE_AU_VIZAG,SUPRAMAX,SPOT,24.89,0.0,50000,SCENARIO
2026-08-05,NEWCASTLE_AU_VIZAG,SUPRAMAX,COA_3M,25.39,2.0,150000,SCENARIO
2026-08-05,NEWCASTLE_AU_VIZAG,SUPRAMAX,COA_6M,26.13,5.0,300000,SCENARIO
2026-08-05,NEWCASTLE_AU_VIZAG,SUPRAMAX,COA_12M,26.88,8.0,600000,SCENARIO
2026-08-05,NORFOLK_US_PARADIP,HANDYSIZE,SPOT,52.97,0.0,32000,SCENARIO
2026-08-05,NORFOLK_US_PARADIP,HANDYSIZE,COA_3M,54.03,2.0,96000,SCENARIO
2026-08-05,NORFOLK_US_PARADIP,HANDYSIZE,COA_6M,55.62,5.0,192000,SCENARIO
2026-08-05,NORFOLK_US_PARADIP,HANDYSIZE,COA_12M,57.21,8.0,384000,SCENARIO
2026-08-05,NORFOLK_US_PARADIP,PANAMAX,SPOT,36.06,0.0,70000,SCENARIO
2026-08-05,NORFOLK_US_PARADIP,PANAMAX,COA_3M,36.78,2.0,210000,SCENARIO
2026-08-05,NORFOLK_US_PARADIP,PANAMAX,COA_6M,37.86,5.0,420000,SCENARIO
2026-08-05,NORFOLK_US_PARADIP,PANAMAX,COA_12M,38.94,8.0,840000,SCENARIO
2026-08-05,NORFOLK_US_PARADIP,PANAMAX,SPOT,37.35,0.0,70000,SCENARIO
2026-08-05,NORFOLK_US_PARADIP,PANAMAX,COA_3M,38.1,2.0,210000,SCENARIO
2026-08-05,NORFOLK_US_PARADIP,PANAMAX,COA_6M,39.22,5.0,420000,SCENARIO
2026-08-05,NORFOLK_US_PARADIP,PANAMAX,COA_12M,40.34,8.0,840000,SCENARIO
2026-08-05,NORFOLK_US_PARADIP,SUPRAMAX,SPOT,43.09,0.0,50000,SCENARIO
2026-08-05,NORFOLK_US_PARADIP,SUPRAMAX,COA_3M,43.95,2.0,150000,SCENARIO
2026-08-05,NORFOLK_US_PARADIP,SUPRAMAX,COA_6M,45.24,5.0,300000,SCENARIO
2026-08-05,NORFOLK_US_PARADIP,SUPRAMAX,COA_12M,46.54,8.0,600000,SCENARIO
2026-08-05,NORFOLK_US_VIZAG,HANDYSIZE,SPOT,52.28,0.0,32000,SCENARIO
2026-08-05,NORFOLK_US_VIZAG,HANDYSIZE,COA_3M,53.33,2.0,96000,SCENARIO
2026-08-05,NORFOLK_US_VIZAG,HANDYSIZE,COA_6M,54.89,5.0,192000,SCENARIO
2026-08-05,NORFOLK_US_VIZAG,HANDYSIZE,COA_12M,56.46,8.0,384000,SCENARIO
2026-08-05,NORFOLK_US_VIZAG,PANAMAX,SPOT,35.6,0.0,70000,SCENARIO
2026-08-05,NORFOLK_US_VIZAG,PANAMAX,COA_3M,36.31,2.0,210000,SCENARIO
2026-08-05,NORFOLK_US_VIZAG,PANAMAX,COA_6M,37.38,5.0,420000,SCENARIO
2026-08-05,NORFOLK_US_VIZAG,PANAMAX,COA_12M,38.45,8.0,840000,SCENARIO
2026-08-05,NORFOLK_US_VIZAG,PANAMAX,SPOT,36.87,0.0,70000,SCENARIO
2026-08-05,NORFOLK_US_VIZAG,PANAMAX,COA_3M,37.61,2.0,210000,SCENARIO
2026-08-05,NORFOLK_US_VIZAG,PANAMAX,COA_6M,38.71,5.0,420000,SCENARIO
2026-08-05,NORFOLK_US_VIZAG,PANAMAX,COA_12M,39.82,8.0,840000,SCENARIO
2026-08-05,NORFOLK_US_VIZAG,SUPRAMAX,SPOT,42.54,0.0,50000,SCENARIO
2026-08-05,NORFOLK_US_VIZAG,SUPRAMAX,COA_3M,43.39,2.0,150000,SCENARIO
2026-08-05,NORFOLK_US_VIZAG,SUPRAMAX,COA_6M,44.67,5.0,300000,SCENARIO
2026-08-05,NORFOLK_US_VIZAG,SUPRAMAX,COA_12M,45.94,8.0,600000,SCENARIO
2026-08-05,VOSTOCHNY_RU_PARADIP,HANDYSIZE,SPOT,29.45,0.0,32000,SCENARIO
2026-08-05,VOSTOCHNY_RU_PARADIP,HANDYSIZE,COA_3M,30.04,2.0,96000,SCENARIO
2026-08-05,VOSTOCHNY_RU_PARADIP,HANDYSIZE,COA_6M,30.92,5.0,192000,SCENARIO
2026-08-05,VOSTOCHNY_RU_PARADIP,HANDYSIZE,COA_12M,31.81,8.0,384000,SCENARIO
2026-08-05,VOSTOCHNY_RU_PARADIP,PANAMAX,SPOT,20.22,0.0,70000,SCENARIO
2026-08-05,VOSTOCHNY_RU_PARADIP,PANAMAX,COA_3M,20.62,2.0,210000,SCENARIO
2026-08-05,VOSTOCHNY_RU_PARADIP,PANAMAX,COA_6M,21.23,5.0,420000,SCENARIO
2026-08-05,VOSTOCHNY_RU_PARADIP,PANAMAX,COA_12M,21.84,8.0,840000,SCENARIO
2026-08-05,VOSTOCHNY_RU_PARADIP,PANAMAX,SPOT,21.0,0.0,70000,SCENARIO
2026-08-05,VOSTOCHNY_RU_PARADIP,PANAMAX,COA_3M,21.42,2.0,210000,SCENARIO
2026-08-05,VOSTOCHNY_RU_PARADIP,PANAMAX,COA_6M,22.05,5.0,420000,SCENARIO
2026-08-05,VOSTOCHNY_RU_PARADIP,PANAMAX,COA_12M,22.68,8.0,840000,SCENARIO
2026-08-05,VOSTOCHNY_RU_PARADIP,SUPRAMAX,SPOT,24.08,0.0,50000,SCENARIO
2026-08-05,VOSTOCHNY_RU_PARADIP,SUPRAMAX,COA_3M,24.56,2.0,150000,SCENARIO
2026-08-05,VOSTOCHNY_RU_PARADIP,SUPRAMAX,COA_6M,25.28,5.0,300000,SCENARIO
2026-08-05,VOSTOCHNY_RU_PARADIP,SUPRAMAX,COA_12M,26.01,8.0,600000,SCENARIO
2026-08-05,VOSTOCHNY_RU_VIZAG,HANDYSIZE,SPOT,29.24,0.0,32000,SCENARIO
2026-08-05,VOSTOCHNY_RU_VIZAG,HANDYSIZE,COA_3M,29.82,2.0,96000,SCENARIO
2026-08-05,VOSTOCHNY_RU_VIZAG,HANDYSIZE,COA_6M,30.7,5.0,192000,SCENARIO
2026-08-05,VOSTOCHNY_RU_VIZAG,HANDYSIZE,COA_12M,31.58,8.0,384000,SCENARIO
2026-08-05,VOSTOCHNY_RU_VIZAG,PANAMAX,SPOT,20.08,0.0,70000,SCENARIO
2026-08-05,VOSTOCHNY_RU_VIZAG,PANAMAX,COA_3M,20.48,2.0,210000,SCENARIO
2026-08-05,VOSTOCHNY_RU_VIZAG,PANAMAX,COA_6M,21.08,5.0,420000,SCENARIO
2026-08-05,VOSTOCHNY_RU_VIZAG,PANAMAX,COA_12M,21.69,8.0,840000,SCENARIO
2026-08-05,VOSTOCHNY_RU_VIZAG,PANAMAX,SPOT,20.86,0.0,70000,SCENARIO
2026-08-05,VOSTOCHNY_RU_VIZAG,PANAMAX,COA_3M,21.28,2.0,210000,SCENARIO
2026-08-05,VOSTOCHNY_RU_VIZAG,PANAMAX,COA_6M,21.9,5.0,420000,SCENARIO
2026-08-05,VOSTOCHNY_RU_VIZAG,PANAMAX,COA_12M,22.53,8.0,840000,SCENARIO
2026-08-05,VOSTOCHNY_RU_VIZAG,SUPRAMAX,SPOT,23.92,0.0,50000,SCENARIO
2026-08-05,VOSTOCHNY_RU_VIZAG,SUPRAMAX,COA_3M,24.4,2.0,150000,SCENARIO
2026-08-05,VOSTOCHNY_RU_VIZAG,SUPRAMAX,COA_6M,25.12,5.0,300000,SCENARIO
2026-08-05,VOSTOCHNY_RU_VIZAG,SUPRAMAX,COA_12M,25.83,8.0,600000,SCENARIO
2026-08-06,KALIMANTAN_ID_DHAMRA,HANDYSIZE,SPOT,15.47,0.0,32000,SCENARIO
2026-08-06,KALIMANTAN_ID_DHAMRA,HANDYSIZE,COA_3M,15.78,2.0,96000,SCENARIO
2026-08-06,KALIMANTAN_ID_DHAMRA,HANDYSIZE,COA_6M,16.24,5.0,192000,SCENARIO
2026-08-06,KALIMANTAN_ID_DHAMRA,HANDYSIZE,COA_12M,16.71,8.0,384000,SCENARIO
2026-08-06,KALIMANTAN_ID_DHAMRA,PANAMAX,SPOT,10.79,0.0,70000,SCENARIO
2026-08-06,KALIMANTAN_ID_DHAMRA,PANAMAX,COA_3M,11.01,2.0,210000,SCENARIO
2026-08-06,KALIMANTAN_ID_DHAMRA,PANAMAX,COA_6M,11.33,5.0,420000,SCENARIO
2026-08-06,KALIMANTAN_ID_DHAMRA,PANAMAX,COA_12M,11.65,8.0,840000,SCENARIO
2026-08-06,KALIMANTAN_ID_DHAMRA,PANAMAX,SPOT,11.27,0.0,70000,SCENARIO
2026-08-06,KALIMANTAN_ID_DHAMRA,PANAMAX,COA_3M,11.5,2.0,210000,SCENARIO
2026-08-06,KALIMANTAN_ID_DHAMRA,PANAMAX,COA_6M,11.83,5.0,420000,SCENARIO
2026-08-06,KALIMANTAN_ID_DHAMRA,PANAMAX,COA_12M,12.17,8.0,840000,SCENARIO
2026-08-06,KALIMANTAN_ID_DHAMRA,SUPRAMAX,SPOT,12.77,0.0,50000,SCENARIO
2026-08-06,KALIMANTAN_ID_DHAMRA,SUPRAMAX,COA_3M,13.03,2.0,150000,SCENARIO
2026-08-06,KALIMANTAN_ID_DHAMRA,SUPRAMAX,COA_6M,13.41,5.0,300000,SCENARIO
2026-08-06,KALIMANTAN_ID_DHAMRA,SUPRAMAX,COA_12M,13.79,8.0,600000,SCENARIO
2026-08-06,KALIMANTAN_ID_GANGAVARAM,HANDYSIZE,SPOT,14.95,0.0,32000,SCENARIO
2026-08-06,KALIMANTAN_ID_GANGAVARAM,HANDYSIZE,COA_3M,15.25,2.0,96000,SCENARIO
2026-08-06,KALIMANTAN_ID_GANGAVARAM,HANDYSIZE,COA_6M,15.7,5.0,192000,SCENARIO
2026-08-06,KALIMANTAN_ID_GANGAVARAM,HANDYSIZE,COA_12M,16.15,8.0,384000,SCENARIO
2026-08-06,KALIMANTAN_ID_GANGAVARAM,PANAMAX,SPOT,10.44,0.0,70000,SCENARIO
2026-08-06,KALIMANTAN_ID_GANGAVARAM,PANAMAX,COA_3M,10.65,2.0,210000,SCENARIO
2026-08-06,KALIMANTAN_ID_GANGAVARAM,PANAMAX,COA_6M,10.96,5.0,420000,SCENARIO
2026-08-06,KALIMANTAN_ID_GANGAVARAM,PANAMAX,COA_12M,11.28,8.0,840000,SCENARIO
2026-08-06,KALIMANTAN_ID_GANGAVARAM,PANAMAX,SPOT,10.91,0.0,70000,SCENARIO
2026-08-06,KALIMANTAN_ID_GANGAVARAM,PANAMAX,COA_3M,11.13,2.0,210000,SCENARIO
2026-08-06,KALIMANTAN_ID_GANGAVARAM,PANAMAX,COA_6M,11.46,5.0,420000,SCENARIO
2026-08-06,KALIMANTAN_ID_GANGAVARAM,PANAMAX,COA_12M,11.78,8.0,840000,SCENARIO
2026-08-06,KALIMANTAN_ID_GANGAVARAM,SUPRAMAX,SPOT,12.35,0.0,50000,SCENARIO
2026-08-06,KALIMANTAN_ID_GANGAVARAM,SUPRAMAX,COA_3M,12.6,2.0,150000,SCENARIO
2026-08-06,KALIMANTAN_ID_GANGAVARAM,SUPRAMAX,COA_6M,12.97,5.0,300000,SCENARIO
2026-08-06,KALIMANTAN_ID_GANGAVARAM,SUPRAMAX,COA_12M,13.34,8.0,600000,SCENARIO
2026-08-06,KALIMANTAN_ID_GOPALPUR,HANDYSIZE,SPOT,15.54,0.0,32000,SCENARIO
2026-08-06,KALIMANTAN_ID_GOPALPUR,HANDYSIZE,COA_3M,15.85,2.0,96000,SCENARIO
2026-08-06,KALIMANTAN_ID_GOPALPUR,HANDYSIZE,COA_6M,16.32,5.0,192000,SCENARIO
2026-08-06,KALIMANTAN_ID_GOPALPUR,HANDYSIZE,COA_12M,16.78,8.0,384000,SCENARIO
2026-08-06,KALIMANTAN_ID_GOPALPUR,PANAMAX,SPOT,11.33,0.0,70000,SCENARIO
2026-08-06,KALIMANTAN_ID_GOPALPUR,PANAMAX,COA_3M,11.56,2.0,210000,SCENARIO
2026-08-06,KALIMANTAN_ID_GOPALPUR,PANAMAX,COA_6M,11.9,5.0,420000,SCENARIO
2026-08-06,KALIMANTAN_ID_GOPALPUR,PANAMAX,COA_12M,12.24,8.0,840000,SCENARIO
2026-08-06,KALIMANTAN_ID_GOPALPUR,SUPRAMAX,SPOT,12.84,0.0,50000,SCENARIO
2026-08-06,KALIMANTAN_ID_GOPALPUR,SUPRAMAX,COA_3M,13.1,2.0,150000,SCENARIO
2026-08-06,KALIMANTAN_ID_GOPALPUR,SUPRAMAX,COA_6M,13.48,5.0,300000,SCENARIO
2026-08-06,KALIMANTAN_ID_GOPALPUR,SUPRAMAX,COA_12M,13.87,8.0,600000,SCENARIO
2026-08-06,KALIMANTAN_ID_PARADIP,HANDYSIZE,SPOT,15.62,0.0,32000,SCENARIO
2026-08-06,KALIMANTAN_ID_PARADIP,HANDYSIZE,COA_3M,15.93,2.0,96000,SCENARIO
2026-08-06,KALIMANTAN_ID_PARADIP,HANDYSIZE,COA_6M,16.4,5.0,192000,SCENARIO
2026-08-06,KALIMANTAN_ID_PARADIP,HANDYSIZE,COA_12M,16.87,8.0,384000,SCENARIO
2026-08-06,KALIMANTAN_ID_PARADIP,PANAMAX,SPOT,10.89,0.0,70000,SCENARIO
2026-08-06,KALIMANTAN_ID_PARADIP,PANAMAX,COA_3M,11.11,2.0,210000,SCENARIO
2026-08-06,KALIMANTAN_ID_PARADIP,PANAMAX,COA_6M,11.43,5.0,420000,SCENARIO
2026-08-06,KALIMANTAN_ID_PARADIP,PANAMAX,COA_12M,11.76,8.0,840000,SCENARIO
2026-08-06,KALIMANTAN_ID_PARADIP,PANAMAX,SPOT,11.38,0.0,70000,SCENARIO
2026-08-06,KALIMANTAN_ID_PARADIP,PANAMAX,COA_3M,11.61,2.0,210000,SCENARIO
2026-08-06,KALIMANTAN_ID_PARADIP,PANAMAX,COA_6M,11.95,5.0,420000,SCENARIO
2026-08-06,KALIMANTAN_ID_PARADIP,PANAMAX,COA_12M,12.29,8.0,840000,SCENARIO
2026-08-06,KALIMANTAN_ID_PARADIP,SUPRAMAX,SPOT,12.9,0.0,50000,SCENARIO
2026-08-06,KALIMANTAN_ID_PARADIP,SUPRAMAX,COA_3M,13.16,2.0,150000,SCENARIO
2026-08-06,KALIMANTAN_ID_PARADIP,SUPRAMAX,COA_6M,13.55,5.0,300000,SCENARIO
2026-08-06,KALIMANTAN_ID_PARADIP,SUPRAMAX,COA_12M,13.93,8.0,600000,SCENARIO
2026-08-06,KALIMANTAN_ID_SANDHEADS,HANDYSIZE,SPOT,16.38,0.0,32000,SCENARIO
2026-08-06,KALIMANTAN_ID_SANDHEADS,HANDYSIZE,COA_3M,16.71,2.0,96000,SCENARIO
2026-08-06,KALIMANTAN_ID_SANDHEADS,HANDYSIZE,COA_6M,17.2,5.0,192000,SCENARIO
2026-08-06,KALIMANTAN_ID_SANDHEADS,HANDYSIZE,COA_12M,17.69,8.0,384000,SCENARIO
2026-08-06,KALIMANTAN_ID_SANDHEADS,PANAMAX,SPOT,11.41,0.0,70000,SCENARIO
2026-08-06,KALIMANTAN_ID_SANDHEADS,PANAMAX,COA_3M,11.64,2.0,210000,SCENARIO
2026-08-06,KALIMANTAN_ID_SANDHEADS,PANAMAX,COA_6M,11.98,5.0,420000,SCENARIO
2026-08-06,KALIMANTAN_ID_SANDHEADS,PANAMAX,COA_12M,12.32,8.0,840000,SCENARIO
2026-08-06,KALIMANTAN_ID_SANDHEADS,PANAMAX,SPOT,11.91,0.0,70000,SCENARIO
2026-08-06,KALIMANTAN_ID_SANDHEADS,PANAMAX,COA_3M,12.15,2.0,210000,SCENARIO
2026-08-06,KALIMANTAN_ID_SANDHEADS,PANAMAX,COA_6M,12.51,5.0,420000,SCENARIO
2026-08-06,KALIMANTAN_ID_SANDHEADS,PANAMAX,COA_12M,12.86,8.0,840000,SCENARIO
2026-08-06,KALIMANTAN_ID_SANDHEADS,SUPRAMAX,SPOT,13.53,0.0,50000,SCENARIO
2026-08-06,KALIMANTAN_ID_SANDHEADS,SUPRAMAX,COA_3M,13.8,2.0,150000,SCENARIO
2026-08-06,KALIMANTAN_ID_SANDHEADS,SUPRAMAX,COA_6M,14.21,5.0,300000,SCENARIO
2026-08-06,KALIMANTAN_ID_SANDHEADS,SUPRAMAX,COA_12M,14.61,8.0,600000,SCENARIO
2026-08-06,KALIMANTAN_ID_VIZAG,HANDYSIZE,SPOT,15.41,0.0,32000,SCENARIO
2026-08-06,KALIMANTAN_ID_VIZAG,HANDYSIZE,COA_3M,15.72,2.0,96000,SCENARIO
2026-08-06,KALIMANTAN_ID_VIZAG,HANDYSIZE,COA_6M,16.18,5.0,192000,SCENARIO
2026-08-06,KALIMANTAN_ID_VIZAG,HANDYSIZE,COA_12M,16.64,8.0,384000,SCENARIO
2026-08-06,KALIMANTAN_ID_VIZAG,PANAMAX,SPOT,10.75,0.0,70000,SCENARIO
2026-08-06,KALIMANTAN_ID_VIZAG,PANAMAX,COA_3M,10.96,2.0,210000,SCENARIO
2026-08-06,KALIMANTAN_ID_VIZAG,PANAMAX,COA_6M,11.29,5.0,420000,SCENARIO
2026-08-06,KALIMANTAN_ID_VIZAG,PANAMAX,COA_12M,11.61,8.0,840000,SCENARIO
2026-08-06,KALIMANTAN_ID_VIZAG,PANAMAX,SPOT,11.24,0.0,70000,SCENARIO
2026-08-06,KALIMANTAN_ID_VIZAG,PANAMAX,COA_3M,11.46,2.0,210000,SCENARIO
2026-08-06,KALIMANTAN_ID_VIZAG,PANAMAX,COA_6M,11.8,5.0,420000,SCENARIO
2026-08-06,KALIMANTAN_ID_VIZAG,PANAMAX,COA_12M,12.14,8.0,840000,SCENARIO
2026-08-06,KALIMANTAN_ID_VIZAG,SUPRAMAX,SPOT,12.73,0.0,50000,SCENARIO
2026-08-06,KALIMANTAN_ID_VIZAG,SUPRAMAX,COA_3M,12.98,2.0,150000,SCENARIO
2026-08-06,KALIMANTAN_ID_VIZAG,SUPRAMAX,COA_6M,13.37,5.0,300000,SCENARIO
2026-08-06,KALIMANTAN_ID_VIZAG,SUPRAMAX,COA_12M,13.75,8.0,600000,SCENARIO
2026-08-06,MAPUTO_MZ_PARADIP,HANDYSIZE,SPOT,22.2,0.0,32000,SCENARIO
2026-08-06,MAPUTO_MZ_PARADIP,HANDYSIZE,COA_3M,22.64,2.0,96000,SCENARIO
2026-08-06,MAPUTO_MZ_PARADIP,HANDYSIZE,COA_6M,23.31,5.0,192000,SCENARIO
2026-08-06,MAPUTO_MZ_PARADIP,HANDYSIZE,COA_12M,23.98,8.0,384000,SCENARIO
2026-08-06,MAPUTO_MZ_PARADIP,PANAMAX,SPOT,15.33,0.0,70000,SCENARIO
2026-08-06,MAPUTO_MZ_PARADIP,PANAMAX,COA_3M,15.64,2.0,210000,SCENARIO
2026-08-06,MAPUTO_MZ_PARADIP,PANAMAX,COA_6M,16.1,5.0,420000,SCENARIO
2026-08-06,MAPUTO_MZ_PARADIP,PANAMAX,COA_12M,16.56,8.0,840000,SCENARIO
2026-08-06,MAPUTO_MZ_PARADIP,PANAMAX,SPOT,15.96,0.0,70000,SCENARIO
2026-08-06,MAPUTO_MZ_PARADIP,PANAMAX,COA_3M,16.28,2.0,210000,SCENARIO
2026-08-06,MAPUTO_MZ_PARADIP,PANAMAX,COA_6M,16.76,5.0,420000,SCENARIO
2026-08-06,MAPUTO_MZ_PARADIP,PANAMAX,COA_12M,17.24,8.0,840000,SCENARIO
2026-08-06,MAPUTO_MZ_PARADIP,SUPRAMAX,SPOT,18.21,0.0,50000,SCENARIO
2026-08-06,MAPUTO_MZ_PARADIP,SUPRAMAX,COA_3M,18.57,2.0,150000,SCENARIO
2026-08-06,MAPUTO_MZ_PARADIP,SUPRAMAX,COA_6M,19.12,5.0,300000,SCENARIO
2026-08-06,MAPUTO_MZ_PARADIP,SUPRAMAX,COA_12M,19.67,8.0,600000,SCENARIO
2026-08-06,MAPUTO_MZ_VIZAG,HANDYSIZE,SPOT,21.51,0.0,32000,SCENARIO
2026-08-06,MAPUTO_MZ_VIZAG,HANDYSIZE,COA_3M,21.94,2.0,96000,SCENARIO
2026-08-06,MAPUTO_MZ_VIZAG,HANDYSIZE,COA_6M,22.59,5.0,192000,SCENARIO
2026-08-06,MAPUTO_MZ_VIZAG,HANDYSIZE,COA_12M,23.23,8.0,384000,SCENARIO
2026-08-06,MAPUTO_MZ_VIZAG,PANAMAX,SPOT,14.86,0.0,70000,SCENARIO
2026-08-06,MAPUTO_MZ_VIZAG,PANAMAX,COA_3M,15.16,2.0,210000,SCENARIO
2026-08-06,MAPUTO_MZ_VIZAG,PANAMAX,COA_6M,15.6,5.0,420000,SCENARIO
2026-08-06,MAPUTO_MZ_VIZAG,PANAMAX,COA_12M,16.05,8.0,840000,SCENARIO
2026-08-06,MAPUTO_MZ_VIZAG,PANAMAX,SPOT,15.48,0.0,70000,SCENARIO
2026-08-06,MAPUTO_MZ_VIZAG,PANAMAX,COA_3M,15.79,2.0,210000,SCENARIO
2026-08-06,MAPUTO_MZ_VIZAG,PANAMAX,COA_6M,16.25,5.0,420000,SCENARIO
2026-08-06,MAPUTO_MZ_VIZAG,PANAMAX,COA_12M,16.72,8.0,840000,SCENARIO
2026-08-06,MAPUTO_MZ_VIZAG,SUPRAMAX,SPOT,17.67,0.0,50000,SCENARIO
2026-08-06,MAPUTO_MZ_VIZAG,SUPRAMAX,COA_3M,18.02,2.0,150000,SCENARIO
2026-08-06,MAPUTO_MZ_VIZAG,SUPRAMAX,COA_6M,18.55,5.0,300000,SCENARIO
2026-08-06,MAPUTO_MZ_VIZAG,SUPRAMAX,COA_12M,19.08,8.0,600000,SCENARIO
2026-08-06,NEWCASTLE_AU_DHAMRA,HANDYSIZE,SPOT,30.2,0.0,32000,SCENARIO
2026-08-06,NEWCASTLE_AU_DHAMRA,HANDYSIZE,COA_3M,30.8,2.0,96000,SCENARIO
2026-08-06,NEWCASTLE_AU_DHAMRA,HANDYSIZE,COA_6M,31.71,5.0,192000,SCENARIO
2026-08-06,NEWCASTLE_AU_DHAMRA,HANDYSIZE,COA_12M,32.62,8.0,384000,SCENARIO
2026-08-06,NEWCASTLE_AU_DHAMRA,PANAMAX,SPOT,20.72,0.0,70000,SCENARIO
2026-08-06,NEWCASTLE_AU_DHAMRA,PANAMAX,COA_3M,21.13,2.0,210000,SCENARIO
2026-08-06,NEWCASTLE_AU_DHAMRA,PANAMAX,COA_6M,21.76,5.0,420000,SCENARIO
2026-08-06,NEWCASTLE_AU_DHAMRA,PANAMAX,COA_12M,22.38,8.0,840000,SCENARIO
2026-08-06,NEWCASTLE_AU_DHAMRA,PANAMAX,SPOT,21.52,0.0,70000,SCENARIO
2026-08-06,NEWCASTLE_AU_DHAMRA,PANAMAX,COA_3M,21.95,2.0,210000,SCENARIO
2026-08-06,NEWCASTLE_AU_DHAMRA,PANAMAX,COA_6M,22.6,5.0,420000,SCENARIO
2026-08-06,NEWCASTLE_AU_DHAMRA,PANAMAX,COA_12M,23.24,8.0,840000,SCENARIO
2026-08-06,NEWCASTLE_AU_DHAMRA,SUPRAMAX,SPOT,24.68,0.0,50000,SCENARIO
2026-08-06,NEWCASTLE_AU_DHAMRA,SUPRAMAX,COA_3M,25.17,2.0,150000,SCENARIO
2026-08-06,NEWCASTLE_AU_DHAMRA,SUPRAMAX,COA_6M,25.91,5.0,300000,SCENARIO
2026-08-06,NEWCASTLE_AU_DHAMRA,SUPRAMAX,COA_12M,26.65,8.0,600000,SCENARIO
2026-08-06,NEWCASTLE_AU_GANGAVARAM,HANDYSIZE,SPOT,29.9,0.0,32000,SCENARIO
2026-08-06,NEWCASTLE_AU_GANGAVARAM,HANDYSIZE,COA_3M,30.5,2.0,96000,SCENARIO
2026-08-06,NEWCASTLE_AU_GANGAVARAM,HANDYSIZE,COA_6M,31.39,5.0,192000,SCENARIO
2026-08-06,NEWCASTLE_AU_GANGAVARAM,HANDYSIZE,COA_12M,32.29,8.0,384000,SCENARIO
2026-08-06,NEWCASTLE_AU_GANGAVARAM,PANAMAX,SPOT,20.52,0.0,70000,SCENARIO
2026-08-06,NEWCASTLE_AU_GANGAVARAM,PANAMAX,COA_3M,20.93,2.0,210000,SCENARIO
2026-08-06,NEWCASTLE_AU_GANGAVARAM,PANAMAX,COA_6M,21.55,5.0,420000,SCENARIO
2026-08-06,NEWCASTLE_AU_GANGAVARAM,PANAMAX,COA_12M,22.16,8.0,840000,SCENARIO
2026-08-06,NEWCASTLE_AU_GANGAVARAM,PANAMAX,SPOT,21.31,0.0,70000,SCENARIO
2026-08-06,NEWCASTLE_AU_GANGAVARAM,PANAMAX,COA_3M,21.74,2.0,210000,SCENARIO
2026-08-06,NEWCASTLE_AU_GANGAVARAM,PANAMAX,COA_6M,22.38,5.0,420000,SCENARIO
2026-08-06,NEWCASTLE_AU_GANGAVARAM,PANAMAX,COA_12M,23.01,8.0,840000,SCENARIO
2026-08-06,NEWCASTLE_AU_GANGAVARAM,SUPRAMAX,SPOT,24.44,0.0,50000,SCENARIO
2026-08-06,NEWCASTLE_AU_GANGAVARAM,SUPRAMAX,COA_3M,24.93,2.0,150000,SCENARIO
2026-08-06,NEWCASTLE_AU_GANGAVARAM,SUPRAMAX,COA_6M,25.66,5.0,300000,SCENARIO
2026-08-06,NEWCASTLE_AU_GANGAVARAM,SUPRAMAX,COA_12M,26.4,8.0,600000,SCENARIO
2026-08-06,NEWCASTLE_AU_GOPALPUR,HANDYSIZE,SPOT,30.37,0.0,32000,SCENARIO
2026-08-06,NEWCASTLE_AU_GOPALPUR,HANDYSIZE,COA_3M,30.98,2.0,96000,SCENARIO
2026-08-06,NEWCASTLE_AU_GOPALPUR,HANDYSIZE,COA_6M,31.89,5.0,192000,SCENARIO
2026-08-06,NEWCASTLE_AU_GOPALPUR,HANDYSIZE,COA_12M,32.8,8.0,384000,SCENARIO
2026-08-06,NEWCASTLE_AU_GOPALPUR,PANAMAX,SPOT,21.64,0.0,70000,SCENARIO
2026-08-06,NEWCASTLE_AU_GOPALPUR,PANAMAX,COA_3M,22.07,2.0,210000,SCENARIO
2026-08-06,NEWCASTLE_AU_GOPALPUR,PANAMAX,COA_6M,22.72,5.0,420000,SCENARIO
2026-08-06,NEWCASTLE_AU_GOPALPUR,PANAMAX,COA_12M,23.37,8.0,840000,SCENARIO
2026-08-06,NEWCASTLE_AU_GOPALPUR,SUPRAMAX,SPOT,24.83,0.0,50000,SCENARIO
2026-08-06,NEWCASTLE_AU_GOPALPUR,SUPRAMAX,COA_3M,25.33,2.0,150000,SCENARIO
2026-08-06,NEWCASTLE_AU_GOPALPUR,SUPRAMAX,COA_6M,26.07,5.0,300000,SCENARIO
2026-08-06,NEWCASTLE_AU_GOPALPUR,SUPRAMAX,COA_12M,26.82,8.0,600000,SCENARIO
2026-08-06,NEWCASTLE_AU_PARADIP,HANDYSIZE,SPOT,30.33,0.0,32000,SCENARIO
2026-08-06,NEWCASTLE_AU_PARADIP,HANDYSIZE,COA_3M,30.94,2.0,96000,SCENARIO
2026-08-06,NEWCASTLE_AU_PARADIP,HANDYSIZE,COA_6M,31.85,5.0,192000,SCENARIO
2026-08-06,NEWCASTLE_AU_PARADIP,HANDYSIZE,COA_12M,32.76,8.0,384000,SCENARIO
2026-08-06,NEWCASTLE_AU_PARADIP,PANAMAX,SPOT,20.81,0.0,70000,SCENARIO
2026-08-06,NEWCASTLE_AU_PARADIP,PANAMAX,COA_3M,21.23,2.0,210000,SCENARIO
2026-08-06,NEWCASTLE_AU_PARADIP,PANAMAX,COA_6M,21.85,5.0,420000,SCENARIO
2026-08-06,NEWCASTLE_AU_PARADIP,PANAMAX,COA_12M,22.47,8.0,840000,SCENARIO
2026-08-06,NEWCASTLE_AU_PARADIP,PANAMAX,SPOT,21.61,0.0,70000,SCENARIO
2026-08-06,NEWCASTLE_AU_PARADIP,PANAMAX,COA_3M,22.04,2.0,210000,SCENARIO
2026-08-06,NEWCASTLE_AU_PARADIP,PANAMAX,COA_6M,22.69,5.0,420000,SCENARIO
2026-08-06,NEWCASTLE_AU_PARADIP,PANAMAX,COA_12M,23.34,8.0,840000,SCENARIO
2026-08-06,NEWCASTLE_AU_PARADIP,SUPRAMAX,SPOT,24.79,0.0,50000,SCENARIO
2026-08-06,NEWCASTLE_AU_PARADIP,SUPRAMAX,COA_3M,25.29,2.0,150000,SCENARIO
2026-08-06,NEWCASTLE_AU_PARADIP,SUPRAMAX,COA_6M,26.03,5.0,300000,SCENARIO
2026-08-06,NEWCASTLE_AU_PARADIP,SUPRAMAX,COA_12M,26.77,8.0,600000,SCENARIO
2026-08-06,NEWCASTLE_AU_SANDHEADS,HANDYSIZE,SPOT,31.07,0.0,32000,SCENARIO
2026-08-06,NEWCASTLE_AU_SANDHEADS,HANDYSIZE,COA_3M,31.69,2.0,96000,SCENARIO
2026-08-06,NEWCASTLE_AU_SANDHEADS,HANDYSIZE,COA_6M,32.62,5.0,192000,SCENARIO
2026-08-06,NEWCASTLE_AU_SANDHEADS,HANDYSIZE,COA_12M,33.56,8.0,384000,SCENARIO
2026-08-06,NEWCASTLE_AU_SANDHEADS,PANAMAX,SPOT,21.31,0.0,70000,SCENARIO
2026-08-06,NEWCASTLE_AU_SANDHEADS,PANAMAX,COA_3M,21.74,2.0,210000,SCENARIO
2026-08-06,NEWCASTLE_AU_SANDHEADS,PANAMAX,COA_6M,22.38,5.0,420000,SCENARIO
2026-08-06,NEWCASTLE_AU_SANDHEADS,PANAMAX,COA_12M,23.01,8.0,840000,SCENARIO
2026-08-06,NEWCASTLE_AU_SANDHEADS,PANAMAX,SPOT,22.13,0.0,70000,SCENARIO
2026-08-06,NEWCASTLE_AU_SANDHEADS,PANAMAX,COA_3M,22.57,2.0,210000,SCENARIO
2026-08-06,NEWCASTLE_AU_SANDHEADS,PANAMAX,COA_6M,23.24,5.0,420000,SCENARIO
2026-08-06,NEWCASTLE_AU_SANDHEADS,PANAMAX,COA_12M,23.9,8.0,840000,SCENARIO
2026-08-06,NEWCASTLE_AU_SANDHEADS,SUPRAMAX,SPOT,25.41,0.0,50000,SCENARIO
2026-08-06,NEWCASTLE_AU_SANDHEADS,SUPRAMAX,COA_3M,25.92,2.0,150000,SCENARIO
2026-08-06,NEWCASTLE_AU_SANDHEADS,SUPRAMAX,COA_6M,26.68,5.0,300000,SCENARIO
2026-08-06,NEWCASTLE_AU_SANDHEADS,SUPRAMAX,COA_12M,27.44,8.0,600000,SCENARIO
2026-08-06,NEWCASTLE_AU_VIZAG,HANDYSIZE,SPOT,30.36,0.0,32000,SCENARIO
2026-08-06,NEWCASTLE_AU_VIZAG,HANDYSIZE,COA_3M,30.97,2.0,96000,SCENARIO
2026-08-06,NEWCASTLE_AU_VIZAG,HANDYSIZE,COA_6M,31.88,5.0,192000,SCENARIO
2026-08-06,NEWCASTLE_AU_VIZAG,HANDYSIZE,COA_12M,32.79,8.0,384000,SCENARIO
2026-08-06,NEWCASTLE_AU_VIZAG,PANAMAX,SPOT,20.83,0.0,70000,SCENARIO
2026-08-06,NEWCASTLE_AU_VIZAG,PANAMAX,COA_3M,21.25,2.0,210000,SCENARIO
2026-08-06,NEWCASTLE_AU_VIZAG,PANAMAX,COA_6M,21.87,5.0,420000,SCENARIO
2026-08-06,NEWCASTLE_AU_VIZAG,PANAMAX,COA_12M,22.5,8.0,840000,SCENARIO
2026-08-06,NEWCASTLE_AU_VIZAG,PANAMAX,SPOT,21.63,0.0,70000,SCENARIO
2026-08-06,NEWCASTLE_AU_VIZAG,PANAMAX,COA_3M,22.06,2.0,210000,SCENARIO
2026-08-06,NEWCASTLE_AU_VIZAG,PANAMAX,COA_6M,22.71,5.0,420000,SCENARIO
2026-08-06,NEWCASTLE_AU_VIZAG,PANAMAX,COA_12M,23.36,8.0,840000,SCENARIO
2026-08-06,NEWCASTLE_AU_VIZAG,SUPRAMAX,SPOT,24.82,0.0,50000,SCENARIO
2026-08-06,NEWCASTLE_AU_VIZAG,SUPRAMAX,COA_3M,25.32,2.0,150000,SCENARIO
2026-08-06,NEWCASTLE_AU_VIZAG,SUPRAMAX,COA_6M,26.06,5.0,300000,SCENARIO
2026-08-06,NEWCASTLE_AU_VIZAG,SUPRAMAX,COA_12M,26.81,8.0,600000,SCENARIO
2026-08-06,NORFOLK_US_PARADIP,HANDYSIZE,SPOT,52.82,0.0,32000,SCENARIO
2026-08-06,NORFOLK_US_PARADIP,HANDYSIZE,COA_3M,53.88,2.0,96000,SCENARIO
2026-08-06,NORFOLK_US_PARADIP,HANDYSIZE,COA_6M,55.46,5.0,192000,SCENARIO
2026-08-06,NORFOLK_US_PARADIP,HANDYSIZE,COA_12M,57.05,8.0,384000,SCENARIO
2026-08-06,NORFOLK_US_PARADIP,PANAMAX,SPOT,35.96,0.0,70000,SCENARIO
2026-08-06,NORFOLK_US_PARADIP,PANAMAX,COA_3M,36.68,2.0,210000,SCENARIO
2026-08-06,NORFOLK_US_PARADIP,PANAMAX,COA_6M,37.76,5.0,420000,SCENARIO
2026-08-06,NORFOLK_US_PARADIP,PANAMAX,COA_12M,38.84,8.0,840000,SCENARIO
2026-08-06,NORFOLK_US_PARADIP,PANAMAX,SPOT,37.25,0.0,70000,SCENARIO
2026-08-06,NORFOLK_US_PARADIP,PANAMAX,COA_3M,37.99,2.0,210000,SCENARIO
2026-08-06,NORFOLK_US_PARADIP,PANAMAX,COA_6M,39.11,5.0,420000,SCENARIO
2026-08-06,NORFOLK_US_PARADIP,PANAMAX,COA_12M,40.23,8.0,840000,SCENARIO
2026-08-06,NORFOLK_US_PARADIP,SUPRAMAX,SPOT,42.97,0.0,50000,SCENARIO
2026-08-06,NORFOLK_US_PARADIP,SUPRAMAX,COA_3M,43.83,2.0,150000,SCENARIO
2026-08-06,NORFOLK_US_PARADIP,SUPRAMAX,COA_6M,45.12,5.0,300000,SCENARIO
2026-08-06,NORFOLK_US_PARADIP,SUPRAMAX,COA_12M,46.41,8.0,600000,SCENARIO
2026-08-06,NORFOLK_US_VIZAG,HANDYSIZE,SPOT,52.13,0.0,32000,SCENARIO
2026-08-06,NORFOLK_US_VIZAG,HANDYSIZE,COA_3M,53.17,2.0,96000,SCENARIO
2026-08-06,NORFOLK_US_VIZAG,HANDYSIZE,COA_6M,54.74,5.0,192000,SCENARIO
2026-08-06,NORFOLK_US_VIZAG,HANDYSIZE,COA_12M,56.3,8.0,384000,SCENARIO
2026-08-06,NORFOLK_US_VIZAG,PANAMAX,SPOT,35.5,0.0,70000,SCENARIO
2026-08-06,NORFOLK_US_VIZAG,PANAMAX,COA_3M,36.21,2.0,210000,SCENARIO
2026-08-06,NORFOLK_US_VIZAG,PANAMAX,COA_6M,37.27,5.0,420000,SCENARIO
2026-08-06,NORFOLK_US_VIZAG,PANAMAX,COA_12M,38.34,8.0,840000,SCENARIO
2026-08-06,NORFOLK_US_VIZAG,PANAMAX,SPOT,36.77,0.0,70000,SCENARIO
2026-08-06,NORFOLK_US_VIZAG,PANAMAX,COA_3M,37.51,2.0,210000,SCENARIO
2026-08-06,NORFOLK_US_VIZAG,PANAMAX,COA_6M,38.61,5.0,420000,SCENARIO
2026-08-06,NORFOLK_US_VIZAG,PANAMAX,COA_12M,39.71,8.0,840000,SCENARIO
2026-08-06,NORFOLK_US_VIZAG,SUPRAMAX,SPOT,42.42,0.0,50000,SCENARIO
2026-08-06,NORFOLK_US_VIZAG,SUPRAMAX,COA_3M,43.27,2.0,150000,SCENARIO
2026-08-06,NORFOLK_US_VIZAG,SUPRAMAX,COA_6M,44.54,5.0,300000,SCENARIO
2026-08-06,NORFOLK_US_VIZAG,SUPRAMAX,COA_12M,45.81,8.0,600000,SCENARIO
2026-08-06,VOSTOCHNY_RU_PARADIP,HANDYSIZE,SPOT,29.37,0.0,32000,SCENARIO
2026-08-06,VOSTOCHNY_RU_PARADIP,HANDYSIZE,COA_3M,29.96,2.0,96000,SCENARIO
2026-08-06,VOSTOCHNY_RU_PARADIP,HANDYSIZE,COA_6M,30.84,5.0,192000,SCENARIO
2026-08-06,VOSTOCHNY_RU_PARADIP,HANDYSIZE,COA_12M,31.72,8.0,384000,SCENARIO
2026-08-06,VOSTOCHNY_RU_PARADIP,PANAMAX,SPOT,20.16,0.0,70000,SCENARIO
2026-08-06,VOSTOCHNY_RU_PARADIP,PANAMAX,COA_3M,20.56,2.0,210000,SCENARIO
2026-08-06,VOSTOCHNY_RU_PARADIP,PANAMAX,COA_6M,21.17,5.0,420000,SCENARIO
2026-08-06,VOSTOCHNY_RU_PARADIP,PANAMAX,COA_12M,21.77,8.0,840000,SCENARIO
2026-08-06,VOSTOCHNY_RU_PARADIP,PANAMAX,SPOT,20.95,0.0,70000,SCENARIO
2026-08-06,VOSTOCHNY_RU_PARADIP,PANAMAX,COA_3M,21.37,2.0,210000,SCENARIO
2026-08-06,VOSTOCHNY_RU_PARADIP,PANAMAX,COA_6M,22.0,5.0,420000,SCENARIO
2026-08-06,VOSTOCHNY_RU_PARADIP,PANAMAX,COA_12M,22.63,8.0,840000,SCENARIO
2026-08-06,VOSTOCHNY_RU_PARADIP,SUPRAMAX,SPOT,24.02,0.0,50000,SCENARIO
2026-08-06,VOSTOCHNY_RU_PARADIP,SUPRAMAX,COA_3M,24.5,2.0,150000,SCENARIO
2026-08-06,VOSTOCHNY_RU_PARADIP,SUPRAMAX,COA_6M,25.22,5.0,300000,SCENARIO
2026-08-06,VOSTOCHNY_RU_PARADIP,SUPRAMAX,COA_12M,25.94,8.0,600000,SCENARIO
2026-08-06,VOSTOCHNY_RU_VIZAG,HANDYSIZE,SPOT,29.16,0.0,32000,SCENARIO
2026-08-06,VOSTOCHNY_RU_VIZAG,HANDYSIZE,COA_3M,29.74,2.0,96000,SCENARIO
2026-08-06,VOSTOCHNY_RU_VIZAG,HANDYSIZE,COA_6M,30.62,5.0,192000,SCENARIO
2026-08-06,VOSTOCHNY_RU_VIZAG,HANDYSIZE,COA_12M,31.49,8.0,384000,SCENARIO
2026-08-06,VOSTOCHNY_RU_VIZAG,PANAMAX,SPOT,20.02,0.0,70000,SCENARIO
2026-08-06,VOSTOCHNY_RU_VIZAG,PANAMAX,COA_3M,20.42,2.0,210000,SCENARIO
2026-08-06,VOSTOCHNY_RU_VIZAG,PANAMAX,COA_6M,21.02,5.0,420000,SCENARIO
2026-08-06,VOSTOCHNY_RU_VIZAG,PANAMAX,COA_12M,21.62,8.0,840000,SCENARIO
2026-08-06,VOSTOCHNY_RU_VIZAG,PANAMAX,SPOT,20.8,0.0,70000,SCENARIO
2026-08-06,VOSTOCHNY_RU_VIZAG,PANAMAX,COA_3M,21.22,2.0,210000,SCENARIO
2026-08-06,VOSTOCHNY_RU_VIZAG,PANAMAX,COA_6M,21.84,5.0,420000,SCENARIO
2026-08-06,VOSTOCHNY_RU_VIZAG,PANAMAX,COA_12M,22.46,8.0,840000,SCENARIO
2026-08-06,VOSTOCHNY_RU_VIZAG,SUPRAMAX,SPOT,23.86,0.0,50000,SCENARIO
2026-08-06,VOSTOCHNY_RU_VIZAG,SUPRAMAX,COA_3M,24.34,2.0,150000,SCENARIO
2026-08-06,VOSTOCHNY_RU_VIZAG,SUPRAMAX,COA_6M,25.05,5.0,300000,SCENARIO
2026-08-06,VOSTOCHNY_RU_VIZAG,SUPRAMAX,COA_12M,25.77,8.0,600000,SCENARIO
2026-08-07,KALIMANTAN_ID_DHAMRA,HANDYSIZE,SPOT,15.43,0.0,32000,SCENARIO
2026-08-07,KALIMANTAN_ID_DHAMRA,HANDYSIZE,COA_3M,15.74,2.0,96000,SCENARIO
2026-08-07,KALIMANTAN_ID_DHAMRA,HANDYSIZE,COA_6M,16.2,5.0,192000,SCENARIO
2026-08-07,KALIMANTAN_ID_DHAMRA,HANDYSIZE,COA_12M,16.66,8.0,384000,SCENARIO
2026-08-07,KALIMANTAN_ID_DHAMRA,PANAMAX,SPOT,10.77,0.0,70000,SCENARIO
2026-08-07,KALIMANTAN_ID_DHAMRA,PANAMAX,COA_3M,10.99,2.0,210000,SCENARIO
2026-08-07,KALIMANTAN_ID_DHAMRA,PANAMAX,COA_6M,11.31,5.0,420000,SCENARIO
2026-08-07,KALIMANTAN_ID_DHAMRA,PANAMAX,COA_12M,11.63,8.0,840000,SCENARIO
2026-08-07,KALIMANTAN_ID_DHAMRA,PANAMAX,SPOT,11.25,0.0,70000,SCENARIO
2026-08-07,KALIMANTAN_ID_DHAMRA,PANAMAX,COA_3M,11.47,2.0,210000,SCENARIO
2026-08-07,KALIMANTAN_ID_DHAMRA,PANAMAX,COA_6M,11.81,5.0,420000,SCENARIO
2026-08-07,KALIMANTAN_ID_DHAMRA,PANAMAX,COA_12M,12.15,8.0,840000,SCENARIO
2026-08-07,KALIMANTAN_ID_DHAMRA,SUPRAMAX,SPOT,12.74,0.0,50000,SCENARIO
2026-08-07,KALIMANTAN_ID_DHAMRA,SUPRAMAX,COA_3M,12.99,2.0,150000,SCENARIO
2026-08-07,KALIMANTAN_ID_DHAMRA,SUPRAMAX,COA_6M,13.38,5.0,300000,SCENARIO
2026-08-07,KALIMANTAN_ID_DHAMRA,SUPRAMAX,COA_12M,13.76,8.0,600000,SCENARIO
2026-08-07,KALIMANTAN_ID_GANGAVARAM,HANDYSIZE,SPOT,14.91,0.0,32000,SCENARIO
2026-08-07,KALIMANTAN_ID_GANGAVARAM,HANDYSIZE,COA_3M,15.21,2.0,96000,SCENARIO
2026-08-07,KALIMANTAN_ID_GANGAVARAM,HANDYSIZE,COA_6M,15.66,5.0,192000,SCENARIO
2026-08-07,KALIMANTAN_ID_GANGAVARAM,HANDYSIZE,COA_12M,16.1,8.0,384000,SCENARIO
2026-08-07,KALIMANTAN_ID_GANGAVARAM,PANAMAX,SPOT,10.42,0.0,70000,SCENARIO
2026-08-07,KALIMANTAN_ID_GANGAVARAM,PANAMAX,COA_3M,10.63,2.0,210000,SCENARIO
2026-08-07,KALIMANTAN_ID_GANGAVARAM,PANAMAX,COA_6M,10.94,5.0,420000,SCENARIO
2026-08-07,KALIMANTAN_ID_GANGAVARAM,PANAMAX,COA_12M,11.25,8.0,840000,SCENARIO
2026-08-07,KALIMANTAN_ID_GANGAVARAM,PANAMAX,SPOT,10.89,0.0,70000,SCENARIO
2026-08-07,KALIMANTAN_ID_GANGAVARAM,PANAMAX,COA_3M,11.11,2.0,210000,SCENARIO
2026-08-07,KALIMANTAN_ID_GANGAVARAM,PANAMAX,COA_6M,11.43,5.0,420000,SCENARIO
2026-08-07,KALIMANTAN_ID_GANGAVARAM,PANAMAX,COA_12M,11.76,8.0,840000,SCENARIO
2026-08-07,KALIMANTAN_ID_GANGAVARAM,SUPRAMAX,SPOT,12.32,0.0,50000,SCENARIO
2026-08-07,KALIMANTAN_ID_GANGAVARAM,SUPRAMAX,COA_3M,12.57,2.0,150000,SCENARIO
2026-08-07,KALIMANTAN_ID_GANGAVARAM,SUPRAMAX,COA_6M,12.94,5.0,300000,SCENARIO
2026-08-07,KALIMANTAN_ID_GANGAVARAM,SUPRAMAX,COA_12M,13.31,8.0,600000,SCENARIO
2026-08-07,KALIMANTAN_ID_GOPALPUR,HANDYSIZE,SPOT,15.5,0.0,32000,SCENARIO
2026-08-07,KALIMANTAN_ID_GOPALPUR,HANDYSIZE,COA_3M,15.81,2.0,96000,SCENARIO
2026-08-07,KALIMANTAN_ID_GOPALPUR,HANDYSIZE,COA_6M,16.28,5.0,192000,SCENARIO
2026-08-07,KALIMANTAN_ID_GOPALPUR,HANDYSIZE,COA_12M,16.74,8.0,384000,SCENARIO
2026-08-07,KALIMANTAN_ID_GOPALPUR,PANAMAX,SPOT,11.3,0.0,70000,SCENARIO
2026-08-07,KALIMANTAN_ID_GOPALPUR,PANAMAX,COA_3M,11.53,2.0,210000,SCENARIO
2026-08-07,KALIMANTAN_ID_GOPALPUR,PANAMAX,COA_6M,11.87,5.0,420000,SCENARIO
2026-08-07,KALIMANTAN_ID_GOPALPUR,PANAMAX,COA_12M,12.2,8.0,840000,SCENARIO
2026-08-07,KALIMANTAN_ID_GOPALPUR,SUPRAMAX,SPOT,12.81,0.0,50000,SCENARIO
2026-08-07,KALIMANTAN_ID_GOPALPUR,SUPRAMAX,COA_3M,13.07,2.0,150000,SCENARIO
2026-08-07,KALIMANTAN_ID_GOPALPUR,SUPRAMAX,COA_6M,13.45,5.0,300000,SCENARIO
2026-08-07,KALIMANTAN_ID_GOPALPUR,SUPRAMAX,COA_12M,13.83,8.0,600000,SCENARIO
2026-08-07,KALIMANTAN_ID_PARADIP,HANDYSIZE,SPOT,15.58,0.0,32000,SCENARIO
2026-08-07,KALIMANTAN_ID_PARADIP,HANDYSIZE,COA_3M,15.89,2.0,96000,SCENARIO
2026-08-07,KALIMANTAN_ID_PARADIP,HANDYSIZE,COA_6M,16.36,5.0,192000,SCENARIO
2026-08-07,KALIMANTAN_ID_PARADIP,HANDYSIZE,COA_12M,16.83,8.0,384000,SCENARIO
2026-08-07,KALIMANTAN_ID_PARADIP,PANAMAX,SPOT,10.87,0.0,70000,SCENARIO
2026-08-07,KALIMANTAN_ID_PARADIP,PANAMAX,COA_3M,11.09,2.0,210000,SCENARIO
2026-08-07,KALIMANTAN_ID_PARADIP,PANAMAX,COA_6M,11.41,5.0,420000,SCENARIO
2026-08-07,KALIMANTAN_ID_PARADIP,PANAMAX,COA_12M,11.74,8.0,840000,SCENARIO
2026-08-07,KALIMANTAN_ID_PARADIP,PANAMAX,SPOT,11.36,0.0,70000,SCENARIO
2026-08-07,KALIMANTAN_ID_PARADIP,PANAMAX,COA_3M,11.59,2.0,210000,SCENARIO
2026-08-07,KALIMANTAN_ID_PARADIP,PANAMAX,COA_6M,11.93,5.0,420000,SCENARIO
2026-08-07,KALIMANTAN_ID_PARADIP,PANAMAX,COA_12M,12.27,8.0,840000,SCENARIO
2026-08-07,KALIMANTAN_ID_PARADIP,SUPRAMAX,SPOT,12.86,0.0,50000,SCENARIO
2026-08-07,KALIMANTAN_ID_PARADIP,SUPRAMAX,COA_3M,13.12,2.0,150000,SCENARIO
2026-08-07,KALIMANTAN_ID_PARADIP,SUPRAMAX,COA_6M,13.5,5.0,300000,SCENARIO
2026-08-07,KALIMANTAN_ID_PARADIP,SUPRAMAX,COA_12M,13.89,8.0,600000,SCENARIO
2026-08-07,KALIMANTAN_ID_SANDHEADS,HANDYSIZE,SPOT,16.34,0.0,32000,SCENARIO
2026-08-07,KALIMANTAN_ID_SANDHEADS,HANDYSIZE,COA_3M,16.67,2.0,96000,SCENARIO
2026-08-07,KALIMANTAN_ID_SANDHEADS,HANDYSIZE,COA_6M,17.16,5.0,192000,SCENARIO
2026-08-07,KALIMANTAN_ID_SANDHEADS,HANDYSIZE,COA_12M,17.65,8.0,384000,SCENARIO
2026-08-07,KALIMANTAN_ID_SANDHEADS,PANAMAX,SPOT,11.38,0.0,70000,SCENARIO
2026-08-07,KALIMANTAN_ID_SANDHEADS,PANAMAX,COA_3M,11.61,2.0,210000,SCENARIO
2026-08-07,KALIMANTAN_ID_SANDHEADS,PANAMAX,COA_6M,11.95,5.0,420000,SCENARIO
2026-08-07,KALIMANTAN_ID_SANDHEADS,PANAMAX,COA_12M,12.29,8.0,840000,SCENARIO
2026-08-07,KALIMANTAN_ID_SANDHEADS,PANAMAX,SPOT,11.89,0.0,70000,SCENARIO
2026-08-07,KALIMANTAN_ID_SANDHEADS,PANAMAX,COA_3M,12.13,2.0,210000,SCENARIO
2026-08-07,KALIMANTAN_ID_SANDHEADS,PANAMAX,COA_6M,12.48,5.0,420000,SCENARIO
2026-08-07,KALIMANTAN_ID_SANDHEADS,PANAMAX,COA_12M,12.84,8.0,840000,SCENARIO
2026-08-07,KALIMANTAN_ID_SANDHEADS,SUPRAMAX,SPOT,13.49,0.0,50000,SCENARIO
2026-08-07,KALIMANTAN_ID_SANDHEADS,SUPRAMAX,COA_3M,13.76,2.0,150000,SCENARIO
2026-08-07,KALIMANTAN_ID_SANDHEADS,SUPRAMAX,COA_6M,14.16,5.0,300000,SCENARIO
2026-08-07,KALIMANTAN_ID_SANDHEADS,SUPRAMAX,COA_12M,14.57,8.0,600000,SCENARIO
2026-08-07,KALIMANTAN_ID_VIZAG,HANDYSIZE,SPOT,15.37,0.0,32000,SCENARIO
2026-08-07,KALIMANTAN_ID_VIZAG,HANDYSIZE,COA_3M,15.68,2.0,96000,SCENARIO
2026-08-07,KALIMANTAN_ID_VIZAG,HANDYSIZE,COA_6M,16.14,5.0,192000,SCENARIO
2026-08-07,KALIMANTAN_ID_VIZAG,HANDYSIZE,COA_12M,16.6,8.0,384000,SCENARIO
2026-08-07,KALIMANTAN_ID_VIZAG,PANAMAX,SPOT,10.73,0.0,70000,SCENARIO
2026-08-07,KALIMANTAN_ID_VIZAG,PANAMAX,COA_3M,10.94,2.0,210000,SCENARIO
2026-08-07,KALIMANTAN_ID_VIZAG,PANAMAX,COA_6M,11.27,5.0,420000,SCENARIO
2026-08-07,KALIMANTAN_ID_VIZAG,PANAMAX,COA_12M,11.59,8.0,840000,SCENARIO
2026-08-07,KALIMANTAN_ID_VIZAG,PANAMAX,SPOT,11.21,0.0,70000,SCENARIO
2026-08-07,KALIMANTAN_ID_VIZAG,PANAMAX,COA_3M,11.43,2.0,210000,SCENARIO
2026-08-07,KALIMANTAN_ID_VIZAG,PANAMAX,COA_6M,11.77,5.0,420000,SCENARIO
2026-08-07,KALIMANTAN_ID_VIZAG,PANAMAX,COA_12M,12.11,8.0,840000,SCENARIO
2026-08-07,KALIMANTAN_ID_VIZAG,SUPRAMAX,SPOT,12.7,0.0,50000,SCENARIO
2026-08-07,KALIMANTAN_ID_VIZAG,SUPRAMAX,COA_3M,12.95,2.0,150000,SCENARIO
2026-08-07,KALIMANTAN_ID_VIZAG,SUPRAMAX,COA_6M,13.33,5.0,300000,SCENARIO
2026-08-07,KALIMANTAN_ID_VIZAG,SUPRAMAX,COA_12M,13.72,8.0,600000,SCENARIO
2026-08-07,MAPUTO_MZ_PARADIP,HANDYSIZE,SPOT,22.15,0.0,32000,SCENARIO
2026-08-07,MAPUTO_MZ_PARADIP,HANDYSIZE,COA_3M,22.59,2.0,96000,SCENARIO
2026-08-07,MAPUTO_MZ_PARADIP,HANDYSIZE,COA_6M,23.26,5.0,192000,SCENARIO
2026-08-07,MAPUTO_MZ_PARADIP,HANDYSIZE,COA_12M,23.92,8.0,384000,SCENARIO
2026-08-07,MAPUTO_MZ_PARADIP,PANAMAX,SPOT,15.3,0.0,70000,SCENARIO
2026-08-07,MAPUTO_MZ_PARADIP,PANAMAX,COA_3M,15.61,2.0,210000,SCENARIO
2026-08-07,MAPUTO_MZ_PARADIP,PANAMAX,COA_6M,16.07,5.0,420000,SCENARIO
2026-08-07,MAPUTO_MZ_PARADIP,PANAMAX,COA_12M,16.52,8.0,840000,SCENARIO
2026-08-07,MAPUTO_MZ_PARADIP,PANAMAX,SPOT,15.93,0.0,70000,SCENARIO
2026-08-07,MAPUTO_MZ_PARADIP,PANAMAX,COA_3M,16.25,2.0,210000,SCENARIO
2026-08-07,MAPUTO_MZ_PARADIP,PANAMAX,COA_6M,16.73,5.0,420000,SCENARIO
2026-08-07,MAPUTO_MZ_PARADIP,PANAMAX,COA_12M,17.2,8.0,840000,SCENARIO
2026-08-07,MAPUTO_MZ_PARADIP,SUPRAMAX,SPOT,18.18,0.0,50000,SCENARIO
2026-08-07,MAPUTO_MZ_PARADIP,SUPRAMAX,COA_3M,18.54,2.0,150000,SCENARIO
2026-08-07,MAPUTO_MZ_PARADIP,SUPRAMAX,COA_6M,19.09,5.0,300000,SCENARIO
2026-08-07,MAPUTO_MZ_PARADIP,SUPRAMAX,COA_12M,19.63,8.0,600000,SCENARIO
2026-08-07,MAPUTO_MZ_VIZAG,HANDYSIZE,SPOT,21.46,0.0,32000,SCENARIO
2026-08-07,MAPUTO_MZ_VIZAG,HANDYSIZE,COA_3M,21.89,2.0,96000,SCENARIO
2026-08-07,MAPUTO_MZ_VIZAG,HANDYSIZE,COA_6M,22.53,5.0,192000,SCENARIO
2026-08-07,MAPUTO_MZ_VIZAG,HANDYSIZE,COA_12M,23.18,8.0,384000,SCENARIO
2026-08-07,MAPUTO_MZ_VIZAG,PANAMAX,SPOT,14.83,0.0,70000,SCENARIO
2026-08-07,MAPUTO_MZ_VIZAG,PANAMAX,COA_3M,15.13,2.0,210000,SCENARIO
2026-08-07,MAPUTO_MZ_VIZAG,PANAMAX,COA_6M,15.57,5.0,420000,SCENARIO
2026-08-07,MAPUTO_MZ_VIZAG,PANAMAX,COA_12M,16.02,8.0,840000,SCENARIO
2026-08-07,MAPUTO_MZ_VIZAG,PANAMAX,SPOT,15.45,0.0,70000,SCENARIO
2026-08-07,MAPUTO_MZ_VIZAG,PANAMAX,COA_3M,15.76,2.0,210000,SCENARIO
2026-08-07,MAPUTO_MZ_VIZAG,PANAMAX,COA_6M,16.22,5.0,420000,SCENARIO
2026-08-07,MAPUTO_MZ_VIZAG,PANAMAX,COA_12M,16.69,8.0,840000,SCENARIO
2026-08-07,MAPUTO_MZ_VIZAG,SUPRAMAX,SPOT,17.63,0.0,50000,SCENARIO
2026-08-07,MAPUTO_MZ_VIZAG,SUPRAMAX,COA_3M,17.98,2.0,150000,SCENARIO
2026-08-07,MAPUTO_MZ_VIZAG,SUPRAMAX,COA_6M,18.51,5.0,300000,SCENARIO
2026-08-07,MAPUTO_MZ_VIZAG,SUPRAMAX,COA_12M,19.04,8.0,600000,SCENARIO
2026-08-07,NEWCASTLE_AU_DHAMRA,HANDYSIZE,SPOT,30.15,0.0,32000,SCENARIO
2026-08-07,NEWCASTLE_AU_DHAMRA,HANDYSIZE,COA_3M,30.75,2.0,96000,SCENARIO
2026-08-07,NEWCASTLE_AU_DHAMRA,HANDYSIZE,COA_6M,31.66,5.0,192000,SCENARIO
2026-08-07,NEWCASTLE_AU_DHAMRA,HANDYSIZE,COA_12M,32.56,8.0,384000,SCENARIO
2026-08-07,NEWCASTLE_AU_DHAMRA,PANAMAX,SPOT,20.69,0.0,70000,SCENARIO
2026-08-07,NEWCASTLE_AU_DHAMRA,PANAMAX,COA_3M,21.1,2.0,210000,SCENARIO
2026-08-07,NEWCASTLE_AU_DHAMRA,PANAMAX,COA_6M,21.72,5.0,420000,SCENARIO
2026-08-07,NEWCASTLE_AU_DHAMRA,PANAMAX,COA_12M,22.35,8.0,840000,SCENARIO
2026-08-07,NEWCASTLE_AU_DHAMRA,PANAMAX,SPOT,21.49,0.0,70000,SCENARIO
2026-08-07,NEWCASTLE_AU_DHAMRA,PANAMAX,COA_3M,21.92,2.0,210000,SCENARIO
2026-08-07,NEWCASTLE_AU_DHAMRA,PANAMAX,COA_6M,22.56,5.0,420000,SCENARIO
2026-08-07,NEWCASTLE_AU_DHAMRA,PANAMAX,COA_12M,23.21,8.0,840000,SCENARIO
2026-08-07,NEWCASTLE_AU_DHAMRA,SUPRAMAX,SPOT,24.63,0.0,50000,SCENARIO
2026-08-07,NEWCASTLE_AU_DHAMRA,SUPRAMAX,COA_3M,25.12,2.0,150000,SCENARIO
2026-08-07,NEWCASTLE_AU_DHAMRA,SUPRAMAX,COA_6M,25.86,5.0,300000,SCENARIO
2026-08-07,NEWCASTLE_AU_DHAMRA,SUPRAMAX,COA_12M,26.6,8.0,600000,SCENARIO
2026-08-07,NEWCASTLE_AU_GANGAVARAM,HANDYSIZE,SPOT,29.85,0.0,32000,SCENARIO
2026-08-07,NEWCASTLE_AU_GANGAVARAM,HANDYSIZE,COA_3M,30.45,2.0,96000,SCENARIO
2026-08-07,NEWCASTLE_AU_GANGAVARAM,HANDYSIZE,COA_6M,31.34,5.0,192000,SCENARIO
2026-08-07,NEWCASTLE_AU_GANGAVARAM,HANDYSIZE,COA_12M,32.24,8.0,384000,SCENARIO
2026-08-07,NEWCASTLE_AU_GANGAVARAM,PANAMAX,SPOT,20.48,0.0,70000,SCENARIO
2026-08-07,NEWCASTLE_AU_GANGAVARAM,PANAMAX,COA_3M,20.89,2.0,210000,SCENARIO
2026-08-07,NEWCASTLE_AU_GANGAVARAM,PANAMAX,COA_6M,21.5,5.0,420000,SCENARIO
2026-08-07,NEWCASTLE_AU_GANGAVARAM,PANAMAX,COA_12M,22.12,8.0,840000,SCENARIO
2026-08-07,NEWCASTLE_AU_GANGAVARAM,PANAMAX,SPOT,21.28,0.0,70000,SCENARIO
2026-08-07,NEWCASTLE_AU_GANGAVARAM,PANAMAX,COA_3M,21.71,2.0,210000,SCENARIO
2026-08-07,NEWCASTLE_AU_GANGAVARAM,PANAMAX,COA_6M,22.34,5.0,420000,SCENARIO
2026-08-07,NEWCASTLE_AU_GANGAVARAM,PANAMAX,COA_12M,22.98,8.0,840000,SCENARIO
2026-08-07,NEWCASTLE_AU_GANGAVARAM,SUPRAMAX,SPOT,24.39,0.0,50000,SCENARIO
2026-08-07,NEWCASTLE_AU_GANGAVARAM,SUPRAMAX,COA_3M,24.88,2.0,150000,SCENARIO
2026-08-07,NEWCASTLE_AU_GANGAVARAM,SUPRAMAX,COA_6M,25.61,5.0,300000,SCENARIO
2026-08-07,NEWCASTLE_AU_GANGAVARAM,SUPRAMAX,COA_12M,26.34,8.0,600000,SCENARIO
2026-08-07,NEWCASTLE_AU_GOPALPUR,HANDYSIZE,SPOT,30.32,0.0,32000,SCENARIO
2026-08-07,NEWCASTLE_AU_GOPALPUR,HANDYSIZE,COA_3M,30.93,2.0,96000,SCENARIO
2026-08-07,NEWCASTLE_AU_GOPALPUR,HANDYSIZE,COA_6M,31.84,5.0,192000,SCENARIO
2026-08-07,NEWCASTLE_AU_GOPALPUR,HANDYSIZE,COA_12M,32.75,8.0,384000,SCENARIO
2026-08-07,NEWCASTLE_AU_GOPALPUR,PANAMAX,SPOT,21.61,0.0,70000,SCENARIO
2026-08-07,NEWCASTLE_AU_GOPALPUR,PANAMAX,COA_3M,22.04,2.0,210000,SCENARIO
2026-08-07,NEWCASTLE_AU_GOPALPUR,PANAMAX,COA_6M,22.69,5.0,420000,SCENARIO
2026-08-07,NEWCASTLE_AU_GOPALPUR,PANAMAX,COA_12M,23.34,8.0,840000,SCENARIO
2026-08-07,NEWCASTLE_AU_GOPALPUR,SUPRAMAX,SPOT,24.78,0.0,50000,SCENARIO
2026-08-07,NEWCASTLE_AU_GOPALPUR,SUPRAMAX,COA_3M,25.28,2.0,150000,SCENARIO
2026-08-07,NEWCASTLE_AU_GOPALPUR,SUPRAMAX,COA_6M,26.02,5.0,300000,SCENARIO
2026-08-07,NEWCASTLE_AU_GOPALPUR,SUPRAMAX,COA_12M,26.76,8.0,600000,SCENARIO
2026-08-07,NEWCASTLE_AU_PARADIP,HANDYSIZE,SPOT,30.27,0.0,32000,SCENARIO
2026-08-07,NEWCASTLE_AU_PARADIP,HANDYSIZE,COA_3M,30.88,2.0,96000,SCENARIO
2026-08-07,NEWCASTLE_AU_PARADIP,HANDYSIZE,COA_6M,31.78,5.0,192000,SCENARIO
2026-08-07,NEWCASTLE_AU_PARADIP,HANDYSIZE,COA_12M,32.69,8.0,384000,SCENARIO
2026-08-07,NEWCASTLE_AU_PARADIP,PANAMAX,SPOT,20.77,0.0,70000,SCENARIO
2026-08-07,NEWCASTLE_AU_PARADIP,PANAMAX,COA_3M,21.19,2.0,210000,SCENARIO
2026-08-07,NEWCASTLE_AU_PARADIP,PANAMAX,COA_6M,21.81,5.0,420000,SCENARIO
2026-08-07,NEWCASTLE_AU_PARADIP,PANAMAX,COA_12M,22.43,8.0,840000,SCENARIO
2026-08-07,NEWCASTLE_AU_PARADIP,PANAMAX,SPOT,21.57,0.0,70000,SCENARIO
2026-08-07,NEWCASTLE_AU_PARADIP,PANAMAX,COA_3M,22.0,2.0,210000,SCENARIO
2026-08-07,NEWCASTLE_AU_PARADIP,PANAMAX,COA_6M,22.65,5.0,420000,SCENARIO
2026-08-07,NEWCASTLE_AU_PARADIP,PANAMAX,COA_12M,23.3,8.0,840000,SCENARIO
2026-08-07,NEWCASTLE_AU_PARADIP,SUPRAMAX,SPOT,24.74,0.0,50000,SCENARIO
2026-08-07,NEWCASTLE_AU_PARADIP,SUPRAMAX,COA_3M,25.23,2.0,150000,SCENARIO
2026-08-07,NEWCASTLE_AU_PARADIP,SUPRAMAX,COA_6M,25.98,5.0,300000,SCENARIO
2026-08-07,NEWCASTLE_AU_PARADIP,SUPRAMAX,COA_12M,26.72,8.0,600000,SCENARIO
2026-08-07,NEWCASTLE_AU_SANDHEADS,HANDYSIZE,SPOT,31.01,0.0,32000,SCENARIO
2026-08-07,NEWCASTLE_AU_SANDHEADS,HANDYSIZE,COA_3M,31.63,2.0,96000,SCENARIO
2026-08-07,NEWCASTLE_AU_SANDHEADS,HANDYSIZE,COA_6M,32.56,5.0,192000,SCENARIO
2026-08-07,NEWCASTLE_AU_SANDHEADS,HANDYSIZE,COA_12M,33.49,8.0,384000,SCENARIO
2026-08-07,NEWCASTLE_AU_SANDHEADS,PANAMAX,SPOT,21.27,0.0,70000,SCENARIO
2026-08-07,NEWCASTLE_AU_SANDHEADS,PANAMAX,COA_3M,21.7,2.0,210000,SCENARIO
2026-08-07,NEWCASTLE_AU_SANDHEADS,PANAMAX,COA_6M,22.33,5.0,420000,SCENARIO
2026-08-07,NEWCASTLE_AU_SANDHEADS,PANAMAX,COA_12M,22.97,8.0,840000,SCENARIO
2026-08-07,NEWCASTLE_AU_SANDHEADS,PANAMAX,SPOT,22.09,0.0,70000,SCENARIO
2026-08-07,NEWCASTLE_AU_SANDHEADS,PANAMAX,COA_3M,22.53,2.0,210000,SCENARIO
2026-08-07,NEWCASTLE_AU_SANDHEADS,PANAMAX,COA_6M,23.19,5.0,420000,SCENARIO
2026-08-07,NEWCASTLE_AU_SANDHEADS,PANAMAX,COA_12M,23.86,8.0,840000,SCENARIO
2026-08-07,NEWCASTLE_AU_SANDHEADS,SUPRAMAX,SPOT,25.35,0.0,50000,SCENARIO
2026-08-07,NEWCASTLE_AU_SANDHEADS,SUPRAMAX,COA_3M,25.86,2.0,150000,SCENARIO
2026-08-07,NEWCASTLE_AU_SANDHEADS,SUPRAMAX,COA_6M,26.62,5.0,300000,SCENARIO
2026-08-07,NEWCASTLE_AU_SANDHEADS,SUPRAMAX,COA_12M,27.38,8.0,600000,SCENARIO
2026-08-07,NEWCASTLE_AU_VIZAG,HANDYSIZE,SPOT,30.3,0.0,32000,SCENARIO
2026-08-07,NEWCASTLE_AU_VIZAG,HANDYSIZE,COA_3M,30.91,2.0,96000,SCENARIO
2026-08-07,NEWCASTLE_AU_VIZAG,HANDYSIZE,COA_6M,31.82,5.0,192000,SCENARIO
2026-08-07,NEWCASTLE_AU_VIZAG,HANDYSIZE,COA_12M,32.72,8.0,384000,SCENARIO
2026-08-07,NEWCASTLE_AU_VIZAG,PANAMAX,SPOT,20.79,0.0,70000,SCENARIO
2026-08-07,NEWCASTLE_AU_VIZAG,PANAMAX,COA_3M,21.21,2.0,210000,SCENARIO
2026-08-07,NEWCASTLE_AU_VIZAG,PANAMAX,COA_6M,21.83,5.0,420000,SCENARIO
2026-08-07,NEWCASTLE_AU_VIZAG,PANAMAX,COA_12M,22.45,8.0,840000,SCENARIO
2026-08-07,NEWCASTLE_AU_VIZAG,PANAMAX,SPOT,21.59,0.0,70000,SCENARIO
2026-08-07,NEWCASTLE_AU_VIZAG,PANAMAX,COA_3M,22.02,2.0,210000,SCENARIO
2026-08-07,NEWCASTLE_AU_VIZAG,PANAMAX,COA_6M,22.67,5.0,420000,SCENARIO
2026-08-07,NEWCASTLE_AU_VIZAG,PANAMAX,COA_12M,23.32,8.0,840000,SCENARIO
2026-08-07,NEWCASTLE_AU_VIZAG,SUPRAMAX,SPOT,24.77,0.0,50000,SCENARIO
2026-08-07,NEWCASTLE_AU_VIZAG,SUPRAMAX,COA_3M,25.27,2.0,150000,SCENARIO
2026-08-07,NEWCASTLE_AU_VIZAG,SUPRAMAX,COA_6M,26.01,5.0,300000,SCENARIO
2026-08-07,NEWCASTLE_AU_VIZAG,SUPRAMAX,COA_12M,26.75,8.0,600000,SCENARIO
2026-08-07,NORFOLK_US_PARADIP,HANDYSIZE,SPOT,52.74,0.0,32000,SCENARIO
2026-08-07,NORFOLK_US_PARADIP,HANDYSIZE,COA_3M,53.79,2.0,96000,SCENARIO
2026-08-07,NORFOLK_US_PARADIP,HANDYSIZE,COA_6M,55.38,5.0,192000,SCENARIO
2026-08-07,NORFOLK_US_PARADIP,HANDYSIZE,COA_12M,56.96,8.0,384000,SCENARIO
2026-08-07,NORFOLK_US_PARADIP,PANAMAX,SPOT,35.91,0.0,70000,SCENARIO
2026-08-07,NORFOLK_US_PARADIP,PANAMAX,COA_3M,36.63,2.0,210000,SCENARIO
2026-08-07,NORFOLK_US_PARADIP,PANAMAX,COA_6M,37.71,5.0,420000,SCENARIO
2026-08-07,NORFOLK_US_PARADIP,PANAMAX,COA_12M,38.78,8.0,840000,SCENARIO
2026-08-07,NORFOLK_US_PARADIP,PANAMAX,SPOT,37.19,0.0,70000,SCENARIO
2026-08-07,NORFOLK_US_PARADIP,PANAMAX,COA_3M,37.93,2.0,210000,SCENARIO
2026-08-07,NORFOLK_US_PARADIP,PANAMAX,COA_6M,39.05,5.0,420000,SCENARIO
2026-08-07,NORFOLK_US_PARADIP,PANAMAX,COA_12M,40.17,8.0,840000,SCENARIO
2026-08-07,NORFOLK_US_PARADIP,SUPRAMAX,SPOT,42.9,0.0,50000,SCENARIO
2026-08-07,NORFOLK_US_PARADIP,SUPRAMAX,COA_3M,43.76,2.0,150000,SCENARIO
2026-08-07,NORFOLK_US_PARADIP,SUPRAMAX,COA_6M,45.05,5.0,300000,SCENARIO
2026-08-07,NORFOLK_US_PARADIP,SUPRAMAX,COA_12M,46.33,8.0,600000,SCENARIO
2026-08-07,NORFOLK_US_VIZAG,HANDYSIZE,SPOT,52.05,0.0,32000,SCENARIO
2026-08-07,NORFOLK_US_VIZAG,HANDYSIZE,COA_3M,53.09,2.0,96000,SCENARIO
2026-08-07,NORFOLK_US_VIZAG,HANDYSIZE,COA_6M,54.65,5.0,192000,SCENARIO
2026-08-07,NORFOLK_US_VIZAG,HANDYSIZE,COA_12M,56.21,8.0,384000,SCENARIO
2026-08-07,NORFOLK_US_VIZAG,PANAMAX,SPOT,35.45,0.0,70000,SCENARIO
2026-08-07,NORFOLK_US_VIZAG,PANAMAX,COA_3M,36.16,2.0,210000,SCENARIO
2026-08-07,NORFOLK_US_VIZAG,PANAMAX,COA_6M,37.22,5.0,420000,SCENARIO
2026-08-07,NORFOLK_US_VIZAG,PANAMAX,COA_12M,38.29,8.0,840000,SCENARIO
2026-08-07,NORFOLK_US_VIZAG,PANAMAX,SPOT,36.72,0.0,70000,SCENARIO
2026-08-07,NORFOLK_US_VIZAG,PANAMAX,COA_3M,37.45,2.0,210000,SCENARIO
2026-08-07,NORFOLK_US_VIZAG,PANAMAX,COA_6M,38.56,5.0,420000,SCENARIO
2026-08-07,NORFOLK_US_VIZAG,PANAMAX,COA_12M,39.66,8.0,840000,SCENARIO
2026-08-07,NORFOLK_US_VIZAG,SUPRAMAX,SPOT,42.35,0.0,50000,SCENARIO
2026-08-07,NORFOLK_US_VIZAG,SUPRAMAX,COA_3M,43.2,2.0,150000,SCENARIO
2026-08-07,NORFOLK_US_VIZAG,SUPRAMAX,COA_6M,44.47,5.0,300000,SCENARIO
2026-08-07,NORFOLK_US_VIZAG,SUPRAMAX,COA_12M,45.74,8.0,600000,SCENARIO
2026-08-07,VOSTOCHNY_RU_PARADIP,HANDYSIZE,SPOT,29.32,0.0,32000,SCENARIO
2026-08-07,VOSTOCHNY_RU_PARADIP,HANDYSIZE,COA_3M,29.91,2.0,96000,SCENARIO
2026-08-07,VOSTOCHNY_RU_PARADIP,HANDYSIZE,COA_6M,30.79,5.0,192000,SCENARIO
2026-08-07,VOSTOCHNY_RU_PARADIP,HANDYSIZE,COA_12M,31.67,8.0,384000,SCENARIO
2026-08-07,VOSTOCHNY_RU_PARADIP,PANAMAX,SPOT,20.13,0.0,70000,SCENARIO
2026-08-07,VOSTOCHNY_RU_PARADIP,PANAMAX,COA_3M,20.53,2.0,210000,SCENARIO
2026-08-07,VOSTOCHNY_RU_PARADIP,PANAMAX,COA_6M,21.14,5.0,420000,SCENARIO
2026-08-07,VOSTOCHNY_RU_PARADIP,PANAMAX,COA_12M,21.74,8.0,840000,SCENARIO
2026-08-07,VOSTOCHNY_RU_PARADIP,PANAMAX,SPOT,20.91,0.0,70000,SCENARIO
2026-08-07,VOSTOCHNY_RU_PARADIP,PANAMAX,COA_3M,21.33,2.0,210000,SCENARIO
2026-08-07,VOSTOCHNY_RU_PARADIP,PANAMAX,COA_6M,21.96,5.0,420000,SCENARIO
2026-08-07,VOSTOCHNY_RU_PARADIP,PANAMAX,COA_12M,22.58,8.0,840000,SCENARIO
2026-08-07,VOSTOCHNY_RU_PARADIP,SUPRAMAX,SPOT,23.97,0.0,50000,SCENARIO
2026-08-07,VOSTOCHNY_RU_PARADIP,SUPRAMAX,COA_3M,24.45,2.0,150000,SCENARIO
2026-08-07,VOSTOCHNY_RU_PARADIP,SUPRAMAX,COA_6M,25.17,5.0,300000,SCENARIO
2026-08-07,VOSTOCHNY_RU_PARADIP,SUPRAMAX,COA_12M,25.89,8.0,600000,SCENARIO
2026-08-07,VOSTOCHNY_RU_VIZAG,HANDYSIZE,SPOT,29.11,0.0,32000,SCENARIO
2026-08-07,VOSTOCHNY_RU_VIZAG,HANDYSIZE,COA_3M,29.69,2.0,96000,SCENARIO
2026-08-07,VOSTOCHNY_RU_VIZAG,HANDYSIZE,COA_6M,30.57,5.0,192000,SCENARIO
2026-08-07,VOSTOCHNY_RU_VIZAG,HANDYSIZE,COA_12M,31.44,8.0,384000,SCENARIO
2026-08-07,VOSTOCHNY_RU_VIZAG,PANAMAX,SPOT,19.99,0.0,70000,SCENARIO
2026-08-07,VOSTOCHNY_RU_VIZAG,PANAMAX,COA_3M,20.39,2.0,210000,SCENARIO
2026-08-07,VOSTOCHNY_RU_VIZAG,PANAMAX,COA_6M,20.99,5.0,420000,SCENARIO
2026-08-07,VOSTOCHNY_RU_VIZAG,PANAMAX,COA_12M,21.59,8.0,840000,SCENARIO
2026-08-07,VOSTOCHNY_RU_VIZAG,PANAMAX,SPOT,20.76,0.0,70000,SCENARIO
2026-08-07,VOSTOCHNY_RU_VIZAG,PANAMAX,COA_3M,21.18,2.0,210000,SCENARIO
2026-08-07,VOSTOCHNY_RU_VIZAG,PANAMAX,COA_6M,21.8,5.0,420000,SCENARIO
2026-08-07,VOSTOCHNY_RU_VIZAG,PANAMAX,COA_12M,22.42,8.0,840000,SCENARIO
2026-08-07,VOSTOCHNY_RU_VIZAG,SUPRAMAX,SPOT,23.81,0.0,50000,SCENARIO
2026-08-07,VOSTOCHNY_RU_VIZAG,SUPRAMAX,COA_3M,24.29,2.0,150000,SCENARIO
2026-08-07,VOSTOCHNY_RU_VIZAG,SUPRAMAX,COA_6M,25.0,5.0,300000,SCENARIO
2026-08-07,VOSTOCHNY_RU_VIZAG,SUPRAMAX,COA_12M,25.71,8.0,600000,SCENARIO
2026-08-11,KALIMANTAN_ID_DHAMRA,HANDYSIZE,SPOT,15.64,0.0,32000,SCENARIO
2026-08-11,KALIMANTAN_ID_DHAMRA,HANDYSIZE,COA_3M,15.95,2.0,96000,SCENARIO
2026-08-11,KALIMANTAN_ID_DHAMRA,HANDYSIZE,COA_6M,16.42,5.0,192000,SCENARIO
2026-08-11,KALIMANTAN_ID_DHAMRA,HANDYSIZE,COA_12M,16.89,8.0,384000,SCENARIO
2026-08-11,KALIMANTAN_ID_DHAMRA,PANAMAX,SPOT,10.91,0.0,70000,SCENARIO
2026-08-11,KALIMANTAN_ID_DHAMRA,PANAMAX,COA_3M,11.13,2.0,210000,SCENARIO
2026-08-11,KALIMANTAN_ID_DHAMRA,PANAMAX,COA_6M,11.46,5.0,420000,SCENARIO
2026-08-11,KALIMANTAN_ID_DHAMRA,PANAMAX,COA_12M,11.78,8.0,840000,SCENARIO
2026-08-11,KALIMANTAN_ID_DHAMRA,PANAMAX,SPOT,11.4,0.0,70000,SCENARIO
2026-08-11,KALIMANTAN_ID_DHAMRA,PANAMAX,COA_3M,11.63,2.0,210000,SCENARIO
2026-08-11,KALIMANTAN_ID_DHAMRA,PANAMAX,COA_6M,11.97,5.0,420000,SCENARIO
2026-08-11,KALIMANTAN_ID_DHAMRA,PANAMAX,COA_12M,12.31,8.0,840000,SCENARIO
2026-08-11,KALIMANTAN_ID_DHAMRA,SUPRAMAX,SPOT,12.9,0.0,50000,SCENARIO
2026-08-11,KALIMANTAN_ID_DHAMRA,SUPRAMAX,COA_3M,13.16,2.0,150000,SCENARIO
2026-08-11,KALIMANTAN_ID_DHAMRA,SUPRAMAX,COA_6M,13.55,5.0,300000,SCENARIO
2026-08-11,KALIMANTAN_ID_DHAMRA,SUPRAMAX,COA_12M,13.93,8.0,600000,SCENARIO
2026-08-11,KALIMANTAN_ID_GANGAVARAM,HANDYSIZE,SPOT,15.11,0.0,32000,SCENARIO
2026-08-11,KALIMANTAN_ID_GANGAVARAM,HANDYSIZE,COA_3M,15.41,2.0,96000,SCENARIO
2026-08-11,KALIMANTAN_ID_GANGAVARAM,HANDYSIZE,COA_6M,15.87,5.0,192000,SCENARIO
2026-08-11,KALIMANTAN_ID_GANGAVARAM,HANDYSIZE,COA_12M,16.32,8.0,384000,SCENARIO
2026-08-11,KALIMANTAN_ID_GANGAVARAM,PANAMAX,SPOT,10.55,0.0,70000,SCENARIO
2026-08-11,KALIMANTAN_ID_GANGAVARAM,PANAMAX,COA_3M,10.76,2.0,210000,SCENARIO
2026-08-11,KALIMANTAN_ID_GANGAVARAM,PANAMAX,COA_6M,11.08,5.0,420000,SCENARIO
2026-08-11,KALIMANTAN_ID_GANGAVARAM,PANAMAX,COA_12M,11.39,8.0,840000,SCENARIO
2026-08-11,KALIMANTAN_ID_GANGAVARAM,PANAMAX,SPOT,11.03,0.0,70000,SCENARIO
2026-08-11,KALIMANTAN_ID_GANGAVARAM,PANAMAX,COA_3M,11.25,2.0,210000,SCENARIO
2026-08-11,KALIMANTAN_ID_GANGAVARAM,PANAMAX,COA_6M,11.58,5.0,420000,SCENARIO
2026-08-11,KALIMANTAN_ID_GANGAVARAM,PANAMAX,COA_12M,11.91,8.0,840000,SCENARIO
2026-08-11,KALIMANTAN_ID_GANGAVARAM,SUPRAMAX,SPOT,12.47,0.0,50000,SCENARIO
2026-08-11,KALIMANTAN_ID_GANGAVARAM,SUPRAMAX,COA_3M,12.72,2.0,150000,SCENARIO
2026-08-11,KALIMANTAN_ID_GANGAVARAM,SUPRAMAX,COA_6M,13.09,5.0,300000,SCENARIO
2026-08-11,KALIMANTAN_ID_GANGAVARAM,SUPRAMAX,COA_12M,13.47,8.0,600000,SCENARIO
2026-08-11,KALIMANTAN_ID_GOPALPUR,HANDYSIZE,SPOT,15.7,0.0,32000,SCENARIO
2026-08-11,KALIMANTAN_ID_GOPALPUR,HANDYSIZE,COA_3M,16.01,2.0,96000,SCENARIO
2026-08-11,KALIMANTAN_ID_GOPALPUR,HANDYSIZE,COA_6M,16.48,5.0,192000,SCENARIO
2026-08-11,KALIMANTAN_ID_GOPALPUR,HANDYSIZE,COA_12M,16.96,8.0,384000,SCENARIO
2026-08-11,KALIMANTAN_ID_GOPALPUR,PANAMAX,SPOT,11.44,0.0,70000,SCENARIO
2026-08-11,KALIMANTAN_ID_GOPALPUR,PANAMAX,COA_3M,11.67,2.0,210000,SCENARIO
2026-08-11,KALIMANTAN_ID_GOPALPUR,PANAMAX,COA_6M,12.01,5.0,420000,SCENARIO
2026-08-11,KALIMANTAN_ID_GOPALPUR,PANAMAX,COA_12M,12.36,8.0,840000,SCENARIO
2026-08-11,KALIMANTAN_ID_GOPALPUR,SUPRAMAX,SPOT,12.97,0.0,50000,SCENARIO
2026-08-11,KALIMANTAN_ID_GOPALPUR,SUPRAMAX,COA_3M,13.23,2.0,150000,SCENARIO
2026-08-11,KALIMANTAN_ID_GOPALPUR,SUPRAMAX,COA_6M,13.62,5.0,300000,SCENARIO
2026-08-11,KALIMANTAN_ID_GOPALPUR,SUPRAMAX,COA_12M,14.01,8.0,600000,SCENARIO
2026-08-11,KALIMANTAN_ID_PARADIP,HANDYSIZE,SPOT,15.79,0.0,32000,SCENARIO
2026-08-11,KALIMANTAN_ID_PARADIP,HANDYSIZE,COA_3M,16.11,2.0,96000,SCENARIO
2026-08-11,KALIMANTAN_ID_PARADIP,HANDYSIZE,COA_6M,16.58,5.0,192000,SCENARIO
2026-08-11,KALIMANTAN_ID_PARADIP,HANDYSIZE,COA_12M,17.05,8.0,384000,SCENARIO
2026-08-11,KALIMANTAN_ID_PARADIP,PANAMAX,SPOT,11.01,0.0,70000,SCENARIO
2026-08-11,KALIMANTAN_ID_PARADIP,PANAMAX,COA_3M,11.23,2.0,210000,SCENARIO
2026-08-11,KALIMANTAN_ID_PARADIP,PANAMAX,COA_6M,11.56,5.0,420000,SCENARIO
2026-08-11,KALIMANTAN_ID_PARADIP,PANAMAX,COA_12M,11.89,8.0,840000,SCENARIO
2026-08-11,KALIMANTAN_ID_PARADIP,PANAMAX,SPOT,11.5,0.0,70000,SCENARIO
2026-08-11,KALIMANTAN_ID_PARADIP,PANAMAX,COA_3M,11.73,2.0,210000,SCENARIO
2026-08-11,KALIMANTAN_ID_PARADIP,PANAMAX,COA_6M,12.08,5.0,420000,SCENARIO
2026-08-11,KALIMANTAN_ID_PARADIP,PANAMAX,COA_12M,12.42,8.0,840000,SCENARIO
2026-08-11,KALIMANTAN_ID_PARADIP,SUPRAMAX,SPOT,13.03,0.0,50000,SCENARIO
2026-08-11,KALIMANTAN_ID_PARADIP,SUPRAMAX,COA_3M,13.29,2.0,150000,SCENARIO
2026-08-11,KALIMANTAN_ID_PARADIP,SUPRAMAX,COA_6M,13.68,5.0,300000,SCENARIO
2026-08-11,KALIMANTAN_ID_PARADIP,SUPRAMAX,COA_12M,14.07,8.0,600000,SCENARIO
2026-08-11,KALIMANTAN_ID_SANDHEADS,HANDYSIZE,SPOT,16.55,0.0,32000,SCENARIO
2026-08-11,KALIMANTAN_ID_SANDHEADS,HANDYSIZE,COA_3M,16.88,2.0,96000,SCENARIO
2026-08-11,KALIMANTAN_ID_SANDHEADS,HANDYSIZE,COA_6M,17.38,5.0,192000,SCENARIO
2026-08-11,KALIMANTAN_ID_SANDHEADS,HANDYSIZE,COA_12M,17.87,8.0,384000,SCENARIO
2026-08-11,KALIMANTAN_ID_SANDHEADS,PANAMAX,SPOT,11.52,0.0,70000,SCENARIO
2026-08-11,KALIMANTAN_ID_SANDHEADS,PANAMAX,COA_3M,11.75,2.0,210000,SCENARIO
2026-08-11,KALIMANTAN_ID_SANDHEADS,PANAMAX,COA_6M,12.1,5.0,420000,SCENARIO
2026-08-11,KALIMANTAN_ID_SANDHEADS,PANAMAX,COA_12M,12.44,8.0,840000,SCENARIO
2026-08-11,KALIMANTAN_ID_SANDHEADS,PANAMAX,SPOT,12.03,0.0,70000,SCENARIO
2026-08-11,KALIMANTAN_ID_SANDHEADS,PANAMAX,COA_3M,12.27,2.0,210000,SCENARIO
2026-08-11,KALIMANTAN_ID_SANDHEADS,PANAMAX,COA_6M,12.63,5.0,420000,SCENARIO
2026-08-11,KALIMANTAN_ID_SANDHEADS,PANAMAX,COA_12M,12.99,8.0,840000,SCENARIO
2026-08-11,KALIMANTAN_ID_SANDHEADS,SUPRAMAX,SPOT,13.66,0.0,50000,SCENARIO
2026-08-11,KALIMANTAN_ID_SANDHEADS,SUPRAMAX,COA_3M,13.93,2.0,150000,SCENARIO
2026-08-11,KALIMANTAN_ID_SANDHEADS,SUPRAMAX,COA_6M,14.34,5.0,300000,SCENARIO
2026-08-11,KALIMANTAN_ID_SANDHEADS,SUPRAMAX,COA_12M,14.75,8.0,600000,SCENARIO
2026-08-11,KALIMANTAN_ID_VIZAG,HANDYSIZE,SPOT,15.56,0.0,32000,SCENARIO
2026-08-11,KALIMANTAN_ID_VIZAG,HANDYSIZE,COA_3M,15.87,2.0,96000,SCENARIO
2026-08-11,KALIMANTAN_ID_VIZAG,HANDYSIZE,COA_6M,16.34,5.0,192000,SCENARIO
2026-08-11,KALIMANTAN_ID_VIZAG,HANDYSIZE,COA_12M,16.8,8.0,384000,SCENARIO
2026-08-11,KALIMANTAN_ID_VIZAG,PANAMAX,SPOT,10.86,0.0,70000,SCENARIO
2026-08-11,KALIMANTAN_ID_VIZAG,PANAMAX,COA_3M,11.08,2.0,210000,SCENARIO
2026-08-11,KALIMANTAN_ID_VIZAG,PANAMAX,COA_6M,11.4,5.0,420000,SCENARIO
2026-08-11,KALIMANTAN_ID_VIZAG,PANAMAX,COA_12M,11.73,8.0,840000,SCENARIO
2026-08-11,KALIMANTAN_ID_VIZAG,PANAMAX,SPOT,11.35,0.0,70000,SCENARIO
2026-08-11,KALIMANTAN_ID_VIZAG,PANAMAX,COA_3M,11.58,2.0,210000,SCENARIO
2026-08-11,KALIMANTAN_ID_VIZAG,PANAMAX,COA_6M,11.92,5.0,420000,SCENARIO
2026-08-11,KALIMANTAN_ID_VIZAG,PANAMAX,COA_12M,12.26,8.0,840000,SCENARIO
2026-08-11,KALIMANTAN_ID_VIZAG,SUPRAMAX,SPOT,12.86,0.0,50000,SCENARIO
2026-08-11,KALIMANTAN_ID_VIZAG,SUPRAMAX,COA_3M,13.12,2.0,150000,SCENARIO
2026-08-11,KALIMANTAN_ID_VIZAG,SUPRAMAX,COA_6M,13.5,5.0,300000,SCENARIO
2026-08-11,KALIMANTAN_ID_VIZAG,SUPRAMAX,COA_12M,13.89,8.0,600000,SCENARIO
2026-08-11,MAPUTO_MZ_PARADIP,HANDYSIZE,SPOT,22.48,0.0,32000,SCENARIO
2026-08-11,MAPUTO_MZ_PARADIP,HANDYSIZE,COA_3M,22.93,2.0,96000,SCENARIO
2026-08-11,MAPUTO_MZ_PARADIP,HANDYSIZE,COA_6M,23.6,5.0,192000,SCENARIO
2026-08-11,MAPUTO_MZ_PARADIP,HANDYSIZE,COA_12M,24.28,8.0,384000,SCENARIO
2026-08-11,MAPUTO_MZ_PARADIP,PANAMAX,SPOT,15.52,0.0,70000,SCENARIO
2026-08-11,MAPUTO_MZ_PARADIP,PANAMAX,COA_3M,15.83,2.0,210000,SCENARIO
2026-08-11,MAPUTO_MZ_PARADIP,PANAMAX,COA_6M,16.3,5.0,420000,SCENARIO
2026-08-11,MAPUTO_MZ_PARADIP,PANAMAX,COA_12M,16.76,8.0,840000,SCENARIO
2026-08-11,MAPUTO_MZ_PARADIP,PANAMAX,SPOT,16.16,0.0,70000,SCENARIO
2026-08-11,MAPUTO_MZ_PARADIP,PANAMAX,COA_3M,16.48,2.0,210000,SCENARIO
2026-08-11,MAPUTO_MZ_PARADIP,PANAMAX,COA_6M,16.97,5.0,420000,SCENARIO
2026-08-11,MAPUTO_MZ_PARADIP,PANAMAX,COA_12M,17.45,8.0,840000,SCENARIO
2026-08-11,MAPUTO_MZ_PARADIP,SUPRAMAX,SPOT,18.44,0.0,50000,SCENARIO
2026-08-11,MAPUTO_MZ_PARADIP,SUPRAMAX,COA_3M,18.81,2.0,150000,SCENARIO
2026-08-11,MAPUTO_MZ_PARADIP,SUPRAMAX,COA_6M,19.36,5.0,300000,SCENARIO
2026-08-11,MAPUTO_MZ_PARADIP,SUPRAMAX,COA_12M,19.92,8.0,600000,SCENARIO
2026-08-11,MAPUTO_MZ_VIZAG,HANDYSIZE,SPOT,21.77,0.0,32000,SCENARIO
2026-08-11,MAPUTO_MZ_VIZAG,HANDYSIZE,COA_3M,22.21,2.0,96000,SCENARIO
2026-08-11,MAPUTO_MZ_VIZAG,HANDYSIZE,COA_6M,22.86,5.0,192000,SCENARIO
2026-08-11,MAPUTO_MZ_VIZAG,HANDYSIZE,COA_12M,23.51,8.0,384000,SCENARIO
2026-08-11,MAPUTO_MZ_VIZAG,PANAMAX,SPOT,15.04,0.0,70000,SCENARIO
2026-08-11,MAPUTO_MZ_VIZAG,PANAMAX,COA_3M,15.34,2.0,210000,SCENARIO
2026-08-11,MAPUTO_MZ_VIZAG,PANAMAX,COA_6M,15.79,5.0,420000,SCENARIO
2026-08-11,MAPUTO_MZ_VIZAG,PANAMAX,COA_12M,16.24,8.0,840000,SCENARIO
2026-08-11,MAPUTO_MZ_VIZAG,PANAMAX,SPOT,15.66,0.0,70000,SCENARIO
2026-08-11,MAPUTO_MZ_VIZAG,PANAMAX,COA_3M,15.97,2.0,210000,SCENARIO
2026-08-11,MAPUTO_MZ_VIZAG,PANAMAX,COA_6M,16.44,5.0,420000,SCENARIO
2026-08-11,MAPUTO_MZ_VIZAG,PANAMAX,COA_12M,16.91,8.0,840000,SCENARIO
2026-08-11,MAPUTO_MZ_VIZAG,SUPRAMAX,SPOT,17.87,0.0,50000,SCENARIO
2026-08-11,MAPUTO_MZ_VIZAG,SUPRAMAX,COA_3M,18.23,2.0,150000,SCENARIO
2026-08-11,MAPUTO_MZ_VIZAG,SUPRAMAX,COA_6M,18.76,5.0,300000,SCENARIO
2026-08-11,MAPUTO_MZ_VIZAG,SUPRAMAX,COA_12M,19.3,8.0,600000,SCENARIO
2026-08-11,NEWCASTLE_AU_DHAMRA,HANDYSIZE,SPOT,30.63,0.0,32000,SCENARIO
2026-08-11,NEWCASTLE_AU_DHAMRA,HANDYSIZE,COA_3M,31.24,2.0,96000,SCENARIO
2026-08-11,NEWCASTLE_AU_DHAMRA,HANDYSIZE,COA_6M,32.16,5.0,192000,SCENARIO
2026-08-11,NEWCASTLE_AU_DHAMRA,HANDYSIZE,COA_12M,33.08,8.0,384000,SCENARIO
2026-08-11,NEWCASTLE_AU_DHAMRA,PANAMAX,SPOT,21.02,0.0,70000,SCENARIO
2026-08-11,NEWCASTLE_AU_DHAMRA,PANAMAX,COA_3M,21.44,2.0,210000,SCENARIO
2026-08-11,NEWCASTLE_AU_DHAMRA,PANAMAX,COA_6M,22.07,5.0,420000,SCENARIO
2026-08-11,NEWCASTLE_AU_DHAMRA,PANAMAX,COA_12M,22.7,8.0,840000,SCENARIO
2026-08-11,NEWCASTLE_AU_DHAMRA,PANAMAX,SPOT,21.83,0.0,70000,SCENARIO
2026-08-11,NEWCASTLE_AU_DHAMRA,PANAMAX,COA_3M,22.27,2.0,210000,SCENARIO
2026-08-11,NEWCASTLE_AU_DHAMRA,PANAMAX,COA_6M,22.92,5.0,420000,SCENARIO
2026-08-11,NEWCASTLE_AU_DHAMRA,PANAMAX,COA_12M,23.58,8.0,840000,SCENARIO
2026-08-11,NEWCASTLE_AU_DHAMRA,SUPRAMAX,SPOT,25.02,0.0,50000,SCENARIO
2026-08-11,NEWCASTLE_AU_DHAMRA,SUPRAMAX,COA_3M,25.52,2.0,150000,SCENARIO
2026-08-11,NEWCASTLE_AU_DHAMRA,SUPRAMAX,COA_6M,26.27,5.0,300000,SCENARIO
2026-08-11,NEWCASTLE_AU_DHAMRA,SUPRAMAX,COA_12M,27.02,8.0,600000,SCENARIO
2026-08-11,NEWCASTLE_AU_GANGAVARAM,HANDYSIZE,SPOT,30.32,0.0,32000,SCENARIO
2026-08-11,NEWCASTLE_AU_GANGAVARAM,HANDYSIZE,COA_3M,30.93,2.0,96000,SCENARIO
2026-08-11,NEWCASTLE_AU_GANGAVARAM,HANDYSIZE,COA_6M,31.84,5.0,192000,SCENARIO
2026-08-11,NEWCASTLE_AU_GANGAVARAM,HANDYSIZE,COA_12M,32.75,8.0,384000,SCENARIO
2026-08-11,NEWCASTLE_AU_GANGAVARAM,PANAMAX,SPOT,20.81,0.0,70000,SCENARIO
2026-08-11,NEWCASTLE_AU_GANGAVARAM,PANAMAX,COA_3M,21.23,2.0,210000,SCENARIO
2026-08-11,NEWCASTLE_AU_GANGAVARAM,PANAMAX,COA_6M,21.85,5.0,420000,SCENARIO
2026-08-11,NEWCASTLE_AU_GANGAVARAM,PANAMAX,COA_12M,22.47,8.0,840000,SCENARIO
2026-08-11,NEWCASTLE_AU_GANGAVARAM,PANAMAX,SPOT,21.61,0.0,70000,SCENARIO
2026-08-11,NEWCASTLE_AU_GANGAVARAM,PANAMAX,COA_3M,22.04,2.0,210000,SCENARIO
2026-08-11,NEWCASTLE_AU_GANGAVARAM,PANAMAX,COA_6M,22.69,5.0,420000,SCENARIO
2026-08-11,NEWCASTLE_AU_GANGAVARAM,PANAMAX,COA_12M,23.34,8.0,840000,SCENARIO
2026-08-11,NEWCASTLE_AU_GANGAVARAM,SUPRAMAX,SPOT,24.77,0.0,50000,SCENARIO
2026-08-11,NEWCASTLE_AU_GANGAVARAM,SUPRAMAX,COA_3M,25.27,2.0,150000,SCENARIO
2026-08-11,NEWCASTLE_AU_GANGAVARAM,SUPRAMAX,COA_6M,26.01,5.0,300000,SCENARIO
2026-08-11,NEWCASTLE_AU_GANGAVARAM,SUPRAMAX,COA_12M,26.75,8.0,600000,SCENARIO
2026-08-11,NEWCASTLE_AU_GOPALPUR,HANDYSIZE,SPOT,30.79,0.0,32000,SCENARIO
2026-08-11,NEWCASTLE_AU_GOPALPUR,HANDYSIZE,COA_3M,31.41,2.0,96000,SCENARIO
2026-08-11,NEWCASTLE_AU_GOPALPUR,HANDYSIZE,COA_6M,32.33,5.0,192000,SCENARIO
2026-08-11,NEWCASTLE_AU_GOPALPUR,HANDYSIZE,COA_12M,33.25,8.0,384000,SCENARIO
2026-08-11,NEWCASTLE_AU_GOPALPUR,PANAMAX,SPOT,21.94,0.0,70000,SCENARIO
2026-08-11,NEWCASTLE_AU_GOPALPUR,PANAMAX,COA_3M,22.38,2.0,210000,SCENARIO
2026-08-11,NEWCASTLE_AU_GOPALPUR,PANAMAX,COA_6M,23.04,5.0,420000,SCENARIO
2026-08-11,NEWCASTLE_AU_GOPALPUR,PANAMAX,COA_12M,23.7,8.0,840000,SCENARIO
2026-08-11,NEWCASTLE_AU_GOPALPUR,SUPRAMAX,SPOT,25.16,0.0,50000,SCENARIO
2026-08-11,NEWCASTLE_AU_GOPALPUR,SUPRAMAX,COA_3M,25.66,2.0,150000,SCENARIO
2026-08-11,NEWCASTLE_AU_GOPALPUR,SUPRAMAX,COA_6M,26.42,5.0,300000,SCENARIO
2026-08-11,NEWCASTLE_AU_GOPALPUR,SUPRAMAX,COA_12M,27.17,8.0,600000,SCENARIO
2026-08-11,NEWCASTLE_AU_PARADIP,HANDYSIZE,SPOT,30.75,0.0,32000,SCENARIO
2026-08-11,NEWCASTLE_AU_PARADIP,HANDYSIZE,COA_3M,31.37,2.0,96000,SCENARIO
2026-08-11,NEWCASTLE_AU_PARADIP,HANDYSIZE,COA_6M,32.29,5.0,192000,SCENARIO
2026-08-11,NEWCASTLE_AU_PARADIP,HANDYSIZE,COA_12M,33.21,8.0,384000,SCENARIO
2026-08-11,NEWCASTLE_AU_PARADIP,PANAMAX,SPOT,21.1,0.0,70000,SCENARIO
2026-08-11,NEWCASTLE_AU_PARADIP,PANAMAX,COA_3M,21.52,2.0,210000,SCENARIO
2026-08-11,NEWCASTLE_AU_PARADIP,PANAMAX,COA_6M,22.16,5.0,420000,SCENARIO
2026-08-11,NEWCASTLE_AU_PARADIP,PANAMAX,COA_12M,22.79,8.0,840000,SCENARIO
2026-08-11,NEWCASTLE_AU_PARADIP,PANAMAX,SPOT,21.91,0.0,70000,SCENARIO
2026-08-11,NEWCASTLE_AU_PARADIP,PANAMAX,COA_3M,22.35,2.0,210000,SCENARIO
2026-08-11,NEWCASTLE_AU_PARADIP,PANAMAX,COA_6M,23.01,5.0,420000,SCENARIO
2026-08-11,NEWCASTLE_AU_PARADIP,PANAMAX,COA_12M,23.66,8.0,840000,SCENARIO
2026-08-11,NEWCASTLE_AU_PARADIP,SUPRAMAX,SPOT,25.12,0.0,50000,SCENARIO
2026-08-11,NEWCASTLE_AU_PARADIP,SUPRAMAX,COA_3M,25.62,2.0,150000,SCENARIO
2026-08-11,NEWCASTLE_AU_PARADIP,SUPRAMAX,COA_6M,26.38,5.0,300000,SCENARIO
2026-08-11,NEWCASTLE_AU_PARADIP,SUPRAMAX,COA_12M,27.13,8.0,600000,SCENARIO
2026-08-11,NEWCASTLE_AU_SANDHEADS,HANDYSIZE,SPOT,31.49,0.0,32000,SCENARIO
2026-08-11,NEWCASTLE_AU_SANDHEADS,HANDYSIZE,COA_3M,32.12,2.0,96000,SCENARIO
2026-08-11,NEWCASTLE_AU_SANDHEADS,HANDYSIZE,COA_6M,33.06,5.0,192000,SCENARIO
2026-08-11,NEWCASTLE_AU_SANDHEADS,HANDYSIZE,COA_12M,34.01,8.0,384000,SCENARIO
2026-08-11,NEWCASTLE_AU_SANDHEADS,PANAMAX,SPOT,21.6,0.0,70000,SCENARIO
2026-08-11,NEWCASTLE_AU_SANDHEADS,PANAMAX,COA_3M,22.03,2.0,210000,SCENARIO
2026-08-11,NEWCASTLE_AU_SANDHEADS,PANAMAX,COA_6M,22.68,5.0,420000,SCENARIO
2026-08-11,NEWCASTLE_AU_SANDHEADS,PANAMAX,COA_12M,23.33,8.0,840000,SCENARIO
2026-08-11,NEWCASTLE_AU_SANDHEADS,PANAMAX,SPOT,22.43,0.0,70000,SCENARIO
2026-08-11,NEWCASTLE_AU_SANDHEADS,PANAMAX,COA_3M,22.88,2.0,210000,SCENARIO
2026-08-11,NEWCASTLE_AU_SANDHEADS,PANAMAX,COA_6M,23.55,5.0,420000,SCENARIO
2026-08-11,NEWCASTLE_AU_SANDHEADS,PANAMAX,COA_12M,24.22,8.0,840000,SCENARIO
2026-08-11,NEWCASTLE_AU_SANDHEADS,SUPRAMAX,SPOT,25.74,0.0,50000,SCENARIO
2026-08-11,NEWCASTLE_AU_SANDHEADS,SUPRAMAX,COA_3M,26.25,2.0,150000,SCENARIO
2026-08-11,NEWCASTLE_AU_SANDHEADS,SUPRAMAX,COA_6M,27.03,5.0,300000,SCENARIO
2026-08-11,NEWCASTLE_AU_SANDHEADS,SUPRAMAX,COA_12M,27.8,8.0,600000,SCENARIO
2026-08-11,NEWCASTLE_AU_VIZAG,HANDYSIZE,SPOT,30.78,0.0,32000,SCENARIO
2026-08-11,NEWCASTLE_AU_VIZAG,HANDYSIZE,COA_3M,31.4,2.0,96000,SCENARIO
2026-08-11,NEWCASTLE_AU_VIZAG,HANDYSIZE,COA_6M,32.32,5.0,192000,SCENARIO
2026-08-11,NEWCASTLE_AU_VIZAG,HANDYSIZE,COA_12M,33.24,8.0,384000,SCENARIO
2026-08-11,NEWCASTLE_AU_VIZAG,PANAMAX,SPOT,21.11,0.0,70000,SCENARIO
2026-08-11,NEWCASTLE_AU_VIZAG,PANAMAX,COA_3M,21.53,2.0,210000,SCENARIO
2026-08-11,NEWCASTLE_AU_VIZAG,PANAMAX,COA_6M,22.17,5.0,420000,SCENARIO
2026-08-11,NEWCASTLE_AU_VIZAG,PANAMAX,COA_12M,22.8,8.0,840000,SCENARIO
2026-08-11,NEWCASTLE_AU_VIZAG,PANAMAX,SPOT,21.93,0.0,70000,SCENARIO
2026-08-11,NEWCASTLE_AU_VIZAG,PANAMAX,COA_3M,22.37,2.0,210000,SCENARIO
2026-08-11,NEWCASTLE_AU_VIZAG,PANAMAX,COA_6M,23.03,5.0,420000,SCENARIO
2026-08-11,NEWCASTLE_AU_VIZAG,PANAMAX,COA_12M,23.68,8.0,840000,SCENARIO
2026-08-11,NEWCASTLE_AU_VIZAG,SUPRAMAX,SPOT,25.15,0.0,50000,SCENARIO
2026-08-11,NEWCASTLE_AU_VIZAG,SUPRAMAX,COA_3M,25.65,2.0,150000,SCENARIO
2026-08-11,NEWCASTLE_AU_VIZAG,SUPRAMAX,COA_6M,26.41,5.0,300000,SCENARIO
2026-08-11,NEWCASTLE_AU_VIZAG,SUPRAMAX,COA_12M,27.16,8.0,600000,SCENARIO
2026-08-11,NORFOLK_US_PARADIP,HANDYSIZE,SPOT,53.63,0.0,32000,SCENARIO
2026-08-11,NORFOLK_US_PARADIP,HANDYSIZE,COA_3M,54.7,2.0,96000,SCENARIO
2026-08-11,NORFOLK_US_PARADIP,HANDYSIZE,COA_6M,56.31,5.0,192000,SCENARIO
2026-08-11,NORFOLK_US_PARADIP,HANDYSIZE,COA_12M,57.92,8.0,384000,SCENARIO
2026-08-11,NORFOLK_US_PARADIP,PANAMAX,SPOT,36.52,0.0,70000,SCENARIO
2026-08-11,NORFOLK_US_PARADIP,PANAMAX,COA_3M,37.25,2.0,210000,SCENARIO
2026-08-11,NORFOLK_US_PARADIP,PANAMAX,COA_6M,38.35,5.0,420000,SCENARIO
2026-08-11,NORFOLK_US_PARADIP,PANAMAX,COA_12M,39.44,8.0,840000,SCENARIO
2026-08-11,NORFOLK_US_PARADIP,PANAMAX,SPOT,37.83,0.0,70000,SCENARIO
2026-08-11,NORFOLK_US_PARADIP,PANAMAX,COA_3M,38.59,2.0,210000,SCENARIO
2026-08-11,NORFOLK_US_PARADIP,PANAMAX,COA_6M,39.72,5.0,420000,SCENARIO
2026-08-11,NORFOLK_US_PARADIP,PANAMAX,COA_12M,40.86,8.0,840000,SCENARIO
2026-08-11,NORFOLK_US_PARADIP,SUPRAMAX,SPOT,43.61,0.0,50000,SCENARIO
2026-08-11,NORFOLK_US_PARADIP,SUPRAMAX,COA_3M,44.48,2.0,150000,SCENARIO
2026-08-11,NORFOLK_US_PARADIP,SUPRAMAX,COA_6M,45.79,5.0,300000,SCENARIO
2026-08-11,NORFOLK_US_PARADIP,SUPRAMAX,COA_12M,47.1,8.0,600000,SCENARIO
2026-08-11,NORFOLK_US_VIZAG,HANDYSIZE,SPOT,52.92,0.0,32000,SCENARIO
2026-08-11,NORFOLK_US_VIZAG,HANDYSIZE,COA_3M,53.98,2.0,96000,SCENARIO
2026-08-11,NORFOLK_US_VIZAG,HANDYSIZE,COA_6M,55.57,5.0,192000,SCENARIO
2026-08-11,NORFOLK_US_VIZAG,HANDYSIZE,COA_12M,57.15,8.0,384000,SCENARIO
2026-08-11,NORFOLK_US_VIZAG,PANAMAX,SPOT,36.04,0.0,70000,SCENARIO
2026-08-11,NORFOLK_US_VIZAG,PANAMAX,COA_3M,36.76,2.0,210000,SCENARIO
2026-08-11,NORFOLK_US_VIZAG,PANAMAX,COA_6M,37.84,5.0,420000,SCENARIO
2026-08-11,NORFOLK_US_VIZAG,PANAMAX,COA_12M,38.92,8.0,840000,SCENARIO
2026-08-11,NORFOLK_US_VIZAG,PANAMAX,SPOT,37.34,0.0,70000,SCENARIO
2026-08-11,NORFOLK_US_VIZAG,PANAMAX,COA_3M,38.09,2.0,210000,SCENARIO
2026-08-11,NORFOLK_US_VIZAG,PANAMAX,COA_6M,39.21,5.0,420000,SCENARIO
2026-08-11,NORFOLK_US_VIZAG,PANAMAX,COA_12M,40.33,8.0,840000,SCENARIO
2026-08-11,NORFOLK_US_VIZAG,SUPRAMAX,SPOT,43.05,0.0,50000,SCENARIO
2026-08-11,NORFOLK_US_VIZAG,SUPRAMAX,COA_3M,43.91,2.0,150000,SCENARIO
2026-08-11,NORFOLK_US_VIZAG,SUPRAMAX,COA_6M,45.2,5.0,300000,SCENARIO
2026-08-11,NORFOLK_US_VIZAG,SUPRAMAX,COA_12M,46.49,8.0,600000,SCENARIO
2026-08-11,VOSTOCHNY_RU_PARADIP,HANDYSIZE,SPOT,29.78,0.0,32000,SCENARIO
2026-08-11,VOSTOCHNY_RU_PARADIP,HANDYSIZE,COA_3M,30.38,2.0,96000,SCENARIO
2026-08-11,VOSTOCHNY_RU_PARADIP,HANDYSIZE,COA_6M,31.27,5.0,192000,SCENARIO
2026-08-11,VOSTOCHNY_RU_PARADIP,HANDYSIZE,COA_12M,32.16,8.0,384000,SCENARIO
2026-08-11,VOSTOCHNY_RU_PARADIP,PANAMAX,SPOT,20.44,0.0,70000,SCENARIO
2026-08-11,VOSTOCHNY_RU_PARADIP,PANAMAX,COA_3M,20.85,2.0,210000,SCENARIO
2026-08-11,VOSTOCHNY_RU_PARADIP,PANAMAX,COA_6M,21.46,5.0,420000,SCENARIO
2026-08-11,VOSTOCHNY_RU_PARADIP,PANAMAX,COA_12M,22.08,8.0,840000,SCENARIO
2026-08-11,VOSTOCHNY_RU_PARADIP,PANAMAX,SPOT,21.24,0.0,70000,SCENARIO
2026-08-11,VOSTOCHNY_RU_PARADIP,PANAMAX,COA_3M,21.66,2.0,210000,SCENARIO
2026-08-11,VOSTOCHNY_RU_PARADIP,PANAMAX,COA_6M,22.3,5.0,420000,SCENARIO
2026-08-11,VOSTOCHNY_RU_PARADIP,PANAMAX,COA_12M,22.94,8.0,840000,SCENARIO
2026-08-11,VOSTOCHNY_RU_PARADIP,SUPRAMAX,SPOT,24.34,0.0,50000,SCENARIO
2026-08-11,VOSTOCHNY_RU_PARADIP,SUPRAMAX,COA_3M,24.83,2.0,150000,SCENARIO
2026-08-11,VOSTOCHNY_RU_PARADIP,SUPRAMAX,COA_6M,25.56,5.0,300000,SCENARIO
2026-08-11,VOSTOCHNY_RU_PARADIP,SUPRAMAX,COA_12M,26.29,8.0,600000,SCENARIO
2026-08-11,VOSTOCHNY_RU_VIZAG,HANDYSIZE,SPOT,29.56,0.0,32000,SCENARIO
2026-08-11,VOSTOCHNY_RU_VIZAG,HANDYSIZE,COA_3M,30.15,2.0,96000,SCENARIO
2026-08-11,VOSTOCHNY_RU_VIZAG,HANDYSIZE,COA_6M,31.04,5.0,192000,SCENARIO
2026-08-11,VOSTOCHNY_RU_VIZAG,HANDYSIZE,COA_12M,31.92,8.0,384000,SCENARIO
2026-08-11,VOSTOCHNY_RU_VIZAG,PANAMAX,SPOT,20.29,0.0,70000,SCENARIO
2026-08-11,VOSTOCHNY_RU_VIZAG,PANAMAX,COA_3M,20.7,2.0,210000,SCENARIO
2026-08-11,VOSTOCHNY_RU_VIZAG,PANAMAX,COA_6M,21.3,5.0,420000,SCENARIO
2026-08-11,VOSTOCHNY_RU_VIZAG,PANAMAX,COA_12M,21.91,8.0,840000,SCENARIO
2026-08-11,VOSTOCHNY_RU_VIZAG,PANAMAX,SPOT,21.08,0.0,70000,SCENARIO
2026-08-11,VOSTOCHNY_RU_VIZAG,PANAMAX,COA_3M,21.5,2.0,210000,SCENARIO
2026-08-11,VOSTOCHNY_RU_VIZAG,PANAMAX,COA_6M,22.13,5.0,420000,SCENARIO
2026-08-11,VOSTOCHNY_RU_VIZAG,PANAMAX,COA_12M,22.77,8.0,840000,SCENARIO
2026-08-11,VOSTOCHNY_RU_VIZAG,SUPRAMAX,SPOT,24.17,0.0,50000,SCENARIO
2026-08-11,VOSTOCHNY_RU_VIZAG,SUPRAMAX,COA_3M,24.65,2.0,150000,SCENARIO
2026-08-11,VOSTOCHNY_RU_VIZAG,SUPRAMAX,COA_6M,25.38,5.0,300000,SCENARIO
2026-08-11,VOSTOCHNY_RU_VIZAG,SUPRAMAX,COA_12M,26.1,8.0,600000,SCENARIO
2026-08-12,KALIMANTAN_ID_DHAMRA,HANDYSIZE,SPOT,15.56,0.0,32000,SCENARIO
2026-08-12,KALIMANTAN_ID_DHAMRA,HANDYSIZE,COA_3M,15.87,2.0,96000,SCENARIO
2026-08-12,KALIMANTAN_ID_DHAMRA,HANDYSIZE,COA_6M,16.34,5.0,192000,SCENARIO
2026-08-12,KALIMANTAN_ID_DHAMRA,HANDYSIZE,COA_12M,16.8,8.0,384000,SCENARIO
2026-08-12,KALIMANTAN_ID_DHAMRA,PANAMAX,SPOT,10.85,0.0,70000,SCENARIO
2026-08-12,KALIMANTAN_ID_DHAMRA,PANAMAX,COA_3M,11.07,2.0,210000,SCENARIO
2026-08-12,KALIMANTAN_ID_DHAMRA,PANAMAX,COA_6M,11.39,5.0,420000,SCENARIO
2026-08-12,KALIMANTAN_ID_DHAMRA,PANAMAX,COA_12M,11.72,8.0,840000,SCENARIO
2026-08-12,KALIMANTAN_ID_DHAMRA,PANAMAX,SPOT,11.34,0.0,70000,SCENARIO
2026-08-12,KALIMANTAN_ID_DHAMRA,PANAMAX,COA_3M,11.57,2.0,210000,SCENARIO
2026-08-12,KALIMANTAN_ID_DHAMRA,PANAMAX,COA_6M,11.91,5.0,420000,SCENARIO
2026-08-12,KALIMANTAN_ID_DHAMRA,PANAMAX,COA_12M,12.25,8.0,840000,SCENARIO
2026-08-12,KALIMANTAN_ID_DHAMRA,SUPRAMAX,SPOT,12.83,0.0,50000,SCENARIO
2026-08-12,KALIMANTAN_ID_DHAMRA,SUPRAMAX,COA_3M,13.09,2.0,150000,SCENARIO
2026-08-12,KALIMANTAN_ID_DHAMRA,SUPRAMAX,COA_6M,13.47,5.0,300000,SCENARIO
2026-08-12,KALIMANTAN_ID_DHAMRA,SUPRAMAX,COA_12M,13.86,8.0,600000,SCENARIO
2026-08-12,KALIMANTAN_ID_GANGAVARAM,HANDYSIZE,SPOT,15.03,0.0,32000,SCENARIO
2026-08-12,KALIMANTAN_ID_GANGAVARAM,HANDYSIZE,COA_3M,15.33,2.0,96000,SCENARIO
2026-08-12,KALIMANTAN_ID_GANGAVARAM,HANDYSIZE,COA_6M,15.78,5.0,192000,SCENARIO
2026-08-12,KALIMANTAN_ID_GANGAVARAM,HANDYSIZE,COA_12M,16.23,8.0,384000,SCENARIO
2026-08-12,KALIMANTAN_ID_GANGAVARAM,PANAMAX,SPOT,10.5,0.0,70000,SCENARIO
2026-08-12,KALIMANTAN_ID_GANGAVARAM,PANAMAX,COA_3M,10.71,2.0,210000,SCENARIO
2026-08-12,KALIMANTAN_ID_GANGAVARAM,PANAMAX,COA_6M,11.03,5.0,420000,SCENARIO
2026-08-12,KALIMANTAN_ID_GANGAVARAM,PANAMAX,COA_12M,11.34,8.0,840000,SCENARIO
2026-08-12,KALIMANTAN_ID_GANGAVARAM,PANAMAX,SPOT,10.97,0.0,70000,SCENARIO
2026-08-12,KALIMANTAN_ID_GANGAVARAM,PANAMAX,COA_3M,11.19,2.0,210000,SCENARIO
2026-08-12,KALIMANTAN_ID_GANGAVARAM,PANAMAX,COA_6M,11.52,5.0,420000,SCENARIO
2026-08-12,KALIMANTAN_ID_GANGAVARAM,PANAMAX,COA_12M,11.85,8.0,840000,SCENARIO
2026-08-12,KALIMANTAN_ID_GANGAVARAM,SUPRAMAX,SPOT,12.41,0.0,50000,SCENARIO
2026-08-12,KALIMANTAN_ID_GANGAVARAM,SUPRAMAX,COA_3M,12.66,2.0,150000,SCENARIO
2026-08-12,KALIMANTAN_ID_GANGAVARAM,SUPRAMAX,COA_6M,13.03,5.0,300000,SCENARIO
2026-08-12,KALIMANTAN_ID_GANGAVARAM,SUPRAMAX,COA_12M,13.4,8.0,600000,SCENARIO
2026-08-12,KALIMANTAN_ID_GOPALPUR,HANDYSIZE,SPOT,15.62,0.0,32000,SCENARIO
2026-08-12,KALIMANTAN_ID_GOPALPUR,HANDYSIZE,COA_3M,15.93,2.0,96000,SCENARIO
2026-08-12,KALIMANTAN_ID_GOPALPUR,HANDYSIZE,COA_6M,16.4,5.0,192000,SCENARIO
2026-08-12,KALIMANTAN_ID_GOPALPUR,HANDYSIZE,COA_12M,16.87,8.0,384000,SCENARIO
2026-08-12,KALIMANTAN_ID_GOPALPUR,PANAMAX,SPOT,11.39,0.0,70000,SCENARIO
2026-08-12,KALIMANTAN_ID_GOPALPUR,PANAMAX,COA_3M,11.62,2.0,210000,SCENARIO
2026-08-12,KALIMANTAN_ID_GOPALPUR,PANAMAX,COA_6M,11.96,5.0,420000,SCENARIO
2026-08-12,KALIMANTAN_ID_GOPALPUR,PANAMAX,COA_12M,12.3,8.0,840000,SCENARIO
2026-08-12,KALIMANTAN_ID_GOPALPUR,SUPRAMAX,SPOT,12.9,0.0,50000,SCENARIO
2026-08-12,KALIMANTAN_ID_GOPALPUR,SUPRAMAX,COA_3M,13.16,2.0,150000,SCENARIO
2026-08-12,KALIMANTAN_ID_GOPALPUR,SUPRAMAX,COA_6M,13.55,5.0,300000,SCENARIO
2026-08-12,KALIMANTAN_ID_GOPALPUR,SUPRAMAX,COA_12M,13.93,8.0,600000,SCENARIO
2026-08-12,KALIMANTAN_ID_PARADIP,HANDYSIZE,SPOT,15.7,0.0,32000,SCENARIO
2026-08-12,KALIMANTAN_ID_PARADIP,HANDYSIZE,COA_3M,16.01,2.0,96000,SCENARIO
2026-08-12,KALIMANTAN_ID_PARADIP,HANDYSIZE,COA_6M,16.48,5.0,192000,SCENARIO
2026-08-12,KALIMANTAN_ID_PARADIP,HANDYSIZE,COA_12M,16.96,8.0,384000,SCENARIO
2026-08-12,KALIMANTAN_ID_PARADIP,PANAMAX,SPOT,10.95,0.0,70000,SCENARIO
2026-08-12,KALIMANTAN_ID_PARADIP,PANAMAX,COA_3M,11.17,2.0,210000,SCENARIO
2026-08-12,KALIMANTAN_ID_PARADIP,PANAMAX,COA_6M,11.5,5.0,420000,SCENARIO
2026-08-12,KALIMANTAN_ID_PARADIP,PANAMAX,COA_12M,11.83,8.0,840000,SCENARIO
2026-08-12,KALIMANTAN_ID_PARADIP,PANAMAX,SPOT,11.44,0.0,70000,SCENARIO
2026-08-12,KALIMANTAN_ID_PARADIP,PANAMAX,COA_3M,11.67,2.0,210000,SCENARIO
2026-08-12,KALIMANTAN_ID_PARADIP,PANAMAX,COA_6M,12.01,5.0,420000,SCENARIO
2026-08-12,KALIMANTAN_ID_PARADIP,PANAMAX,COA_12M,12.36,8.0,840000,SCENARIO
2026-08-12,KALIMANTAN_ID_PARADIP,SUPRAMAX,SPOT,12.96,0.0,50000,SCENARIO
2026-08-12,KALIMANTAN_ID_PARADIP,SUPRAMAX,COA_3M,13.22,2.0,150000,SCENARIO
2026-08-12,KALIMANTAN_ID_PARADIP,SUPRAMAX,COA_6M,13.61,5.0,300000,SCENARIO
2026-08-12,KALIMANTAN_ID_PARADIP,SUPRAMAX,COA_12M,14.0,8.0,600000,SCENARIO
2026-08-12,KALIMANTAN_ID_SANDHEADS,HANDYSIZE,SPOT,16.46,0.0,32000,SCENARIO
2026-08-12,KALIMANTAN_ID_SANDHEADS,HANDYSIZE,COA_3M,16.79,2.0,96000,SCENARIO
2026-08-12,KALIMANTAN_ID_SANDHEADS,HANDYSIZE,COA_6M,17.28,5.0,192000,SCENARIO
2026-08-12,KALIMANTAN_ID_SANDHEADS,HANDYSIZE,COA_12M,17.78,8.0,384000,SCENARIO
2026-08-12,KALIMANTAN_ID_SANDHEADS,PANAMAX,SPOT,11.46,0.0,70000,SCENARIO
2026-08-12,KALIMANTAN_ID_SANDHEADS,PANAMAX,COA_3M,11.69,2.0,210000,SCENARIO
2026-08-12,KALIMANTAN_ID_SANDHEADS,PANAMAX,COA_6M,12.03,5.0,420000,SCENARIO
2026-08-12,KALIMANTAN_ID_SANDHEADS,PANAMAX,COA_12M,12.38,8.0,840000,SCENARIO
2026-08-12,KALIMANTAN_ID_SANDHEADS,PANAMAX,SPOT,11.97,0.0,70000,SCENARIO
2026-08-12,KALIMANTAN_ID_SANDHEADS,PANAMAX,COA_3M,12.21,2.0,210000,SCENARIO
2026-08-12,KALIMANTAN_ID_SANDHEADS,PANAMAX,COA_6M,12.57,5.0,420000,SCENARIO
2026-08-12,KALIMANTAN_ID_SANDHEADS,PANAMAX,COA_12M,12.93,8.0,840000,SCENARIO
2026-08-12,KALIMANTAN_ID_SANDHEADS,SUPRAMAX,SPOT,13.59,0.0,50000,SCENARIO
2026-08-12,KALIMANTAN_ID_SANDHEADS,SUPRAMAX,COA_3M,13.86,2.0,150000,SCENARIO
2026-08-12,KALIMANTAN_ID_SANDHEADS,SUPRAMAX,COA_6M,14.27,5.0,300000,SCENARIO
2026-08-12,KALIMANTAN_ID_SANDHEADS,SUPRAMAX,COA_12M,14.68,8.0,600000,SCENARIO
2026-08-12,KALIMANTAN_ID_VIZAG,HANDYSIZE,SPOT,15.48,0.0,32000,SCENARIO
2026-08-12,KALIMANTAN_ID_VIZAG,HANDYSIZE,COA_3M,15.79,2.0,96000,SCENARIO
2026-08-12,KALIMANTAN_ID_VIZAG,HANDYSIZE,COA_6M,16.25,5.0,192000,SCENARIO
2026-08-12,KALIMANTAN_ID_VIZAG,HANDYSIZE,COA_12M,16.72,8.0,384000,SCENARIO
2026-08-12,KALIMANTAN_ID_VIZAG,PANAMAX,SPOT,10.8,0.0,70000,SCENARIO
2026-08-12,KALIMANTAN_ID_VIZAG,PANAMAX,COA_3M,11.02,2.0,210000,SCENARIO
2026-08-12,KALIMANTAN_ID_VIZAG,PANAMAX,COA_6M,11.34,5.0,420000,SCENARIO
2026-08-12,KALIMANTAN_ID_VIZAG,PANAMAX,COA_12M,11.66,8.0,840000,SCENARIO
2026-08-12,KALIMANTAN_ID_VIZAG,PANAMAX,SPOT,11.29,0.0,70000,SCENARIO
2026-08-12,KALIMANTAN_ID_VIZAG,PANAMAX,COA_3M,11.52,2.0,210000,SCENARIO
2026-08-12,KALIMANTAN_ID_VIZAG,PANAMAX,COA_6M,11.85,5.0,420000,SCENARIO
2026-08-12,KALIMANTAN_ID_VIZAG,PANAMAX,COA_12M,12.19,8.0,840000,SCENARIO
2026-08-12,KALIMANTAN_ID_VIZAG,SUPRAMAX,SPOT,12.79,0.0,50000,SCENARIO
2026-08-12,KALIMANTAN_ID_VIZAG,SUPRAMAX,COA_3M,13.05,2.0,150000,SCENARIO
2026-08-12,KALIMANTAN_ID_VIZAG,SUPRAMAX,COA_6M,13.43,5.0,300000,SCENARIO
2026-08-12,KALIMANTAN_ID_VIZAG,SUPRAMAX,COA_12M,13.81,8.0,600000,SCENARIO
2026-08-12,MAPUTO_MZ_PARADIP,HANDYSIZE,SPOT,22.35,0.0,32000,SCENARIO
2026-08-12,MAPUTO_MZ_PARADIP,HANDYSIZE,COA_3M,22.8,2.0,96000,SCENARIO
2026-08-12,MAPUTO_MZ_PARADIP,HANDYSIZE,COA_6M,23.47,5.0,192000,SCENARIO
2026-08-12,MAPUTO_MZ_PARADIP,HANDYSIZE,COA_12M,24.14,8.0,384000,SCENARIO
2026-08-12,MAPUTO_MZ_PARADIP,PANAMAX,SPOT,15.44,0.0,70000,SCENARIO
2026-08-12,MAPUTO_MZ_PARADIP,PANAMAX,COA_3M,15.75,2.0,210000,SCENARIO
2026-08-12,MAPUTO_MZ_PARADIP,PANAMAX,COA_6M,16.21,5.0,420000,SCENARIO
2026-08-12,MAPUTO_MZ_PARADIP,PANAMAX,COA_12M,16.68,8.0,840000,SCENARIO
2026-08-12,MAPUTO_MZ_PARADIP,PANAMAX,SPOT,16.07,0.0,70000,SCENARIO
2026-08-12,MAPUTO_MZ_PARADIP,PANAMAX,COA_3M,16.39,2.0,210000,SCENARIO
2026-08-12,MAPUTO_MZ_PARADIP,PANAMAX,COA_6M,16.87,5.0,420000,SCENARIO
2026-08-12,MAPUTO_MZ_PARADIP,PANAMAX,COA_12M,17.36,8.0,840000,SCENARIO
2026-08-12,MAPUTO_MZ_PARADIP,SUPRAMAX,SPOT,18.33,0.0,50000,SCENARIO
2026-08-12,MAPUTO_MZ_PARADIP,SUPRAMAX,COA_3M,18.7,2.0,150000,SCENARIO
2026-08-12,MAPUTO_MZ_PARADIP,SUPRAMAX,COA_6M,19.25,5.0,300000,SCENARIO
2026-08-12,MAPUTO_MZ_PARADIP,SUPRAMAX,COA_12M,19.8,8.0,600000,SCENARIO
2026-08-12,MAPUTO_MZ_VIZAG,HANDYSIZE,SPOT,21.65,0.0,32000,SCENARIO
2026-08-12,MAPUTO_MZ_VIZAG,HANDYSIZE,COA_3M,22.08,2.0,96000,SCENARIO
2026-08-12,MAPUTO_MZ_VIZAG,HANDYSIZE,COA_6M,22.73,5.0,192000,SCENARIO
2026-08-12,MAPUTO_MZ_VIZAG,HANDYSIZE,COA_12M,23.38,8.0,384000,SCENARIO
2026-08-12,MAPUTO_MZ_VIZAG,PANAMAX,SPOT,14.96,0.0,70000,SCENARIO
2026-08-12,MAPUTO_MZ_VIZAG,PANAMAX,COA_3M,15.26,2.0,210000,SCENARIO
2026-08-12,MAPUTO_MZ_VIZAG,PANAMAX,COA_6M,15.71,5.0,420000,SCENARIO
2026-08-12,MAPUTO_MZ_VIZAG,PANAMAX,COA_12M,16.16,8.0,840000,SCENARIO
2026-08-12,MAPUTO_MZ_VIZAG,PANAMAX,SPOT,15.58,0.0,70000,SCENARIO
2026-08-12,MAPUTO_MZ_VIZAG,PANAMAX,COA_3M,15.89,2.0,210000,SCENARIO
2026-08-12,MAPUTO_MZ_VIZAG,PANAMAX,COA_6M,16.36,5.0,420000,SCENARIO
2026-08-12,MAPUTO_MZ_VIZAG,PANAMAX,COA_12M,16.83,8.0,840000,SCENARIO
2026-08-12,MAPUTO_MZ_VIZAG,SUPRAMAX,SPOT,17.77,0.0,50000,SCENARIO
2026-08-12,MAPUTO_MZ_VIZAG,SUPRAMAX,COA_3M,18.13,2.0,150000,SCENARIO
2026-08-12,MAPUTO_MZ_VIZAG,SUPRAMAX,COA_6M,18.66,5.0,300000,SCENARIO
2026-08-12,MAPUTO_MZ_VIZAG,SUPRAMAX,COA_12M,19.19,8.0,600000,SCENARIO
2026-08-12,NEWCASTLE_AU_DHAMRA,HANDYSIZE,SPOT,30.46,0.0,32000,SCENARIO
2026-08-12,NEWCASTLE_AU_DHAMRA,HANDYSIZE,COA_3M,31.07,2.0,96000,SCENARIO
2026-08-12,NEWCASTLE_AU_DHAMRA,HANDYSIZE,COA_6M,31.98,5.0,192000,SCENARIO
2026-08-12,NEWCASTLE_AU_DHAMRA,HANDYSIZE,COA_12M,32.9,8.0,384000,SCENARIO
2026-08-12,NEWCASTLE_AU_DHAMRA,PANAMAX,SPOT,20.9,0.0,70000,SCENARIO
2026-08-12,NEWCASTLE_AU_DHAMRA,PANAMAX,COA_3M,21.32,2.0,210000,SCENARIO
2026-08-12,NEWCASTLE_AU_DHAMRA,PANAMAX,COA_6M,21.95,5.0,420000,SCENARIO
2026-08-12,NEWCASTLE_AU_DHAMRA,PANAMAX,COA_12M,22.57,8.0,840000,SCENARIO
2026-08-12,NEWCASTLE_AU_DHAMRA,PANAMAX,SPOT,21.71,0.0,70000,SCENARIO
2026-08-12,NEWCASTLE_AU_DHAMRA,PANAMAX,COA_3M,22.14,2.0,210000,SCENARIO
2026-08-12,NEWCASTLE_AU_DHAMRA,PANAMAX,COA_6M,22.8,5.0,420000,SCENARIO
2026-08-12,NEWCASTLE_AU_DHAMRA,PANAMAX,COA_12M,23.45,8.0,840000,SCENARIO
2026-08-12,NEWCASTLE_AU_DHAMRA,SUPRAMAX,SPOT,24.87,0.0,50000,SCENARIO
2026-08-12,NEWCASTLE_AU_DHAMRA,SUPRAMAX,COA_3M,25.37,2.0,150000,SCENARIO
2026-08-12,NEWCASTLE_AU_DHAMRA,SUPRAMAX,COA_6M,26.11,5.0,300000,SCENARIO
2026-08-12,NEWCASTLE_AU_DHAMRA,SUPRAMAX,COA_12M,26.86,8.0,600000,SCENARIO
2026-08-12,NEWCASTLE_AU_GANGAVARAM,HANDYSIZE,SPOT,30.15,0.0,32000,SCENARIO
2026-08-12,NEWCASTLE_AU_GANGAVARAM,HANDYSIZE,COA_3M,30.75,2.0,96000,SCENARIO
2026-08-12,NEWCASTLE_AU_GANGAVARAM,HANDYSIZE,COA_6M,31.66,5.0,192000,SCENARIO
2026-08-12,NEWCASTLE_AU_GANGAVARAM,HANDYSIZE,COA_12M,32.56,8.0,384000,SCENARIO
2026-08-12,NEWCASTLE_AU_GANGAVARAM,PANAMAX,SPOT,20.69,0.0,70000,SCENARIO
2026-08-12,NEWCASTLE_AU_GANGAVARAM,PANAMAX,COA_3M,21.1,2.0,210000,SCENARIO
2026-08-12,NEWCASTLE_AU_GANGAVARAM,PANAMAX,COA_6M,21.72,5.0,420000,SCENARIO
2026-08-12,NEWCASTLE_AU_GANGAVARAM,PANAMAX,COA_12M,22.35,8.0,840000,SCENARIO
2026-08-12,NEWCASTLE_AU_GANGAVARAM,PANAMAX,SPOT,21.49,0.0,70000,SCENARIO
2026-08-12,NEWCASTLE_AU_GANGAVARAM,PANAMAX,COA_3M,21.92,2.0,210000,SCENARIO
2026-08-12,NEWCASTLE_AU_GANGAVARAM,PANAMAX,COA_6M,22.56,5.0,420000,SCENARIO
2026-08-12,NEWCASTLE_AU_GANGAVARAM,PANAMAX,COA_12M,23.21,8.0,840000,SCENARIO
2026-08-12,NEWCASTLE_AU_GANGAVARAM,SUPRAMAX,SPOT,24.63,0.0,50000,SCENARIO
2026-08-12,NEWCASTLE_AU_GANGAVARAM,SUPRAMAX,COA_3M,25.12,2.0,150000,SCENARIO
2026-08-12,NEWCASTLE_AU_GANGAVARAM,SUPRAMAX,COA_6M,25.86,5.0,300000,SCENARIO
2026-08-12,NEWCASTLE_AU_GANGAVARAM,SUPRAMAX,COA_12M,26.6,8.0,600000,SCENARIO
2026-08-12,NEWCASTLE_AU_GOPALPUR,HANDYSIZE,SPOT,30.62,0.0,32000,SCENARIO
2026-08-12,NEWCASTLE_AU_GOPALPUR,HANDYSIZE,COA_3M,31.23,2.0,96000,SCENARIO
2026-08-12,NEWCASTLE_AU_GOPALPUR,HANDYSIZE,COA_6M,32.15,5.0,192000,SCENARIO
2026-08-12,NEWCASTLE_AU_GOPALPUR,HANDYSIZE,COA_12M,33.07,8.0,384000,SCENARIO
2026-08-12,NEWCASTLE_AU_GOPALPUR,PANAMAX,SPOT,21.82,0.0,70000,SCENARIO
2026-08-12,NEWCASTLE_AU_GOPALPUR,PANAMAX,COA_3M,22.26,2.0,210000,SCENARIO
2026-08-12,NEWCASTLE_AU_GOPALPUR,PANAMAX,COA_6M,22.91,5.0,420000,SCENARIO
2026-08-12,NEWCASTLE_AU_GOPALPUR,PANAMAX,COA_12M,23.57,8.0,840000,SCENARIO
2026-08-12,NEWCASTLE_AU_GOPALPUR,SUPRAMAX,SPOT,25.02,0.0,50000,SCENARIO
2026-08-12,NEWCASTLE_AU_GOPALPUR,SUPRAMAX,COA_3M,25.52,2.0,150000,SCENARIO
2026-08-12,NEWCASTLE_AU_GOPALPUR,SUPRAMAX,COA_6M,26.27,5.0,300000,SCENARIO
2026-08-12,NEWCASTLE_AU_GOPALPUR,SUPRAMAX,COA_12M,27.02,8.0,600000,SCENARIO
2026-08-12,NEWCASTLE_AU_PARADIP,HANDYSIZE,SPOT,30.58,0.0,32000,SCENARIO
2026-08-12,NEWCASTLE_AU_PARADIP,HANDYSIZE,COA_3M,31.19,2.0,96000,SCENARIO
2026-08-12,NEWCASTLE_AU_PARADIP,HANDYSIZE,COA_6M,32.11,5.0,192000,SCENARIO
2026-08-12,NEWCASTLE_AU_PARADIP,HANDYSIZE,COA_12M,33.03,8.0,384000,SCENARIO
2026-08-12,NEWCASTLE_AU_PARADIP,PANAMAX,SPOT,20.98,0.0,70000,SCENARIO
2026-08-12,NEWCASTLE_AU_PARADIP,PANAMAX,COA_3M,21.4,2.0,210000,SCENARIO
2026-08-12,NEWCASTLE_AU_PARADIP,PANAMAX,COA_6M,22.03,5.0,420000,SCENARIO
2026-08-12,NEWCASTLE_AU_PARADIP,PANAMAX,COA_12M,22.66,8.0,840000,SCENARIO
2026-08-12,NEWCASTLE_AU_PARADIP,PANAMAX,SPOT,21.79,0.0,70000,SCENARIO
2026-08-12,NEWCASTLE_AU_PARADIP,PANAMAX,COA_3M,22.23,2.0,210000,SCENARIO
2026-08-12,NEWCASTLE_AU_PARADIP,PANAMAX,COA_6M,22.88,5.0,420000,SCENARIO
2026-08-12,NEWCASTLE_AU_PARADIP,PANAMAX,COA_12M,23.53,8.0,840000,SCENARIO
2026-08-12,NEWCASTLE_AU_PARADIP,SUPRAMAX,SPOT,24.98,0.0,50000,SCENARIO
2026-08-12,NEWCASTLE_AU_PARADIP,SUPRAMAX,COA_3M,25.48,2.0,150000,SCENARIO
2026-08-12,NEWCASTLE_AU_PARADIP,SUPRAMAX,COA_6M,26.23,5.0,300000,SCENARIO
2026-08-12,NEWCASTLE_AU_PARADIP,SUPRAMAX,COA_12M,26.98,8.0,600000,SCENARIO
2026-08-12,NEWCASTLE_AU_SANDHEADS,HANDYSIZE,SPOT,31.31,0.0,32000,SCENARIO
2026-08-12,NEWCASTLE_AU_SANDHEADS,HANDYSIZE,COA_3M,31.94,2.0,96000,SCENARIO
2026-08-12,NEWCASTLE_AU_SANDHEADS,HANDYSIZE,COA_6M,32.88,5.0,192000,SCENARIO
2026-08-12,NEWCASTLE_AU_SANDHEADS,HANDYSIZE,COA_12M,33.81,8.0,384000,SCENARIO
2026-08-12,NEWCASTLE_AU_SANDHEADS,PANAMAX,SPOT,21.48,0.0,70000,SCENARIO
2026-08-12,NEWCASTLE_AU_SANDHEADS,PANAMAX,COA_3M,21.91,2.0,210000,SCENARIO
2026-08-12,NEWCASTLE_AU_SANDHEADS,PANAMAX,COA_6M,22.55,5.0,420000,SCENARIO
2026-08-12,NEWCASTLE_AU_SANDHEADS,PANAMAX,COA_12M,23.2,8.0,840000,SCENARIO
2026-08-12,NEWCASTLE_AU_SANDHEADS,PANAMAX,SPOT,22.3,0.0,70000,SCENARIO
2026-08-12,NEWCASTLE_AU_SANDHEADS,PANAMAX,COA_3M,22.75,2.0,210000,SCENARIO
2026-08-12,NEWCASTLE_AU_SANDHEADS,PANAMAX,COA_6M,23.42,5.0,420000,SCENARIO
2026-08-12,NEWCASTLE_AU_SANDHEADS,PANAMAX,COA_12M,24.08,8.0,840000,SCENARIO
2026-08-12,NEWCASTLE_AU_SANDHEADS,SUPRAMAX,SPOT,25.59,0.0,50000,SCENARIO
2026-08-12,NEWCASTLE_AU_SANDHEADS,SUPRAMAX,COA_3M,26.1,2.0,150000,SCENARIO
2026-08-12,NEWCASTLE_AU_SANDHEADS,SUPRAMAX,COA_6M,26.87,5.0,300000,SCENARIO
2026-08-12,NEWCASTLE_AU_SANDHEADS,SUPRAMAX,COA_12M,27.64,8.0,600000,SCENARIO
2026-08-12,NEWCASTLE_AU_VIZAG,HANDYSIZE,SPOT,30.6,0.0,32000,SCENARIO
2026-08-12,NEWCASTLE_AU_VIZAG,HANDYSIZE,COA_3M,31.21,2.0,96000,SCENARIO
2026-08-12,NEWCASTLE_AU_VIZAG,HANDYSIZE,COA_6M,32.13,5.0,192000,SCENARIO
2026-08-12,NEWCASTLE_AU_VIZAG,HANDYSIZE,COA_12M,33.05,8.0,384000,SCENARIO
2026-08-12,NEWCASTLE_AU_VIZAG,PANAMAX,SPOT,21.0,0.0,70000,SCENARIO
2026-08-12,NEWCASTLE_AU_VIZAG,PANAMAX,COA_3M,21.42,2.0,210000,SCENARIO
2026-08-12,NEWCASTLE_AU_VIZAG,PANAMAX,COA_6M,22.05,5.0,420000,SCENARIO
2026-08-12,NEWCASTLE_AU_VIZAG,PANAMAX,COA_12M,22.68,8.0,840000,SCENARIO
2026-08-12,NEWCASTLE_AU_VIZAG,PANAMAX,SPOT,21.81,0.0,70000,SCENARIO
2026-08-12,NEWCASTLE_AU_VIZAG,PANAMAX,COA_3M,22.25,2.0,210000,SCENARIO
2026-08-12,NEWCASTLE_AU_VIZAG,PANAMAX,COA_6M,22.9,5.0,420000,SCENARIO
2026-08-12,NEWCASTLE_AU_VIZAG,PANAMAX,COA_12M,23.55,8.0,840000,SCENARIO
2026-08-12,NEWCASTLE_AU_VIZAG,SUPRAMAX,SPOT,25.01,0.0,50000,SCENARIO
2026-08-12,NEWCASTLE_AU_VIZAG,SUPRAMAX,COA_3M,25.51,2.0,150000,SCENARIO
2026-08-12,NEWCASTLE_AU_VIZAG,SUPRAMAX,COA_6M,26.26,5.0,300000,SCENARIO
2026-08-12,NEWCASTLE_AU_VIZAG,SUPRAMAX,COA_12M,27.01,8.0,600000,SCENARIO
2026-08-12,NORFOLK_US_PARADIP,HANDYSIZE,SPOT,53.32,0.0,32000,SCENARIO
2026-08-12,NORFOLK_US_PARADIP,HANDYSIZE,COA_3M,54.39,2.0,96000,SCENARIO
2026-08-12,NORFOLK_US_PARADIP,HANDYSIZE,COA_6M,55.99,5.0,192000,SCENARIO
2026-08-12,NORFOLK_US_PARADIP,HANDYSIZE,COA_12M,57.59,8.0,384000,SCENARIO
2026-08-12,NORFOLK_US_PARADIP,PANAMAX,SPOT,36.31,0.0,70000,SCENARIO
2026-08-12,NORFOLK_US_PARADIP,PANAMAX,COA_3M,37.04,2.0,210000,SCENARIO
2026-08-12,NORFOLK_US_PARADIP,PANAMAX,COA_6M,38.13,5.0,420000,SCENARIO
2026-08-12,NORFOLK_US_PARADIP,PANAMAX,COA_12M,39.21,8.0,840000,SCENARIO
2026-08-12,NORFOLK_US_PARADIP,PANAMAX,SPOT,37.61,0.0,70000,SCENARIO
2026-08-12,NORFOLK_US_PARADIP,PANAMAX,COA_3M,38.36,2.0,210000,SCENARIO
2026-08-12,NORFOLK_US_PARADIP,PANAMAX,COA_6M,39.49,5.0,420000,SCENARIO
2026-08-12,NORFOLK_US_PARADIP,PANAMAX,COA_12M,40.62,8.0,840000,SCENARIO
2026-08-12,NORFOLK_US_PARADIP,SUPRAMAX,SPOT,43.36,0.0,50000,SCENARIO
2026-08-12,NORFOLK_US_PARADIP,SUPRAMAX,COA_3M,44.23,2.0,150000,SCENARIO
2026-08-12,NORFOLK_US_PARADIP,SUPRAMAX,COA_6M,45.53,5.0,300000,SCENARIO
2026-08-12,NORFOLK_US_PARADIP,SUPRAMAX,COA_12M,46.83,8.0,600000,SCENARIO
2026-08-12,NORFOLK_US_VIZAG,HANDYSIZE,SPOT,52.62,0.0,32000,SCENARIO
2026-08-12,NORFOLK_US_VIZAG,HANDYSIZE,COA_3M,53.67,2.0,96000,SCENARIO
2026-08-12,NORFOLK_US_VIZAG,HANDYSIZE,COA_6M,55.25,5.0,192000,SCENARIO
2026-08-12,NORFOLK_US_VIZAG,HANDYSIZE,COA_12M,56.83,8.0,384000,SCENARIO
2026-08-12,NORFOLK_US_VIZAG,PANAMAX,SPOT,35.84,0.0,70000,SCENARIO
2026-08-12,NORFOLK_US_VIZAG,PANAMAX,COA_3M,36.56,2.0,210000,SCENARIO
2026-08-12,NORFOLK_US_VIZAG,PANAMAX,COA_6M,37.63,5.0,420000,SCENARIO
2026-08-12,NORFOLK_US_VIZAG,PANAMAX,COA_12M,38.71,8.0,840000,SCENARIO
2026-08-12,NORFOLK_US_VIZAG,PANAMAX,SPOT,37.12,0.0,70000,SCENARIO
2026-08-12,NORFOLK_US_VIZAG,PANAMAX,COA_3M,37.86,2.0,210000,SCENARIO
2026-08-12,NORFOLK_US_VIZAG,PANAMAX,COA_6M,38.98,5.0,420000,SCENARIO
2026-08-12,NORFOLK_US_VIZAG,PANAMAX,COA_12M,40.09,8.0,840000,SCENARIO
2026-08-12,NORFOLK_US_VIZAG,SUPRAMAX,SPOT,42.8,0.0,50000,SCENARIO
2026-08-12,NORFOLK_US_VIZAG,SUPRAMAX,COA_3M,43.66,2.0,150000,SCENARIO
2026-08-12,NORFOLK_US_VIZAG,SUPRAMAX,COA_6M,44.94,5.0,300000,SCENARIO
2026-08-12,NORFOLK_US_VIZAG,SUPRAMAX,COA_12M,46.22,8.0,600000,SCENARIO
2026-08-12,VOSTOCHNY_RU_PARADIP,HANDYSIZE,SPOT,29.61,0.0,32000,SCENARIO
2026-08-12,VOSTOCHNY_RU_PARADIP,HANDYSIZE,COA_3M,30.2,2.0,96000,SCENARIO
2026-08-12,VOSTOCHNY_RU_PARADIP,HANDYSIZE,COA_6M,31.09,5.0,192000,SCENARIO
2026-08-12,VOSTOCHNY_RU_PARADIP,HANDYSIZE,COA_12M,31.98,8.0,384000,SCENARIO
2026-08-12,VOSTOCHNY_RU_PARADIP,PANAMAX,SPOT,20.33,0.0,70000,SCENARIO
2026-08-12,VOSTOCHNY_RU_PARADIP,PANAMAX,COA_3M,20.74,2.0,210000,SCENARIO
2026-08-12,VOSTOCHNY_RU_PARADIP,PANAMAX,COA_6M,21.35,5.0,420000,SCENARIO
2026-08-12,VOSTOCHNY_RU_PARADIP,PANAMAX,COA_12M,21.96,8.0,840000,SCENARIO
2026-08-12,VOSTOCHNY_RU_PARADIP,PANAMAX,SPOT,21.12,0.0,70000,SCENARIO
2026-08-12,VOSTOCHNY_RU_PARADIP,PANAMAX,COA_3M,21.54,2.0,210000,SCENARIO
2026-08-12,VOSTOCHNY_RU_PARADIP,PANAMAX,COA_6M,22.18,5.0,420000,SCENARIO
2026-08-12,VOSTOCHNY_RU_PARADIP,PANAMAX,COA_12M,22.81,8.0,840000,SCENARIO
2026-08-12,VOSTOCHNY_RU_PARADIP,SUPRAMAX,SPOT,24.2,0.0,50000,SCENARIO
2026-08-12,VOSTOCHNY_RU_PARADIP,SUPRAMAX,COA_3M,24.68,2.0,150000,SCENARIO
2026-08-12,VOSTOCHNY_RU_PARADIP,SUPRAMAX,COA_6M,25.41,5.0,300000,SCENARIO
2026-08-12,VOSTOCHNY_RU_PARADIP,SUPRAMAX,COA_12M,26.14,8.0,600000,SCENARIO
2026-08-12,VOSTOCHNY_RU_VIZAG,HANDYSIZE,SPOT,29.39,0.0,32000,SCENARIO
2026-08-12,VOSTOCHNY_RU_VIZAG,HANDYSIZE,COA_3M,29.98,2.0,96000,SCENARIO
2026-08-12,VOSTOCHNY_RU_VIZAG,HANDYSIZE,COA_6M,30.86,5.0,192000,SCENARIO
2026-08-12,VOSTOCHNY_RU_VIZAG,HANDYSIZE,COA_12M,31.74,8.0,384000,SCENARIO
2026-08-12,VOSTOCHNY_RU_VIZAG,PANAMAX,SPOT,20.18,0.0,70000,SCENARIO
2026-08-12,VOSTOCHNY_RU_VIZAG,PANAMAX,COA_3M,20.58,2.0,210000,SCENARIO
2026-08-12,VOSTOCHNY_RU_VIZAG,PANAMAX,COA_6M,21.19,5.0,420000,SCENARIO
2026-08-12,VOSTOCHNY_RU_VIZAG,PANAMAX,COA_12M,21.79,8.0,840000,SCENARIO
2026-08-12,VOSTOCHNY_RU_VIZAG,PANAMAX,SPOT,20.97,0.0,70000,SCENARIO
2026-08-12,VOSTOCHNY_RU_VIZAG,PANAMAX,COA_3M,21.39,2.0,210000,SCENARIO
2026-08-12,VOSTOCHNY_RU_VIZAG,PANAMAX,COA_6M,22.02,5.0,420000,SCENARIO
2026-08-12,VOSTOCHNY_RU_VIZAG,PANAMAX,COA_12M,22.65,8.0,840000,SCENARIO
2026-08-12,VOSTOCHNY_RU_VIZAG,SUPRAMAX,SPOT,24.03,0.0,50000,SCENARIO
2026-08-12,VOSTOCHNY_RU_VIZAG,SUPRAMAX,COA_3M,24.51,2.0,150000,SCENARIO
2026-08-12,VOSTOCHNY_RU_VIZAG,SUPRAMAX,COA_6M,25.23,5.0,300000,SCENARIO
2026-08-12,VOSTOCHNY_RU_VIZAG,SUPRAMAX,COA_12M,25.95,8.0,600000,SCENARIO
2026-08-13,KALIMANTAN_ID_DHAMRA,HANDYSIZE,SPOT,15.58,0.0,32000,SCENARIO
2026-08-13,KALIMANTAN_ID_DHAMRA,HANDYSIZE,COA_3M,15.89,2.0,96000,SCENARIO
2026-08-13,KALIMANTAN_ID_DHAMRA,HANDYSIZE,COA_6M,16.36,5.0,192000,SCENARIO
2026-08-13,KALIMANTAN_ID_DHAMRA,HANDYSIZE,COA_12M,16.83,8.0,384000,SCENARIO
2026-08-13,KALIMANTAN_ID_DHAMRA,PANAMAX,SPOT,10.87,0.0,70000,SCENARIO
2026-08-13,KALIMANTAN_ID_DHAMRA,PANAMAX,COA_3M,11.09,2.0,210000,SCENARIO
2026-08-13,KALIMANTAN_ID_DHAMRA,PANAMAX,COA_6M,11.41,5.0,420000,SCENARIO
2026-08-13,KALIMANTAN_ID_DHAMRA,PANAMAX,COA_12M,11.74,8.0,840000,SCENARIO
2026-08-13,KALIMANTAN_ID_DHAMRA,PANAMAX,SPOT,11.36,0.0,70000,SCENARIO
2026-08-13,KALIMANTAN_ID_DHAMRA,PANAMAX,COA_3M,11.59,2.0,210000,SCENARIO
2026-08-13,KALIMANTAN_ID_DHAMRA,PANAMAX,COA_6M,11.93,5.0,420000,SCENARIO
2026-08-13,KALIMANTAN_ID_DHAMRA,PANAMAX,COA_12M,12.27,8.0,840000,SCENARIO
2026-08-13,KALIMANTAN_ID_DHAMRA,SUPRAMAX,SPOT,12.86,0.0,50000,SCENARIO
2026-08-13,KALIMANTAN_ID_DHAMRA,SUPRAMAX,COA_3M,13.12,2.0,150000,SCENARIO
2026-08-13,KALIMANTAN_ID_DHAMRA,SUPRAMAX,COA_6M,13.5,5.0,300000,SCENARIO
2026-08-13,KALIMANTAN_ID_DHAMRA,SUPRAMAX,COA_12M,13.89,8.0,600000,SCENARIO
2026-08-13,KALIMANTAN_ID_GANGAVARAM,HANDYSIZE,SPOT,15.06,0.0,32000,SCENARIO
2026-08-13,KALIMANTAN_ID_GANGAVARAM,HANDYSIZE,COA_3M,15.36,2.0,96000,SCENARIO
2026-08-13,KALIMANTAN_ID_GANGAVARAM,HANDYSIZE,COA_6M,15.81,5.0,192000,SCENARIO
2026-08-13,KALIMANTAN_ID_GANGAVARAM,HANDYSIZE,COA_12M,16.26,8.0,384000,SCENARIO
2026-08-13,KALIMANTAN_ID_GANGAVARAM,PANAMAX,SPOT,10.52,0.0,70000,SCENARIO
2026-08-13,KALIMANTAN_ID_GANGAVARAM,PANAMAX,COA_3M,10.73,2.0,210000,SCENARIO
2026-08-13,KALIMANTAN_ID_GANGAVARAM,PANAMAX,COA_6M,11.05,5.0,420000,SCENARIO
2026-08-13,KALIMANTAN_ID_GANGAVARAM,PANAMAX,COA_12M,11.36,8.0,840000,SCENARIO
2026-08-13,KALIMANTAN_ID_GANGAVARAM,PANAMAX,SPOT,10.99,0.0,70000,SCENARIO
2026-08-13,KALIMANTAN_ID_GANGAVARAM,PANAMAX,COA_3M,11.21,2.0,210000,SCENARIO
2026-08-13,KALIMANTAN_ID_GANGAVARAM,PANAMAX,COA_6M,11.54,5.0,420000,SCENARIO
2026-08-13,KALIMANTAN_ID_GANGAVARAM,PANAMAX,COA_12M,11.87,8.0,840000,SCENARIO
2026-08-13,KALIMANTAN_ID_GANGAVARAM,SUPRAMAX,SPOT,12.43,0.0,50000,SCENARIO
2026-08-13,KALIMANTAN_ID_GANGAVARAM,SUPRAMAX,COA_3M,12.68,2.0,150000,SCENARIO
2026-08-13,KALIMANTAN_ID_GANGAVARAM,SUPRAMAX,COA_6M,13.05,5.0,300000,SCENARIO
2026-08-13,KALIMANTAN_ID_GANGAVARAM,SUPRAMAX,COA_12M,13.42,8.0,600000,SCENARIO
2026-08-13,KALIMANTAN_ID_GOPALPUR,HANDYSIZE,SPOT,15.65,0.0,32000,SCENARIO
2026-08-13,KALIMANTAN_ID_GOPALPUR,HANDYSIZE,COA_3M,15.96,2.0,96000,SCENARIO
2026-08-13,KALIMANTAN_ID_GOPALPUR,HANDYSIZE,COA_6M,16.43,5.0,192000,SCENARIO
2026-08-13,KALIMANTAN_ID_GOPALPUR,HANDYSIZE,COA_12M,16.9,8.0,384000,SCENARIO
2026-08-13,KALIMANTAN_ID_GOPALPUR,PANAMAX,SPOT,11.41,0.0,70000,SCENARIO
2026-08-13,KALIMANTAN_ID_GOPALPUR,PANAMAX,COA_3M,11.64,2.0,210000,SCENARIO
2026-08-13,KALIMANTAN_ID_GOPALPUR,PANAMAX,COA_6M,11.98,5.0,420000,SCENARIO
2026-08-13,KALIMANTAN_ID_GOPALPUR,PANAMAX,COA_12M,12.32,8.0,840000,SCENARIO
2026-08-13,KALIMANTAN_ID_GOPALPUR,SUPRAMAX,SPOT,12.92,0.0,50000,SCENARIO
2026-08-13,KALIMANTAN_ID_GOPALPUR,SUPRAMAX,COA_3M,13.18,2.0,150000,SCENARIO
2026-08-13,KALIMANTAN_ID_GOPALPUR,SUPRAMAX,COA_6M,13.57,5.0,300000,SCENARIO
2026-08-13,KALIMANTAN_ID_GOPALPUR,SUPRAMAX,COA_12M,13.95,8.0,600000,SCENARIO
2026-08-13,KALIMANTAN_ID_PARADIP,HANDYSIZE,SPOT,15.73,0.0,32000,SCENARIO
2026-08-13,KALIMANTAN_ID_PARADIP,HANDYSIZE,COA_3M,16.04,2.0,96000,SCENARIO
2026-08-13,KALIMANTAN_ID_PARADIP,HANDYSIZE,COA_6M,16.52,5.0,192000,SCENARIO
2026-08-13,KALIMANTAN_ID_PARADIP,HANDYSIZE,COA_12M,16.99,8.0,384000,SCENARIO
2026-08-13,KALIMANTAN_ID_PARADIP,PANAMAX,SPOT,10.97,0.0,70000,SCENARIO
2026-08-13,KALIMANTAN_ID_PARADIP,PANAMAX,COA_3M,11.19,2.0,210000,SCENARIO
2026-08-13,KALIMANTAN_ID_PARADIP,PANAMAX,COA_6M,11.52,5.0,420000,SCENARIO
2026-08-13,KALIMANTAN_ID_PARADIP,PANAMAX,COA_12M,11.85,8.0,840000,SCENARIO
2026-08-13,KALIMANTAN_ID_PARADIP,PANAMAX,SPOT,11.46,0.0,70000,SCENARIO
2026-08-13,KALIMANTAN_ID_PARADIP,PANAMAX,COA_3M,11.69,2.0,210000,SCENARIO
2026-08-13,KALIMANTAN_ID_PARADIP,PANAMAX,COA_6M,12.03,5.0,420000,SCENARIO
2026-08-13,KALIMANTAN_ID_PARADIP,PANAMAX,COA_12M,12.38,8.0,840000,SCENARIO
2026-08-13,KALIMANTAN_ID_PARADIP,SUPRAMAX,SPOT,12.98,0.0,50000,SCENARIO
2026-08-13,KALIMANTAN_ID_PARADIP,SUPRAMAX,COA_3M,13.24,2.0,150000,SCENARIO
2026-08-13,KALIMANTAN_ID_PARADIP,SUPRAMAX,COA_6M,13.63,5.0,300000,SCENARIO
2026-08-13,KALIMANTAN_ID_PARADIP,SUPRAMAX,COA_12M,14.02,8.0,600000,SCENARIO
2026-08-13,KALIMANTAN_ID_SANDHEADS,HANDYSIZE,SPOT,16.5,0.0,32000,SCENARIO
2026-08-13,KALIMANTAN_ID_SANDHEADS,HANDYSIZE,COA_3M,16.83,2.0,96000,SCENARIO
2026-08-13,KALIMANTAN_ID_SANDHEADS,HANDYSIZE,COA_6M,17.32,5.0,192000,SCENARIO
2026-08-13,KALIMANTAN_ID_SANDHEADS,HANDYSIZE,COA_12M,17.82,8.0,384000,SCENARIO
2026-08-13,KALIMANTAN_ID_SANDHEADS,PANAMAX,SPOT,11.49,0.0,70000,SCENARIO
2026-08-13,KALIMANTAN_ID_SANDHEADS,PANAMAX,COA_3M,11.72,2.0,210000,SCENARIO
2026-08-13,KALIMANTAN_ID_SANDHEADS,PANAMAX,COA_6M,12.06,5.0,420000,SCENARIO
2026-08-13,KALIMANTAN_ID_SANDHEADS,PANAMAX,COA_12M,12.41,8.0,840000,SCENARIO
2026-08-13,KALIMANTAN_ID_SANDHEADS,PANAMAX,SPOT,12.0,0.0,70000,SCENARIO
2026-08-13,KALIMANTAN_ID_SANDHEADS,PANAMAX,COA_3M,12.24,2.0,210000,SCENARIO
2026-08-13,KALIMANTAN_ID_SANDHEADS,PANAMAX,COA_6M,12.6,5.0,420000,SCENARIO
2026-08-13,KALIMANTAN_ID_SANDHEADS,PANAMAX,COA_12M,12.96,8.0,840000,SCENARIO
2026-08-13,KALIMANTAN_ID_SANDHEADS,SUPRAMAX,SPOT,13.62,0.0,50000,SCENARIO
2026-08-13,KALIMANTAN_ID_SANDHEADS,SUPRAMAX,COA_3M,13.89,2.0,150000,SCENARIO
2026-08-13,KALIMANTAN_ID_SANDHEADS,SUPRAMAX,COA_6M,14.3,5.0,300000,SCENARIO
2026-08-13,KALIMANTAN_ID_SANDHEADS,SUPRAMAX,COA_12M,14.71,8.0,600000,SCENARIO
2026-08-13,KALIMANTAN_ID_VIZAG,HANDYSIZE,SPOT,15.51,0.0,32000,SCENARIO
2026-08-13,KALIMANTAN_ID_VIZAG,HANDYSIZE,COA_3M,15.82,2.0,96000,SCENARIO
2026-08-13,KALIMANTAN_ID_VIZAG,HANDYSIZE,COA_6M,16.29,5.0,192000,SCENARIO
2026-08-13,KALIMANTAN_ID_VIZAG,HANDYSIZE,COA_12M,16.75,8.0,384000,SCENARIO
2026-08-13,KALIMANTAN_ID_VIZAG,PANAMAX,SPOT,10.82,0.0,70000,SCENARIO
2026-08-13,KALIMANTAN_ID_VIZAG,PANAMAX,COA_3M,11.04,2.0,210000,SCENARIO
2026-08-13,KALIMANTAN_ID_VIZAG,PANAMAX,COA_6M,11.36,5.0,420000,SCENARIO
2026-08-13,KALIMANTAN_ID_VIZAG,PANAMAX,COA_12M,11.69,8.0,840000,SCENARIO
2026-08-13,KALIMANTAN_ID_VIZAG,PANAMAX,SPOT,11.31,0.0,70000,SCENARIO
2026-08-13,KALIMANTAN_ID_VIZAG,PANAMAX,COA_3M,11.54,2.0,210000,SCENARIO
2026-08-13,KALIMANTAN_ID_VIZAG,PANAMAX,COA_6M,11.88,5.0,420000,SCENARIO
2026-08-13,KALIMANTAN_ID_VIZAG,PANAMAX,COA_12M,12.21,8.0,840000,SCENARIO
2026-08-13,KALIMANTAN_ID_VIZAG,SUPRAMAX,SPOT,12.82,0.0,50000,SCENARIO
2026-08-13,KALIMANTAN_ID_VIZAG,SUPRAMAX,COA_3M,13.08,2.0,150000,SCENARIO
2026-08-13,KALIMANTAN_ID_VIZAG,SUPRAMAX,COA_6M,13.46,5.0,300000,SCENARIO
2026-08-13,KALIMANTAN_ID_VIZAG,SUPRAMAX,COA_12M,13.85,8.0,600000,SCENARIO
2026-08-13,MAPUTO_MZ_PARADIP,HANDYSIZE,SPOT,22.39,0.0,32000,SCENARIO
2026-08-13,MAPUTO_MZ_PARADIP,HANDYSIZE,COA_3M,22.84,2.0,96000,SCENARIO
2026-08-13,MAPUTO_MZ_PARADIP,HANDYSIZE,COA_6M,23.51,5.0,192000,SCENARIO
2026-08-13,MAPUTO_MZ_PARADIP,HANDYSIZE,COA_12M,24.18,8.0,384000,SCENARIO
2026-08-13,MAPUTO_MZ_PARADIP,PANAMAX,SPOT,15.46,0.0,70000,SCENARIO
2026-08-13,MAPUTO_MZ_PARADIP,PANAMAX,COA_3M,15.77,2.0,210000,SCENARIO
2026-08-13,MAPUTO_MZ_PARADIP,PANAMAX,COA_6M,16.23,5.0,420000,SCENARIO
2026-08-13,MAPUTO_MZ_PARADIP,PANAMAX,COA_12M,16.7,8.0,840000,SCENARIO
2026-08-13,MAPUTO_MZ_PARADIP,PANAMAX,SPOT,16.09,0.0,70000,SCENARIO
2026-08-13,MAPUTO_MZ_PARADIP,PANAMAX,COA_3M,16.41,2.0,210000,SCENARIO
2026-08-13,MAPUTO_MZ_PARADIP,PANAMAX,COA_6M,16.89,5.0,420000,SCENARIO
2026-08-13,MAPUTO_MZ_PARADIP,PANAMAX,COA_12M,17.38,8.0,840000,SCENARIO
2026-08-13,MAPUTO_MZ_PARADIP,SUPRAMAX,SPOT,18.37,0.0,50000,SCENARIO
2026-08-13,MAPUTO_MZ_PARADIP,SUPRAMAX,COA_3M,18.74,2.0,150000,SCENARIO
2026-08-13,MAPUTO_MZ_PARADIP,SUPRAMAX,COA_6M,19.29,5.0,300000,SCENARIO
2026-08-13,MAPUTO_MZ_PARADIP,SUPRAMAX,COA_12M,19.84,8.0,600000,SCENARIO
2026-08-13,MAPUTO_MZ_VIZAG,HANDYSIZE,SPOT,21.69,0.0,32000,SCENARIO
2026-08-13,MAPUTO_MZ_VIZAG,HANDYSIZE,COA_3M,22.12,2.0,96000,SCENARIO
2026-08-13,MAPUTO_MZ_VIZAG,HANDYSIZE,COA_6M,22.77,5.0,192000,SCENARIO
2026-08-13,MAPUTO_MZ_VIZAG,HANDYSIZE,COA_12M,23.43,8.0,384000,SCENARIO
2026-08-13,MAPUTO_MZ_VIZAG,PANAMAX,SPOT,14.99,0.0,70000,SCENARIO
2026-08-13,MAPUTO_MZ_VIZAG,PANAMAX,COA_3M,15.29,2.0,210000,SCENARIO
2026-08-13,MAPUTO_MZ_VIZAG,PANAMAX,COA_6M,15.74,5.0,420000,SCENARIO
2026-08-13,MAPUTO_MZ_VIZAG,PANAMAX,COA_12M,16.19,8.0,840000,SCENARIO
2026-08-13,MAPUTO_MZ_VIZAG,PANAMAX,SPOT,15.61,0.0,70000,SCENARIO
2026-08-13,MAPUTO_MZ_VIZAG,PANAMAX,COA_3M,15.92,2.0,210000,SCENARIO
2026-08-13,MAPUTO_MZ_VIZAG,PANAMAX,COA_6M,16.39,5.0,420000,SCENARIO
2026-08-13,MAPUTO_MZ_VIZAG,PANAMAX,COA_12M,16.86,8.0,840000,SCENARIO
2026-08-13,MAPUTO_MZ_VIZAG,SUPRAMAX,SPOT,17.81,0.0,50000,SCENARIO
2026-08-13,MAPUTO_MZ_VIZAG,SUPRAMAX,COA_3M,18.17,2.0,150000,SCENARIO
2026-08-13,MAPUTO_MZ_VIZAG,SUPRAMAX,COA_6M,18.7,5.0,300000,SCENARIO
2026-08-13,MAPUTO_MZ_VIZAG,SUPRAMAX,COA_12M,19.23,8.0,600000,SCENARIO
2026-08-13,NEWCASTLE_AU_DHAMRA,HANDYSIZE,SPOT,30.5,0.0,32000,SCENARIO
2026-08-13,NEWCASTLE_AU_DHAMRA,HANDYSIZE,COA_3M,31.11,2.0,96000,SCENARIO
2026-08-13,NEWCASTLE_AU_DHAMRA,HANDYSIZE,COA_6M,32.02,5.0,192000,SCENARIO
2026-08-13,NEWCASTLE_AU_DHAMRA,HANDYSIZE,COA_12M,32.94,8.0,384000,SCENARIO
2026-08-13,NEWCASTLE_AU_DHAMRA,PANAMAX,SPOT,20.93,0.0,70000,SCENARIO
2026-08-13,NEWCASTLE_AU_DHAMRA,PANAMAX,COA_3M,21.35,2.0,210000,SCENARIO
2026-08-13,NEWCASTLE_AU_DHAMRA,PANAMAX,COA_6M,21.98,5.0,420000,SCENARIO
2026-08-13,NEWCASTLE_AU_DHAMRA,PANAMAX,COA_12M,22.6,8.0,840000,SCENARIO
2026-08-13,NEWCASTLE_AU_DHAMRA,PANAMAX,SPOT,21.73,0.0,70000,SCENARIO
2026-08-13,NEWCASTLE_AU_DHAMRA,PANAMAX,COA_3M,22.16,2.0,210000,SCENARIO
2026-08-13,NEWCASTLE_AU_DHAMRA,PANAMAX,COA_6M,22.82,5.0,420000,SCENARIO
2026-08-13,NEWCASTLE_AU_DHAMRA,PANAMAX,COA_12M,23.47,8.0,840000,SCENARIO
2026-08-13,NEWCASTLE_AU_DHAMRA,SUPRAMAX,SPOT,24.91,0.0,50000,SCENARIO
2026-08-13,NEWCASTLE_AU_DHAMRA,SUPRAMAX,COA_3M,25.41,2.0,150000,SCENARIO
2026-08-13,NEWCASTLE_AU_DHAMRA,SUPRAMAX,COA_6M,26.16,5.0,300000,SCENARIO
2026-08-13,NEWCASTLE_AU_DHAMRA,SUPRAMAX,COA_12M,26.9,8.0,600000,SCENARIO
2026-08-13,NEWCASTLE_AU_GANGAVARAM,HANDYSIZE,SPOT,30.19,0.0,32000,SCENARIO
2026-08-13,NEWCASTLE_AU_GANGAVARAM,HANDYSIZE,COA_3M,30.79,2.0,96000,SCENARIO
2026-08-13,NEWCASTLE_AU_GANGAVARAM,HANDYSIZE,COA_6M,31.7,5.0,192000,SCENARIO
2026-08-13,NEWCASTLE_AU_GANGAVARAM,HANDYSIZE,COA_12M,32.61,8.0,384000,SCENARIO
2026-08-13,NEWCASTLE_AU_GANGAVARAM,PANAMAX,SPOT,20.72,0.0,70000,SCENARIO
2026-08-13,NEWCASTLE_AU_GANGAVARAM,PANAMAX,COA_3M,21.13,2.0,210000,SCENARIO
2026-08-13,NEWCASTLE_AU_GANGAVARAM,PANAMAX,COA_6M,21.76,5.0,420000,SCENARIO
2026-08-13,NEWCASTLE_AU_GANGAVARAM,PANAMAX,COA_12M,22.38,8.0,840000,SCENARIO
2026-08-13,NEWCASTLE_AU_GANGAVARAM,PANAMAX,SPOT,21.52,0.0,70000,SCENARIO
2026-08-13,NEWCASTLE_AU_GANGAVARAM,PANAMAX,COA_3M,21.95,2.0,210000,SCENARIO
2026-08-13,NEWCASTLE_AU_GANGAVARAM,PANAMAX,COA_6M,22.6,5.0,420000,SCENARIO
2026-08-13,NEWCASTLE_AU_GANGAVARAM,PANAMAX,COA_12M,23.24,8.0,840000,SCENARIO
2026-08-13,NEWCASTLE_AU_GANGAVARAM,SUPRAMAX,SPOT,24.67,0.0,50000,SCENARIO
2026-08-13,NEWCASTLE_AU_GANGAVARAM,SUPRAMAX,COA_3M,25.16,2.0,150000,SCENARIO
2026-08-13,NEWCASTLE_AU_GANGAVARAM,SUPRAMAX,COA_6M,25.9,5.0,300000,SCENARIO
2026-08-13,NEWCASTLE_AU_GANGAVARAM,SUPRAMAX,COA_12M,26.64,8.0,600000,SCENARIO
2026-08-13,NEWCASTLE_AU_GOPALPUR,HANDYSIZE,SPOT,30.67,0.0,32000,SCENARIO
2026-08-13,NEWCASTLE_AU_GOPALPUR,HANDYSIZE,COA_3M,31.28,2.0,96000,SCENARIO
2026-08-13,NEWCASTLE_AU_GOPALPUR,HANDYSIZE,COA_6M,32.2,5.0,192000,SCENARIO
2026-08-13,NEWCASTLE_AU_GOPALPUR,HANDYSIZE,COA_12M,33.12,8.0,384000,SCENARIO
2026-08-13,NEWCASTLE_AU_GOPALPUR,PANAMAX,SPOT,21.85,0.0,70000,SCENARIO
2026-08-13,NEWCASTLE_AU_GOPALPUR,PANAMAX,COA_3M,22.29,2.0,210000,SCENARIO
2026-08-13,NEWCASTLE_AU_GOPALPUR,PANAMAX,COA_6M,22.94,5.0,420000,SCENARIO
2026-08-13,NEWCASTLE_AU_GOPALPUR,PANAMAX,COA_12M,23.6,8.0,840000,SCENARIO
2026-08-13,NEWCASTLE_AU_GOPALPUR,SUPRAMAX,SPOT,25.06,0.0,50000,SCENARIO
2026-08-13,NEWCASTLE_AU_GOPALPUR,SUPRAMAX,COA_3M,25.56,2.0,150000,SCENARIO
2026-08-13,NEWCASTLE_AU_GOPALPUR,SUPRAMAX,COA_6M,26.31,5.0,300000,SCENARIO
2026-08-13,NEWCASTLE_AU_GOPALPUR,SUPRAMAX,COA_12M,27.06,8.0,600000,SCENARIO
2026-08-13,NEWCASTLE_AU_PARADIP,HANDYSIZE,SPOT,30.62,0.0,32000,SCENARIO
2026-08-13,NEWCASTLE_AU_PARADIP,HANDYSIZE,COA_3M,31.23,2.0,96000,SCENARIO
2026-08-13,NEWCASTLE_AU_PARADIP,HANDYSIZE,COA_6M,32.15,5.0,192000,SCENARIO
2026-08-13,NEWCASTLE_AU_PARADIP,HANDYSIZE,COA_12M,33.07,8.0,384000,SCENARIO
2026-08-13,NEWCASTLE_AU_PARADIP,PANAMAX,SPOT,21.01,0.0,70000,SCENARIO
2026-08-13,NEWCASTLE_AU_PARADIP,PANAMAX,COA_3M,21.43,2.0,210000,SCENARIO
2026-08-13,NEWCASTLE_AU_PARADIP,PANAMAX,COA_6M,22.06,5.0,420000,SCENARIO
2026-08-13,NEWCASTLE_AU_PARADIP,PANAMAX,COA_12M,22.69,8.0,840000,SCENARIO
2026-08-13,NEWCASTLE_AU_PARADIP,PANAMAX,SPOT,21.82,0.0,70000,SCENARIO
2026-08-13,NEWCASTLE_AU_PARADIP,PANAMAX,COA_3M,22.26,2.0,210000,SCENARIO
2026-08-13,NEWCASTLE_AU_PARADIP,PANAMAX,COA_6M,22.91,5.0,420000,SCENARIO
2026-08-13,NEWCASTLE_AU_PARADIP,PANAMAX,COA_12M,23.57,8.0,840000,SCENARIO
2026-08-13,NEWCASTLE_AU_PARADIP,SUPRAMAX,SPOT,25.02,0.0,50000,SCENARIO
2026-08-13,NEWCASTLE_AU_PARADIP,SUPRAMAX,COA_3M,25.52,2.0,150000,SCENARIO
2026-08-13,NEWCASTLE_AU_PARADIP,SUPRAMAX,COA_6M,26.27,5.0,300000,SCENARIO
2026-08-13,NEWCASTLE_AU_PARADIP,SUPRAMAX,COA_12M,27.02,8.0,600000,SCENARIO
2026-08-13,NEWCASTLE_AU_SANDHEADS,HANDYSIZE,SPOT,31.36,0.0,32000,SCENARIO
2026-08-13,NEWCASTLE_AU_SANDHEADS,HANDYSIZE,COA_3M,31.99,2.0,96000,SCENARIO
2026-08-13,NEWCASTLE_AU_SANDHEADS,HANDYSIZE,COA_6M,32.93,5.0,192000,SCENARIO
2026-08-13,NEWCASTLE_AU_SANDHEADS,HANDYSIZE,COA_12M,33.87,8.0,384000,SCENARIO
2026-08-13,NEWCASTLE_AU_SANDHEADS,PANAMAX,SPOT,21.51,0.0,70000,SCENARIO
2026-08-13,NEWCASTLE_AU_SANDHEADS,PANAMAX,COA_3M,21.94,2.0,210000,SCENARIO
2026-08-13,NEWCASTLE_AU_SANDHEADS,PANAMAX,COA_6M,22.59,5.0,420000,SCENARIO
2026-08-13,NEWCASTLE_AU_SANDHEADS,PANAMAX,COA_12M,23.23,8.0,840000,SCENARIO
2026-08-13,NEWCASTLE_AU_SANDHEADS,PANAMAX,SPOT,22.34,0.0,70000,SCENARIO
2026-08-13,NEWCASTLE_AU_SANDHEADS,PANAMAX,COA_3M,22.79,2.0,210000,SCENARIO
2026-08-13,NEWCASTLE_AU_SANDHEADS,PANAMAX,COA_6M,23.46,5.0,420000,SCENARIO
2026-08-13,NEWCASTLE_AU_SANDHEADS,PANAMAX,COA_12M,24.13,8.0,840000,SCENARIO
2026-08-13,NEWCASTLE_AU_SANDHEADS,SUPRAMAX,SPOT,25.63,0.0,50000,SCENARIO
2026-08-13,NEWCASTLE_AU_SANDHEADS,SUPRAMAX,COA_3M,26.14,2.0,150000,SCENARIO
2026-08-13,NEWCASTLE_AU_SANDHEADS,SUPRAMAX,COA_6M,26.91,5.0,300000,SCENARIO
2026-08-13,NEWCASTLE_AU_SANDHEADS,SUPRAMAX,COA_12M,27.68,8.0,600000,SCENARIO
2026-08-13,NEWCASTLE_AU_VIZAG,HANDYSIZE,SPOT,30.65,0.0,32000,SCENARIO
2026-08-13,NEWCASTLE_AU_VIZAG,HANDYSIZE,COA_3M,31.26,2.0,96000,SCENARIO
2026-08-13,NEWCASTLE_AU_VIZAG,HANDYSIZE,COA_6M,32.18,5.0,192000,SCENARIO
2026-08-13,NEWCASTLE_AU_VIZAG,HANDYSIZE,COA_12M,33.1,8.0,384000,SCENARIO
2026-08-13,NEWCASTLE_AU_VIZAG,PANAMAX,SPOT,21.03,0.0,70000,SCENARIO
2026-08-13,NEWCASTLE_AU_VIZAG,PANAMAX,COA_3M,21.45,2.0,210000,SCENARIO
2026-08-13,NEWCASTLE_AU_VIZAG,PANAMAX,COA_6M,22.08,5.0,420000,SCENARIO
2026-08-13,NEWCASTLE_AU_VIZAG,PANAMAX,COA_12M,22.71,8.0,840000,SCENARIO
2026-08-13,NEWCASTLE_AU_VIZAG,PANAMAX,SPOT,21.84,0.0,70000,SCENARIO
2026-08-13,NEWCASTLE_AU_VIZAG,PANAMAX,COA_3M,22.28,2.0,210000,SCENARIO
2026-08-13,NEWCASTLE_AU_VIZAG,PANAMAX,COA_6M,22.93,5.0,420000,SCENARIO
2026-08-13,NEWCASTLE_AU_VIZAG,PANAMAX,COA_12M,23.59,8.0,840000,SCENARIO
2026-08-13,NEWCASTLE_AU_VIZAG,SUPRAMAX,SPOT,25.05,0.0,50000,SCENARIO
2026-08-13,NEWCASTLE_AU_VIZAG,SUPRAMAX,COA_3M,25.55,2.0,150000,SCENARIO
2026-08-13,NEWCASTLE_AU_VIZAG,SUPRAMAX,COA_6M,26.3,5.0,300000,SCENARIO
2026-08-13,NEWCASTLE_AU_VIZAG,SUPRAMAX,COA_12M,27.05,8.0,600000,SCENARIO
2026-08-13,NORFOLK_US_PARADIP,HANDYSIZE,SPOT,53.39,0.0,32000,SCENARIO
2026-08-13,NORFOLK_US_PARADIP,HANDYSIZE,COA_3M,54.46,2.0,96000,SCENARIO
2026-08-13,NORFOLK_US_PARADIP,HANDYSIZE,COA_6M,56.06,5.0,192000,SCENARIO
2026-08-13,NORFOLK_US_PARADIP,HANDYSIZE,COA_12M,57.66,8.0,384000,SCENARIO
2026-08-13,NORFOLK_US_PARADIP,PANAMAX,SPOT,36.35,0.0,70000,SCENARIO
2026-08-13,NORFOLK_US_PARADIP,PANAMAX,COA_3M,37.08,2.0,210000,SCENARIO
2026-08-13,NORFOLK_US_PARADIP,PANAMAX,COA_6M,38.17,5.0,420000,SCENARIO
2026-08-13,NORFOLK_US_PARADIP,PANAMAX,COA_12M,39.26,8.0,840000,SCENARIO
2026-08-13,NORFOLK_US_PARADIP,PANAMAX,SPOT,37.65,0.0,70000,SCENARIO
2026-08-13,NORFOLK_US_PARADIP,PANAMAX,COA_3M,38.4,2.0,210000,SCENARIO
2026-08-13,NORFOLK_US_PARADIP,PANAMAX,COA_6M,39.53,5.0,420000,SCENARIO
2026-08-13,NORFOLK_US_PARADIP,PANAMAX,COA_12M,40.66,8.0,840000,SCENARIO
2026-08-13,NORFOLK_US_PARADIP,SUPRAMAX,SPOT,43.42,0.0,50000,SCENARIO
2026-08-13,NORFOLK_US_PARADIP,SUPRAMAX,COA_3M,44.29,2.0,150000,SCENARIO
2026-08-13,NORFOLK_US_PARADIP,SUPRAMAX,COA_6M,45.59,5.0,300000,SCENARIO
2026-08-13,NORFOLK_US_PARADIP,SUPRAMAX,COA_12M,46.89,8.0,600000,SCENARIO
2026-08-13,NORFOLK_US_VIZAG,HANDYSIZE,SPOT,52.69,0.0,32000,SCENARIO
2026-08-13,NORFOLK_US_VIZAG,HANDYSIZE,COA_3M,53.74,2.0,96000,SCENARIO
2026-08-13,NORFOLK_US_VIZAG,HANDYSIZE,COA_6M,55.32,5.0,192000,SCENARIO
2026-08-13,NORFOLK_US_VIZAG,HANDYSIZE,COA_12M,56.91,8.0,384000,SCENARIO
2026-08-13,NORFOLK_US_VIZAG,PANAMAX,SPOT,35.88,0.0,70000,SCENARIO
2026-08-13,NORFOLK_US_VIZAG,PANAMAX,COA_3M,36.6,2.0,210000,SCENARIO
2026-08-13,NORFOLK_US_VIZAG,PANAMAX,COA_6M,37.67,5.0,420000,SCENARIO
2026-08-13,NORFOLK_US_VIZAG,PANAMAX,COA_12M,38.75,8.0,840000,SCENARIO
2026-08-13,NORFOLK_US_VIZAG,PANAMAX,SPOT,37.17,0.0,70000,SCENARIO
2026-08-13,NORFOLK_US_VIZAG,PANAMAX,COA_3M,37.91,2.0,210000,SCENARIO
2026-08-13,NORFOLK_US_VIZAG,PANAMAX,COA_6M,39.03,5.0,420000,SCENARIO
2026-08-13,NORFOLK_US_VIZAG,PANAMAX,COA_12M,40.14,8.0,840000,SCENARIO
2026-08-13,NORFOLK_US_VIZAG,SUPRAMAX,SPOT,42.86,0.0,50000,SCENARIO
2026-08-13,NORFOLK_US_VIZAG,SUPRAMAX,COA_3M,43.72,2.0,150000,SCENARIO
2026-08-13,NORFOLK_US_VIZAG,SUPRAMAX,COA_6M,45.0,5.0,300000,SCENARIO
2026-08-13,NORFOLK_US_VIZAG,SUPRAMAX,COA_12M,46.29,8.0,600000,SCENARIO
2026-08-13,VOSTOCHNY_RU_PARADIP,HANDYSIZE,SPOT,29.66,0.0,32000,SCENARIO
2026-08-13,VOSTOCHNY_RU_PARADIP,HANDYSIZE,COA_3M,30.25,2.0,96000,SCENARIO
2026-08-13,VOSTOCHNY_RU_PARADIP,HANDYSIZE,COA_6M,31.14,5.0,192000,SCENARIO
2026-08-13,VOSTOCHNY_RU_PARADIP,HANDYSIZE,COA_12M,32.03,8.0,384000,SCENARIO
2026-08-13,VOSTOCHNY_RU_PARADIP,PANAMAX,SPOT,20.36,0.0,70000,SCENARIO
2026-08-13,VOSTOCHNY_RU_PARADIP,PANAMAX,COA_3M,20.77,2.0,210000,SCENARIO
2026-08-13,VOSTOCHNY_RU_PARADIP,PANAMAX,COA_6M,21.38,5.0,420000,SCENARIO
2026-08-13,VOSTOCHNY_RU_PARADIP,PANAMAX,COA_12M,21.99,8.0,840000,SCENARIO
2026-08-13,VOSTOCHNY_RU_PARADIP,PANAMAX,SPOT,21.15,0.0,70000,SCENARIO
2026-08-13,VOSTOCHNY_RU_PARADIP,PANAMAX,COA_3M,21.57,2.0,210000,SCENARIO
2026-08-13,VOSTOCHNY_RU_PARADIP,PANAMAX,COA_6M,22.21,5.0,420000,SCENARIO
2026-08-13,VOSTOCHNY_RU_PARADIP,PANAMAX,COA_12M,22.84,8.0,840000,SCENARIO
2026-08-13,VOSTOCHNY_RU_PARADIP,SUPRAMAX,SPOT,24.24,0.0,50000,SCENARIO
2026-08-13,VOSTOCHNY_RU_PARADIP,SUPRAMAX,COA_3M,24.72,2.0,150000,SCENARIO
2026-08-13,VOSTOCHNY_RU_PARADIP,SUPRAMAX,COA_6M,25.45,5.0,300000,SCENARIO
2026-08-13,VOSTOCHNY_RU_PARADIP,SUPRAMAX,COA_12M,26.18,8.0,600000,SCENARIO
2026-08-13,VOSTOCHNY_RU_VIZAG,HANDYSIZE,SPOT,29.44,0.0,32000,SCENARIO
2026-08-13,VOSTOCHNY_RU_VIZAG,HANDYSIZE,COA_3M,30.03,2.0,96000,SCENARIO
2026-08-13,VOSTOCHNY_RU_VIZAG,HANDYSIZE,COA_6M,30.91,5.0,192000,SCENARIO
2026-08-13,VOSTOCHNY_RU_VIZAG,HANDYSIZE,COA_12M,31.8,8.0,384000,SCENARIO
2026-08-13,VOSTOCHNY_RU_VIZAG,PANAMAX,SPOT,20.21,0.0,70000,SCENARIO
2026-08-13,VOSTOCHNY_RU_VIZAG,PANAMAX,COA_3M,20.61,2.0,210000,SCENARIO
2026-08-13,VOSTOCHNY_RU_VIZAG,PANAMAX,COA_6M,21.22,5.0,420000,SCENARIO
2026-08-13,VOSTOCHNY_RU_VIZAG,PANAMAX,COA_12M,21.83,8.0,840000,SCENARIO
2026-08-13,VOSTOCHNY_RU_VIZAG,PANAMAX,SPOT,21.0,0.0,70000,SCENARIO
2026-08-13,VOSTOCHNY_RU_VIZAG,PANAMAX,COA_3M,21.42,2.0,210000,SCENARIO
2026-08-13,VOSTOCHNY_RU_VIZAG,PANAMAX,COA_6M,22.05,5.0,420000,SCENARIO
2026-08-13,VOSTOCHNY_RU_VIZAG,PANAMAX,COA_12M,22.68,8.0,840000,SCENARIO
2026-08-13,VOSTOCHNY_RU_VIZAG,SUPRAMAX,SPOT,24.07,0.0,50000,SCENARIO
2026-08-13,VOSTOCHNY_RU_VIZAG,SUPRAMAX,COA_3M,24.55,2.0,150000,SCENARIO
2026-08-13,VOSTOCHNY_RU_VIZAG,SUPRAMAX,COA_6M,25.27,5.0,300000,SCENARIO
2026-08-13,VOSTOCHNY_RU_VIZAG,SUPRAMAX,COA_12M,26.0,8.0,600000,SCENARIO
2026-08-14,KALIMANTAN_ID_DHAMRA,HANDYSIZE,SPOT,15.72,0.0,32000,SCENARIO
2026-08-14,KALIMANTAN_ID_DHAMRA,HANDYSIZE,COA_3M,16.03,2.0,96000,SCENARIO
2026-08-14,KALIMANTAN_ID_DHAMRA,HANDYSIZE,COA_6M,16.51,5.0,192000,SCENARIO
2026-08-14,KALIMANTAN_ID_DHAMRA,HANDYSIZE,COA_12M,16.98,8.0,384000,SCENARIO
2026-08-14,KALIMANTAN_ID_DHAMRA,PANAMAX,SPOT,10.97,0.0,70000,SCENARIO
2026-08-14,KALIMANTAN_ID_DHAMRA,PANAMAX,COA_3M,11.19,2.0,210000,SCENARIO
2026-08-14,KALIMANTAN_ID_DHAMRA,PANAMAX,COA_6M,11.52,5.0,420000,SCENARIO
2026-08-14,KALIMANTAN_ID_DHAMRA,PANAMAX,COA_12M,11.85,8.0,840000,SCENARIO
2026-08-14,KALIMANTAN_ID_DHAMRA,PANAMAX,SPOT,11.45,0.0,70000,SCENARIO
2026-08-14,KALIMANTAN_ID_DHAMRA,PANAMAX,COA_3M,11.68,2.0,210000,SCENARIO
2026-08-14,KALIMANTAN_ID_DHAMRA,PANAMAX,COA_6M,12.02,5.0,420000,SCENARIO
2026-08-14,KALIMANTAN_ID_DHAMRA,PANAMAX,COA_12M,12.37,8.0,840000,SCENARIO
2026-08-14,KALIMANTAN_ID_DHAMRA,SUPRAMAX,SPOT,12.97,0.0,50000,SCENARIO
2026-08-14,KALIMANTAN_ID_DHAMRA,SUPRAMAX,COA_3M,13.23,2.0,150000,SCENARIO
2026-08-14,KALIMANTAN_ID_DHAMRA,SUPRAMAX,COA_6M,13.62,5.0,300000,SCENARIO
2026-08-14,KALIMANTAN_ID_DHAMRA,SUPRAMAX,COA_12M,14.01,8.0,600000,SCENARIO
2026-08-14,KALIMANTAN_ID_GANGAVARAM,HANDYSIZE,SPOT,15.19,0.0,32000,SCENARIO
2026-08-14,KALIMANTAN_ID_GANGAVARAM,HANDYSIZE,COA_3M,15.49,2.0,96000,SCENARIO
2026-08-14,KALIMANTAN_ID_GANGAVARAM,HANDYSIZE,COA_6M,15.95,5.0,192000,SCENARIO
2026-08-14,KALIMANTAN_ID_GANGAVARAM,HANDYSIZE,COA_12M,16.41,8.0,384000,SCENARIO
2026-08-14,KALIMANTAN_ID_GANGAVARAM,PANAMAX,SPOT,10.61,0.0,70000,SCENARIO
2026-08-14,KALIMANTAN_ID_GANGAVARAM,PANAMAX,COA_3M,10.82,2.0,210000,SCENARIO
2026-08-14,KALIMANTAN_ID_GANGAVARAM,PANAMAX,COA_6M,11.14,5.0,420000,SCENARIO
2026-08-14,KALIMANTAN_ID_GANGAVARAM,PANAMAX,COA_12M,11.46,8.0,840000,SCENARIO
2026-08-14,KALIMANTAN_ID_GANGAVARAM,PANAMAX,SPOT,11.09,0.0,70000,SCENARIO
2026-08-14,KALIMANTAN_ID_GANGAVARAM,PANAMAX,COA_3M,11.31,2.0,210000,SCENARIO
2026-08-14,KALIMANTAN_ID_GANGAVARAM,PANAMAX,COA_6M,11.64,5.0,420000,SCENARIO
2026-08-14,KALIMANTAN_ID_GANGAVARAM,PANAMAX,COA_12M,11.98,8.0,840000,SCENARIO
2026-08-14,KALIMANTAN_ID_GANGAVARAM,SUPRAMAX,SPOT,12.55,0.0,50000,SCENARIO
2026-08-14,KALIMANTAN_ID_GANGAVARAM,SUPRAMAX,COA_3M,12.8,2.0,150000,SCENARIO
2026-08-14,KALIMANTAN_ID_GANGAVARAM,SUPRAMAX,COA_6M,13.18,5.0,300000,SCENARIO
2026-08-14,KALIMANTAN_ID_GANGAVARAM,SUPRAMAX,COA_12M,13.55,8.0,600000,SCENARIO
2026-08-14,KALIMANTAN_ID_GOPALPUR,HANDYSIZE,SPOT,15.79,0.0,32000,SCENARIO
2026-08-14,KALIMANTAN_ID_GOPALPUR,HANDYSIZE,COA_3M,16.11,2.0,96000,SCENARIO
2026-08-14,KALIMANTAN_ID_GOPALPUR,HANDYSIZE,COA_6M,16.58,5.0,192000,SCENARIO
2026-08-14,KALIMANTAN_ID_GOPALPUR,HANDYSIZE,COA_12M,17.05,8.0,384000,SCENARIO
2026-08-14,KALIMANTAN_ID_GOPALPUR,PANAMAX,SPOT,11.51,0.0,70000,SCENARIO
2026-08-14,KALIMANTAN_ID_GOPALPUR,PANAMAX,COA_3M,11.74,2.0,210000,SCENARIO
2026-08-14,KALIMANTAN_ID_GOPALPUR,PANAMAX,COA_6M,12.09,5.0,420000,SCENARIO
2026-08-14,KALIMANTAN_ID_GOPALPUR,PANAMAX,COA_12M,12.43,8.0,840000,SCENARIO
2026-08-14,KALIMANTAN_ID_GOPALPUR,SUPRAMAX,SPOT,13.04,0.0,50000,SCENARIO
2026-08-14,KALIMANTAN_ID_GOPALPUR,SUPRAMAX,COA_3M,13.3,2.0,150000,SCENARIO
2026-08-14,KALIMANTAN_ID_GOPALPUR,SUPRAMAX,COA_6M,13.69,5.0,300000,SCENARIO
2026-08-14,KALIMANTAN_ID_GOPALPUR,SUPRAMAX,COA_12M,14.08,8.0,600000,SCENARIO
2026-08-14,KALIMANTAN_ID_PARADIP,HANDYSIZE,SPOT,15.87,0.0,32000,SCENARIO
2026-08-14,KALIMANTAN_ID_PARADIP,HANDYSIZE,COA_3M,16.19,2.0,96000,SCENARIO
2026-08-14,KALIMANTAN_ID_PARADIP,HANDYSIZE,COA_6M,16.66,5.0,192000,SCENARIO
2026-08-14,KALIMANTAN_ID_PARADIP,HANDYSIZE,COA_12M,17.14,8.0,384000,SCENARIO
2026-08-14,KALIMANTAN_ID_PARADIP,PANAMAX,SPOT,11.07,0.0,70000,SCENARIO
2026-08-14,KALIMANTAN_ID_PARADIP,PANAMAX,COA_3M,11.29,2.0,210000,SCENARIO
2026-08-14,KALIMANTAN_ID_PARADIP,PANAMAX,COA_6M,11.62,5.0,420000,SCENARIO
2026-08-14,KALIMANTAN_ID_PARADIP,PANAMAX,COA_12M,11.96,8.0,840000,SCENARIO
2026-08-14,KALIMANTAN_ID_PARADIP,PANAMAX,SPOT,11.56,0.0,70000,SCENARIO
2026-08-14,KALIMANTAN_ID_PARADIP,PANAMAX,COA_3M,11.79,2.0,210000,SCENARIO
2026-08-14,KALIMANTAN_ID_PARADIP,PANAMAX,COA_6M,12.14,5.0,420000,SCENARIO
2026-08-14,KALIMANTAN_ID_PARADIP,PANAMAX,COA_12M,12.48,8.0,840000,SCENARIO
2026-08-14,KALIMANTAN_ID_PARADIP,SUPRAMAX,SPOT,13.1,0.0,50000,SCENARIO
2026-08-14,KALIMANTAN_ID_PARADIP,SUPRAMAX,COA_3M,13.36,2.0,150000,SCENARIO
2026-08-14,KALIMANTAN_ID_PARADIP,SUPRAMAX,COA_6M,13.76,5.0,300000,SCENARIO
2026-08-14,KALIMANTAN_ID_PARADIP,SUPRAMAX,COA_12M,14.15,8.0,600000,SCENARIO
2026-08-14,KALIMANTAN_ID_SANDHEADS,HANDYSIZE,SPOT,16.65,0.0,32000,SCENARIO
2026-08-14,KALIMANTAN_ID_SANDHEADS,HANDYSIZE,COA_3M,16.98,2.0,96000,SCENARIO
2026-08-14,KALIMANTAN_ID_SANDHEADS,HANDYSIZE,COA_6M,17.48,5.0,192000,SCENARIO
2026-08-14,KALIMANTAN_ID_SANDHEADS,HANDYSIZE,COA_12M,17.98,8.0,384000,SCENARIO
2026-08-14,KALIMANTAN_ID_SANDHEADS,PANAMAX,SPOT,11.59,0.0,70000,SCENARIO
2026-08-14,KALIMANTAN_ID_SANDHEADS,PANAMAX,COA_3M,11.82,2.0,210000,SCENARIO
2026-08-14,KALIMANTAN_ID_SANDHEADS,PANAMAX,COA_6M,12.17,5.0,420000,SCENARIO
2026-08-14,KALIMANTAN_ID_SANDHEADS,PANAMAX,COA_12M,12.52,8.0,840000,SCENARIO
2026-08-14,KALIMANTAN_ID_SANDHEADS,PANAMAX,SPOT,12.1,0.0,70000,SCENARIO
2026-08-14,KALIMANTAN_ID_SANDHEADS,PANAMAX,COA_3M,12.34,2.0,210000,SCENARIO
2026-08-14,KALIMANTAN_ID_SANDHEADS,PANAMAX,COA_6M,12.71,5.0,420000,SCENARIO
2026-08-14,KALIMANTAN_ID_SANDHEADS,PANAMAX,COA_12M,13.07,8.0,840000,SCENARIO
2026-08-14,KALIMANTAN_ID_SANDHEADS,SUPRAMAX,SPOT,13.75,0.0,50000,SCENARIO
2026-08-14,KALIMANTAN_ID_SANDHEADS,SUPRAMAX,COA_3M,14.03,2.0,150000,SCENARIO
2026-08-14,KALIMANTAN_ID_SANDHEADS,SUPRAMAX,COA_6M,14.44,5.0,300000,SCENARIO
2026-08-14,KALIMANTAN_ID_SANDHEADS,SUPRAMAX,COA_12M,14.85,8.0,600000,SCENARIO
2026-08-14,KALIMANTAN_ID_VIZAG,HANDYSIZE,SPOT,15.66,0.0,32000,SCENARIO
2026-08-14,KALIMANTAN_ID_VIZAG,HANDYSIZE,COA_3M,15.97,2.0,96000,SCENARIO
2026-08-14,KALIMANTAN_ID_VIZAG,HANDYSIZE,COA_6M,16.44,5.0,192000,SCENARIO
2026-08-14,KALIMANTAN_ID_VIZAG,HANDYSIZE,COA_12M,16.91,8.0,384000,SCENARIO
2026-08-14,KALIMANTAN_ID_VIZAG,PANAMAX,SPOT,10.92,0.0,70000,SCENARIO
2026-08-14,KALIMANTAN_ID_VIZAG,PANAMAX,COA_3M,11.14,2.0,210000,SCENARIO
2026-08-14,KALIMANTAN_ID_VIZAG,PANAMAX,COA_6M,11.47,5.0,420000,SCENARIO
2026-08-14,KALIMANTAN_ID_VIZAG,PANAMAX,COA_12M,11.79,8.0,840000,SCENARIO
2026-08-14,KALIMANTAN_ID_VIZAG,PANAMAX,SPOT,11.41,0.0,70000,SCENARIO
2026-08-14,KALIMANTAN_ID_VIZAG,PANAMAX,COA_3M,11.64,2.0,210000,SCENARIO
2026-08-14,KALIMANTAN_ID_VIZAG,PANAMAX,COA_6M,11.98,5.0,420000,SCENARIO
2026-08-14,KALIMANTAN_ID_VIZAG,PANAMAX,COA_12M,12.32,8.0,840000,SCENARIO
2026-08-14,KALIMANTAN_ID_VIZAG,SUPRAMAX,SPOT,12.94,0.0,50000,SCENARIO
2026-08-14,KALIMANTAN_ID_VIZAG,SUPRAMAX,COA_3M,13.2,2.0,150000,SCENARIO
2026-08-14,KALIMANTAN_ID_VIZAG,SUPRAMAX,COA_6M,13.59,5.0,300000,SCENARIO
2026-08-14,KALIMANTAN_ID_VIZAG,SUPRAMAX,COA_12M,13.98,8.0,600000,SCENARIO
2026-08-14,MAPUTO_MZ_PARADIP,HANDYSIZE,SPOT,22.59,0.0,32000,SCENARIO
2026-08-14,MAPUTO_MZ_PARADIP,HANDYSIZE,COA_3M,23.04,2.0,96000,SCENARIO
2026-08-14,MAPUTO_MZ_PARADIP,HANDYSIZE,COA_6M,23.72,5.0,192000,SCENARIO
2026-08-14,MAPUTO_MZ_PARADIP,HANDYSIZE,COA_12M,24.4,8.0,384000,SCENARIO
2026-08-14,MAPUTO_MZ_PARADIP,PANAMAX,SPOT,15.59,0.0,70000,SCENARIO
2026-08-14,MAPUTO_MZ_PARADIP,PANAMAX,COA_3M,15.9,2.0,210000,SCENARIO
2026-08-14,MAPUTO_MZ_PARADIP,PANAMAX,COA_6M,16.37,5.0,420000,SCENARIO
2026-08-14,MAPUTO_MZ_PARADIP,PANAMAX,COA_12M,16.84,8.0,840000,SCENARIO
2026-08-14,MAPUTO_MZ_PARADIP,PANAMAX,SPOT,16.23,0.0,70000,SCENARIO
2026-08-14,MAPUTO_MZ_PARADIP,PANAMAX,COA_3M,16.55,2.0,210000,SCENARIO
2026-08-14,MAPUTO_MZ_PARADIP,PANAMAX,COA_6M,17.04,5.0,420000,SCENARIO
2026-08-14,MAPUTO_MZ_PARADIP,PANAMAX,COA_12M,17.53,8.0,840000,SCENARIO
2026-08-14,MAPUTO_MZ_PARADIP,SUPRAMAX,SPOT,18.53,0.0,50000,SCENARIO
2026-08-14,MAPUTO_MZ_PARADIP,SUPRAMAX,COA_3M,18.9,2.0,150000,SCENARIO
2026-08-14,MAPUTO_MZ_PARADIP,SUPRAMAX,COA_6M,19.46,5.0,300000,SCENARIO
2026-08-14,MAPUTO_MZ_PARADIP,SUPRAMAX,COA_12M,20.01,8.0,600000,SCENARIO
2026-08-14,MAPUTO_MZ_VIZAG,HANDYSIZE,SPOT,21.89,0.0,32000,SCENARIO
2026-08-14,MAPUTO_MZ_VIZAG,HANDYSIZE,COA_3M,22.33,2.0,96000,SCENARIO
2026-08-14,MAPUTO_MZ_VIZAG,HANDYSIZE,COA_6M,22.98,5.0,192000,SCENARIO
2026-08-14,MAPUTO_MZ_VIZAG,HANDYSIZE,COA_12M,23.64,8.0,384000,SCENARIO
2026-08-14,MAPUTO_MZ_VIZAG,PANAMAX,SPOT,15.12,0.0,70000,SCENARIO
2026-08-14,MAPUTO_MZ_VIZAG,PANAMAX,COA_3M,15.42,2.0,210000,SCENARIO
2026-08-14,MAPUTO_MZ_VIZAG,PANAMAX,COA_6M,15.88,5.0,420000,SCENARIO
2026-08-14,MAPUTO_MZ_VIZAG,PANAMAX,COA_12M,16.33,8.0,840000,SCENARIO
2026-08-14,MAPUTO_MZ_VIZAG,PANAMAX,SPOT,15.74,0.0,70000,SCENARIO
2026-08-14,MAPUTO_MZ_VIZAG,PANAMAX,COA_3M,16.05,2.0,210000,SCENARIO
2026-08-14,MAPUTO_MZ_VIZAG,PANAMAX,COA_6M,16.53,5.0,420000,SCENARIO
2026-08-14,MAPUTO_MZ_VIZAG,PANAMAX,COA_12M,17.0,8.0,840000,SCENARIO
2026-08-14,MAPUTO_MZ_VIZAG,SUPRAMAX,SPOT,17.97,0.0,50000,SCENARIO
2026-08-14,MAPUTO_MZ_VIZAG,SUPRAMAX,COA_3M,18.33,2.0,150000,SCENARIO
2026-08-14,MAPUTO_MZ_VIZAG,SUPRAMAX,COA_6M,18.87,5.0,300000,SCENARIO
2026-08-14,MAPUTO_MZ_VIZAG,SUPRAMAX,COA_12M,19.41,8.0,600000,SCENARIO
2026-08-14,NEWCASTLE_AU_DHAMRA,HANDYSIZE,SPOT,30.77,0.0,32000,SCENARIO
2026-08-14,NEWCASTLE_AU_DHAMRA,HANDYSIZE,COA_3M,31.39,2.0,96000,SCENARIO
2026-08-14,NEWCASTLE_AU_DHAMRA,HANDYSIZE,COA_6M,32.31,5.0,192000,SCENARIO
2026-08-14,NEWCASTLE_AU_DHAMRA,HANDYSIZE,COA_12M,33.23,8.0,384000,SCENARIO
2026-08-14,NEWCASTLE_AU_DHAMRA,PANAMAX,SPOT,21.11,0.0,70000,SCENARIO
2026-08-14,NEWCASTLE_AU_DHAMRA,PANAMAX,COA_3M,21.53,2.0,210000,SCENARIO
2026-08-14,NEWCASTLE_AU_DHAMRA,PANAMAX,COA_6M,22.17,5.0,420000,SCENARIO
2026-08-14,NEWCASTLE_AU_DHAMRA,PANAMAX,COA_12M,22.8,8.0,840000,SCENARIO
2026-08-14,NEWCASTLE_AU_DHAMRA,PANAMAX,SPOT,21.92,0.0,70000,SCENARIO
2026-08-14,NEWCASTLE_AU_DHAMRA,PANAMAX,COA_3M,22.36,2.0,210000,SCENARIO
2026-08-14,NEWCASTLE_AU_DHAMRA,PANAMAX,COA_6M,23.02,5.0,420000,SCENARIO
2026-08-14,NEWCASTLE_AU_DHAMRA,PANAMAX,COA_12M,23.67,8.0,840000,SCENARIO
2026-08-14,NEWCASTLE_AU_DHAMRA,SUPRAMAX,SPOT,25.13,0.0,50000,SCENARIO
2026-08-14,NEWCASTLE_AU_DHAMRA,SUPRAMAX,COA_3M,25.63,2.0,150000,SCENARIO
2026-08-14,NEWCASTLE_AU_DHAMRA,SUPRAMAX,COA_6M,26.39,5.0,300000,SCENARIO
2026-08-14,NEWCASTLE_AU_DHAMRA,SUPRAMAX,COA_12M,27.14,8.0,600000,SCENARIO
2026-08-14,NEWCASTLE_AU_GANGAVARAM,HANDYSIZE,SPOT,30.46,0.0,32000,SCENARIO
2026-08-14,NEWCASTLE_AU_GANGAVARAM,HANDYSIZE,COA_3M,31.07,2.0,96000,SCENARIO
2026-08-14,NEWCASTLE_AU_GANGAVARAM,HANDYSIZE,COA_6M,31.98,5.0,192000,SCENARIO
2026-08-14,NEWCASTLE_AU_GANGAVARAM,HANDYSIZE,COA_12M,32.9,8.0,384000,SCENARIO
2026-08-14,NEWCASTLE_AU_GANGAVARAM,PANAMAX,SPOT,20.9,0.0,70000,SCENARIO
2026-08-14,NEWCASTLE_AU_GANGAVARAM,PANAMAX,COA_3M,21.32,2.0,210000,SCENARIO
2026-08-14,NEWCASTLE_AU_GANGAVARAM,PANAMAX,COA_6M,21.95,5.0,420000,SCENARIO
2026-08-14,NEWCASTLE_AU_GANGAVARAM,PANAMAX,COA_12M,22.57,8.0,840000,SCENARIO
2026-08-14,NEWCASTLE_AU_GANGAVARAM,PANAMAX,SPOT,21.7,0.0,70000,SCENARIO
2026-08-14,NEWCASTLE_AU_GANGAVARAM,PANAMAX,COA_3M,22.13,2.0,210000,SCENARIO
2026-08-14,NEWCASTLE_AU_GANGAVARAM,PANAMAX,COA_6M,22.79,5.0,420000,SCENARIO
2026-08-14,NEWCASTLE_AU_GANGAVARAM,PANAMAX,COA_12M,23.44,8.0,840000,SCENARIO
2026-08-14,NEWCASTLE_AU_GANGAVARAM,SUPRAMAX,SPOT,24.89,0.0,50000,SCENARIO
2026-08-14,NEWCASTLE_AU_GANGAVARAM,SUPRAMAX,COA_3M,25.39,2.0,150000,SCENARIO
2026-08-14,NEWCASTLE_AU_GANGAVARAM,SUPRAMAX,COA_6M,26.13,5.0,300000,SCENARIO
2026-08-14,NEWCASTLE_AU_GANGAVARAM,SUPRAMAX,COA_12M,26.88,8.0,600000,SCENARIO
2026-08-14,NEWCASTLE_AU_GOPALPUR,HANDYSIZE,SPOT,30.94,0.0,32000,SCENARIO
2026-08-14,NEWCASTLE_AU_GOPALPUR,HANDYSIZE,COA_3M,31.56,2.0,96000,SCENARIO
2026-08-14,NEWCASTLE_AU_GOPALPUR,HANDYSIZE,COA_6M,32.49,5.0,192000,SCENARIO
2026-08-14,NEWCASTLE_AU_GOPALPUR,HANDYSIZE,COA_12M,33.42,8.0,384000,SCENARIO
2026-08-14,NEWCASTLE_AU_GOPALPUR,PANAMAX,SPOT,22.04,0.0,70000,SCENARIO
2026-08-14,NEWCASTLE_AU_GOPALPUR,PANAMAX,COA_3M,22.48,2.0,210000,SCENARIO
2026-08-14,NEWCASTLE_AU_GOPALPUR,PANAMAX,COA_6M,23.14,5.0,420000,SCENARIO
2026-08-14,NEWCASTLE_AU_GOPALPUR,PANAMAX,COA_12M,23.8,8.0,840000,SCENARIO
2026-08-14,NEWCASTLE_AU_GOPALPUR,SUPRAMAX,SPOT,25.29,0.0,50000,SCENARIO
2026-08-14,NEWCASTLE_AU_GOPALPUR,SUPRAMAX,COA_3M,25.8,2.0,150000,SCENARIO
2026-08-14,NEWCASTLE_AU_GOPALPUR,SUPRAMAX,COA_6M,26.55,5.0,300000,SCENARIO
2026-08-14,NEWCASTLE_AU_GOPALPUR,SUPRAMAX,COA_12M,27.31,8.0,600000,SCENARIO
2026-08-14,NEWCASTLE_AU_PARADIP,HANDYSIZE,SPOT,30.9,0.0,32000,SCENARIO
2026-08-14,NEWCASTLE_AU_PARADIP,HANDYSIZE,COA_3M,31.52,2.0,96000,SCENARIO
2026-08-14,NEWCASTLE_AU_PARADIP,HANDYSIZE,COA_6M,32.45,5.0,192000,SCENARIO
2026-08-14,NEWCASTLE_AU_PARADIP,HANDYSIZE,COA_12M,33.37,8.0,384000,SCENARIO
2026-08-14,NEWCASTLE_AU_PARADIP,PANAMAX,SPOT,21.19,0.0,70000,SCENARIO
2026-08-14,NEWCASTLE_AU_PARADIP,PANAMAX,COA_3M,21.61,2.0,210000,SCENARIO
2026-08-14,NEWCASTLE_AU_PARADIP,PANAMAX,COA_6M,22.25,5.0,420000,SCENARIO
2026-08-14,NEWCASTLE_AU_PARADIP,PANAMAX,COA_12M,22.89,8.0,840000,SCENARIO
2026-08-14,NEWCASTLE_AU_PARADIP,PANAMAX,SPOT,22.01,0.0,70000,SCENARIO
2026-08-14,NEWCASTLE_AU_PARADIP,PANAMAX,COA_3M,22.45,2.0,210000,SCENARIO
2026-08-14,NEWCASTLE_AU_PARADIP,PANAMAX,COA_6M,23.11,5.0,420000,SCENARIO
2026-08-14,NEWCASTLE_AU_PARADIP,PANAMAX,COA_12M,23.77,8.0,840000,SCENARIO
2026-08-14,NEWCASTLE_AU_PARADIP,SUPRAMAX,SPOT,25.25,0.0,50000,SCENARIO
2026-08-14,NEWCASTLE_AU_PARADIP,SUPRAMAX,COA_3M,25.75,2.0,150000,SCENARIO
2026-08-14,NEWCASTLE_AU_PARADIP,SUPRAMAX,COA_6M,26.51,5.0,300000,SCENARIO
2026-08-14,NEWCASTLE_AU_PARADIP,SUPRAMAX,COA_12M,27.27,8.0,600000,SCENARIO
2026-08-14,NEWCASTLE_AU_SANDHEADS,HANDYSIZE,SPOT,31.65,0.0,32000,SCENARIO
2026-08-14,NEWCASTLE_AU_SANDHEADS,HANDYSIZE,COA_3M,32.28,2.0,96000,SCENARIO
2026-08-14,NEWCASTLE_AU_SANDHEADS,HANDYSIZE,COA_6M,33.23,5.0,192000,SCENARIO
2026-08-14,NEWCASTLE_AU_SANDHEADS,HANDYSIZE,COA_12M,34.18,8.0,384000,SCENARIO
2026-08-14,NEWCASTLE_AU_SANDHEADS,PANAMAX,SPOT,21.7,0.0,70000,SCENARIO
2026-08-14,NEWCASTLE_AU_SANDHEADS,PANAMAX,COA_3M,22.13,2.0,210000,SCENARIO
2026-08-14,NEWCASTLE_AU_SANDHEADS,PANAMAX,COA_6M,22.79,5.0,420000,SCENARIO
2026-08-14,NEWCASTLE_AU_SANDHEADS,PANAMAX,COA_12M,23.44,8.0,840000,SCENARIO
2026-08-14,NEWCASTLE_AU_SANDHEADS,PANAMAX,SPOT,22.53,0.0,70000,SCENARIO
2026-08-14,NEWCASTLE_AU_SANDHEADS,PANAMAX,COA_3M,22.98,2.0,210000,SCENARIO
2026-08-14,NEWCASTLE_AU_SANDHEADS,PANAMAX,COA_6M,23.66,5.0,420000,SCENARIO
2026-08-14,NEWCASTLE_AU_SANDHEADS,PANAMAX,COA_12M,24.33,8.0,840000,SCENARIO
2026-08-14,NEWCASTLE_AU_SANDHEADS,SUPRAMAX,SPOT,25.87,0.0,50000,SCENARIO
2026-08-14,NEWCASTLE_AU_SANDHEADS,SUPRAMAX,COA_3M,26.39,2.0,150000,SCENARIO
2026-08-14,NEWCASTLE_AU_SANDHEADS,SUPRAMAX,COA_6M,27.16,5.0,300000,SCENARIO
2026-08-14,NEWCASTLE_AU_SANDHEADS,SUPRAMAX,COA_12M,27.94,8.0,600000,SCENARIO
2026-08-14,NEWCASTLE_AU_VIZAG,HANDYSIZE,SPOT,30.92,0.0,32000,SCENARIO
2026-08-14,NEWCASTLE_AU_VIZAG,HANDYSIZE,COA_3M,31.54,2.0,96000,SCENARIO
2026-08-14,NEWCASTLE_AU_VIZAG,HANDYSIZE,COA_6M,32.47,5.0,192000,SCENARIO
2026-08-14,NEWCASTLE_AU_VIZAG,HANDYSIZE,COA_12M,33.39,8.0,384000,SCENARIO
2026-08-14,NEWCASTLE_AU_VIZAG,PANAMAX,SPOT,21.21,0.0,70000,SCENARIO
2026-08-14,NEWCASTLE_AU_VIZAG,PANAMAX,COA_3M,21.63,2.0,210000,SCENARIO
2026-08-14,NEWCASTLE_AU_VIZAG,PANAMAX,COA_6M,22.27,5.0,420000,SCENARIO
2026-08-14,NEWCASTLE_AU_VIZAG,PANAMAX,COA_12M,22.91,8.0,840000,SCENARIO
2026-08-14,NEWCASTLE_AU_VIZAG,PANAMAX,SPOT,22.03,0.0,70000,SCENARIO
2026-08-14,NEWCASTLE_AU_VIZAG,PANAMAX,COA_3M,22.47,2.0,210000,SCENARIO
2026-08-14,NEWCASTLE_AU_VIZAG,PANAMAX,COA_6M,23.13,5.0,420000,SCENARIO
2026-08-14,NEWCASTLE_AU_VIZAG,PANAMAX,COA_12M,23.79,8.0,840000,SCENARIO
2026-08-14,NEWCASTLE_AU_VIZAG,SUPRAMAX,SPOT,25.28,0.0,50000,SCENARIO
2026-08-14,NEWCASTLE_AU_VIZAG,SUPRAMAX,COA_3M,25.79,2.0,150000,SCENARIO
2026-08-14,NEWCASTLE_AU_VIZAG,SUPRAMAX,COA_6M,26.54,5.0,300000,SCENARIO
2026-08-14,NEWCASTLE_AU_VIZAG,SUPRAMAX,COA_12M,27.3,8.0,600000,SCENARIO
2026-08-14,NORFOLK_US_PARADIP,HANDYSIZE,SPOT,53.86,0.0,32000,SCENARIO
2026-08-14,NORFOLK_US_PARADIP,HANDYSIZE,COA_3M,54.94,2.0,96000,SCENARIO
2026-08-14,NORFOLK_US_PARADIP,HANDYSIZE,COA_6M,56.55,5.0,192000,SCENARIO
2026-08-14,NORFOLK_US_PARADIP,HANDYSIZE,COA_12M,58.17,8.0,384000,SCENARIO
2026-08-14,NORFOLK_US_PARADIP,PANAMAX,SPOT,36.67,0.0,70000,SCENARIO
2026-08-14,NORFOLK_US_PARADIP,PANAMAX,COA_3M,37.4,2.0,210000,SCENARIO
2026-08-14,NORFOLK_US_PARADIP,PANAMAX,COA_6M,38.5,5.0,420000,SCENARIO
2026-08-14,NORFOLK_US_PARADIP,PANAMAX,COA_12M,39.6,8.0,840000,SCENARIO
2026-08-14,NORFOLK_US_PARADIP,PANAMAX,SPOT,37.98,0.0,70000,SCENARIO
2026-08-14,NORFOLK_US_PARADIP,PANAMAX,COA_3M,38.74,2.0,210000,SCENARIO
2026-08-14,NORFOLK_US_PARADIP,PANAMAX,COA_6M,39.88,5.0,420000,SCENARIO
2026-08-14,NORFOLK_US_PARADIP,PANAMAX,COA_12M,41.02,8.0,840000,SCENARIO
2026-08-14,NORFOLK_US_PARADIP,SUPRAMAX,SPOT,43.81,0.0,50000,SCENARIO
2026-08-14,NORFOLK_US_PARADIP,SUPRAMAX,COA_3M,44.69,2.0,150000,SCENARIO
2026-08-14,NORFOLK_US_PARADIP,SUPRAMAX,COA_6M,46.0,5.0,300000,SCENARIO
2026-08-14,NORFOLK_US_PARADIP,SUPRAMAX,COA_12M,47.31,8.0,600000,SCENARIO
2026-08-14,NORFOLK_US_VIZAG,HANDYSIZE,SPOT,53.15,0.0,32000,SCENARIO
2026-08-14,NORFOLK_US_VIZAG,HANDYSIZE,COA_3M,54.21,2.0,96000,SCENARIO
2026-08-14,NORFOLK_US_VIZAG,HANDYSIZE,COA_6M,55.81,5.0,192000,SCENARIO
2026-08-14,NORFOLK_US_VIZAG,HANDYSIZE,COA_12M,57.4,8.0,384000,SCENARIO
2026-08-14,NORFOLK_US_VIZAG,PANAMAX,SPOT,36.19,0.0,70000,SCENARIO
2026-08-14,NORFOLK_US_VIZAG,PANAMAX,COA_3M,36.91,2.0,210000,SCENARIO
2026-08-14,NORFOLK_US_VIZAG,PANAMAX,COA_6M,38.0,5.0,420000,SCENARIO
2026-08-14,NORFOLK_US_VIZAG,PANAMAX,COA_12M,39.09,8.0,840000,SCENARIO
2026-08-14,NORFOLK_US_VIZAG,PANAMAX,SPOT,37.49,0.0,70000,SCENARIO
2026-08-14,NORFOLK_US_VIZAG,PANAMAX,COA_3M,38.24,2.0,210000,SCENARIO
2026-08-14,NORFOLK_US_VIZAG,PANAMAX,COA_6M,39.36,5.0,420000,SCENARIO
2026-08-14,NORFOLK_US_VIZAG,PANAMAX,COA_12M,40.49,8.0,840000,SCENARIO
2026-08-14,NORFOLK_US_VIZAG,SUPRAMAX,SPOT,43.24,0.0,50000,SCENARIO
2026-08-14,NORFOLK_US_VIZAG,SUPRAMAX,COA_3M,44.1,2.0,150000,SCENARIO
2026-08-14,NORFOLK_US_VIZAG,SUPRAMAX,COA_6M,45.4,5.0,300000,SCENARIO
2026-08-14,NORFOLK_US_VIZAG,SUPRAMAX,COA_12M,46.7,8.0,600000,SCENARIO
2026-08-14,VOSTOCHNY_RU_PARADIP,HANDYSIZE,SPOT,29.92,0.0,32000,SCENARIO
2026-08-14,VOSTOCHNY_RU_PARADIP,HANDYSIZE,COA_3M,30.52,2.0,96000,SCENARIO
2026-08-14,VOSTOCHNY_RU_PARADIP,HANDYSIZE,COA_6M,31.42,5.0,192000,SCENARIO
2026-08-14,VOSTOCHNY_RU_PARADIP,HANDYSIZE,COA_12M,32.31,8.0,384000,SCENARIO
2026-08-14,VOSTOCHNY_RU_PARADIP,PANAMAX,SPOT,20.53,0.0,70000,SCENARIO
2026-08-14,VOSTOCHNY_RU_PARADIP,PANAMAX,COA_3M,20.94,2.0,210000,SCENARIO
2026-08-14,VOSTOCHNY_RU_PARADIP,PANAMAX,COA_6M,21.56,5.0,420000,SCENARIO
2026-08-14,VOSTOCHNY_RU_PARADIP,PANAMAX,COA_12M,22.17,8.0,840000,SCENARIO
2026-08-14,VOSTOCHNY_RU_PARADIP,PANAMAX,SPOT,21.33,0.0,70000,SCENARIO
2026-08-14,VOSTOCHNY_RU_PARADIP,PANAMAX,COA_3M,21.76,2.0,210000,SCENARIO
2026-08-14,VOSTOCHNY_RU_PARADIP,PANAMAX,COA_6M,22.4,5.0,420000,SCENARIO
2026-08-14,VOSTOCHNY_RU_PARADIP,PANAMAX,COA_12M,23.04,8.0,840000,SCENARIO
2026-08-14,VOSTOCHNY_RU_PARADIP,SUPRAMAX,SPOT,24.46,0.0,50000,SCENARIO
2026-08-14,VOSTOCHNY_RU_PARADIP,SUPRAMAX,COA_3M,24.95,2.0,150000,SCENARIO
2026-08-14,VOSTOCHNY_RU_PARADIP,SUPRAMAX,COA_6M,25.68,5.0,300000,SCENARIO
2026-08-14,VOSTOCHNY_RU_PARADIP,SUPRAMAX,COA_12M,26.42,8.0,600000,SCENARIO
2026-08-14,VOSTOCHNY_RU_VIZAG,HANDYSIZE,SPOT,29.7,0.0,32000,SCENARIO
2026-08-14,VOSTOCHNY_RU_VIZAG,HANDYSIZE,COA_3M,30.29,2.0,96000,SCENARIO
2026-08-14,VOSTOCHNY_RU_VIZAG,HANDYSIZE,COA_6M,31.19,5.0,192000,SCENARIO
2026-08-14,VOSTOCHNY_RU_VIZAG,HANDYSIZE,COA_12M,32.08,8.0,384000,SCENARIO
2026-08-14,VOSTOCHNY_RU_VIZAG,PANAMAX,SPOT,20.39,0.0,70000,SCENARIO
2026-08-14,VOSTOCHNY_RU_VIZAG,PANAMAX,COA_3M,20.8,2.0,210000,SCENARIO
2026-08-14,VOSTOCHNY_RU_VIZAG,PANAMAX,COA_6M,21.41,5.0,420000,SCENARIO
2026-08-14,VOSTOCHNY_RU_VIZAG,PANAMAX,COA_12M,22.02,8.0,840000,SCENARIO
2026-08-14,VOSTOCHNY_RU_VIZAG,PANAMAX,SPOT,21.18,0.0,70000,SCENARIO
2026-08-14,VOSTOCHNY_RU_VIZAG,PANAMAX,COA_3M,21.6,2.0,210000,SCENARIO
2026-08-14,VOSTOCHNY_RU_VIZAG,PANAMAX,COA_6M,22.24,5.0,420000,SCENARIO
2026-08-14,VOSTOCHNY_RU_VIZAG,PANAMAX,COA_12M,22.87,8.0,840000,SCENARIO
2026-08-14,VOSTOCHNY_RU_VIZAG,SUPRAMAX,SPOT,24.29,0.0,50000,SCENARIO
2026-08-14,VOSTOCHNY_RU_VIZAG,SUPRAMAX,COA_3M,24.78,2.0,150000,SCENARIO
2026-08-14,VOSTOCHNY_RU_VIZAG,SUPRAMAX,COA_6M,25.5,5.0,300000,SCENARIO
2026-08-14,VOSTOCHNY_RU_VIZAG,SUPRAMAX,COA_12M,26.23,8.0,600000,SCENARIO
2026-08-17,KALIMANTAN_ID_DHAMRA,HANDYSIZE,SPOT,15.62,0.0,32000,SCENARIO
2026-08-17,KALIMANTAN_ID_DHAMRA,HANDYSIZE,COA_3M,15.93,2.0,96000,SCENARIO
2026-08-17,KALIMANTAN_ID_DHAMRA,HANDYSIZE,COA_6M,16.4,5.0,192000,SCENARIO
2026-08-17,KALIMANTAN_ID_DHAMRA,HANDYSIZE,COA_12M,16.87,8.0,384000,SCENARIO
2026-08-17,KALIMANTAN_ID_DHAMRA,PANAMAX,SPOT,10.9,0.0,70000,SCENARIO
2026-08-17,KALIMANTAN_ID_DHAMRA,PANAMAX,COA_3M,11.12,2.0,210000,SCENARIO
2026-08-17,KALIMANTAN_ID_DHAMRA,PANAMAX,COA_6M,11.45,5.0,420000,SCENARIO
2026-08-17,KALIMANTAN_ID_DHAMRA,PANAMAX,COA_12M,11.77,8.0,840000,SCENARIO
2026-08-17,KALIMANTAN_ID_DHAMRA,PANAMAX,SPOT,11.38,0.0,70000,SCENARIO
2026-08-17,KALIMANTAN_ID_DHAMRA,PANAMAX,COA_3M,11.61,2.0,210000,SCENARIO
2026-08-17,KALIMANTAN_ID_DHAMRA,PANAMAX,COA_6M,11.95,5.0,420000,SCENARIO
2026-08-17,KALIMANTAN_ID_DHAMRA,PANAMAX,COA_12M,12.29,8.0,840000,SCENARIO
2026-08-17,KALIMANTAN_ID_DHAMRA,SUPRAMAX,SPOT,12.89,0.0,50000,SCENARIO
2026-08-17,KALIMANTAN_ID_DHAMRA,SUPRAMAX,COA_3M,13.15,2.0,150000,SCENARIO
2026-08-17,KALIMANTAN_ID_DHAMRA,SUPRAMAX,COA_6M,13.53,5.0,300000,SCENARIO
2026-08-17,KALIMANTAN_ID_DHAMRA,SUPRAMAX,COA_12M,13.92,8.0,600000,SCENARIO
2026-08-17,KALIMANTAN_ID_GANGAVARAM,HANDYSIZE,SPOT,15.09,0.0,32000,SCENARIO
2026-08-17,KALIMANTAN_ID_GANGAVARAM,HANDYSIZE,COA_3M,15.39,2.0,96000,SCENARIO
2026-08-17,KALIMANTAN_ID_GANGAVARAM,HANDYSIZE,COA_6M,15.84,5.0,192000,SCENARIO
2026-08-17,KALIMANTAN_ID_GANGAVARAM,HANDYSIZE,COA_12M,16.3,8.0,384000,SCENARIO
2026-08-17,KALIMANTAN_ID_GANGAVARAM,PANAMAX,SPOT,10.54,0.0,70000,SCENARIO
2026-08-17,KALIMANTAN_ID_GANGAVARAM,PANAMAX,COA_3M,10.75,2.0,210000,SCENARIO
2026-08-17,KALIMANTAN_ID_GANGAVARAM,PANAMAX,COA_6M,11.07,5.0,420000,SCENARIO
2026-08-17,KALIMANTAN_ID_GANGAVARAM,PANAMAX,COA_12M,11.38,8.0,840000,SCENARIO
2026-08-17,KALIMANTAN_ID_GANGAVARAM,PANAMAX,SPOT,11.02,0.0,70000,SCENARIO
2026-08-17,KALIMANTAN_ID_GANGAVARAM,PANAMAX,COA_3M,11.24,2.0,210000,SCENARIO
2026-08-17,KALIMANTAN_ID_GANGAVARAM,PANAMAX,COA_6M,11.57,5.0,420000,SCENARIO
2026-08-17,KALIMANTAN_ID_GANGAVARAM,PANAMAX,COA_12M,11.9,8.0,840000,SCENARIO
2026-08-17,KALIMANTAN_ID_GANGAVARAM,SUPRAMAX,SPOT,12.46,0.0,50000,SCENARIO
2026-08-17,KALIMANTAN_ID_GANGAVARAM,SUPRAMAX,COA_3M,12.71,2.0,150000,SCENARIO
2026-08-17,KALIMANTAN_ID_GANGAVARAM,SUPRAMAX,COA_6M,13.08,5.0,300000,SCENARIO
2026-08-17,KALIMANTAN_ID_GANGAVARAM,SUPRAMAX,COA_12M,13.46,8.0,600000,SCENARIO
2026-08-17,KALIMANTAN_ID_GOPALPUR,HANDYSIZE,SPOT,15.69,0.0,32000,SCENARIO
2026-08-17,KALIMANTAN_ID_GOPALPUR,HANDYSIZE,COA_3M,16.0,2.0,96000,SCENARIO
2026-08-17,KALIMANTAN_ID_GOPALPUR,HANDYSIZE,COA_6M,16.47,5.0,192000,SCENARIO
2026-08-17,KALIMANTAN_ID_GOPALPUR,HANDYSIZE,COA_12M,16.95,8.0,384000,SCENARIO
2026-08-17,KALIMANTAN_ID_GOPALPUR,PANAMAX,SPOT,11.43,0.0,70000,SCENARIO
2026-08-17,KALIMANTAN_ID_GOPALPUR,PANAMAX,COA_3M,11.66,2.0,210000,SCENARIO
2026-08-17,KALIMANTAN_ID_GOPALPUR,PANAMAX,COA_6M,12.0,5.0,420000,SCENARIO
2026-08-17,KALIMANTAN_ID_GOPALPUR,PANAMAX,COA_12M,12.34,8.0,840000,SCENARIO
2026-08-17,KALIMANTAN_ID_GOPALPUR,SUPRAMAX,SPOT,12.95,0.0,50000,SCENARIO
2026-08-17,KALIMANTAN_ID_GOPALPUR,SUPRAMAX,COA_3M,13.21,2.0,150000,SCENARIO
2026-08-17,KALIMANTAN_ID_GOPALPUR,SUPRAMAX,COA_6M,13.6,5.0,300000,SCENARIO
2026-08-17,KALIMANTAN_ID_GOPALPUR,SUPRAMAX,COA_12M,13.99,8.0,600000,SCENARIO
2026-08-17,KALIMANTAN_ID_PARADIP,HANDYSIZE,SPOT,15.77,0.0,32000,SCENARIO
2026-08-17,KALIMANTAN_ID_PARADIP,HANDYSIZE,COA_3M,16.09,2.0,96000,SCENARIO
2026-08-17,KALIMANTAN_ID_PARADIP,HANDYSIZE,COA_6M,16.56,5.0,192000,SCENARIO
2026-08-17,KALIMANTAN_ID_PARADIP,HANDYSIZE,COA_12M,17.03,8.0,384000,SCENARIO
2026-08-17,KALIMANTAN_ID_PARADIP,PANAMAX,SPOT,11.0,0.0,70000,SCENARIO
2026-08-17,KALIMANTAN_ID_PARADIP,PANAMAX,COA_3M,11.22,2.0,210000,SCENARIO
2026-08-17,KALIMANTAN_ID_PARADIP,PANAMAX,COA_6M,11.55,5.0,420000,SCENARIO
2026-08-17,KALIMANTAN_ID_PARADIP,PANAMAX,COA_12M,11.88,8.0,840000,SCENARIO
2026-08-17,KALIMANTAN_ID_PARADIP,PANAMAX,SPOT,11.49,0.0,70000,SCENARIO
2026-08-17,KALIMANTAN_ID_PARADIP,PANAMAX,COA_3M,11.72,2.0,210000,SCENARIO
2026-08-17,KALIMANTAN_ID_PARADIP,PANAMAX,COA_6M,12.06,5.0,420000,SCENARIO
2026-08-17,KALIMANTAN_ID_PARADIP,PANAMAX,COA_12M,12.41,8.0,840000,SCENARIO
2026-08-17,KALIMANTAN_ID_PARADIP,SUPRAMAX,SPOT,13.01,0.0,50000,SCENARIO
2026-08-17,KALIMANTAN_ID_PARADIP,SUPRAMAX,COA_3M,13.27,2.0,150000,SCENARIO
2026-08-17,KALIMANTAN_ID_PARADIP,SUPRAMAX,COA_6M,13.66,5.0,300000,SCENARIO
2026-08-17,KALIMANTAN_ID_PARADIP,SUPRAMAX,COA_12M,14.05,8.0,600000,SCENARIO
2026-08-17,KALIMANTAN_ID_SANDHEADS,HANDYSIZE,SPOT,16.53,0.0,32000,SCENARIO
2026-08-17,KALIMANTAN_ID_SANDHEADS,HANDYSIZE,COA_3M,16.86,2.0,96000,SCENARIO
2026-08-17,KALIMANTAN_ID_SANDHEADS,HANDYSIZE,COA_6M,17.36,5.0,192000,SCENARIO
2026-08-17,KALIMANTAN_ID_SANDHEADS,HANDYSIZE,COA_12M,17.85,8.0,384000,SCENARIO
2026-08-17,KALIMANTAN_ID_SANDHEADS,PANAMAX,SPOT,11.51,0.0,70000,SCENARIO
2026-08-17,KALIMANTAN_ID_SANDHEADS,PANAMAX,COA_3M,11.74,2.0,210000,SCENARIO
2026-08-17,KALIMANTAN_ID_SANDHEADS,PANAMAX,COA_6M,12.09,5.0,420000,SCENARIO
2026-08-17,KALIMANTAN_ID_SANDHEADS,PANAMAX,COA_12M,12.43,8.0,840000,SCENARIO
2026-08-17,KALIMANTAN_ID_SANDHEADS,PANAMAX,SPOT,12.02,0.0,70000,SCENARIO
2026-08-17,KALIMANTAN_ID_SANDHEADS,PANAMAX,COA_3M,12.26,2.0,210000,SCENARIO
2026-08-17,KALIMANTAN_ID_SANDHEADS,PANAMAX,COA_6M,12.62,5.0,420000,SCENARIO
2026-08-17,KALIMANTAN_ID_SANDHEADS,PANAMAX,COA_12M,12.98,8.0,840000,SCENARIO
2026-08-17,KALIMANTAN_ID_SANDHEADS,SUPRAMAX,SPOT,13.65,0.0,50000,SCENARIO
2026-08-17,KALIMANTAN_ID_SANDHEADS,SUPRAMAX,COA_3M,13.92,2.0,150000,SCENARIO
2026-08-17,KALIMANTAN_ID_SANDHEADS,SUPRAMAX,COA_6M,14.33,5.0,300000,SCENARIO
2026-08-17,KALIMANTAN_ID_SANDHEADS,SUPRAMAX,COA_12M,14.74,8.0,600000,SCENARIO
2026-08-17,KALIMANTAN_ID_VIZAG,HANDYSIZE,SPOT,15.55,0.0,32000,SCENARIO
2026-08-17,KALIMANTAN_ID_VIZAG,HANDYSIZE,COA_3M,15.86,2.0,96000,SCENARIO
2026-08-17,KALIMANTAN_ID_VIZAG,HANDYSIZE,COA_6M,16.33,5.0,192000,SCENARIO
2026-08-17,KALIMANTAN_ID_VIZAG,HANDYSIZE,COA_12M,16.79,8.0,384000,SCENARIO
2026-08-17,KALIMANTAN_ID_VIZAG,PANAMAX,SPOT,10.85,0.0,70000,SCENARIO
2026-08-17,KALIMANTAN_ID_VIZAG,PANAMAX,COA_3M,11.07,2.0,210000,SCENARIO
2026-08-17,KALIMANTAN_ID_VIZAG,PANAMAX,COA_6M,11.39,5.0,420000,SCENARIO
2026-08-17,KALIMANTAN_ID_VIZAG,PANAMAX,COA_12M,11.72,8.0,840000,SCENARIO
2026-08-17,KALIMANTAN_ID_VIZAG,PANAMAX,SPOT,11.34,0.0,70000,SCENARIO
2026-08-17,KALIMANTAN_ID_VIZAG,PANAMAX,COA_3M,11.57,2.0,210000,SCENARIO
2026-08-17,KALIMANTAN_ID_VIZAG,PANAMAX,COA_6M,11.91,5.0,420000,SCENARIO
2026-08-17,KALIMANTAN_ID_VIZAG,PANAMAX,COA_12M,12.25,8.0,840000,SCENARIO
2026-08-17,KALIMANTAN_ID_VIZAG,SUPRAMAX,SPOT,12.85,0.0,50000,SCENARIO
2026-08-17,KALIMANTAN_ID_VIZAG,SUPRAMAX,COA_3M,13.11,2.0,150000,SCENARIO
2026-08-17,KALIMANTAN_ID_VIZAG,SUPRAMAX,COA_6M,13.49,5.0,300000,SCENARIO
2026-08-17,KALIMANTAN_ID_VIZAG,SUPRAMAX,COA_12M,13.88,8.0,600000,SCENARIO
2026-08-17,MAPUTO_MZ_PARADIP,HANDYSIZE,SPOT,22.45,0.0,32000,SCENARIO
2026-08-17,MAPUTO_MZ_PARADIP,HANDYSIZE,COA_3M,22.9,2.0,96000,SCENARIO
2026-08-17,MAPUTO_MZ_PARADIP,HANDYSIZE,COA_6M,23.57,5.0,192000,SCENARIO
2026-08-17,MAPUTO_MZ_PARADIP,HANDYSIZE,COA_12M,24.25,8.0,384000,SCENARIO
2026-08-17,MAPUTO_MZ_PARADIP,PANAMAX,SPOT,15.5,0.0,70000,SCENARIO
2026-08-17,MAPUTO_MZ_PARADIP,PANAMAX,COA_3M,15.81,2.0,210000,SCENARIO
2026-08-17,MAPUTO_MZ_PARADIP,PANAMAX,COA_6M,16.28,5.0,420000,SCENARIO
2026-08-17,MAPUTO_MZ_PARADIP,PANAMAX,COA_12M,16.74,8.0,840000,SCENARIO
2026-08-17,MAPUTO_MZ_PARADIP,PANAMAX,SPOT,16.13,0.0,70000,SCENARIO
2026-08-17,MAPUTO_MZ_PARADIP,PANAMAX,COA_3M,16.45,2.0,210000,SCENARIO
2026-08-17,MAPUTO_MZ_PARADIP,PANAMAX,COA_6M,16.94,5.0,420000,SCENARIO
2026-08-17,MAPUTO_MZ_PARADIP,PANAMAX,COA_12M,17.42,8.0,840000,SCENARIO
2026-08-17,MAPUTO_MZ_PARADIP,SUPRAMAX,SPOT,18.41,0.0,50000,SCENARIO
2026-08-17,MAPUTO_MZ_PARADIP,SUPRAMAX,COA_3M,18.78,2.0,150000,SCENARIO
2026-08-17,MAPUTO_MZ_PARADIP,SUPRAMAX,COA_6M,19.33,5.0,300000,SCENARIO
2026-08-17,MAPUTO_MZ_PARADIP,SUPRAMAX,COA_12M,19.88,8.0,600000,SCENARIO
2026-08-17,MAPUTO_MZ_VIZAG,HANDYSIZE,SPOT,21.74,0.0,32000,SCENARIO
2026-08-17,MAPUTO_MZ_VIZAG,HANDYSIZE,COA_3M,22.17,2.0,96000,SCENARIO
2026-08-17,MAPUTO_MZ_VIZAG,HANDYSIZE,COA_6M,22.83,5.0,192000,SCENARIO
2026-08-17,MAPUTO_MZ_VIZAG,HANDYSIZE,COA_12M,23.48,8.0,384000,SCENARIO
2026-08-17,MAPUTO_MZ_VIZAG,PANAMAX,SPOT,15.02,0.0,70000,SCENARIO
2026-08-17,MAPUTO_MZ_VIZAG,PANAMAX,COA_3M,15.32,2.0,210000,SCENARIO
2026-08-17,MAPUTO_MZ_VIZAG,PANAMAX,COA_6M,15.77,5.0,420000,SCENARIO
2026-08-17,MAPUTO_MZ_VIZAG,PANAMAX,COA_12M,16.22,8.0,840000,SCENARIO
2026-08-17,MAPUTO_MZ_VIZAG,PANAMAX,SPOT,15.64,0.0,70000,SCENARIO
2026-08-17,MAPUTO_MZ_VIZAG,PANAMAX,COA_3M,15.95,2.0,210000,SCENARIO
2026-08-17,MAPUTO_MZ_VIZAG,PANAMAX,COA_6M,16.42,5.0,420000,SCENARIO
2026-08-17,MAPUTO_MZ_VIZAG,PANAMAX,COA_12M,16.89,8.0,840000,SCENARIO
2026-08-17,MAPUTO_MZ_VIZAG,SUPRAMAX,SPOT,17.85,0.0,50000,SCENARIO
2026-08-17,MAPUTO_MZ_VIZAG,SUPRAMAX,COA_3M,18.21,2.0,150000,SCENARIO
2026-08-17,MAPUTO_MZ_VIZAG,SUPRAMAX,COA_6M,18.74,5.0,300000,SCENARIO
2026-08-17,MAPUTO_MZ_VIZAG,SUPRAMAX,COA_12M,19.28,8.0,600000,SCENARIO
2026-08-17,NEWCASTLE_AU_DHAMRA,HANDYSIZE,SPOT,30.58,0.0,32000,SCENARIO
2026-08-17,NEWCASTLE_AU_DHAMRA,HANDYSIZE,COA_3M,31.19,2.0,96000,SCENARIO
2026-08-17,NEWCASTLE_AU_DHAMRA,HANDYSIZE,COA_6M,32.11,5.0,192000,SCENARIO
2026-08-17,NEWCASTLE_AU_DHAMRA,HANDYSIZE,COA_12M,33.03,8.0,384000,SCENARIO
2026-08-17,NEWCASTLE_AU_DHAMRA,PANAMAX,SPOT,20.98,0.0,70000,SCENARIO
2026-08-17,NEWCASTLE_AU_DHAMRA,PANAMAX,COA_3M,21.4,2.0,210000,SCENARIO
2026-08-17,NEWCASTLE_AU_DHAMRA,PANAMAX,COA_6M,22.03,5.0,420000,SCENARIO
2026-08-17,NEWCASTLE_AU_DHAMRA,PANAMAX,COA_12M,22.66,8.0,840000,SCENARIO
2026-08-17,NEWCASTLE_AU_DHAMRA,PANAMAX,SPOT,21.79,0.0,70000,SCENARIO
2026-08-17,NEWCASTLE_AU_DHAMRA,PANAMAX,COA_3M,22.23,2.0,210000,SCENARIO
2026-08-17,NEWCASTLE_AU_DHAMRA,PANAMAX,COA_6M,22.88,5.0,420000,SCENARIO
2026-08-17,NEWCASTLE_AU_DHAMRA,PANAMAX,COA_12M,23.53,8.0,840000,SCENARIO
2026-08-17,NEWCASTLE_AU_DHAMRA,SUPRAMAX,SPOT,24.98,0.0,50000,SCENARIO
2026-08-17,NEWCASTLE_AU_DHAMRA,SUPRAMAX,COA_3M,25.48,2.0,150000,SCENARIO
2026-08-17,NEWCASTLE_AU_DHAMRA,SUPRAMAX,COA_6M,26.23,5.0,300000,SCENARIO
2026-08-17,NEWCASTLE_AU_DHAMRA,SUPRAMAX,COA_12M,26.98,8.0,600000,SCENARIO
2026-08-17,NEWCASTLE_AU_GANGAVARAM,HANDYSIZE,SPOT,30.27,0.0,32000,SCENARIO
2026-08-17,NEWCASTLE_AU_GANGAVARAM,HANDYSIZE,COA_3M,30.88,2.0,96000,SCENARIO
2026-08-17,NEWCASTLE_AU_GANGAVARAM,HANDYSIZE,COA_6M,31.78,5.0,192000,SCENARIO
2026-08-17,NEWCASTLE_AU_GANGAVARAM,HANDYSIZE,COA_12M,32.69,8.0,384000,SCENARIO
2026-08-17,NEWCASTLE_AU_GANGAVARAM,PANAMAX,SPOT,20.77,0.0,70000,SCENARIO
2026-08-17,NEWCASTLE_AU_GANGAVARAM,PANAMAX,COA_3M,21.19,2.0,210000,SCENARIO
2026-08-17,NEWCASTLE_AU_GANGAVARAM,PANAMAX,COA_6M,21.81,5.0,420000,SCENARIO
2026-08-17,NEWCASTLE_AU_GANGAVARAM,PANAMAX,COA_12M,22.43,8.0,840000,SCENARIO
2026-08-17,NEWCASTLE_AU_GANGAVARAM,PANAMAX,SPOT,21.57,0.0,70000,SCENARIO
2026-08-17,NEWCASTLE_AU_GANGAVARAM,PANAMAX,COA_3M,22.0,2.0,210000,SCENARIO
2026-08-17,NEWCASTLE_AU_GANGAVARAM,PANAMAX,COA_6M,22.65,5.0,420000,SCENARIO
2026-08-17,NEWCASTLE_AU_GANGAVARAM,PANAMAX,COA_12M,23.3,8.0,840000,SCENARIO
2026-08-17,NEWCASTLE_AU_GANGAVARAM,SUPRAMAX,SPOT,24.73,0.0,50000,SCENARIO
2026-08-17,NEWCASTLE_AU_GANGAVARAM,SUPRAMAX,COA_3M,25.22,2.0,150000,SCENARIO
2026-08-17,NEWCASTLE_AU_GANGAVARAM,SUPRAMAX,COA_6M,25.97,5.0,300000,SCENARIO
2026-08-17,NEWCASTLE_AU_GANGAVARAM,SUPRAMAX,COA_12M,26.71,8.0,600000,SCENARIO
2026-08-17,NEWCASTLE_AU_GOPALPUR,HANDYSIZE,SPOT,30.74,0.0,32000,SCENARIO
2026-08-17,NEWCASTLE_AU_GOPALPUR,HANDYSIZE,COA_3M,31.35,2.0,96000,SCENARIO
2026-08-17,NEWCASTLE_AU_GOPALPUR,HANDYSIZE,COA_6M,32.28,5.0,192000,SCENARIO
2026-08-17,NEWCASTLE_AU_GOPALPUR,HANDYSIZE,COA_12M,33.2,8.0,384000,SCENARIO
2026-08-17,NEWCASTLE_AU_GOPALPUR,PANAMAX,SPOT,21.9,0.0,70000,SCENARIO
2026-08-17,NEWCASTLE_AU_GOPALPUR,PANAMAX,COA_3M,22.34,2.0,210000,SCENARIO
2026-08-17,NEWCASTLE_AU_GOPALPUR,PANAMAX,COA_6M,23.0,5.0,420000,SCENARIO
2026-08-17,NEWCASTLE_AU_GOPALPUR,PANAMAX,COA_12M,23.65,8.0,840000,SCENARIO
2026-08-17,NEWCASTLE_AU_GOPALPUR,SUPRAMAX,SPOT,25.12,0.0,50000,SCENARIO
2026-08-17,NEWCASTLE_AU_GOPALPUR,SUPRAMAX,COA_3M,25.62,2.0,150000,SCENARIO
2026-08-17,NEWCASTLE_AU_GOPALPUR,SUPRAMAX,COA_6M,26.38,5.0,300000,SCENARIO
2026-08-17,NEWCASTLE_AU_GOPALPUR,SUPRAMAX,COA_12M,27.13,8.0,600000,SCENARIO
2026-08-17,NEWCASTLE_AU_PARADIP,HANDYSIZE,SPOT,30.7,0.0,32000,SCENARIO
2026-08-17,NEWCASTLE_AU_PARADIP,HANDYSIZE,COA_3M,31.31,2.0,96000,SCENARIO
2026-08-17,NEWCASTLE_AU_PARADIP,HANDYSIZE,COA_6M,32.23,5.0,192000,SCENARIO
2026-08-17,NEWCASTLE_AU_PARADIP,HANDYSIZE,COA_12M,33.16,8.0,384000,SCENARIO
2026-08-17,NEWCASTLE_AU_PARADIP,PANAMAX,SPOT,21.06,0.0,70000,SCENARIO
2026-08-17,NEWCASTLE_AU_PARADIP,PANAMAX,COA_3M,21.48,2.0,210000,SCENARIO
2026-08-17,NEWCASTLE_AU_PARADIP,PANAMAX,COA_6M,22.11,5.0,420000,SCENARIO
2026-08-17,NEWCASTLE_AU_PARADIP,PANAMAX,COA_12M,22.74,8.0,840000,SCENARIO
2026-08-17,NEWCASTLE_AU_PARADIP,PANAMAX,SPOT,21.88,0.0,70000,SCENARIO
2026-08-17,NEWCASTLE_AU_PARADIP,PANAMAX,COA_3M,22.32,2.0,210000,SCENARIO
2026-08-17,NEWCASTLE_AU_PARADIP,PANAMAX,COA_6M,22.97,5.0,420000,SCENARIO
2026-08-17,NEWCASTLE_AU_PARADIP,PANAMAX,COA_12M,23.63,8.0,840000,SCENARIO
2026-08-17,NEWCASTLE_AU_PARADIP,SUPRAMAX,SPOT,25.08,0.0,50000,SCENARIO
2026-08-17,NEWCASTLE_AU_PARADIP,SUPRAMAX,COA_3M,25.58,2.0,150000,SCENARIO
2026-08-17,NEWCASTLE_AU_PARADIP,SUPRAMAX,COA_6M,26.33,5.0,300000,SCENARIO
2026-08-17,NEWCASTLE_AU_PARADIP,SUPRAMAX,COA_12M,27.09,8.0,600000,SCENARIO
2026-08-17,NEWCASTLE_AU_SANDHEADS,HANDYSIZE,SPOT,31.44,0.0,32000,SCENARIO
2026-08-17,NEWCASTLE_AU_SANDHEADS,HANDYSIZE,COA_3M,32.07,2.0,96000,SCENARIO
2026-08-17,NEWCASTLE_AU_SANDHEADS,HANDYSIZE,COA_6M,33.01,5.0,192000,SCENARIO
2026-08-17,NEWCASTLE_AU_SANDHEADS,HANDYSIZE,COA_12M,33.96,8.0,384000,SCENARIO
2026-08-17,NEWCASTLE_AU_SANDHEADS,PANAMAX,SPOT,21.56,0.0,70000,SCENARIO
2026-08-17,NEWCASTLE_AU_SANDHEADS,PANAMAX,COA_3M,21.99,2.0,210000,SCENARIO
2026-08-17,NEWCASTLE_AU_SANDHEADS,PANAMAX,COA_6M,22.64,5.0,420000,SCENARIO
2026-08-17,NEWCASTLE_AU_SANDHEADS,PANAMAX,COA_12M,23.28,8.0,840000,SCENARIO
2026-08-17,NEWCASTLE_AU_SANDHEADS,PANAMAX,SPOT,22.39,0.0,70000,SCENARIO
2026-08-17,NEWCASTLE_AU_SANDHEADS,PANAMAX,COA_3M,22.84,2.0,210000,SCENARIO
2026-08-17,NEWCASTLE_AU_SANDHEADS,PANAMAX,COA_6M,23.51,5.0,420000,SCENARIO
2026-08-17,NEWCASTLE_AU_SANDHEADS,PANAMAX,COA_12M,24.18,8.0,840000,SCENARIO
2026-08-17,NEWCASTLE_AU_SANDHEADS,SUPRAMAX,SPOT,25.7,0.0,50000,SCENARIO
2026-08-17,NEWCASTLE_AU_SANDHEADS,SUPRAMAX,COA_3M,26.21,2.0,150000,SCENARIO
2026-08-17,NEWCASTLE_AU_SANDHEADS,SUPRAMAX,COA_6M,26.98,5.0,300000,SCENARIO
2026-08-17,NEWCASTLE_AU_SANDHEADS,SUPRAMAX,COA_12M,27.76,8.0,600000,SCENARIO
2026-08-17,NEWCASTLE_AU_VIZAG,HANDYSIZE,SPOT,30.73,0.0,32000,SCENARIO
2026-08-17,NEWCASTLE_AU_VIZAG,HANDYSIZE,COA_3M,31.34,2.0,96000,SCENARIO
2026-08-17,NEWCASTLE_AU_VIZAG,HANDYSIZE,COA_6M,32.27,5.0,192000,SCENARIO
2026-08-17,NEWCASTLE_AU_VIZAG,HANDYSIZE,COA_12M,33.19,8.0,384000,SCENARIO
2026-08-17,NEWCASTLE_AU_VIZAG,PANAMAX,SPOT,21.08,0.0,70000,SCENARIO
2026-08-17,NEWCASTLE_AU_VIZAG,PANAMAX,COA_3M,21.5,2.0,210000,SCENARIO
2026-08-17,NEWCASTLE_AU_VIZAG,PANAMAX,COA_6M,22.13,5.0,420000,SCENARIO
2026-08-17,NEWCASTLE_AU_VIZAG,PANAMAX,COA_12M,22.77,8.0,840000,SCENARIO
2026-08-17,NEWCASTLE_AU_VIZAG,PANAMAX,SPOT,21.89,0.0,70000,SCENARIO
2026-08-17,NEWCASTLE_AU_VIZAG,PANAMAX,COA_3M,22.33,2.0,210000,SCENARIO
2026-08-17,NEWCASTLE_AU_VIZAG,PANAMAX,COA_6M,22.98,5.0,420000,SCENARIO
2026-08-17,NEWCASTLE_AU_VIZAG,PANAMAX,COA_12M,23.64,8.0,840000,SCENARIO
2026-08-17,NEWCASTLE_AU_VIZAG,SUPRAMAX,SPOT,25.11,0.0,50000,SCENARIO
2026-08-17,NEWCASTLE_AU_VIZAG,SUPRAMAX,COA_3M,25.61,2.0,150000,SCENARIO
2026-08-17,NEWCASTLE_AU_VIZAG,SUPRAMAX,COA_6M,26.37,5.0,300000,SCENARIO
2026-08-17,NEWCASTLE_AU_VIZAG,SUPRAMAX,COA_12M,27.12,8.0,600000,SCENARIO
2026-08-17,NORFOLK_US_PARADIP,HANDYSIZE,SPOT,53.53,0.0,32000,SCENARIO
2026-08-17,NORFOLK_US_PARADIP,HANDYSIZE,COA_3M,54.6,2.0,96000,SCENARIO
2026-08-17,NORFOLK_US_PARADIP,HANDYSIZE,COA_6M,56.21,5.0,192000,SCENARIO
2026-08-17,NORFOLK_US_PARADIP,HANDYSIZE,COA_12M,57.81,8.0,384000,SCENARIO
2026-08-17,NORFOLK_US_PARADIP,PANAMAX,SPOT,36.45,0.0,70000,SCENARIO
2026-08-17,NORFOLK_US_PARADIP,PANAMAX,COA_3M,37.18,2.0,210000,SCENARIO
2026-08-17,NORFOLK_US_PARADIP,PANAMAX,COA_6M,38.27,5.0,420000,SCENARIO
2026-08-17,NORFOLK_US_PARADIP,PANAMAX,COA_12M,39.37,8.0,840000,SCENARIO
2026-08-17,NORFOLK_US_PARADIP,PANAMAX,SPOT,37.75,0.0,70000,SCENARIO
2026-08-17,NORFOLK_US_PARADIP,PANAMAX,COA_3M,38.51,2.0,210000,SCENARIO
2026-08-17,NORFOLK_US_PARADIP,PANAMAX,COA_6M,39.64,5.0,420000,SCENARIO
2026-08-17,NORFOLK_US_PARADIP,PANAMAX,COA_12M,40.77,8.0,840000,SCENARIO
2026-08-17,NORFOLK_US_PARADIP,SUPRAMAX,SPOT,43.53,0.0,50000,SCENARIO
2026-08-17,NORFOLK_US_PARADIP,SUPRAMAX,COA_3M,44.4,2.0,150000,SCENARIO
2026-08-17,NORFOLK_US_PARADIP,SUPRAMAX,COA_6M,45.71,5.0,300000,SCENARIO
2026-08-17,NORFOLK_US_PARADIP,SUPRAMAX,COA_12M,47.01,8.0,600000,SCENARIO
2026-08-17,NORFOLK_US_VIZAG,HANDYSIZE,SPOT,52.82,0.0,32000,SCENARIO
2026-08-17,NORFOLK_US_VIZAG,HANDYSIZE,COA_3M,53.88,2.0,96000,SCENARIO
2026-08-17,NORFOLK_US_VIZAG,HANDYSIZE,COA_6M,55.46,5.0,192000,SCENARIO
2026-08-17,NORFOLK_US_VIZAG,HANDYSIZE,COA_12M,57.05,8.0,384000,SCENARIO
2026-08-17,NORFOLK_US_VIZAG,PANAMAX,SPOT,35.97,0.0,70000,SCENARIO
2026-08-17,NORFOLK_US_VIZAG,PANAMAX,COA_3M,36.69,2.0,210000,SCENARIO
2026-08-17,NORFOLK_US_VIZAG,PANAMAX,COA_6M,37.77,5.0,420000,SCENARIO
2026-08-17,NORFOLK_US_VIZAG,PANAMAX,COA_12M,38.85,8.0,840000,SCENARIO
2026-08-17,NORFOLK_US_VIZAG,PANAMAX,SPOT,37.26,0.0,70000,SCENARIO
2026-08-17,NORFOLK_US_VIZAG,PANAMAX,COA_3M,38.01,2.0,210000,SCENARIO
2026-08-17,NORFOLK_US_VIZAG,PANAMAX,COA_6M,39.12,5.0,420000,SCENARIO
2026-08-17,NORFOLK_US_VIZAG,PANAMAX,COA_12M,40.24,8.0,840000,SCENARIO
2026-08-17,NORFOLK_US_VIZAG,SUPRAMAX,SPOT,42.97,0.0,50000,SCENARIO
2026-08-17,NORFOLK_US_VIZAG,SUPRAMAX,COA_3M,43.83,2.0,150000,SCENARIO
2026-08-17,NORFOLK_US_VIZAG,SUPRAMAX,COA_6M,45.12,5.0,300000,SCENARIO
2026-08-17,NORFOLK_US_VIZAG,SUPRAMAX,COA_12M,46.41,8.0,600000,SCENARIO
2026-08-17,VOSTOCHNY_RU_PARADIP,HANDYSIZE,SPOT,29.73,0.0,32000,SCENARIO
2026-08-17,VOSTOCHNY_RU_PARADIP,HANDYSIZE,COA_3M,30.32,2.0,96000,SCENARIO
2026-08-17,VOSTOCHNY_RU_PARADIP,HANDYSIZE,COA_6M,31.22,5.0,192000,SCENARIO
2026-08-17,VOSTOCHNY_RU_PARADIP,HANDYSIZE,COA_12M,32.11,8.0,384000,SCENARIO
2026-08-17,VOSTOCHNY_RU_PARADIP,PANAMAX,SPOT,20.41,0.0,70000,SCENARIO
2026-08-17,VOSTOCHNY_RU_PARADIP,PANAMAX,COA_3M,20.82,2.0,210000,SCENARIO
2026-08-17,VOSTOCHNY_RU_PARADIP,PANAMAX,COA_6M,21.43,5.0,420000,SCENARIO
2026-08-17,VOSTOCHNY_RU_PARADIP,PANAMAX,COA_12M,22.04,8.0,840000,SCENARIO
2026-08-17,VOSTOCHNY_RU_PARADIP,PANAMAX,SPOT,21.2,0.0,70000,SCENARIO
2026-08-17,VOSTOCHNY_RU_PARADIP,PANAMAX,COA_3M,21.62,2.0,210000,SCENARIO
2026-08-17,VOSTOCHNY_RU_PARADIP,PANAMAX,COA_6M,22.26,5.0,420000,SCENARIO
2026-08-17,VOSTOCHNY_RU_PARADIP,PANAMAX,COA_12M,22.9,8.0,840000,SCENARIO
2026-08-17,VOSTOCHNY_RU_PARADIP,SUPRAMAX,SPOT,24.3,0.0,50000,SCENARIO
2026-08-17,VOSTOCHNY_RU_PARADIP,SUPRAMAX,COA_3M,24.79,2.0,150000,SCENARIO
2026-08-17,VOSTOCHNY_RU_PARADIP,SUPRAMAX,COA_6M,25.52,5.0,300000,SCENARIO
2026-08-17,VOSTOCHNY_RU_PARADIP,SUPRAMAX,COA_12M,26.24,8.0,600000,SCENARIO
2026-08-17,VOSTOCHNY_RU_VIZAG,HANDYSIZE,SPOT,29.51,0.0,32000,SCENARIO
2026-08-17,VOSTOCHNY_RU_VIZAG,HANDYSIZE,COA_3M,30.1,2.0,96000,SCENARIO
2026-08-17,VOSTOCHNY_RU_VIZAG,HANDYSIZE,COA_6M,30.99,5.0,192000,SCENARIO
2026-08-17,VOSTOCHNY_RU_VIZAG,HANDYSIZE,COA_12M,31.87,8.0,384000,SCENARIO
2026-08-17,VOSTOCHNY_RU_VIZAG,PANAMAX,SPOT,20.26,0.0,70000,SCENARIO
2026-08-17,VOSTOCHNY_RU_VIZAG,PANAMAX,COA_3M,20.67,2.0,210000,SCENARIO
2026-08-17,VOSTOCHNY_RU_VIZAG,PANAMAX,COA_6M,21.27,5.0,420000,SCENARIO
2026-08-17,VOSTOCHNY_RU_VIZAG,PANAMAX,COA_12M,21.88,8.0,840000,SCENARIO
2026-08-17,VOSTOCHNY_RU_VIZAG,PANAMAX,SPOT,21.05,0.0,70000,SCENARIO
2026-08-17,VOSTOCHNY_RU_VIZAG,PANAMAX,COA_3M,21.47,2.0,210000,SCENARIO
2026-08-17,VOSTOCHNY_RU_VIZAG,PANAMAX,COA_6M,22.1,5.0,420000,SCENARIO
2026-08-17,VOSTOCHNY_RU_VIZAG,PANAMAX,COA_12M,22.73,8.0,840000,SCENARIO
2026-08-17,VOSTOCHNY_RU_VIZAG,SUPRAMAX,SPOT,24.13,0.0,50000,SCENARIO
2026-08-17,VOSTOCHNY_RU_VIZAG,SUPRAMAX,COA_3M,24.61,2.0,150000,SCENARIO
2026-08-17,VOSTOCHNY_RU_VIZAG,SUPRAMAX,COA_6M,25.34,5.0,300000,SCENARIO
2026-08-17,VOSTOCHNY_RU_VIZAG,SUPRAMAX,COA_12M,26.06,8.0,600000,SCENARIO
2026-08-18,KALIMANTAN_ID_DHAMRA,HANDYSIZE,SPOT,15.58,0.0,32000,SCENARIO
2026-08-18,KALIMANTAN_ID_DHAMRA,HANDYSIZE,COA_3M,15.89,2.0,96000,SCENARIO
2026-08-18,KALIMANTAN_ID_DHAMRA,HANDYSIZE,COA_6M,16.36,5.0,192000,SCENARIO
2026-08-18,KALIMANTAN_ID_DHAMRA,HANDYSIZE,COA_12M,16.83,8.0,384000,SCENARIO
2026-08-18,KALIMANTAN_ID_DHAMRA,PANAMAX,SPOT,10.87,0.0,70000,SCENARIO
2026-08-18,KALIMANTAN_ID_DHAMRA,PANAMAX,COA_3M,11.09,2.0,210000,SCENARIO
2026-08-18,KALIMANTAN_ID_DHAMRA,PANAMAX,COA_6M,11.41,5.0,420000,SCENARIO
2026-08-18,KALIMANTAN_ID_DHAMRA,PANAMAX,COA_12M,11.74,8.0,840000,SCENARIO
2026-08-18,KALIMANTAN_ID_DHAMRA,PANAMAX,SPOT,11.35,0.0,70000,SCENARIO
2026-08-18,KALIMANTAN_ID_DHAMRA,PANAMAX,COA_3M,11.58,2.0,210000,SCENARIO
2026-08-18,KALIMANTAN_ID_DHAMRA,PANAMAX,COA_6M,11.92,5.0,420000,SCENARIO
2026-08-18,KALIMANTAN_ID_DHAMRA,PANAMAX,COA_12M,12.26,8.0,840000,SCENARIO
2026-08-18,KALIMANTAN_ID_DHAMRA,SUPRAMAX,SPOT,12.85,0.0,50000,SCENARIO
2026-08-18,KALIMANTAN_ID_DHAMRA,SUPRAMAX,COA_3M,13.11,2.0,150000,SCENARIO
2026-08-18,KALIMANTAN_ID_DHAMRA,SUPRAMAX,COA_6M,13.49,5.0,300000,SCENARIO
2026-08-18,KALIMANTAN_ID_DHAMRA,SUPRAMAX,COA_12M,13.88,8.0,600000,SCENARIO
2026-08-18,KALIMANTAN_ID_GANGAVARAM,HANDYSIZE,SPOT,15.05,0.0,32000,SCENARIO
2026-08-18,KALIMANTAN_ID_GANGAVARAM,HANDYSIZE,COA_3M,15.35,2.0,96000,SCENARIO
2026-08-18,KALIMANTAN_ID_GANGAVARAM,HANDYSIZE,COA_6M,15.8,5.0,192000,SCENARIO
2026-08-18,KALIMANTAN_ID_GANGAVARAM,HANDYSIZE,COA_12M,16.25,8.0,384000,SCENARIO
2026-08-18,KALIMANTAN_ID_GANGAVARAM,PANAMAX,SPOT,10.51,0.0,70000,SCENARIO
2026-08-18,KALIMANTAN_ID_GANGAVARAM,PANAMAX,COA_3M,10.72,2.0,210000,SCENARIO
2026-08-18,KALIMANTAN_ID_GANGAVARAM,PANAMAX,COA_6M,11.04,5.0,420000,SCENARIO
2026-08-18,KALIMANTAN_ID_GANGAVARAM,PANAMAX,COA_12M,11.35,8.0,840000,SCENARIO
2026-08-18,KALIMANTAN_ID_GANGAVARAM,PANAMAX,SPOT,10.99,0.0,70000,SCENARIO
2026-08-18,KALIMANTAN_ID_GANGAVARAM,PANAMAX,COA_3M,11.21,2.0,210000,SCENARIO
2026-08-18,KALIMANTAN_ID_GANGAVARAM,PANAMAX,COA_6M,11.54,5.0,420000,SCENARIO
2026-08-18,KALIMANTAN_ID_GANGAVARAM,PANAMAX,COA_12M,11.87,8.0,840000,SCENARIO
2026-08-18,KALIMANTAN_ID_GANGAVARAM,SUPRAMAX,SPOT,12.42,0.0,50000,SCENARIO
2026-08-18,KALIMANTAN_ID_GANGAVARAM,SUPRAMAX,COA_3M,12.67,2.0,150000,SCENARIO
2026-08-18,KALIMANTAN_ID_GANGAVARAM,SUPRAMAX,COA_6M,13.04,5.0,300000,SCENARIO
2026-08-18,KALIMANTAN_ID_GANGAVARAM,SUPRAMAX,COA_12M,13.41,8.0,600000,SCENARIO
2026-08-18,KALIMANTAN_ID_GOPALPUR,HANDYSIZE,SPOT,15.64,0.0,32000,SCENARIO
2026-08-18,KALIMANTAN_ID_GOPALPUR,HANDYSIZE,COA_3M,15.95,2.0,96000,SCENARIO
2026-08-18,KALIMANTAN_ID_GOPALPUR,HANDYSIZE,COA_6M,16.42,5.0,192000,SCENARIO
2026-08-18,KALIMANTAN_ID_GOPALPUR,HANDYSIZE,COA_12M,16.89,8.0,384000,SCENARIO
2026-08-18,KALIMANTAN_ID_GOPALPUR,PANAMAX,SPOT,11.4,0.0,70000,SCENARIO
2026-08-18,KALIMANTAN_ID_GOPALPUR,PANAMAX,COA_3M,11.63,2.0,210000,SCENARIO
2026-08-18,KALIMANTAN_ID_GOPALPUR,PANAMAX,COA_6M,11.97,5.0,420000,SCENARIO
2026-08-18,KALIMANTAN_ID_GOPALPUR,PANAMAX,COA_12M,12.31,8.0,840000,SCENARIO
2026-08-18,KALIMANTAN_ID_GOPALPUR,SUPRAMAX,SPOT,12.91,0.0,50000,SCENARIO
2026-08-18,KALIMANTAN_ID_GOPALPUR,SUPRAMAX,COA_3M,13.17,2.0,150000,SCENARIO
2026-08-18,KALIMANTAN_ID_GOPALPUR,SUPRAMAX,COA_6M,13.56,5.0,300000,SCENARIO
2026-08-18,KALIMANTAN_ID_GOPALPUR,SUPRAMAX,COA_12M,13.94,8.0,600000,SCENARIO
2026-08-18,KALIMANTAN_ID_PARADIP,HANDYSIZE,SPOT,15.72,0.0,32000,SCENARIO
2026-08-18,KALIMANTAN_ID_PARADIP,HANDYSIZE,COA_3M,16.03,2.0,96000,SCENARIO
2026-08-18,KALIMANTAN_ID_PARADIP,HANDYSIZE,COA_6M,16.51,5.0,192000,SCENARIO
2026-08-18,KALIMANTAN_ID_PARADIP,HANDYSIZE,COA_12M,16.98,8.0,384000,SCENARIO
2026-08-18,KALIMANTAN_ID_PARADIP,PANAMAX,SPOT,10.96,0.0,70000,SCENARIO
2026-08-18,KALIMANTAN_ID_PARADIP,PANAMAX,COA_3M,11.18,2.0,210000,SCENARIO
2026-08-18,KALIMANTAN_ID_PARADIP,PANAMAX,COA_6M,11.51,5.0,420000,SCENARIO
2026-08-18,KALIMANTAN_ID_PARADIP,PANAMAX,COA_12M,11.84,8.0,840000,SCENARIO
2026-08-18,KALIMANTAN_ID_PARADIP,PANAMAX,SPOT,11.46,0.0,70000,SCENARIO
2026-08-18,KALIMANTAN_ID_PARADIP,PANAMAX,COA_3M,11.69,2.0,210000,SCENARIO
2026-08-18,KALIMANTAN_ID_PARADIP,PANAMAX,COA_6M,12.03,5.0,420000,SCENARIO
2026-08-18,KALIMANTAN_ID_PARADIP,PANAMAX,COA_12M,12.38,8.0,840000,SCENARIO
2026-08-18,KALIMANTAN_ID_PARADIP,SUPRAMAX,SPOT,12.97,0.0,50000,SCENARIO
2026-08-18,KALIMANTAN_ID_PARADIP,SUPRAMAX,COA_3M,13.23,2.0,150000,SCENARIO
2026-08-18,KALIMANTAN_ID_PARADIP,SUPRAMAX,COA_6M,13.62,5.0,300000,SCENARIO
2026-08-18,KALIMANTAN_ID_PARADIP,SUPRAMAX,COA_12M,14.01,8.0,600000,SCENARIO
2026-08-18,KALIMANTAN_ID_SANDHEADS,HANDYSIZE,SPOT,16.48,0.0,32000,SCENARIO
2026-08-18,KALIMANTAN_ID_SANDHEADS,HANDYSIZE,COA_3M,16.81,2.0,96000,SCENARIO
2026-08-18,KALIMANTAN_ID_SANDHEADS,HANDYSIZE,COA_6M,17.3,5.0,192000,SCENARIO
2026-08-18,KALIMANTAN_ID_SANDHEADS,HANDYSIZE,COA_12M,17.8,8.0,384000,SCENARIO
2026-08-18,KALIMANTAN_ID_SANDHEADS,PANAMAX,SPOT,11.48,0.0,70000,SCENARIO
2026-08-18,KALIMANTAN_ID_SANDHEADS,PANAMAX,COA_3M,11.71,2.0,210000,SCENARIO
2026-08-18,KALIMANTAN_ID_SANDHEADS,PANAMAX,COA_6M,12.05,5.0,420000,SCENARIO
2026-08-18,KALIMANTAN_ID_SANDHEADS,PANAMAX,COA_12M,12.4,8.0,840000,SCENARIO
2026-08-18,KALIMANTAN_ID_SANDHEADS,PANAMAX,SPOT,11.99,0.0,70000,SCENARIO
2026-08-18,KALIMANTAN_ID_SANDHEADS,PANAMAX,COA_3M,12.23,2.0,210000,SCENARIO
2026-08-18,KALIMANTAN_ID_SANDHEADS,PANAMAX,COA_6M,12.59,5.0,420000,SCENARIO
2026-08-18,KALIMANTAN_ID_SANDHEADS,PANAMAX,COA_12M,12.95,8.0,840000,SCENARIO
2026-08-18,KALIMANTAN_ID_SANDHEADS,SUPRAMAX,SPOT,13.6,0.0,50000,SCENARIO
2026-08-18,KALIMANTAN_ID_SANDHEADS,SUPRAMAX,COA_3M,13.87,2.0,150000,SCENARIO
2026-08-18,KALIMANTAN_ID_SANDHEADS,SUPRAMAX,COA_6M,14.28,5.0,300000,SCENARIO
2026-08-18,KALIMANTAN_ID_SANDHEADS,SUPRAMAX,COA_12M,14.69,8.0,600000,SCENARIO
2026-08-18,KALIMANTAN_ID_VIZAG,HANDYSIZE,SPOT,15.5,0.0,32000,SCENARIO
2026-08-18,KALIMANTAN_ID_VIZAG,HANDYSIZE,COA_3M,15.81,2.0,96000,SCENARIO
2026-08-18,KALIMANTAN_ID_VIZAG,HANDYSIZE,COA_6M,16.28,5.0,192000,SCENARIO
2026-08-18,KALIMANTAN_ID_VIZAG,HANDYSIZE,COA_12M,16.74,8.0,384000,SCENARIO
2026-08-18,KALIMANTAN_ID_VIZAG,PANAMAX,SPOT,10.82,0.0,70000,SCENARIO
2026-08-18,KALIMANTAN_ID_VIZAG,PANAMAX,COA_3M,11.04,2.0,210000,SCENARIO
2026-08-18,KALIMANTAN_ID_VIZAG,PANAMAX,COA_6M,11.36,5.0,420000,SCENARIO
2026-08-18,KALIMANTAN_ID_VIZAG,PANAMAX,COA_12M,11.69,8.0,840000,SCENARIO
2026-08-18,KALIMANTAN_ID_VIZAG,PANAMAX,SPOT,11.3,0.0,70000,SCENARIO
2026-08-18,KALIMANTAN_ID_VIZAG,PANAMAX,COA_3M,11.53,2.0,210000,SCENARIO
2026-08-18,KALIMANTAN_ID_VIZAG,PANAMAX,COA_6M,11.87,5.0,420000,SCENARIO
2026-08-18,KALIMANTAN_ID_VIZAG,PANAMAX,COA_12M,12.2,8.0,840000,SCENARIO
2026-08-18,KALIMANTAN_ID_VIZAG,SUPRAMAX,SPOT,12.8,0.0,50000,SCENARIO
2026-08-18,KALIMANTAN_ID_VIZAG,SUPRAMAX,COA_3M,13.06,2.0,150000,SCENARIO
2026-08-18,KALIMANTAN_ID_VIZAG,SUPRAMAX,COA_6M,13.44,5.0,300000,SCENARIO
2026-08-18,KALIMANTAN_ID_VIZAG,SUPRAMAX,COA_12M,13.82,8.0,600000,SCENARIO
2026-08-18,MAPUTO_MZ_PARADIP,HANDYSIZE,SPOT,22.38,0.0,32000,SCENARIO
2026-08-18,MAPUTO_MZ_PARADIP,HANDYSIZE,COA_3M,22.83,2.0,96000,SCENARIO
2026-08-18,MAPUTO_MZ_PARADIP,HANDYSIZE,COA_6M,23.5,5.0,192000,SCENARIO
2026-08-18,MAPUTO_MZ_PARADIP,HANDYSIZE,COA_12M,24.17,8.0,384000,SCENARIO
2026-08-18,MAPUTO_MZ_PARADIP,PANAMAX,SPOT,15.46,0.0,70000,SCENARIO
2026-08-18,MAPUTO_MZ_PARADIP,PANAMAX,COA_3M,15.77,2.0,210000,SCENARIO
2026-08-18,MAPUTO_MZ_PARADIP,PANAMAX,COA_6M,16.23,5.0,420000,SCENARIO
2026-08-18,MAPUTO_MZ_PARADIP,PANAMAX,COA_12M,16.7,8.0,840000,SCENARIO
2026-08-18,MAPUTO_MZ_PARADIP,PANAMAX,SPOT,16.09,0.0,70000,SCENARIO
2026-08-18,MAPUTO_MZ_PARADIP,PANAMAX,COA_3M,16.41,2.0,210000,SCENARIO
2026-08-18,MAPUTO_MZ_PARADIP,PANAMAX,COA_6M,16.89,5.0,420000,SCENARIO
2026-08-18,MAPUTO_MZ_PARADIP,PANAMAX,COA_12M,17.38,8.0,840000,SCENARIO
2026-08-18,MAPUTO_MZ_PARADIP,SUPRAMAX,SPOT,18.36,0.0,50000,SCENARIO
2026-08-18,MAPUTO_MZ_PARADIP,SUPRAMAX,COA_3M,18.73,2.0,150000,SCENARIO
2026-08-18,MAPUTO_MZ_PARADIP,SUPRAMAX,COA_6M,19.28,5.0,300000,SCENARIO
2026-08-18,MAPUTO_MZ_PARADIP,SUPRAMAX,COA_12M,19.83,8.0,600000,SCENARIO
2026-08-18,MAPUTO_MZ_VIZAG,HANDYSIZE,SPOT,21.68,0.0,32000,SCENARIO
2026-08-18,MAPUTO_MZ_VIZAG,HANDYSIZE,COA_3M,22.11,2.0,96000,SCENARIO
2026-08-18,MAPUTO_MZ_VIZAG,HANDYSIZE,COA_6M,22.76,5.0,192000,SCENARIO
2026-08-18,MAPUTO_MZ_VIZAG,HANDYSIZE,COA_12M,23.41,8.0,384000,SCENARIO
2026-08-18,MAPUTO_MZ_VIZAG,PANAMAX,SPOT,14.98,0.0,70000,SCENARIO
2026-08-18,MAPUTO_MZ_VIZAG,PANAMAX,COA_3M,15.28,2.0,210000,SCENARIO
2026-08-18,MAPUTO_MZ_VIZAG,PANAMAX,COA_6M,15.73,5.0,420000,SCENARIO
2026-08-18,MAPUTO_MZ_VIZAG,PANAMAX,COA_12M,16.18,8.0,840000,SCENARIO
2026-08-18,MAPUTO_MZ_VIZAG,PANAMAX,SPOT,15.6,0.0,70000,SCENARIO
2026-08-18,MAPUTO_MZ_VIZAG,PANAMAX,COA_3M,15.91,2.0,210000,SCENARIO
2026-08-18,MAPUTO_MZ_VIZAG,PANAMAX,COA_6M,16.38,5.0,420000,SCENARIO
2026-08-18,MAPUTO_MZ_VIZAG,PANAMAX,COA_12M,16.85,8.0,840000,SCENARIO
2026-08-18,MAPUTO_MZ_VIZAG,SUPRAMAX,SPOT,17.8,0.0,50000,SCENARIO
2026-08-18,MAPUTO_MZ_VIZAG,SUPRAMAX,COA_3M,18.16,2.0,150000,SCENARIO
2026-08-18,MAPUTO_MZ_VIZAG,SUPRAMAX,COA_6M,18.69,5.0,300000,SCENARIO
2026-08-18,MAPUTO_MZ_VIZAG,SUPRAMAX,COA_12M,19.22,8.0,600000,SCENARIO
2026-08-18,NEWCASTLE_AU_DHAMRA,HANDYSIZE,SPOT,30.5,0.0,32000,SCENARIO
2026-08-18,NEWCASTLE_AU_DHAMRA,HANDYSIZE,COA_3M,31.11,2.0,96000,SCENARIO
2026-08-18,NEWCASTLE_AU_DHAMRA,HANDYSIZE,COA_6M,32.02,5.0,192000,SCENARIO
2026-08-18,NEWCASTLE_AU_DHAMRA,HANDYSIZE,COA_12M,32.94,8.0,384000,SCENARIO
2026-08-18,NEWCASTLE_AU_DHAMRA,PANAMAX,SPOT,20.93,0.0,70000,SCENARIO
2026-08-18,NEWCASTLE_AU_DHAMRA,PANAMAX,COA_3M,21.35,2.0,210000,SCENARIO
2026-08-18,NEWCASTLE_AU_DHAMRA,PANAMAX,COA_6M,21.98,5.0,420000,SCENARIO
2026-08-18,NEWCASTLE_AU_DHAMRA,PANAMAX,COA_12M,22.6,8.0,840000,SCENARIO
2026-08-18,NEWCASTLE_AU_DHAMRA,PANAMAX,SPOT,21.74,0.0,70000,SCENARIO
2026-08-18,NEWCASTLE_AU_DHAMRA,PANAMAX,COA_3M,22.17,2.0,210000,SCENARIO
2026-08-18,NEWCASTLE_AU_DHAMRA,PANAMAX,COA_6M,22.83,5.0,420000,SCENARIO
2026-08-18,NEWCASTLE_AU_DHAMRA,PANAMAX,COA_12M,23.48,8.0,840000,SCENARIO
2026-08-18,NEWCASTLE_AU_DHAMRA,SUPRAMAX,SPOT,24.91,0.0,50000,SCENARIO
2026-08-18,NEWCASTLE_AU_DHAMRA,SUPRAMAX,COA_3M,25.41,2.0,150000,SCENARIO
2026-08-18,NEWCASTLE_AU_DHAMRA,SUPRAMAX,COA_6M,26.16,5.0,300000,SCENARIO
2026-08-18,NEWCASTLE_AU_DHAMRA,SUPRAMAX,COA_12M,26.9,8.0,600000,SCENARIO
2026-08-18,NEWCASTLE_AU_GANGAVARAM,HANDYSIZE,SPOT,30.19,0.0,32000,SCENARIO
2026-08-18,NEWCASTLE_AU_GANGAVARAM,HANDYSIZE,COA_3M,30.79,2.0,96000,SCENARIO
2026-08-18,NEWCASTLE_AU_GANGAVARAM,HANDYSIZE,COA_6M,31.7,5.0,192000,SCENARIO
2026-08-18,NEWCASTLE_AU_GANGAVARAM,HANDYSIZE,COA_12M,32.61,8.0,384000,SCENARIO
2026-08-18,NEWCASTLE_AU_GANGAVARAM,PANAMAX,SPOT,20.72,0.0,70000,SCENARIO
2026-08-18,NEWCASTLE_AU_GANGAVARAM,PANAMAX,COA_3M,21.13,2.0,210000,SCENARIO
2026-08-18,NEWCASTLE_AU_GANGAVARAM,PANAMAX,COA_6M,21.76,5.0,420000,SCENARIO
2026-08-18,NEWCASTLE_AU_GANGAVARAM,PANAMAX,COA_12M,22.38,8.0,840000,SCENARIO
2026-08-18,NEWCASTLE_AU_GANGAVARAM,PANAMAX,SPOT,21.52,0.0,70000,SCENARIO
2026-08-18,NEWCASTLE_AU_GANGAVARAM,PANAMAX,COA_3M,21.95,2.0,210000,SCENARIO
2026-08-18,NEWCASTLE_AU_GANGAVARAM,PANAMAX,COA_6M,22.6,5.0,420000,SCENARIO
2026-08-18,NEWCASTLE_AU_GANGAVARAM,PANAMAX,COA_12M,23.24,8.0,840000,SCENARIO
2026-08-18,NEWCASTLE_AU_GANGAVARAM,SUPRAMAX,SPOT,24.66,0.0,50000,SCENARIO
2026-08-18,NEWCASTLE_AU_GANGAVARAM,SUPRAMAX,COA_3M,25.15,2.0,150000,SCENARIO
2026-08-18,NEWCASTLE_AU_GANGAVARAM,SUPRAMAX,COA_6M,25.89,5.0,300000,SCENARIO
2026-08-18,NEWCASTLE_AU_GANGAVARAM,SUPRAMAX,COA_12M,26.63,8.0,600000,SCENARIO
2026-08-18,NEWCASTLE_AU_GOPALPUR,HANDYSIZE,SPOT,30.66,0.0,32000,SCENARIO
2026-08-18,NEWCASTLE_AU_GOPALPUR,HANDYSIZE,COA_3M,31.27,2.0,96000,SCENARIO
2026-08-18,NEWCASTLE_AU_GOPALPUR,HANDYSIZE,COA_6M,32.19,5.0,192000,SCENARIO
2026-08-18,NEWCASTLE_AU_GOPALPUR,HANDYSIZE,COA_12M,33.11,8.0,384000,SCENARIO
2026-08-18,NEWCASTLE_AU_GOPALPUR,PANAMAX,SPOT,21.85,0.0,70000,SCENARIO
2026-08-18,NEWCASTLE_AU_GOPALPUR,PANAMAX,COA_3M,22.29,2.0,210000,SCENARIO
2026-08-18,NEWCASTLE_AU_GOPALPUR,PANAMAX,COA_6M,22.94,5.0,420000,SCENARIO
2026-08-18,NEWCASTLE_AU_GOPALPUR,PANAMAX,COA_12M,23.6,8.0,840000,SCENARIO
2026-08-18,NEWCASTLE_AU_GOPALPUR,SUPRAMAX,SPOT,25.05,0.0,50000,SCENARIO
2026-08-18,NEWCASTLE_AU_GOPALPUR,SUPRAMAX,COA_3M,25.55,2.0,150000,SCENARIO
2026-08-18,NEWCASTLE_AU_GOPALPUR,SUPRAMAX,COA_6M,26.3,5.0,300000,SCENARIO
2026-08-18,NEWCASTLE_AU_GOPALPUR,SUPRAMAX,COA_12M,27.05,8.0,600000,SCENARIO
2026-08-18,NEWCASTLE_AU_PARADIP,HANDYSIZE,SPOT,30.62,0.0,32000,SCENARIO
2026-08-18,NEWCASTLE_AU_PARADIP,HANDYSIZE,COA_3M,31.23,2.0,96000,SCENARIO
2026-08-18,NEWCASTLE_AU_PARADIP,HANDYSIZE,COA_6M,32.15,5.0,192000,SCENARIO
2026-08-18,NEWCASTLE_AU_PARADIP,HANDYSIZE,COA_12M,33.07,8.0,384000,SCENARIO
2026-08-18,NEWCASTLE_AU_PARADIP,PANAMAX,SPOT,21.01,0.0,70000,SCENARIO
2026-08-18,NEWCASTLE_AU_PARADIP,PANAMAX,COA_3M,21.43,2.0,210000,SCENARIO
2026-08-18,NEWCASTLE_AU_PARADIP,PANAMAX,COA_6M,22.06,5.0,420000,SCENARIO
2026-08-18,NEWCASTLE_AU_PARADIP,PANAMAX,COA_12M,22.69,8.0,840000,SCENARIO
2026-08-18,NEWCASTLE_AU_PARADIP,PANAMAX,SPOT,21.82,0.0,70000,SCENARIO
2026-08-18,NEWCASTLE_AU_PARADIP,PANAMAX,COA_3M,22.26,2.0,210000,SCENARIO
2026-08-18,NEWCASTLE_AU_PARADIP,PANAMAX,COA_6M,22.91,5.0,420000,SCENARIO
2026-08-18,NEWCASTLE_AU_PARADIP,PANAMAX,COA_12M,23.57,8.0,840000,SCENARIO
2026-08-18,NEWCASTLE_AU_PARADIP,SUPRAMAX,SPOT,25.01,0.0,50000,SCENARIO
2026-08-18,NEWCASTLE_AU_PARADIP,SUPRAMAX,COA_3M,25.51,2.0,150000,SCENARIO
2026-08-18,NEWCASTLE_AU_PARADIP,SUPRAMAX,COA_6M,26.26,5.0,300000,SCENARIO
2026-08-18,NEWCASTLE_AU_PARADIP,SUPRAMAX,COA_12M,27.01,8.0,600000,SCENARIO
2026-08-18,NEWCASTLE_AU_SANDHEADS,HANDYSIZE,SPOT,31.36,0.0,32000,SCENARIO
2026-08-18,NEWCASTLE_AU_SANDHEADS,HANDYSIZE,COA_3M,31.99,2.0,96000,SCENARIO
2026-08-18,NEWCASTLE_AU_SANDHEADS,HANDYSIZE,COA_6M,32.93,5.0,192000,SCENARIO
2026-08-18,NEWCASTLE_AU_SANDHEADS,HANDYSIZE,COA_12M,33.87,8.0,384000,SCENARIO
2026-08-18,NEWCASTLE_AU_SANDHEADS,PANAMAX,SPOT,21.5,0.0,70000,SCENARIO
2026-08-18,NEWCASTLE_AU_SANDHEADS,PANAMAX,COA_3M,21.93,2.0,210000,SCENARIO
2026-08-18,NEWCASTLE_AU_SANDHEADS,PANAMAX,COA_6M,22.57,5.0,420000,SCENARIO
2026-08-18,NEWCASTLE_AU_SANDHEADS,PANAMAX,COA_12M,23.22,8.0,840000,SCENARIO
2026-08-18,NEWCASTLE_AU_SANDHEADS,PANAMAX,SPOT,22.33,0.0,70000,SCENARIO
2026-08-18,NEWCASTLE_AU_SANDHEADS,PANAMAX,COA_3M,22.78,2.0,210000,SCENARIO
2026-08-18,NEWCASTLE_AU_SANDHEADS,PANAMAX,COA_6M,23.45,5.0,420000,SCENARIO
2026-08-18,NEWCASTLE_AU_SANDHEADS,PANAMAX,COA_12M,24.12,8.0,840000,SCENARIO
2026-08-18,NEWCASTLE_AU_SANDHEADS,SUPRAMAX,SPOT,25.62,0.0,50000,SCENARIO
2026-08-18,NEWCASTLE_AU_SANDHEADS,SUPRAMAX,COA_3M,26.13,2.0,150000,SCENARIO
2026-08-18,NEWCASTLE_AU_SANDHEADS,SUPRAMAX,COA_6M,26.9,5.0,300000,SCENARIO
2026-08-18,NEWCASTLE_AU_SANDHEADS,SUPRAMAX,COA_12M,27.67,8.0,600000,SCENARIO
2026-08-18,NEWCASTLE_AU_VIZAG,HANDYSIZE,SPOT,30.64,0.0,32000,SCENARIO
2026-08-18,NEWCASTLE_AU_VIZAG,HANDYSIZE,COA_3M,31.25,2.0,96000,SCENARIO
2026-08-18,NEWCASTLE_AU_VIZAG,HANDYSIZE,COA_6M,32.17,5.0,192000,SCENARIO
2026-08-18,NEWCASTLE_AU_VIZAG,HANDYSIZE,COA_12M,33.09,8.0,384000,SCENARIO
2026-08-18,NEWCASTLE_AU_VIZAG,PANAMAX,SPOT,21.02,0.0,70000,SCENARIO
2026-08-18,NEWCASTLE_AU_VIZAG,PANAMAX,COA_3M,21.44,2.0,210000,SCENARIO
2026-08-18,NEWCASTLE_AU_VIZAG,PANAMAX,COA_6M,22.07,5.0,420000,SCENARIO
2026-08-18,NEWCASTLE_AU_VIZAG,PANAMAX,COA_12M,22.7,8.0,840000,SCENARIO
2026-08-18,NEWCASTLE_AU_VIZAG,PANAMAX,SPOT,21.84,0.0,70000,SCENARIO
2026-08-18,NEWCASTLE_AU_VIZAG,PANAMAX,COA_3M,22.28,2.0,210000,SCENARIO
2026-08-18,NEWCASTLE_AU_VIZAG,PANAMAX,COA_6M,22.93,5.0,420000,SCENARIO
2026-08-18,NEWCASTLE_AU_VIZAG,PANAMAX,COA_12M,23.59,8.0,840000,SCENARIO
2026-08-18,NEWCASTLE_AU_VIZAG,SUPRAMAX,SPOT,25.04,0.0,50000,SCENARIO
2026-08-18,NEWCASTLE_AU_VIZAG,SUPRAMAX,COA_3M,25.54,2.0,150000,SCENARIO
2026-08-18,NEWCASTLE_AU_VIZAG,SUPRAMAX,COA_6M,26.29,5.0,300000,SCENARIO
2026-08-18,NEWCASTLE_AU_VIZAG,SUPRAMAX,COA_12M,27.04,8.0,600000,SCENARIO
2026-08-18,NORFOLK_US_PARADIP,HANDYSIZE,SPOT,53.39,0.0,32000,SCENARIO
2026-08-18,NORFOLK_US_PARADIP,HANDYSIZE,COA_3M,54.46,2.0,96000,SCENARIO
2026-08-18,NORFOLK_US_PARADIP,HANDYSIZE,COA_6M,56.06,5.0,192000,SCENARIO
2026-08-18,NORFOLK_US_PARADIP,HANDYSIZE,COA_12M,57.66,8.0,384000,SCENARIO
2026-08-18,NORFOLK_US_PARADIP,PANAMAX,SPOT,36.36,0.0,70000,SCENARIO
2026-08-18,NORFOLK_US_PARADIP,PANAMAX,COA_3M,37.09,2.0,210000,SCENARIO
2026-08-18,NORFOLK_US_PARADIP,PANAMAX,COA_6M,38.18,5.0,420000,SCENARIO
2026-08-18,NORFOLK_US_PARADIP,PANAMAX,COA_12M,39.27,8.0,840000,SCENARIO
2026-08-18,NORFOLK_US_PARADIP,PANAMAX,SPOT,37.66,0.0,70000,SCENARIO
2026-08-18,NORFOLK_US_PARADIP,PANAMAX,COA_3M,38.41,2.0,210000,SCENARIO
2026-08-18,NORFOLK_US_PARADIP,PANAMAX,COA_6M,39.54,5.0,420000,SCENARIO
2026-08-18,NORFOLK_US_PARADIP,PANAMAX,COA_12M,40.67,8.0,840000,SCENARIO
2026-08-18,NORFOLK_US_PARADIP,SUPRAMAX,SPOT,43.42,0.0,50000,SCENARIO
2026-08-18,NORFOLK_US_PARADIP,SUPRAMAX,COA_3M,44.29,2.0,150000,SCENARIO
2026-08-18,NORFOLK_US_PARADIP,SUPRAMAX,COA_6M,45.59,5.0,300000,SCENARIO
2026-08-18,NORFOLK_US_PARADIP,SUPRAMAX,COA_12M,46.89,8.0,600000,SCENARIO
2026-08-18,NORFOLK_US_VIZAG,HANDYSIZE,SPOT,52.69,0.0,32000,SCENARIO
2026-08-18,NORFOLK_US_VIZAG,HANDYSIZE,COA_3M,53.74,2.0,96000,SCENARIO
2026-08-18,NORFOLK_US_VIZAG,HANDYSIZE,COA_6M,55.32,5.0,192000,SCENARIO
2026-08-18,NORFOLK_US_VIZAG,HANDYSIZE,COA_12M,56.91,8.0,384000,SCENARIO
2026-08-18,NORFOLK_US_VIZAG,PANAMAX,SPOT,35.88,0.0,70000,SCENARIO
2026-08-18,NORFOLK_US_VIZAG,PANAMAX,COA_3M,36.6,2.0,210000,SCENARIO
2026-08-18,NORFOLK_US_VIZAG,PANAMAX,COA_6M,37.67,5.0,420000,SCENARIO
2026-08-18,NORFOLK_US_VIZAG,PANAMAX,COA_12M,38.75,8.0,840000,SCENARIO
2026-08-18,NORFOLK_US_VIZAG,PANAMAX,SPOT,37.17,0.0,70000,SCENARIO
2026-08-18,NORFOLK_US_VIZAG,PANAMAX,COA_3M,37.91,2.0,210000,SCENARIO
2026-08-18,NORFOLK_US_VIZAG,PANAMAX,COA_6M,39.03,5.0,420000,SCENARIO
2026-08-18,NORFOLK_US_VIZAG,PANAMAX,COA_12M,40.14,8.0,840000,SCENARIO
2026-08-18,NORFOLK_US_VIZAG,SUPRAMAX,SPOT,42.85,0.0,50000,SCENARIO
2026-08-18,NORFOLK_US_VIZAG,SUPRAMAX,COA_3M,43.71,2.0,150000,SCENARIO
2026-08-18,NORFOLK_US_VIZAG,SUPRAMAX,COA_6M,44.99,5.0,300000,SCENARIO
2026-08-18,NORFOLK_US_VIZAG,SUPRAMAX,COA_12M,46.28,8.0,600000,SCENARIO
2026-08-18,VOSTOCHNY_RU_PARADIP,HANDYSIZE,SPOT,29.65,0.0,32000,SCENARIO
2026-08-18,VOSTOCHNY_RU_PARADIP,HANDYSIZE,COA_3M,30.24,2.0,96000,SCENARIO
2026-08-18,VOSTOCHNY_RU_PARADIP,HANDYSIZE,COA_6M,31.13,5.0,192000,SCENARIO
2026-08-18,VOSTOCHNY_RU_PARADIP,HANDYSIZE,COA_12M,32.02,8.0,384000,SCENARIO
2026-08-18,VOSTOCHNY_RU_PARADIP,PANAMAX,SPOT,20.36,0.0,70000,SCENARIO
2026-08-18,VOSTOCHNY_RU_PARADIP,PANAMAX,COA_3M,20.77,2.0,210000,SCENARIO
2026-08-18,VOSTOCHNY_RU_PARADIP,PANAMAX,COA_6M,21.38,5.0,420000,SCENARIO
2026-08-18,VOSTOCHNY_RU_PARADIP,PANAMAX,COA_12M,21.99,8.0,840000,SCENARIO
2026-08-18,VOSTOCHNY_RU_PARADIP,PANAMAX,SPOT,21.15,0.0,70000,SCENARIO
2026-08-18,VOSTOCHNY_RU_PARADIP,PANAMAX,COA_3M,21.57,2.0,210000,SCENARIO
2026-08-18,VOSTOCHNY_RU_PARADIP,PANAMAX,COA_6M,22.21,5.0,420000,SCENARIO
2026-08-18,VOSTOCHNY_RU_PARADIP,PANAMAX,COA_12M,22.84,8.0,840000,SCENARIO
2026-08-18,VOSTOCHNY_RU_PARADIP,SUPRAMAX,SPOT,24.23,0.0,50000,SCENARIO
2026-08-18,VOSTOCHNY_RU_PARADIP,SUPRAMAX,COA_3M,24.71,2.0,150000,SCENARIO
2026-08-18,VOSTOCHNY_RU_PARADIP,SUPRAMAX,COA_6M,25.44,5.0,300000,SCENARIO
2026-08-18,VOSTOCHNY_RU_PARADIP,SUPRAMAX,COA_12M,26.17,8.0,600000,SCENARIO
2026-08-18,VOSTOCHNY_RU_VIZAG,HANDYSIZE,SPOT,29.43,0.0,32000,SCENARIO
2026-08-18,VOSTOCHNY_RU_VIZAG,HANDYSIZE,COA_3M,30.02,2.0,96000,SCENARIO
2026-08-18,VOSTOCHNY_RU_VIZAG,HANDYSIZE,COA_6M,30.9,5.0,192000,SCENARIO
2026-08-18,VOSTOCHNY_RU_VIZAG,HANDYSIZE,COA_12M,31.78,8.0,384000,SCENARIO
2026-08-18,VOSTOCHNY_RU_VIZAG,PANAMAX,SPOT,20.21,0.0,70000,SCENARIO
2026-08-18,VOSTOCHNY_RU_VIZAG,PANAMAX,COA_3M,20.61,2.0,210000,SCENARIO
2026-08-18,VOSTOCHNY_RU_VIZAG,PANAMAX,COA_6M,21.22,5.0,420000,SCENARIO
2026-08-18,VOSTOCHNY_RU_VIZAG,PANAMAX,COA_12M,21.83,8.0,840000,SCENARIO
2026-08-18,VOSTOCHNY_RU_VIZAG,PANAMAX,SPOT,20.99,0.0,70000,SCENARIO
2026-08-18,VOSTOCHNY_RU_VIZAG,PANAMAX,COA_3M,21.41,2.0,210000,SCENARIO
2026-08-18,VOSTOCHNY_RU_VIZAG,PANAMAX,COA_6M,22.04,5.0,420000,SCENARIO
2026-08-18,VOSTOCHNY_RU_VIZAG,PANAMAX,COA_12M,22.67,8.0,840000,SCENARIO
2026-08-18,VOSTOCHNY_RU_VIZAG,SUPRAMAX,SPOT,24.06,0.0,50000,SCENARIO
2026-08-18,VOSTOCHNY_RU_VIZAG,SUPRAMAX,COA_3M,24.54,2.0,150000,SCENARIO
2026-08-18,VOSTOCHNY_RU_VIZAG,SUPRAMAX,COA_6M,25.26,5.0,300000,SCENARIO
2026-08-18,VOSTOCHNY_RU_VIZAG,SUPRAMAX,COA_12M,25.98,8.0,600000,SCENARIO
2026-08-19,KALIMANTAN_ID_DHAMRA,HANDYSIZE,SPOT,15.67,0.0,32000,SCENARIO
2026-08-19,KALIMANTAN_ID_DHAMRA,HANDYSIZE,COA_3M,15.98,2.0,96000,SCENARIO
2026-08-19,KALIMANTAN_ID_DHAMRA,HANDYSIZE,COA_6M,16.45,5.0,192000,SCENARIO
2026-08-19,KALIMANTAN_ID_DHAMRA,HANDYSIZE,COA_12M,16.92,8.0,384000,SCENARIO
2026-08-19,KALIMANTAN_ID_DHAMRA,PANAMAX,SPOT,10.93,0.0,70000,SCENARIO
2026-08-19,KALIMANTAN_ID_DHAMRA,PANAMAX,COA_3M,11.15,2.0,210000,SCENARIO
2026-08-19,KALIMANTAN_ID_DHAMRA,PANAMAX,COA_6M,11.48,5.0,420000,SCENARIO
2026-08-19,KALIMANTAN_ID_DHAMRA,PANAMAX,COA_12M,11.8,8.0,840000,SCENARIO
2026-08-19,KALIMANTAN_ID_DHAMRA,PANAMAX,SPOT,11.42,0.0,70000,SCENARIO
2026-08-19,KALIMANTAN_ID_DHAMRA,PANAMAX,COA_3M,11.65,2.0,210000,SCENARIO
2026-08-19,KALIMANTAN_ID_DHAMRA,PANAMAX,COA_6M,11.99,5.0,420000,SCENARIO
2026-08-19,KALIMANTAN_ID_DHAMRA,PANAMAX,COA_12M,12.33,8.0,840000,SCENARIO
2026-08-19,KALIMANTAN_ID_DHAMRA,SUPRAMAX,SPOT,12.92,0.0,50000,SCENARIO
2026-08-19,KALIMANTAN_ID_DHAMRA,SUPRAMAX,COA_3M,13.18,2.0,150000,SCENARIO
2026-08-19,KALIMANTAN_ID_DHAMRA,SUPRAMAX,COA_6M,13.57,5.0,300000,SCENARIO
2026-08-19,KALIMANTAN_ID_DHAMRA,SUPRAMAX,COA_12M,13.95,8.0,600000,SCENARIO
2026-08-19,KALIMANTAN_ID_GANGAVARAM,HANDYSIZE,SPOT,15.14,0.0,32000,SCENARIO
2026-08-19,KALIMANTAN_ID_GANGAVARAM,HANDYSIZE,COA_3M,15.44,2.0,96000,SCENARIO
2026-08-19,KALIMANTAN_ID_GANGAVARAM,HANDYSIZE,COA_6M,15.9,5.0,192000,SCENARIO
2026-08-19,KALIMANTAN_ID_GANGAVARAM,HANDYSIZE,COA_12M,16.35,8.0,384000,SCENARIO
2026-08-19,KALIMANTAN_ID_GANGAVARAM,PANAMAX,SPOT,10.57,0.0,70000,SCENARIO
2026-08-19,KALIMANTAN_ID_GANGAVARAM,PANAMAX,COA_3M,10.78,2.0,210000,SCENARIO
2026-08-19,KALIMANTAN_ID_GANGAVARAM,PANAMAX,COA_6M,11.1,5.0,420000,SCENARIO
2026-08-19,KALIMANTAN_ID_GANGAVARAM,PANAMAX,COA_12M,11.42,8.0,840000,SCENARIO
2026-08-19,KALIMANTAN_ID_GANGAVARAM,PANAMAX,SPOT,11.05,0.0,70000,SCENARIO
2026-08-19,KALIMANTAN_ID_GANGAVARAM,PANAMAX,COA_3M,11.27,2.0,210000,SCENARIO
2026-08-19,KALIMANTAN_ID_GANGAVARAM,PANAMAX,COA_6M,11.6,5.0,420000,SCENARIO
2026-08-19,KALIMANTAN_ID_GANGAVARAM,PANAMAX,COA_12M,11.93,8.0,840000,SCENARIO
2026-08-19,KALIMANTAN_ID_GANGAVARAM,SUPRAMAX,SPOT,12.5,0.0,50000,SCENARIO
2026-08-19,KALIMANTAN_ID_GANGAVARAM,SUPRAMAX,COA_3M,12.75,2.0,150000,SCENARIO
2026-08-19,KALIMANTAN_ID_GANGAVARAM,SUPRAMAX,COA_6M,13.12,5.0,300000,SCENARIO
2026-08-19,KALIMANTAN_ID_GANGAVARAM,SUPRAMAX,COA_12M,13.5,8.0,600000,SCENARIO
2026-08-19,KALIMANTAN_ID_GOPALPUR,HANDYSIZE,SPOT,15.73,0.0,32000,SCENARIO
2026-08-19,KALIMANTAN_ID_GOPALPUR,HANDYSIZE,COA_3M,16.04,2.0,96000,SCENARIO
2026-08-19,KALIMANTAN_ID_GOPALPUR,HANDYSIZE,COA_6M,16.52,5.0,192000,SCENARIO
2026-08-19,KALIMANTAN_ID_GOPALPUR,HANDYSIZE,COA_12M,16.99,8.0,384000,SCENARIO
2026-08-19,KALIMANTAN_ID_GOPALPUR,PANAMAX,SPOT,11.46,0.0,70000,SCENARIO
2026-08-19,KALIMANTAN_ID_GOPALPUR,PANAMAX,COA_3M,11.69,2.0,210000,SCENARIO
2026-08-19,KALIMANTAN_ID_GOPALPUR,PANAMAX,COA_6M,12.03,5.0,420000,SCENARIO
2026-08-19,KALIMANTAN_ID_GOPALPUR,PANAMAX,COA_12M,12.38,8.0,840000,SCENARIO
2026-08-19,KALIMANTAN_ID_GOPALPUR,SUPRAMAX,SPOT,12.99,0.0,50000,SCENARIO
2026-08-19,KALIMANTAN_ID_GOPALPUR,SUPRAMAX,COA_3M,13.25,2.0,150000,SCENARIO
2026-08-19,KALIMANTAN_ID_GOPALPUR,SUPRAMAX,COA_6M,13.64,5.0,300000,SCENARIO
2026-08-19,KALIMANTAN_ID_GOPALPUR,SUPRAMAX,COA_12M,14.03,8.0,600000,SCENARIO
2026-08-19,KALIMANTAN_ID_PARADIP,HANDYSIZE,SPOT,15.81,0.0,32000,SCENARIO
2026-08-19,KALIMANTAN_ID_PARADIP,HANDYSIZE,COA_3M,16.13,2.0,96000,SCENARIO
2026-08-19,KALIMANTAN_ID_PARADIP,HANDYSIZE,COA_6M,16.6,5.0,192000,SCENARIO
2026-08-19,KALIMANTAN_ID_PARADIP,HANDYSIZE,COA_12M,17.07,8.0,384000,SCENARIO
2026-08-19,KALIMANTAN_ID_PARADIP,PANAMAX,SPOT,11.03,0.0,70000,SCENARIO
2026-08-19,KALIMANTAN_ID_PARADIP,PANAMAX,COA_3M,11.25,2.0,210000,SCENARIO
2026-08-19,KALIMANTAN_ID_PARADIP,PANAMAX,COA_6M,11.58,5.0,420000,SCENARIO
2026-08-19,KALIMANTAN_ID_PARADIP,PANAMAX,COA_12M,11.91,8.0,840000,SCENARIO
2026-08-19,KALIMANTAN_ID_PARADIP,PANAMAX,SPOT,11.52,0.0,70000,SCENARIO
2026-08-19,KALIMANTAN_ID_PARADIP,PANAMAX,COA_3M,11.75,2.0,210000,SCENARIO
2026-08-19,KALIMANTAN_ID_PARADIP,PANAMAX,COA_6M,12.1,5.0,420000,SCENARIO
2026-08-19,KALIMANTAN_ID_PARADIP,PANAMAX,COA_12M,12.44,8.0,840000,SCENARIO
2026-08-19,KALIMANTAN_ID_PARADIP,SUPRAMAX,SPOT,13.05,0.0,50000,SCENARIO
2026-08-19,KALIMANTAN_ID_PARADIP,SUPRAMAX,COA_3M,13.31,2.0,150000,SCENARIO
2026-08-19,KALIMANTAN_ID_PARADIP,SUPRAMAX,COA_6M,13.7,5.0,300000,SCENARIO
2026-08-19,KALIMANTAN_ID_PARADIP,SUPRAMAX,COA_12M,14.09,8.0,600000,SCENARIO
2026-08-19,KALIMANTAN_ID_SANDHEADS,HANDYSIZE,SPOT,16.58,0.0,32000,SCENARIO
2026-08-19,KALIMANTAN_ID_SANDHEADS,HANDYSIZE,COA_3M,16.91,2.0,96000,SCENARIO
2026-08-19,KALIMANTAN_ID_SANDHEADS,HANDYSIZE,COA_6M,17.41,5.0,192000,SCENARIO
2026-08-19,KALIMANTAN_ID_SANDHEADS,HANDYSIZE,COA_12M,17.91,8.0,384000,SCENARIO
2026-08-19,KALIMANTAN_ID_SANDHEADS,PANAMAX,SPOT,11.54,0.0,70000,SCENARIO
2026-08-19,KALIMANTAN_ID_SANDHEADS,PANAMAX,COA_3M,11.77,2.0,210000,SCENARIO
2026-08-19,KALIMANTAN_ID_SANDHEADS,PANAMAX,COA_6M,12.12,5.0,420000,SCENARIO
2026-08-19,KALIMANTAN_ID_SANDHEADS,PANAMAX,COA_12M,12.46,8.0,840000,SCENARIO
2026-08-19,KALIMANTAN_ID_SANDHEADS,PANAMAX,SPOT,12.05,0.0,70000,SCENARIO
2026-08-19,KALIMANTAN_ID_SANDHEADS,PANAMAX,COA_3M,12.29,2.0,210000,SCENARIO
2026-08-19,KALIMANTAN_ID_SANDHEADS,PANAMAX,COA_6M,12.65,5.0,420000,SCENARIO
2026-08-19,KALIMANTAN_ID_SANDHEADS,PANAMAX,COA_12M,13.01,8.0,840000,SCENARIO
2026-08-19,KALIMANTAN_ID_SANDHEADS,SUPRAMAX,SPOT,13.69,0.0,50000,SCENARIO
2026-08-19,KALIMANTAN_ID_SANDHEADS,SUPRAMAX,COA_3M,13.96,2.0,150000,SCENARIO
2026-08-19,KALIMANTAN_ID_SANDHEADS,SUPRAMAX,COA_6M,14.37,5.0,300000,SCENARIO
2026-08-19,KALIMANTAN_ID_SANDHEADS,SUPRAMAX,COA_12M,14.79,8.0,600000,SCENARIO
2026-08-19,KALIMANTAN_ID_VIZAG,HANDYSIZE,SPOT,15.59,0.0,32000,SCENARIO
2026-08-19,KALIMANTAN_ID_VIZAG,HANDYSIZE,COA_3M,15.9,2.0,96000,SCENARIO
2026-08-19,KALIMANTAN_ID_VIZAG,HANDYSIZE,COA_6M,16.37,5.0,192000,SCENARIO
2026-08-19,KALIMANTAN_ID_VIZAG,HANDYSIZE,COA_12M,16.84,8.0,384000,SCENARIO
2026-08-19,KALIMANTAN_ID_VIZAG,PANAMAX,SPOT,10.88,0.0,70000,SCENARIO
2026-08-19,KALIMANTAN_ID_VIZAG,PANAMAX,COA_3M,11.1,2.0,210000,SCENARIO
2026-08-19,KALIMANTAN_ID_VIZAG,PANAMAX,COA_6M,11.42,5.0,420000,SCENARIO
2026-08-19,KALIMANTAN_ID_VIZAG,PANAMAX,COA_12M,11.75,8.0,840000,SCENARIO
2026-08-19,KALIMANTAN_ID_VIZAG,PANAMAX,SPOT,11.37,0.0,70000,SCENARIO
2026-08-19,KALIMANTAN_ID_VIZAG,PANAMAX,COA_3M,11.6,2.0,210000,SCENARIO
2026-08-19,KALIMANTAN_ID_VIZAG,PANAMAX,COA_6M,11.94,5.0,420000,SCENARIO
2026-08-19,KALIMANTAN_ID_VIZAG,PANAMAX,COA_12M,12.28,8.0,840000,SCENARIO
2026-08-19,KALIMANTAN_ID_VIZAG,SUPRAMAX,SPOT,12.88,0.0,50000,SCENARIO
2026-08-19,KALIMANTAN_ID_VIZAG,SUPRAMAX,COA_3M,13.14,2.0,150000,SCENARIO
2026-08-19,KALIMANTAN_ID_VIZAG,SUPRAMAX,COA_6M,13.52,5.0,300000,SCENARIO
2026-08-19,KALIMANTAN_ID_VIZAG,SUPRAMAX,COA_12M,13.91,8.0,600000,SCENARIO
2026-08-19,MAPUTO_MZ_PARADIP,HANDYSIZE,SPOT,22.52,0.0,32000,SCENARIO
2026-08-19,MAPUTO_MZ_PARADIP,HANDYSIZE,COA_3M,22.97,2.0,96000,SCENARIO
2026-08-19,MAPUTO_MZ_PARADIP,HANDYSIZE,COA_6M,23.65,5.0,192000,SCENARIO
2026-08-19,MAPUTO_MZ_PARADIP,HANDYSIZE,COA_12M,24.32,8.0,384000,SCENARIO
2026-08-19,MAPUTO_MZ_PARADIP,PANAMAX,SPOT,15.55,0.0,70000,SCENARIO
2026-08-19,MAPUTO_MZ_PARADIP,PANAMAX,COA_3M,15.86,2.0,210000,SCENARIO
2026-08-19,MAPUTO_MZ_PARADIP,PANAMAX,COA_6M,16.33,5.0,420000,SCENARIO
2026-08-19,MAPUTO_MZ_PARADIP,PANAMAX,COA_12M,16.79,8.0,840000,SCENARIO
2026-08-19,MAPUTO_MZ_PARADIP,PANAMAX,SPOT,16.18,0.0,70000,SCENARIO
2026-08-19,MAPUTO_MZ_PARADIP,PANAMAX,COA_3M,16.5,2.0,210000,SCENARIO
2026-08-19,MAPUTO_MZ_PARADIP,PANAMAX,COA_6M,16.99,5.0,420000,SCENARIO
2026-08-19,MAPUTO_MZ_PARADIP,PANAMAX,COA_12M,17.47,8.0,840000,SCENARIO
2026-08-19,MAPUTO_MZ_PARADIP,SUPRAMAX,SPOT,18.47,0.0,50000,SCENARIO
2026-08-19,MAPUTO_MZ_PARADIP,SUPRAMAX,COA_3M,18.84,2.0,150000,SCENARIO
2026-08-19,MAPUTO_MZ_PARADIP,SUPRAMAX,COA_6M,19.39,5.0,300000,SCENARIO
2026-08-19,MAPUTO_MZ_PARADIP,SUPRAMAX,COA_12M,19.95,8.0,600000,SCENARIO
2026-08-19,MAPUTO_MZ_VIZAG,HANDYSIZE,SPOT,21.81,0.0,32000,SCENARIO
2026-08-19,MAPUTO_MZ_VIZAG,HANDYSIZE,COA_3M,22.25,2.0,96000,SCENARIO
2026-08-19,MAPUTO_MZ_VIZAG,HANDYSIZE,COA_6M,22.9,5.0,192000,SCENARIO
2026-08-19,MAPUTO_MZ_VIZAG,HANDYSIZE,COA_12M,23.55,8.0,384000,SCENARIO
2026-08-19,MAPUTO_MZ_VIZAG,PANAMAX,SPOT,15.07,0.0,70000,SCENARIO
2026-08-19,MAPUTO_MZ_VIZAG,PANAMAX,COA_3M,15.37,2.0,210000,SCENARIO
2026-08-19,MAPUTO_MZ_VIZAG,PANAMAX,COA_6M,15.82,5.0,420000,SCENARIO
2026-08-19,MAPUTO_MZ_VIZAG,PANAMAX,COA_12M,16.28,8.0,840000,SCENARIO
2026-08-19,MAPUTO_MZ_VIZAG,PANAMAX,SPOT,15.69,0.0,70000,SCENARIO
2026-08-19,MAPUTO_MZ_VIZAG,PANAMAX,COA_3M,16.0,2.0,210000,SCENARIO
2026-08-19,MAPUTO_MZ_VIZAG,PANAMAX,COA_6M,16.47,5.0,420000,SCENARIO
2026-08-19,MAPUTO_MZ_VIZAG,PANAMAX,COA_12M,16.95,8.0,840000,SCENARIO
2026-08-19,MAPUTO_MZ_VIZAG,SUPRAMAX,SPOT,17.9,0.0,50000,SCENARIO
2026-08-19,MAPUTO_MZ_VIZAG,SUPRAMAX,COA_3M,18.26,2.0,150000,SCENARIO
2026-08-19,MAPUTO_MZ_VIZAG,SUPRAMAX,COA_6M,18.79,5.0,300000,SCENARIO
2026-08-19,MAPUTO_MZ_VIZAG,SUPRAMAX,COA_12M,19.33,8.0,600000,SCENARIO
2026-08-19,NEWCASTLE_AU_DHAMRA,HANDYSIZE,SPOT,30.68,0.0,32000,SCENARIO
2026-08-19,NEWCASTLE_AU_DHAMRA,HANDYSIZE,COA_3M,31.29,2.0,96000,SCENARIO
2026-08-19,NEWCASTLE_AU_DHAMRA,HANDYSIZE,COA_6M,32.21,5.0,192000,SCENARIO
2026-08-19,NEWCASTLE_AU_DHAMRA,HANDYSIZE,COA_12M,33.13,8.0,384000,SCENARIO
2026-08-19,NEWCASTLE_AU_DHAMRA,PANAMAX,SPOT,21.05,0.0,70000,SCENARIO
2026-08-19,NEWCASTLE_AU_DHAMRA,PANAMAX,COA_3M,21.47,2.0,210000,SCENARIO
2026-08-19,NEWCASTLE_AU_DHAMRA,PANAMAX,COA_6M,22.1,5.0,420000,SCENARIO
2026-08-19,NEWCASTLE_AU_DHAMRA,PANAMAX,COA_12M,22.73,8.0,840000,SCENARIO
2026-08-19,NEWCASTLE_AU_DHAMRA,PANAMAX,SPOT,21.86,0.0,70000,SCENARIO
2026-08-19,NEWCASTLE_AU_DHAMRA,PANAMAX,COA_3M,22.3,2.0,210000,SCENARIO
2026-08-19,NEWCASTLE_AU_DHAMRA,PANAMAX,COA_6M,22.95,5.0,420000,SCENARIO
2026-08-19,NEWCASTLE_AU_DHAMRA,PANAMAX,COA_12M,23.61,8.0,840000,SCENARIO
2026-08-19,NEWCASTLE_AU_DHAMRA,SUPRAMAX,SPOT,25.06,0.0,50000,SCENARIO
2026-08-19,NEWCASTLE_AU_DHAMRA,SUPRAMAX,COA_3M,25.56,2.0,150000,SCENARIO
2026-08-19,NEWCASTLE_AU_DHAMRA,SUPRAMAX,COA_6M,26.31,5.0,300000,SCENARIO
2026-08-19,NEWCASTLE_AU_DHAMRA,SUPRAMAX,COA_12M,27.06,8.0,600000,SCENARIO
2026-08-19,NEWCASTLE_AU_GANGAVARAM,HANDYSIZE,SPOT,30.37,0.0,32000,SCENARIO
2026-08-19,NEWCASTLE_AU_GANGAVARAM,HANDYSIZE,COA_3M,30.98,2.0,96000,SCENARIO
2026-08-19,NEWCASTLE_AU_GANGAVARAM,HANDYSIZE,COA_6M,31.89,5.0,192000,SCENARIO
2026-08-19,NEWCASTLE_AU_GANGAVARAM,HANDYSIZE,COA_12M,32.8,8.0,384000,SCENARIO
2026-08-19,NEWCASTLE_AU_GANGAVARAM,PANAMAX,SPOT,20.84,0.0,70000,SCENARIO
2026-08-19,NEWCASTLE_AU_GANGAVARAM,PANAMAX,COA_3M,21.26,2.0,210000,SCENARIO
2026-08-19,NEWCASTLE_AU_GANGAVARAM,PANAMAX,COA_6M,21.88,5.0,420000,SCENARIO
2026-08-19,NEWCASTLE_AU_GANGAVARAM,PANAMAX,COA_12M,22.51,8.0,840000,SCENARIO
2026-08-19,NEWCASTLE_AU_GANGAVARAM,PANAMAX,SPOT,21.65,0.0,70000,SCENARIO
2026-08-19,NEWCASTLE_AU_GANGAVARAM,PANAMAX,COA_3M,22.08,2.0,210000,SCENARIO
2026-08-19,NEWCASTLE_AU_GANGAVARAM,PANAMAX,COA_6M,22.73,5.0,420000,SCENARIO
2026-08-19,NEWCASTLE_AU_GANGAVARAM,PANAMAX,COA_12M,23.38,8.0,840000,SCENARIO
2026-08-19,NEWCASTLE_AU_GANGAVARAM,SUPRAMAX,SPOT,24.81,0.0,50000,SCENARIO
2026-08-19,NEWCASTLE_AU_GANGAVARAM,SUPRAMAX,COA_3M,25.31,2.0,150000,SCENARIO
2026-08-19,NEWCASTLE_AU_GANGAVARAM,SUPRAMAX,COA_6M,26.05,5.0,300000,SCENARIO
2026-08-19,NEWCASTLE_AU_GANGAVARAM,SUPRAMAX,COA_12M,26.79,8.0,600000,SCENARIO
2026-08-19,NEWCASTLE_AU_GOPALPUR,HANDYSIZE,SPOT,30.85,0.0,32000,SCENARIO
2026-08-19,NEWCASTLE_AU_GOPALPUR,HANDYSIZE,COA_3M,31.47,2.0,96000,SCENARIO
2026-08-19,NEWCASTLE_AU_GOPALPUR,HANDYSIZE,COA_6M,32.39,5.0,192000,SCENARIO
2026-08-19,NEWCASTLE_AU_GOPALPUR,HANDYSIZE,COA_12M,33.32,8.0,384000,SCENARIO
2026-08-19,NEWCASTLE_AU_GOPALPUR,PANAMAX,SPOT,21.98,0.0,70000,SCENARIO
2026-08-19,NEWCASTLE_AU_GOPALPUR,PANAMAX,COA_3M,22.42,2.0,210000,SCENARIO
2026-08-19,NEWCASTLE_AU_GOPALPUR,PANAMAX,COA_6M,23.08,5.0,420000,SCENARIO
2026-08-19,NEWCASTLE_AU_GOPALPUR,PANAMAX,COA_12M,23.74,8.0,840000,SCENARIO
2026-08-19,NEWCASTLE_AU_GOPALPUR,SUPRAMAX,SPOT,25.2,0.0,50000,SCENARIO
2026-08-19,NEWCASTLE_AU_GOPALPUR,SUPRAMAX,COA_3M,25.7,2.0,150000,SCENARIO
2026-08-19,NEWCASTLE_AU_GOPALPUR,SUPRAMAX,COA_6M,26.46,5.0,300000,SCENARIO
2026-08-19,NEWCASTLE_AU_GOPALPUR,SUPRAMAX,COA_12M,27.22,8.0,600000,SCENARIO
2026-08-19,NEWCASTLE_AU_PARADIP,HANDYSIZE,SPOT,30.81,0.0,32000,SCENARIO
2026-08-19,NEWCASTLE_AU_PARADIP,HANDYSIZE,COA_3M,31.43,2.0,96000,SCENARIO
2026-08-19,NEWCASTLE_AU_PARADIP,HANDYSIZE,COA_6M,32.35,5.0,192000,SCENARIO
2026-08-19,NEWCASTLE_AU_PARADIP,HANDYSIZE,COA_12M,33.27,8.0,384000,SCENARIO
2026-08-19,NEWCASTLE_AU_PARADIP,PANAMAX,SPOT,21.13,0.0,70000,SCENARIO
2026-08-19,NEWCASTLE_AU_PARADIP,PANAMAX,COA_3M,21.55,2.0,210000,SCENARIO
2026-08-19,NEWCASTLE_AU_PARADIP,PANAMAX,COA_6M,22.19,5.0,420000,SCENARIO
2026-08-19,NEWCASTLE_AU_PARADIP,PANAMAX,COA_12M,22.82,8.0,840000,SCENARIO
2026-08-19,NEWCASTLE_AU_PARADIP,PANAMAX,SPOT,21.95,0.0,70000,SCENARIO
2026-08-19,NEWCASTLE_AU_PARADIP,PANAMAX,COA_3M,22.39,2.0,210000,SCENARIO
2026-08-19,NEWCASTLE_AU_PARADIP,PANAMAX,COA_6M,23.05,5.0,420000,SCENARIO
2026-08-19,NEWCASTLE_AU_PARADIP,PANAMAX,COA_12M,23.71,8.0,840000,SCENARIO
2026-08-19,NEWCASTLE_AU_PARADIP,SUPRAMAX,SPOT,25.17,0.0,50000,SCENARIO
2026-08-19,NEWCASTLE_AU_PARADIP,SUPRAMAX,COA_3M,25.67,2.0,150000,SCENARIO
2026-08-19,NEWCASTLE_AU_PARADIP,SUPRAMAX,COA_6M,26.43,5.0,300000,SCENARIO
2026-08-19,NEWCASTLE_AU_PARADIP,SUPRAMAX,COA_12M,27.18,8.0,600000,SCENARIO
2026-08-19,NEWCASTLE_AU_SANDHEADS,HANDYSIZE,SPOT,31.55,0.0,32000,SCENARIO
2026-08-19,NEWCASTLE_AU_SANDHEADS,HANDYSIZE,COA_3M,32.18,2.0,96000,SCENARIO
2026-08-19,NEWCASTLE_AU_SANDHEADS,HANDYSIZE,COA_6M,33.13,5.0,192000,SCENARIO
2026-08-19,NEWCASTLE_AU_SANDHEADS,HANDYSIZE,COA_12M,34.07,8.0,384000,SCENARIO
2026-08-19,NEWCASTLE_AU_SANDHEADS,PANAMAX,SPOT,21.63,0.0,70000,SCENARIO
2026-08-19,NEWCASTLE_AU_SANDHEADS,PANAMAX,COA_3M,22.06,2.0,210000,SCENARIO
2026-08-19,NEWCASTLE_AU_SANDHEADS,PANAMAX,COA_6M,22.71,5.0,420000,SCENARIO
2026-08-19,NEWCASTLE_AU_SANDHEADS,PANAMAX,COA_12M,23.36,8.0,840000,SCENARIO
2026-08-19,NEWCASTLE_AU_SANDHEADS,PANAMAX,SPOT,22.47,0.0,70000,SCENARIO
2026-08-19,NEWCASTLE_AU_SANDHEADS,PANAMAX,COA_3M,22.92,2.0,210000,SCENARIO
2026-08-19,NEWCASTLE_AU_SANDHEADS,PANAMAX,COA_6M,23.59,5.0,420000,SCENARIO
2026-08-19,NEWCASTLE_AU_SANDHEADS,PANAMAX,COA_12M,24.27,8.0,840000,SCENARIO
2026-08-19,NEWCASTLE_AU_SANDHEADS,SUPRAMAX,SPOT,25.78,0.0,50000,SCENARIO
2026-08-19,NEWCASTLE_AU_SANDHEADS,SUPRAMAX,COA_3M,26.3,2.0,150000,SCENARIO
2026-08-19,NEWCASTLE_AU_SANDHEADS,SUPRAMAX,COA_6M,27.07,5.0,300000,SCENARIO
2026-08-19,NEWCASTLE_AU_SANDHEADS,SUPRAMAX,COA_12M,27.84,8.0,600000,SCENARIO
2026-08-19,NEWCASTLE_AU_VIZAG,HANDYSIZE,SPOT,30.83,0.0,32000,SCENARIO
2026-08-19,NEWCASTLE_AU_VIZAG,HANDYSIZE,COA_3M,31.45,2.0,96000,SCENARIO
2026-08-19,NEWCASTLE_AU_VIZAG,HANDYSIZE,COA_6M,32.37,5.0,192000,SCENARIO
2026-08-19,NEWCASTLE_AU_VIZAG,HANDYSIZE,COA_12M,33.3,8.0,384000,SCENARIO
2026-08-19,NEWCASTLE_AU_VIZAG,PANAMAX,SPOT,21.15,0.0,70000,SCENARIO
2026-08-19,NEWCASTLE_AU_VIZAG,PANAMAX,COA_3M,21.57,2.0,210000,SCENARIO
2026-08-19,NEWCASTLE_AU_VIZAG,PANAMAX,COA_6M,22.21,5.0,420000,SCENARIO
2026-08-19,NEWCASTLE_AU_VIZAG,PANAMAX,COA_12M,22.84,8.0,840000,SCENARIO
2026-08-19,NEWCASTLE_AU_VIZAG,PANAMAX,SPOT,21.97,0.0,70000,SCENARIO
2026-08-19,NEWCASTLE_AU_VIZAG,PANAMAX,COA_3M,22.41,2.0,210000,SCENARIO
2026-08-19,NEWCASTLE_AU_VIZAG,PANAMAX,COA_6M,23.07,5.0,420000,SCENARIO
2026-08-19,NEWCASTLE_AU_VIZAG,PANAMAX,COA_12M,23.73,8.0,840000,SCENARIO
2026-08-19,NEWCASTLE_AU_VIZAG,SUPRAMAX,SPOT,25.19,0.0,50000,SCENARIO
2026-08-19,NEWCASTLE_AU_VIZAG,SUPRAMAX,COA_3M,25.69,2.0,150000,SCENARIO
2026-08-19,NEWCASTLE_AU_VIZAG,SUPRAMAX,COA_6M,26.45,5.0,300000,SCENARIO
2026-08-19,NEWCASTLE_AU_VIZAG,SUPRAMAX,COA_12M,27.21,8.0,600000,SCENARIO
2026-08-19,NORFOLK_US_PARADIP,HANDYSIZE,SPOT,53.72,0.0,32000,SCENARIO
2026-08-19,NORFOLK_US_PARADIP,HANDYSIZE,COA_3M,54.79,2.0,96000,SCENARIO
2026-08-19,NORFOLK_US_PARADIP,HANDYSIZE,COA_6M,56.41,5.0,192000,SCENARIO
2026-08-19,NORFOLK_US_PARADIP,HANDYSIZE,COA_12M,58.02,8.0,384000,SCENARIO
2026-08-19,NORFOLK_US_PARADIP,PANAMAX,SPOT,36.58,0.0,70000,SCENARIO
2026-08-19,NORFOLK_US_PARADIP,PANAMAX,COA_3M,37.31,2.0,210000,SCENARIO
2026-08-19,NORFOLK_US_PARADIP,PANAMAX,COA_6M,38.41,5.0,420000,SCENARIO
2026-08-19,NORFOLK_US_PARADIP,PANAMAX,COA_12M,39.51,8.0,840000,SCENARIO
2026-08-19,NORFOLK_US_PARADIP,PANAMAX,SPOT,37.89,0.0,70000,SCENARIO
2026-08-19,NORFOLK_US_PARADIP,PANAMAX,COA_3M,38.65,2.0,210000,SCENARIO
2026-08-19,NORFOLK_US_PARADIP,PANAMAX,COA_6M,39.78,5.0,420000,SCENARIO
2026-08-19,NORFOLK_US_PARADIP,PANAMAX,COA_12M,40.92,8.0,840000,SCENARIO
2026-08-19,NORFOLK_US_PARADIP,SUPRAMAX,SPOT,43.68,0.0,50000,SCENARIO
2026-08-19,NORFOLK_US_PARADIP,SUPRAMAX,COA_3M,44.55,2.0,150000,SCENARIO
2026-08-19,NORFOLK_US_PARADIP,SUPRAMAX,COA_6M,45.86,5.0,300000,SCENARIO
2026-08-19,NORFOLK_US_PARADIP,SUPRAMAX,COA_12M,47.17,8.0,600000,SCENARIO
2026-08-19,NORFOLK_US_VIZAG,HANDYSIZE,SPOT,53.01,0.0,32000,SCENARIO
2026-08-19,NORFOLK_US_VIZAG,HANDYSIZE,COA_3M,54.07,2.0,96000,SCENARIO
2026-08-19,NORFOLK_US_VIZAG,HANDYSIZE,COA_6M,55.66,5.0,192000,SCENARIO
2026-08-19,NORFOLK_US_VIZAG,HANDYSIZE,COA_12M,57.25,8.0,384000,SCENARIO
2026-08-19,NORFOLK_US_VIZAG,PANAMAX,SPOT,36.1,0.0,70000,SCENARIO
2026-08-19,NORFOLK_US_VIZAG,PANAMAX,COA_3M,36.82,2.0,210000,SCENARIO
2026-08-19,NORFOLK_US_VIZAG,PANAMAX,COA_6M,37.91,5.0,420000,SCENARIO
2026-08-19,NORFOLK_US_VIZAG,PANAMAX,COA_12M,38.99,8.0,840000,SCENARIO
2026-08-19,NORFOLK_US_VIZAG,PANAMAX,SPOT,37.4,0.0,70000,SCENARIO
2026-08-19,NORFOLK_US_VIZAG,PANAMAX,COA_3M,38.15,2.0,210000,SCENARIO
2026-08-19,NORFOLK_US_VIZAG,PANAMAX,COA_6M,39.27,5.0,420000,SCENARIO
2026-08-19,NORFOLK_US_VIZAG,PANAMAX,COA_12M,40.39,8.0,840000,SCENARIO
2026-08-19,NORFOLK_US_VIZAG,SUPRAMAX,SPOT,43.12,0.0,50000,SCENARIO
2026-08-19,NORFOLK_US_VIZAG,SUPRAMAX,COA_3M,43.98,2.0,150000,SCENARIO
2026-08-19,NORFOLK_US_VIZAG,SUPRAMAX,COA_6M,45.28,5.0,300000,SCENARIO
2026-08-19,NORFOLK_US_VIZAG,SUPRAMAX,COA_12M,46.57,8.0,600000,SCENARIO
2026-08-19,VOSTOCHNY_RU_PARADIP,HANDYSIZE,SPOT,29.83,0.0,32000,SCENARIO
2026-08-19,VOSTOCHNY_RU_PARADIP,HANDYSIZE,COA_3M,30.43,2.0,96000,SCENARIO
2026-08-19,VOSTOCHNY_RU_PARADIP,HANDYSIZE,COA_6M,31.32,5.0,192000,SCENARIO
2026-08-19,VOSTOCHNY_RU_PARADIP,HANDYSIZE,COA_12M,32.22,8.0,384000,SCENARIO
2026-08-19,VOSTOCHNY_RU_PARADIP,PANAMAX,SPOT,20.48,0.0,70000,SCENARIO
2026-08-19,VOSTOCHNY_RU_PARADIP,PANAMAX,COA_3M,20.89,2.0,210000,SCENARIO
2026-08-19,VOSTOCHNY_RU_PARADIP,PANAMAX,COA_6M,21.5,5.0,420000,SCENARIO
2026-08-19,VOSTOCHNY_RU_PARADIP,PANAMAX,COA_12M,22.12,8.0,840000,SCENARIO
2026-08-19,VOSTOCHNY_RU_PARADIP,PANAMAX,SPOT,21.27,0.0,70000,SCENARIO
2026-08-19,VOSTOCHNY_RU_PARADIP,PANAMAX,COA_3M,21.7,2.0,210000,SCENARIO
2026-08-19,VOSTOCHNY_RU_PARADIP,PANAMAX,COA_6M,22.33,5.0,420000,SCENARIO
2026-08-19,VOSTOCHNY_RU_PARADIP,PANAMAX,COA_12M,22.97,8.0,840000,SCENARIO
2026-08-19,VOSTOCHNY_RU_PARADIP,SUPRAMAX,SPOT,24.38,0.0,50000,SCENARIO
2026-08-19,VOSTOCHNY_RU_PARADIP,SUPRAMAX,COA_3M,24.87,2.0,150000,SCENARIO
2026-08-19,VOSTOCHNY_RU_PARADIP,SUPRAMAX,COA_6M,25.6,5.0,300000,SCENARIO
2026-08-19,VOSTOCHNY_RU_PARADIP,SUPRAMAX,COA_12M,26.33,8.0,600000,SCENARIO
2026-08-19,VOSTOCHNY_RU_VIZAG,HANDYSIZE,SPOT,29.61,0.0,32000,SCENARIO
2026-08-19,VOSTOCHNY_RU_VIZAG,HANDYSIZE,COA_3M,30.2,2.0,96000,SCENARIO
2026-08-19,VOSTOCHNY_RU_VIZAG,HANDYSIZE,COA_6M,31.09,5.0,192000,SCENARIO
2026-08-19,VOSTOCHNY_RU_VIZAG,HANDYSIZE,COA_12M,31.98,8.0,384000,SCENARIO
2026-08-19,VOSTOCHNY_RU_VIZAG,PANAMAX,SPOT,20.33,0.0,70000,SCENARIO
2026-08-19,VOSTOCHNY_RU_VIZAG,PANAMAX,COA_3M,20.74,2.0,210000,SCENARIO
2026-08-19,VOSTOCHNY_RU_VIZAG,PANAMAX,COA_6M,21.35,5.0,420000,SCENARIO
2026-08-19,VOSTOCHNY_RU_VIZAG,PANAMAX,COA_12M,21.96,8.0,840000,SCENARIO
2026-08-19,VOSTOCHNY_RU_VIZAG,PANAMAX,SPOT,21.12,0.0,70000,SCENARIO
2026-08-19,VOSTOCHNY_RU_VIZAG,PANAMAX,COA_3M,21.54,2.0,210000,SCENARIO
2026-08-19,VOSTOCHNY_RU_VIZAG,PANAMAX,COA_6M,22.18,5.0,420000,SCENARIO
2026-08-19,VOSTOCHNY_RU_VIZAG,PANAMAX,COA_12M,22.81,8.0,840000,SCENARIO
2026-08-19,VOSTOCHNY_RU_VIZAG,SUPRAMAX,SPOT,24.21,0.0,50000,SCENARIO
2026-08-19,VOSTOCHNY_RU_VIZAG,SUPRAMAX,COA_3M,24.69,2.0,150000,SCENARIO
2026-08-19,VOSTOCHNY_RU_VIZAG,SUPRAMAX,COA_6M,25.42,5.0,300000,SCENARIO
2026-08-19,VOSTOCHNY_RU_VIZAG,SUPRAMAX,COA_12M,26.15,8.0,600000,SCENARIO
2026-08-20,KALIMANTAN_ID_DHAMRA,HANDYSIZE,SPOT,15.76,0.0,32000,SCENARIO
2026-08-20,KALIMANTAN_ID_DHAMRA,HANDYSIZE,COA_3M,16.08,2.0,96000,SCENARIO
2026-08-20,KALIMANTAN_ID_DHAMRA,HANDYSIZE,COA_6M,16.55,5.0,192000,SCENARIO
2026-08-20,KALIMANTAN_ID_DHAMRA,HANDYSIZE,COA_12M,17.02,8.0,384000,SCENARIO
2026-08-20,KALIMANTAN_ID_DHAMRA,PANAMAX,SPOT,10.99,0.0,70000,SCENARIO
2026-08-20,KALIMANTAN_ID_DHAMRA,PANAMAX,COA_3M,11.21,2.0,210000,SCENARIO
2026-08-20,KALIMANTAN_ID_DHAMRA,PANAMAX,COA_6M,11.54,5.0,420000,SCENARIO
2026-08-20,KALIMANTAN_ID_DHAMRA,PANAMAX,COA_12M,11.87,8.0,840000,SCENARIO
2026-08-20,KALIMANTAN_ID_DHAMRA,PANAMAX,SPOT,11.48,0.0,70000,SCENARIO
2026-08-20,KALIMANTAN_ID_DHAMRA,PANAMAX,COA_3M,11.71,2.0,210000,SCENARIO
2026-08-20,KALIMANTAN_ID_DHAMRA,PANAMAX,COA_6M,12.05,5.0,420000,SCENARIO
2026-08-20,KALIMANTAN_ID_DHAMRA,PANAMAX,COA_12M,12.4,8.0,840000,SCENARIO
2026-08-20,KALIMANTAN_ID_DHAMRA,SUPRAMAX,SPOT,13.0,0.0,50000,SCENARIO
2026-08-20,KALIMANTAN_ID_DHAMRA,SUPRAMAX,COA_3M,13.26,2.0,150000,SCENARIO
2026-08-20,KALIMANTAN_ID_DHAMRA,SUPRAMAX,COA_6M,13.65,5.0,300000,SCENARIO
2026-08-20,KALIMANTAN_ID_DHAMRA,SUPRAMAX,COA_12M,14.04,8.0,600000,SCENARIO
2026-08-20,KALIMANTAN_ID_GANGAVARAM,HANDYSIZE,SPOT,15.22,0.0,32000,SCENARIO
2026-08-20,KALIMANTAN_ID_GANGAVARAM,HANDYSIZE,COA_3M,15.52,2.0,96000,SCENARIO
2026-08-20,KALIMANTAN_ID_GANGAVARAM,HANDYSIZE,COA_6M,15.98,5.0,192000,SCENARIO
2026-08-20,KALIMANTAN_ID_GANGAVARAM,HANDYSIZE,COA_12M,16.44,8.0,384000,SCENARIO
2026-08-20,KALIMANTAN_ID_GANGAVARAM,PANAMAX,SPOT,10.63,0.0,70000,SCENARIO
2026-08-20,KALIMANTAN_ID_GANGAVARAM,PANAMAX,COA_3M,10.84,2.0,210000,SCENARIO
2026-08-20,KALIMANTAN_ID_GANGAVARAM,PANAMAX,COA_6M,11.16,5.0,420000,SCENARIO
2026-08-20,KALIMANTAN_ID_GANGAVARAM,PANAMAX,COA_12M,11.48,8.0,840000,SCENARIO
2026-08-20,KALIMANTAN_ID_GANGAVARAM,PANAMAX,SPOT,11.11,0.0,70000,SCENARIO
2026-08-20,KALIMANTAN_ID_GANGAVARAM,PANAMAX,COA_3M,11.33,2.0,210000,SCENARIO
2026-08-20,KALIMANTAN_ID_GANGAVARAM,PANAMAX,COA_6M,11.67,5.0,420000,SCENARIO
2026-08-20,KALIMANTAN_ID_GANGAVARAM,PANAMAX,COA_12M,12.0,8.0,840000,SCENARIO
2026-08-20,KALIMANTAN_ID_GANGAVARAM,SUPRAMAX,SPOT,12.57,0.0,50000,SCENARIO
2026-08-20,KALIMANTAN_ID_GANGAVARAM,SUPRAMAX,COA_3M,12.82,2.0,150000,SCENARIO
2026-08-20,KALIMANTAN_ID_GANGAVARAM,SUPRAMAX,COA_6M,13.2,5.0,300000,SCENARIO
2026-08-20,KALIMANTAN_ID_GANGAVARAM,SUPRAMAX,COA_12M,13.58,8.0,600000,SCENARIO
2026-08-20,KALIMANTAN_ID_GOPALPUR,HANDYSIZE,SPOT,15.83,0.0,32000,SCENARIO
2026-08-20,KALIMANTAN_ID_GOPALPUR,HANDYSIZE,COA_3M,16.15,2.0,96000,SCENARIO
2026-08-20,KALIMANTAN_ID_GOPALPUR,HANDYSIZE,COA_6M,16.62,5.0,192000,SCENARIO
2026-08-20,KALIMANTAN_ID_GOPALPUR,HANDYSIZE,COA_12M,17.1,8.0,384000,SCENARIO
2026-08-20,KALIMANTAN_ID_GOPALPUR,PANAMAX,SPOT,11.53,0.0,70000,SCENARIO
2026-08-20,KALIMANTAN_ID_GOPALPUR,PANAMAX,COA_3M,11.76,2.0,210000,SCENARIO
2026-08-20,KALIMANTAN_ID_GOPALPUR,PANAMAX,COA_6M,12.11,5.0,420000,SCENARIO
2026-08-20,KALIMANTAN_ID_GOPALPUR,PANAMAX,COA_12M,12.45,8.0,840000,SCENARIO
2026-08-20,KALIMANTAN_ID_GOPALPUR,SUPRAMAX,SPOT,13.07,0.0,50000,SCENARIO
2026-08-20,KALIMANTAN_ID_GOPALPUR,SUPRAMAX,COA_3M,13.33,2.0,150000,SCENARIO
2026-08-20,KALIMANTAN_ID_GOPALPUR,SUPRAMAX,COA_6M,13.72,5.0,300000,SCENARIO
2026-08-20,KALIMANTAN_ID_GOPALPUR,SUPRAMAX,COA_12M,14.12,8.0,600000,SCENARIO
2026-08-20,KALIMANTAN_ID_PARADIP,HANDYSIZE,SPOT,15.91,0.0,32000,SCENARIO
2026-08-20,KALIMANTAN_ID_PARADIP,HANDYSIZE,COA_3M,16.23,2.0,96000,SCENARIO
2026-08-20,KALIMANTAN_ID_PARADIP,HANDYSIZE,COA_6M,16.71,5.0,192000,SCENARIO
2026-08-20,KALIMANTAN_ID_PARADIP,HANDYSIZE,COA_12M,17.18,8.0,384000,SCENARIO
2026-08-20,KALIMANTAN_ID_PARADIP,PANAMAX,SPOT,11.09,0.0,70000,SCENARIO
2026-08-20,KALIMANTAN_ID_PARADIP,PANAMAX,COA_3M,11.31,2.0,210000,SCENARIO
2026-08-20,KALIMANTAN_ID_PARADIP,PANAMAX,COA_6M,11.64,5.0,420000,SCENARIO
2026-08-20,KALIMANTAN_ID_PARADIP,PANAMAX,COA_12M,11.98,8.0,840000,SCENARIO
2026-08-20,KALIMANTAN_ID_PARADIP,PANAMAX,SPOT,11.58,0.0,70000,SCENARIO
2026-08-20,KALIMANTAN_ID_PARADIP,PANAMAX,COA_3M,11.81,2.0,210000,SCENARIO
2026-08-20,KALIMANTAN_ID_PARADIP,PANAMAX,COA_6M,12.16,5.0,420000,SCENARIO
2026-08-20,KALIMANTAN_ID_PARADIP,PANAMAX,COA_12M,12.51,8.0,840000,SCENARIO
2026-08-20,KALIMANTAN_ID_PARADIP,SUPRAMAX,SPOT,13.13,0.0,50000,SCENARIO
2026-08-20,KALIMANTAN_ID_PARADIP,SUPRAMAX,COA_3M,13.39,2.0,150000,SCENARIO
2026-08-20,KALIMANTAN_ID_PARADIP,SUPRAMAX,COA_6M,13.79,5.0,300000,SCENARIO
2026-08-20,KALIMANTAN_ID_PARADIP,SUPRAMAX,COA_12M,14.18,8.0,600000,SCENARIO
2026-08-20,KALIMANTAN_ID_SANDHEADS,HANDYSIZE,SPOT,16.68,0.0,32000,SCENARIO
2026-08-20,KALIMANTAN_ID_SANDHEADS,HANDYSIZE,COA_3M,17.01,2.0,96000,SCENARIO
2026-08-20,KALIMANTAN_ID_SANDHEADS,HANDYSIZE,COA_6M,17.51,5.0,192000,SCENARIO
2026-08-20,KALIMANTAN_ID_SANDHEADS,HANDYSIZE,COA_12M,18.01,8.0,384000,SCENARIO
2026-08-20,KALIMANTAN_ID_SANDHEADS,PANAMAX,SPOT,11.61,0.0,70000,SCENARIO
2026-08-20,KALIMANTAN_ID_SANDHEADS,PANAMAX,COA_3M,11.84,2.0,210000,SCENARIO
2026-08-20,KALIMANTAN_ID_SANDHEADS,PANAMAX,COA_6M,12.19,5.0,420000,SCENARIO
2026-08-20,KALIMANTAN_ID_SANDHEADS,PANAMAX,COA_12M,12.54,8.0,840000,SCENARIO
2026-08-20,KALIMANTAN_ID_SANDHEADS,PANAMAX,SPOT,12.12,0.0,70000,SCENARIO
2026-08-20,KALIMANTAN_ID_SANDHEADS,PANAMAX,COA_3M,12.36,2.0,210000,SCENARIO
2026-08-20,KALIMANTAN_ID_SANDHEADS,PANAMAX,COA_6M,12.73,5.0,420000,SCENARIO
2026-08-20,KALIMANTAN_ID_SANDHEADS,PANAMAX,COA_12M,13.09,8.0,840000,SCENARIO
2026-08-20,KALIMANTAN_ID_SANDHEADS,SUPRAMAX,SPOT,13.77,0.0,50000,SCENARIO
2026-08-20,KALIMANTAN_ID_SANDHEADS,SUPRAMAX,COA_3M,14.05,2.0,150000,SCENARIO
2026-08-20,KALIMANTAN_ID_SANDHEADS,SUPRAMAX,COA_6M,14.46,5.0,300000,SCENARIO
2026-08-20,KALIMANTAN_ID_SANDHEADS,SUPRAMAX,COA_12M,14.87,8.0,600000,SCENARIO
2026-08-20,KALIMANTAN_ID_VIZAG,HANDYSIZE,SPOT,15.68,0.0,32000,SCENARIO
2026-08-20,KALIMANTAN_ID_VIZAG,HANDYSIZE,COA_3M,15.99,2.0,96000,SCENARIO
2026-08-20,KALIMANTAN_ID_VIZAG,HANDYSIZE,COA_6M,16.46,5.0,192000,SCENARIO
2026-08-20,KALIMANTAN_ID_VIZAG,HANDYSIZE,COA_12M,16.93,8.0,384000,SCENARIO
2026-08-20,KALIMANTAN_ID_VIZAG,PANAMAX,SPOT,10.94,0.0,70000,SCENARIO
2026-08-20,KALIMANTAN_ID_VIZAG,PANAMAX,COA_3M,11.16,2.0,210000,SCENARIO
2026-08-20,KALIMANTAN_ID_VIZAG,PANAMAX,COA_6M,11.49,5.0,420000,SCENARIO
2026-08-20,KALIMANTAN_ID_VIZAG,PANAMAX,COA_12M,11.82,8.0,840000,SCENARIO
2026-08-20,KALIMANTAN_ID_VIZAG,PANAMAX,SPOT,11.43,0.0,70000,SCENARIO
2026-08-20,KALIMANTAN_ID_VIZAG,PANAMAX,COA_3M,11.66,2.0,210000,SCENARIO
2026-08-20,KALIMANTAN_ID_VIZAG,PANAMAX,COA_6M,12.0,5.0,420000,SCENARIO
2026-08-20,KALIMANTAN_ID_VIZAG,PANAMAX,COA_12M,12.34,8.0,840000,SCENARIO
2026-08-20,KALIMANTAN_ID_VIZAG,SUPRAMAX,SPOT,12.96,0.0,50000,SCENARIO
2026-08-20,KALIMANTAN_ID_VIZAG,SUPRAMAX,COA_3M,13.22,2.0,150000,SCENARIO
2026-08-20,KALIMANTAN_ID_VIZAG,SUPRAMAX,COA_6M,13.61,5.0,300000,SCENARIO
2026-08-20,KALIMANTAN_ID_VIZAG,SUPRAMAX,COA_12M,14.0,8.0,600000,SCENARIO
2026-08-20,MAPUTO_MZ_PARADIP,HANDYSIZE,SPOT,22.65,0.0,32000,SCENARIO
2026-08-20,MAPUTO_MZ_PARADIP,HANDYSIZE,COA_3M,23.1,2.0,96000,SCENARIO
2026-08-20,MAPUTO_MZ_PARADIP,HANDYSIZE,COA_6M,23.78,5.0,192000,SCENARIO
2026-08-20,MAPUTO_MZ_PARADIP,HANDYSIZE,COA_12M,24.46,8.0,384000,SCENARIO
2026-08-20,MAPUTO_MZ_PARADIP,PANAMAX,SPOT,15.64,0.0,70000,SCENARIO
2026-08-20,MAPUTO_MZ_PARADIP,PANAMAX,COA_3M,15.95,2.0,210000,SCENARIO
2026-08-20,MAPUTO_MZ_PARADIP,PANAMAX,COA_6M,16.42,5.0,420000,SCENARIO
2026-08-20,MAPUTO_MZ_PARADIP,PANAMAX,COA_12M,16.89,8.0,840000,SCENARIO
2026-08-20,MAPUTO_MZ_PARADIP,PANAMAX,SPOT,16.28,0.0,70000,SCENARIO
2026-08-20,MAPUTO_MZ_PARADIP,PANAMAX,COA_3M,16.61,2.0,210000,SCENARIO
2026-08-20,MAPUTO_MZ_PARADIP,PANAMAX,COA_6M,17.09,5.0,420000,SCENARIO
2026-08-20,MAPUTO_MZ_PARADIP,PANAMAX,COA_12M,17.58,8.0,840000,SCENARIO
2026-08-20,MAPUTO_MZ_PARADIP,SUPRAMAX,SPOT,18.58,0.0,50000,SCENARIO
2026-08-20,MAPUTO_MZ_PARADIP,SUPRAMAX,COA_3M,18.95,2.0,150000,SCENARIO
2026-08-20,MAPUTO_MZ_PARADIP,SUPRAMAX,COA_6M,19.51,5.0,300000,SCENARIO
2026-08-20,MAPUTO_MZ_PARADIP,SUPRAMAX,COA_12M,20.07,8.0,600000,SCENARIO
2026-08-20,MAPUTO_MZ_VIZAG,HANDYSIZE,SPOT,21.94,0.0,32000,SCENARIO
2026-08-20,MAPUTO_MZ_VIZAG,HANDYSIZE,COA_3M,22.38,2.0,96000,SCENARIO
2026-08-20,MAPUTO_MZ_VIZAG,HANDYSIZE,COA_6M,23.04,5.0,192000,SCENARIO
2026-08-20,MAPUTO_MZ_VIZAG,HANDYSIZE,COA_12M,23.7,8.0,384000,SCENARIO
2026-08-20,MAPUTO_MZ_VIZAG,PANAMAX,SPOT,15.16,0.0,70000,SCENARIO
2026-08-20,MAPUTO_MZ_VIZAG,PANAMAX,COA_3M,15.46,2.0,210000,SCENARIO
2026-08-20,MAPUTO_MZ_VIZAG,PANAMAX,COA_6M,15.92,5.0,420000,SCENARIO
2026-08-20,MAPUTO_MZ_VIZAG,PANAMAX,COA_12M,16.37,8.0,840000,SCENARIO
2026-08-20,MAPUTO_MZ_VIZAG,PANAMAX,SPOT,15.78,0.0,70000,SCENARIO
2026-08-20,MAPUTO_MZ_VIZAG,PANAMAX,COA_3M,16.1,2.0,210000,SCENARIO
2026-08-20,MAPUTO_MZ_VIZAG,PANAMAX,COA_6M,16.57,5.0,420000,SCENARIO
2026-08-20,MAPUTO_MZ_VIZAG,PANAMAX,COA_12M,17.04,8.0,840000,SCENARIO
2026-08-20,MAPUTO_MZ_VIZAG,SUPRAMAX,SPOT,18.01,0.0,50000,SCENARIO
2026-08-20,MAPUTO_MZ_VIZAG,SUPRAMAX,COA_3M,18.37,2.0,150000,SCENARIO
2026-08-20,MAPUTO_MZ_VIZAG,SUPRAMAX,COA_6M,18.91,5.0,300000,SCENARIO
2026-08-20,MAPUTO_MZ_VIZAG,SUPRAMAX,COA_12M,19.45,8.0,600000,SCENARIO
2026-08-20,NEWCASTLE_AU_DHAMRA,HANDYSIZE,SPOT,30.87,0.0,32000,SCENARIO
2026-08-20,NEWCASTLE_AU_DHAMRA,HANDYSIZE,COA_3M,31.49,2.0,96000,SCENARIO
2026-08-20,NEWCASTLE_AU_DHAMRA,HANDYSIZE,COA_6M,32.41,5.0,192000,SCENARIO
2026-08-20,NEWCASTLE_AU_DHAMRA,HANDYSIZE,COA_12M,33.34,8.0,384000,SCENARIO
2026-08-20,NEWCASTLE_AU_DHAMRA,PANAMAX,SPOT,21.17,0.0,70000,SCENARIO
2026-08-20,NEWCASTLE_AU_DHAMRA,PANAMAX,COA_3M,21.59,2.0,210000,SCENARIO
2026-08-20,NEWCASTLE_AU_DHAMRA,PANAMAX,COA_6M,22.23,5.0,420000,SCENARIO
2026-08-20,NEWCASTLE_AU_DHAMRA,PANAMAX,COA_12M,22.86,8.0,840000,SCENARIO
2026-08-20,NEWCASTLE_AU_DHAMRA,PANAMAX,SPOT,21.99,0.0,70000,SCENARIO
2026-08-20,NEWCASTLE_AU_DHAMRA,PANAMAX,COA_3M,22.43,2.0,210000,SCENARIO
2026-08-20,NEWCASTLE_AU_DHAMRA,PANAMAX,COA_6M,23.09,5.0,420000,SCENARIO
2026-08-20,NEWCASTLE_AU_DHAMRA,PANAMAX,COA_12M,23.75,8.0,840000,SCENARIO
2026-08-20,NEWCASTLE_AU_DHAMRA,SUPRAMAX,SPOT,25.21,0.0,50000,SCENARIO
2026-08-20,NEWCASTLE_AU_DHAMRA,SUPRAMAX,COA_3M,25.71,2.0,150000,SCENARIO
2026-08-20,NEWCASTLE_AU_DHAMRA,SUPRAMAX,COA_6M,26.47,5.0,300000,SCENARIO
2026-08-20,NEWCASTLE_AU_DHAMRA,SUPRAMAX,COA_12M,27.23,8.0,600000,SCENARIO
2026-08-20,NEWCASTLE_AU_GANGAVARAM,HANDYSIZE,SPOT,30.55,0.0,32000,SCENARIO
2026-08-20,NEWCASTLE_AU_GANGAVARAM,HANDYSIZE,COA_3M,31.16,2.0,96000,SCENARIO
2026-08-20,NEWCASTLE_AU_GANGAVARAM,HANDYSIZE,COA_6M,32.08,5.0,192000,SCENARIO
2026-08-20,NEWCASTLE_AU_GANGAVARAM,HANDYSIZE,COA_12M,32.99,8.0,384000,SCENARIO
2026-08-20,NEWCASTLE_AU_GANGAVARAM,PANAMAX,SPOT,20.96,0.0,70000,SCENARIO
2026-08-20,NEWCASTLE_AU_GANGAVARAM,PANAMAX,COA_3M,21.38,2.0,210000,SCENARIO
2026-08-20,NEWCASTLE_AU_GANGAVARAM,PANAMAX,COA_6M,22.01,5.0,420000,SCENARIO
2026-08-20,NEWCASTLE_AU_GANGAVARAM,PANAMAX,COA_12M,22.64,8.0,840000,SCENARIO
2026-08-20,NEWCASTLE_AU_GANGAVARAM,PANAMAX,SPOT,21.77,0.0,70000,SCENARIO
2026-08-20,NEWCASTLE_AU_GANGAVARAM,PANAMAX,COA_3M,22.21,2.0,210000,SCENARIO
2026-08-20,NEWCASTLE_AU_GANGAVARAM,PANAMAX,COA_6M,22.86,5.0,420000,SCENARIO
2026-08-20,NEWCASTLE_AU_GANGAVARAM,PANAMAX,COA_12M,23.51,8.0,840000,SCENARIO
2026-08-20,NEWCASTLE_AU_GANGAVARAM,SUPRAMAX,SPOT,24.96,0.0,50000,SCENARIO
2026-08-20,NEWCASTLE_AU_GANGAVARAM,SUPRAMAX,COA_3M,25.46,2.0,150000,SCENARIO
2026-08-20,NEWCASTLE_AU_GANGAVARAM,SUPRAMAX,COA_6M,26.21,5.0,300000,SCENARIO
2026-08-20,NEWCASTLE_AU_GANGAVARAM,SUPRAMAX,COA_12M,26.96,8.0,600000,SCENARIO
2026-08-20,NEWCASTLE_AU_GOPALPUR,HANDYSIZE,SPOT,31.03,0.0,32000,SCENARIO
2026-08-20,NEWCASTLE_AU_GOPALPUR,HANDYSIZE,COA_3M,31.65,2.0,96000,SCENARIO
2026-08-20,NEWCASTLE_AU_GOPALPUR,HANDYSIZE,COA_6M,32.58,5.0,192000,SCENARIO
2026-08-20,NEWCASTLE_AU_GOPALPUR,HANDYSIZE,COA_12M,33.51,8.0,384000,SCENARIO
2026-08-20,NEWCASTLE_AU_GOPALPUR,PANAMAX,SPOT,22.11,0.0,70000,SCENARIO
2026-08-20,NEWCASTLE_AU_GOPALPUR,PANAMAX,COA_3M,22.55,2.0,210000,SCENARIO
2026-08-20,NEWCASTLE_AU_GOPALPUR,PANAMAX,COA_6M,23.22,5.0,420000,SCENARIO
2026-08-20,NEWCASTLE_AU_GOPALPUR,PANAMAX,COA_12M,23.88,8.0,840000,SCENARIO
2026-08-20,NEWCASTLE_AU_GOPALPUR,SUPRAMAX,SPOT,25.36,0.0,50000,SCENARIO
2026-08-20,NEWCASTLE_AU_GOPALPUR,SUPRAMAX,COA_3M,25.87,2.0,150000,SCENARIO
2026-08-20,NEWCASTLE_AU_GOPALPUR,SUPRAMAX,COA_6M,26.63,5.0,300000,SCENARIO
2026-08-20,NEWCASTLE_AU_GOPALPUR,SUPRAMAX,COA_12M,27.39,8.0,600000,SCENARIO
2026-08-20,NEWCASTLE_AU_PARADIP,HANDYSIZE,SPOT,30.99,0.0,32000,SCENARIO
2026-08-20,NEWCASTLE_AU_PARADIP,HANDYSIZE,COA_3M,31.61,2.0,96000,SCENARIO
2026-08-20,NEWCASTLE_AU_PARADIP,HANDYSIZE,COA_6M,32.54,5.0,192000,SCENARIO
2026-08-20,NEWCASTLE_AU_PARADIP,HANDYSIZE,COA_12M,33.47,8.0,384000,SCENARIO
2026-08-20,NEWCASTLE_AU_PARADIP,PANAMAX,SPOT,21.26,0.0,70000,SCENARIO
2026-08-20,NEWCASTLE_AU_PARADIP,PANAMAX,COA_3M,21.69,2.0,210000,SCENARIO
2026-08-20,NEWCASTLE_AU_PARADIP,PANAMAX,COA_6M,22.32,5.0,420000,SCENARIO
2026-08-20,NEWCASTLE_AU_PARADIP,PANAMAX,COA_12M,22.96,8.0,840000,SCENARIO
2026-08-20,NEWCASTLE_AU_PARADIP,PANAMAX,SPOT,22.08,0.0,70000,SCENARIO
2026-08-20,NEWCASTLE_AU_PARADIP,PANAMAX,COA_3M,22.52,2.0,210000,SCENARIO
2026-08-20,NEWCASTLE_AU_PARADIP,PANAMAX,COA_6M,23.18,5.0,420000,SCENARIO
2026-08-20,NEWCASTLE_AU_PARADIP,PANAMAX,COA_12M,23.85,8.0,840000,SCENARIO
2026-08-20,NEWCASTLE_AU_PARADIP,SUPRAMAX,SPOT,25.32,0.0,50000,SCENARIO
2026-08-20,NEWCASTLE_AU_PARADIP,SUPRAMAX,COA_3M,25.83,2.0,150000,SCENARIO
2026-08-20,NEWCASTLE_AU_PARADIP,SUPRAMAX,COA_6M,26.59,5.0,300000,SCENARIO
2026-08-20,NEWCASTLE_AU_PARADIP,SUPRAMAX,COA_12M,27.35,8.0,600000,SCENARIO
2026-08-20,NEWCASTLE_AU_SANDHEADS,HANDYSIZE,SPOT,31.74,0.0,32000,SCENARIO
2026-08-20,NEWCASTLE_AU_SANDHEADS,HANDYSIZE,COA_3M,32.37,2.0,96000,SCENARIO
2026-08-20,NEWCASTLE_AU_SANDHEADS,HANDYSIZE,COA_6M,33.33,5.0,192000,SCENARIO
2026-08-20,NEWCASTLE_AU_SANDHEADS,HANDYSIZE,COA_12M,34.28,8.0,384000,SCENARIO
2026-08-20,NEWCASTLE_AU_SANDHEADS,PANAMAX,SPOT,21.76,0.0,70000,SCENARIO
2026-08-20,NEWCASTLE_AU_SANDHEADS,PANAMAX,COA_3M,22.2,2.0,210000,SCENARIO
2026-08-20,NEWCASTLE_AU_SANDHEADS,PANAMAX,COA_6M,22.85,5.0,420000,SCENARIO
2026-08-20,NEWCASTLE_AU_SANDHEADS,PANAMAX,COA_12M,23.5,8.0,840000,SCENARIO
2026-08-20,NEWCASTLE_AU_SANDHEADS,PANAMAX,SPOT,22.6,0.0,70000,SCENARIO
2026-08-20,NEWCASTLE_AU_SANDHEADS,PANAMAX,COA_3M,23.05,2.0,210000,SCENARIO
2026-08-20,NEWCASTLE_AU_SANDHEADS,PANAMAX,COA_6M,23.73,5.0,420000,SCENARIO
2026-08-20,NEWCASTLE_AU_SANDHEADS,PANAMAX,COA_12M,24.41,8.0,840000,SCENARIO
2026-08-20,NEWCASTLE_AU_SANDHEADS,SUPRAMAX,SPOT,25.94,0.0,50000,SCENARIO
2026-08-20,NEWCASTLE_AU_SANDHEADS,SUPRAMAX,COA_3M,26.46,2.0,150000,SCENARIO
2026-08-20,NEWCASTLE_AU_SANDHEADS,SUPRAMAX,COA_6M,27.24,5.0,300000,SCENARIO
2026-08-20,NEWCASTLE_AU_SANDHEADS,SUPRAMAX,COA_12M,28.02,8.0,600000,SCENARIO
2026-08-20,NEWCASTLE_AU_VIZAG,HANDYSIZE,SPOT,31.02,0.0,32000,SCENARIO
2026-08-20,NEWCASTLE_AU_VIZAG,HANDYSIZE,COA_3M,31.64,2.0,96000,SCENARIO
2026-08-20,NEWCASTLE_AU_VIZAG,HANDYSIZE,COA_6M,32.57,5.0,192000,SCENARIO
2026-08-20,NEWCASTLE_AU_VIZAG,HANDYSIZE,COA_12M,33.5,8.0,384000,SCENARIO
2026-08-20,NEWCASTLE_AU_VIZAG,PANAMAX,SPOT,21.27,0.0,70000,SCENARIO
2026-08-20,NEWCASTLE_AU_VIZAG,PANAMAX,COA_3M,21.7,2.0,210000,SCENARIO
2026-08-20,NEWCASTLE_AU_VIZAG,PANAMAX,COA_6M,22.33,5.0,420000,SCENARIO
2026-08-20,NEWCASTLE_AU_VIZAG,PANAMAX,COA_12M,22.97,8.0,840000,SCENARIO
2026-08-20,NEWCASTLE_AU_VIZAG,PANAMAX,SPOT,22.09,0.0,70000,SCENARIO
2026-08-20,NEWCASTLE_AU_VIZAG,PANAMAX,COA_3M,22.53,2.0,210000,SCENARIO
2026-08-20,NEWCASTLE_AU_VIZAG,PANAMAX,COA_6M,23.19,5.0,420000,SCENARIO
2026-08-20,NEWCASTLE_AU_VIZAG,PANAMAX,COA_12M,23.86,8.0,840000,SCENARIO
2026-08-20,NEWCASTLE_AU_VIZAG,SUPRAMAX,SPOT,25.35,0.0,50000,SCENARIO
2026-08-20,NEWCASTLE_AU_VIZAG,SUPRAMAX,COA_3M,25.86,2.0,150000,SCENARIO
2026-08-20,NEWCASTLE_AU_VIZAG,SUPRAMAX,COA_6M,26.62,5.0,300000,SCENARIO
2026-08-20,NEWCASTLE_AU_VIZAG,SUPRAMAX,COA_12M,27.38,8.0,600000,SCENARIO
2026-08-20,NORFOLK_US_PARADIP,HANDYSIZE,SPOT,54.05,0.0,32000,SCENARIO
2026-08-20,NORFOLK_US_PARADIP,HANDYSIZE,COA_3M,55.13,2.0,96000,SCENARIO
2026-08-20,NORFOLK_US_PARADIP,HANDYSIZE,COA_6M,56.75,5.0,192000,SCENARIO
2026-08-20,NORFOLK_US_PARADIP,HANDYSIZE,COA_12M,58.37,8.0,384000,SCENARIO
2026-08-20,NORFOLK_US_PARADIP,PANAMAX,SPOT,36.8,0.0,70000,SCENARIO
2026-08-20,NORFOLK_US_PARADIP,PANAMAX,COA_3M,37.54,2.0,210000,SCENARIO
2026-08-20,NORFOLK_US_PARADIP,PANAMAX,COA_6M,38.64,5.0,420000,SCENARIO
2026-08-20,NORFOLK_US_PARADIP,PANAMAX,COA_12M,39.74,8.0,840000,SCENARIO
2026-08-20,NORFOLK_US_PARADIP,PANAMAX,SPOT,38.12,0.0,70000,SCENARIO
2026-08-20,NORFOLK_US_PARADIP,PANAMAX,COA_3M,38.88,2.0,210000,SCENARIO
2026-08-20,NORFOLK_US_PARADIP,PANAMAX,COA_6M,40.03,5.0,420000,SCENARIO
2026-08-20,NORFOLK_US_PARADIP,PANAMAX,COA_12M,41.17,8.0,840000,SCENARIO
2026-08-20,NORFOLK_US_PARADIP,SUPRAMAX,SPOT,43.95,0.0,50000,SCENARIO
2026-08-20,NORFOLK_US_PARADIP,SUPRAMAX,COA_3M,44.83,2.0,150000,SCENARIO
2026-08-20,NORFOLK_US_PARADIP,SUPRAMAX,COA_6M,46.15,5.0,300000,SCENARIO
2026-08-20,NORFOLK_US_PARADIP,SUPRAMAX,COA_12M,47.47,8.0,600000,SCENARIO
2026-08-20,NORFOLK_US_VIZAG,HANDYSIZE,SPOT,53.34,0.0,32000,SCENARIO
2026-08-20,NORFOLK_US_VIZAG,HANDYSIZE,COA_3M,54.41,2.0,96000,SCENARIO
2026-08-20,NORFOLK_US_VIZAG,HANDYSIZE,COA_6M,56.01,5.0,192000,SCENARIO
2026-08-20,NORFOLK_US_VIZAG,HANDYSIZE,COA_12M,57.61,8.0,384000,SCENARIO
2026-08-20,NORFOLK_US_VIZAG,PANAMAX,SPOT,36.32,0.0,70000,SCENARIO
2026-08-20,NORFOLK_US_VIZAG,PANAMAX,COA_3M,37.05,2.0,210000,SCENARIO
2026-08-20,NORFOLK_US_VIZAG,PANAMAX,COA_6M,38.14,5.0,420000,SCENARIO
2026-08-20,NORFOLK_US_VIZAG,PANAMAX,COA_12M,39.23,8.0,840000,SCENARIO
2026-08-20,NORFOLK_US_VIZAG,PANAMAX,SPOT,37.62,0.0,70000,SCENARIO
2026-08-20,NORFOLK_US_VIZAG,PANAMAX,COA_3M,38.37,2.0,210000,SCENARIO
2026-08-20,NORFOLK_US_VIZAG,PANAMAX,COA_6M,39.5,5.0,420000,SCENARIO
2026-08-20,NORFOLK_US_VIZAG,PANAMAX,COA_12M,40.63,8.0,840000,SCENARIO
2026-08-20,NORFOLK_US_VIZAG,SUPRAMAX,SPOT,43.39,0.0,50000,SCENARIO
2026-08-20,NORFOLK_US_VIZAG,SUPRAMAX,COA_3M,44.26,2.0,150000,SCENARIO
2026-08-20,NORFOLK_US_VIZAG,SUPRAMAX,COA_6M,45.56,5.0,300000,SCENARIO
2026-08-20,NORFOLK_US_VIZAG,SUPRAMAX,COA_12M,46.86,8.0,600000,SCENARIO
2026-08-20,VOSTOCHNY_RU_PARADIP,HANDYSIZE,SPOT,30.01,0.0,32000,SCENARIO
2026-08-20,VOSTOCHNY_RU_PARADIP,HANDYSIZE,COA_3M,30.61,2.0,96000,SCENARIO
2026-08-20,VOSTOCHNY_RU_PARADIP,HANDYSIZE,COA_6M,31.51,5.0,192000,SCENARIO
2026-08-20,VOSTOCHNY_RU_PARADIP,HANDYSIZE,COA_12M,32.41,8.0,384000,SCENARIO
2026-08-20,VOSTOCHNY_RU_PARADIP,PANAMAX,SPOT,20.6,0.0,70000,SCENARIO
2026-08-20,VOSTOCHNY_RU_PARADIP,PANAMAX,COA_3M,21.01,2.0,210000,SCENARIO
2026-08-20,VOSTOCHNY_RU_PARADIP,PANAMAX,COA_6M,21.63,5.0,420000,SCENARIO
2026-08-20,VOSTOCHNY_RU_PARADIP,PANAMAX,COA_12M,22.25,8.0,840000,SCENARIO
2026-08-20,VOSTOCHNY_RU_PARADIP,PANAMAX,SPOT,21.39,0.0,70000,SCENARIO
2026-08-20,VOSTOCHNY_RU_PARADIP,PANAMAX,COA_3M,21.82,2.0,210000,SCENARIO
2026-08-20,VOSTOCHNY_RU_PARADIP,PANAMAX,COA_6M,22.46,5.0,420000,SCENARIO
2026-08-20,VOSTOCHNY_RU_PARADIP,PANAMAX,COA_12M,23.1,8.0,840000,SCENARIO
2026-08-20,VOSTOCHNY_RU_PARADIP,SUPRAMAX,SPOT,24.52,0.0,50000,SCENARIO
2026-08-20,VOSTOCHNY_RU_PARADIP,SUPRAMAX,COA_3M,25.01,2.0,150000,SCENARIO
2026-08-20,VOSTOCHNY_RU_PARADIP,SUPRAMAX,COA_6M,25.75,5.0,300000,SCENARIO
2026-08-20,VOSTOCHNY_RU_PARADIP,SUPRAMAX,COA_12M,26.48,8.0,600000,SCENARIO
2026-08-20,VOSTOCHNY_RU_VIZAG,HANDYSIZE,SPOT,29.79,0.0,32000,SCENARIO
2026-08-20,VOSTOCHNY_RU_VIZAG,HANDYSIZE,COA_3M,30.39,2.0,96000,SCENARIO
2026-08-20,VOSTOCHNY_RU_VIZAG,HANDYSIZE,COA_6M,31.28,5.0,192000,SCENARIO
2026-08-20,VOSTOCHNY_RU_VIZAG,HANDYSIZE,COA_12M,32.17,8.0,384000,SCENARIO
2026-08-20,VOSTOCHNY_RU_VIZAG,PANAMAX,SPOT,20.45,0.0,70000,SCENARIO
2026-08-20,VOSTOCHNY_RU_VIZAG,PANAMAX,COA_3M,20.86,2.0,210000,SCENARIO
2026-08-20,VOSTOCHNY_RU_VIZAG,PANAMAX,COA_6M,21.47,5.0,420000,SCENARIO
2026-08-20,VOSTOCHNY_RU_VIZAG,PANAMAX,COA_12M,22.09,8.0,840000,SCENARIO
2026-08-20,VOSTOCHNY_RU_VIZAG,PANAMAX,SPOT,21.24,0.0,70000,SCENARIO
2026-08-20,VOSTOCHNY_RU_VIZAG,PANAMAX,COA_3M,21.66,2.0,210000,SCENARIO
2026-08-20,VOSTOCHNY_RU_VIZAG,PANAMAX,COA_6M,22.3,5.0,420000,SCENARIO
2026-08-20,VOSTOCHNY_RU_VIZAG,PANAMAX,COA_12M,22.94,8.0,840000,SCENARIO
2026-08-20,VOSTOCHNY_RU_VIZAG,SUPRAMAX,SPOT,24.35,0.0,50000,SCENARIO
2026-08-20,VOSTOCHNY_RU_VIZAG,SUPRAMAX,COA_3M,24.84,2.0,150000,SCENARIO
2026-08-20,VOSTOCHNY_RU_VIZAG,SUPRAMAX,COA_6M,25.57,5.0,300000,SCENARIO
2026-08-20,VOSTOCHNY_RU_VIZAG,SUPRAMAX,COA_12M,26.3,8.0,600000,SCENARIO
2026-08-21,KALIMANTAN_ID_DHAMRA,HANDYSIZE,SPOT,15.99,0.0,32000,SCENARIO
2026-08-21,KALIMANTAN_ID_DHAMRA,HANDYSIZE,COA_3M,16.31,2.0,96000,SCENARIO
2026-08-21,KALIMANTAN_ID_DHAMRA,HANDYSIZE,COA_6M,16.79,5.0,192000,SCENARIO
2026-08-21,KALIMANTAN_ID_DHAMRA,HANDYSIZE,COA_12M,17.27,8.0,384000,SCENARIO
2026-08-21,KALIMANTAN_ID_DHAMRA,PANAMAX,SPOT,11.14,0.0,70000,SCENARIO
2026-08-21,KALIMANTAN_ID_DHAMRA,PANAMAX,COA_3M,11.36,2.0,210000,SCENARIO
2026-08-21,KALIMANTAN_ID_DHAMRA,PANAMAX,COA_6M,11.7,5.0,420000,SCENARIO
2026-08-21,KALIMANTAN_ID_DHAMRA,PANAMAX,COA_12M,12.03,8.0,840000,SCENARIO
2026-08-21,KALIMANTAN_ID_DHAMRA,PANAMAX,SPOT,11.64,0.0,70000,SCENARIO
2026-08-21,KALIMANTAN_ID_DHAMRA,PANAMAX,COA_3M,11.87,2.0,210000,SCENARIO
2026-08-21,KALIMANTAN_ID_DHAMRA,PANAMAX,COA_6M,12.22,5.0,420000,SCENARIO
2026-08-21,KALIMANTAN_ID_DHAMRA,PANAMAX,COA_12M,12.57,8.0,840000,SCENARIO
2026-08-21,KALIMANTAN_ID_DHAMRA,SUPRAMAX,SPOT,13.19,0.0,50000,SCENARIO
2026-08-21,KALIMANTAN_ID_DHAMRA,SUPRAMAX,COA_3M,13.45,2.0,150000,SCENARIO
2026-08-21,KALIMANTAN_ID_DHAMRA,SUPRAMAX,COA_6M,13.85,5.0,300000,SCENARIO
2026-08-21,KALIMANTAN_ID_DHAMRA,SUPRAMAX,COA_12M,14.25,8.0,600000,SCENARIO
2026-08-21,KALIMANTAN_ID_GANGAVARAM,HANDYSIZE,SPOT,15.45,0.0,32000,SCENARIO
2026-08-21,KALIMANTAN_ID_GANGAVARAM,HANDYSIZE,COA_3M,15.76,2.0,96000,SCENARIO
2026-08-21,KALIMANTAN_ID_GANGAVARAM,HANDYSIZE,COA_6M,16.22,5.0,192000,SCENARIO
2026-08-21,KALIMANTAN_ID_GANGAVARAM,HANDYSIZE,COA_12M,16.69,8.0,384000,SCENARIO
2026-08-21,KALIMANTAN_ID_GANGAVARAM,PANAMAX,SPOT,10.78,0.0,70000,SCENARIO
2026-08-21,KALIMANTAN_ID_GANGAVARAM,PANAMAX,COA_3M,11.0,2.0,210000,SCENARIO
2026-08-21,KALIMANTAN_ID_GANGAVARAM,PANAMAX,COA_6M,11.32,5.0,420000,SCENARIO
2026-08-21,KALIMANTAN_ID_GANGAVARAM,PANAMAX,COA_12M,11.64,8.0,840000,SCENARIO
2026-08-21,KALIMANTAN_ID_GANGAVARAM,PANAMAX,SPOT,11.26,0.0,70000,SCENARIO
2026-08-21,KALIMANTAN_ID_GANGAVARAM,PANAMAX,COA_3M,11.49,2.0,210000,SCENARIO
2026-08-21,KALIMANTAN_ID_GANGAVARAM,PANAMAX,COA_6M,11.82,5.0,420000,SCENARIO
2026-08-21,KALIMANTAN_ID_GANGAVARAM,PANAMAX,COA_12M,12.16,8.0,840000,SCENARIO
2026-08-21,KALIMANTAN_ID_GANGAVARAM,SUPRAMAX,SPOT,12.75,0.0,50000,SCENARIO
2026-08-21,KALIMANTAN_ID_GANGAVARAM,SUPRAMAX,COA_3M,13.01,2.0,150000,SCENARIO
2026-08-21,KALIMANTAN_ID_GANGAVARAM,SUPRAMAX,COA_6M,13.39,5.0,300000,SCENARIO
2026-08-21,KALIMANTAN_ID_GANGAVARAM,SUPRAMAX,COA_12M,13.77,8.0,600000,SCENARIO
2026-08-21,KALIMANTAN_ID_GOPALPUR,HANDYSIZE,SPOT,16.06,0.0,32000,SCENARIO
2026-08-21,KALIMANTAN_ID_GOPALPUR,HANDYSIZE,COA_3M,16.38,2.0,96000,SCENARIO
2026-08-21,KALIMANTAN_ID_GOPALPUR,HANDYSIZE,COA_6M,16.86,5.0,192000,SCENARIO
2026-08-21,KALIMANTAN_ID_GOPALPUR,HANDYSIZE,COA_12M,17.34,8.0,384000,SCENARIO
2026-08-21,KALIMANTAN_ID_GOPALPUR,PANAMAX,SPOT,11.69,0.0,70000,SCENARIO
2026-08-21,KALIMANTAN_ID_GOPALPUR,PANAMAX,COA_3M,11.92,2.0,210000,SCENARIO
2026-08-21,KALIMANTAN_ID_GOPALPUR,PANAMAX,COA_6M,12.27,5.0,420000,SCENARIO
2026-08-21,KALIMANTAN_ID_GOPALPUR,PANAMAX,COA_12M,12.63,8.0,840000,SCENARIO
2026-08-21,KALIMANTAN_ID_GOPALPUR,SUPRAMAX,SPOT,13.26,0.0,50000,SCENARIO
2026-08-21,KALIMANTAN_ID_GOPALPUR,SUPRAMAX,COA_3M,13.53,2.0,150000,SCENARIO
2026-08-21,KALIMANTAN_ID_GOPALPUR,SUPRAMAX,COA_6M,13.92,5.0,300000,SCENARIO
2026-08-21,KALIMANTAN_ID_GOPALPUR,SUPRAMAX,COA_12M,14.32,8.0,600000,SCENARIO
2026-08-21,KALIMANTAN_ID_PARADIP,HANDYSIZE,SPOT,16.14,0.0,32000,SCENARIO
2026-08-21,KALIMANTAN_ID_PARADIP,HANDYSIZE,COA_3M,16.46,2.0,96000,SCENARIO
2026-08-21,KALIMANTAN_ID_PARADIP,HANDYSIZE,COA_6M,16.95,5.0,192000,SCENARIO
2026-08-21,KALIMANTAN_ID_PARADIP,HANDYSIZE,COA_12M,17.43,8.0,384000,SCENARIO
2026-08-21,KALIMANTAN_ID_PARADIP,PANAMAX,SPOT,11.25,0.0,70000,SCENARIO
2026-08-21,KALIMANTAN_ID_PARADIP,PANAMAX,COA_3M,11.47,2.0,210000,SCENARIO
2026-08-21,KALIMANTAN_ID_PARADIP,PANAMAX,COA_6M,11.81,5.0,420000,SCENARIO
2026-08-21,KALIMANTAN_ID_PARADIP,PANAMAX,COA_12M,12.15,8.0,840000,SCENARIO
2026-08-21,KALIMANTAN_ID_PARADIP,PANAMAX,SPOT,11.75,0.0,70000,SCENARIO
2026-08-21,KALIMANTAN_ID_PARADIP,PANAMAX,COA_3M,11.98,2.0,210000,SCENARIO
2026-08-21,KALIMANTAN_ID_PARADIP,PANAMAX,COA_6M,12.34,5.0,420000,SCENARIO
2026-08-21,KALIMANTAN_ID_PARADIP,PANAMAX,COA_12M,12.69,8.0,840000,SCENARIO
2026-08-21,KALIMANTAN_ID_PARADIP,SUPRAMAX,SPOT,13.32,0.0,50000,SCENARIO
2026-08-21,KALIMANTAN_ID_PARADIP,SUPRAMAX,COA_3M,13.59,2.0,150000,SCENARIO
2026-08-21,KALIMANTAN_ID_PARADIP,SUPRAMAX,COA_6M,13.99,5.0,300000,SCENARIO
2026-08-21,KALIMANTAN_ID_PARADIP,SUPRAMAX,COA_12M,14.39,8.0,600000,SCENARIO
2026-08-21,KALIMANTAN_ID_SANDHEADS,HANDYSIZE,SPOT,16.94,0.0,32000,SCENARIO
2026-08-21,KALIMANTAN_ID_SANDHEADS,HANDYSIZE,COA_3M,17.28,2.0,96000,SCENARIO
2026-08-21,KALIMANTAN_ID_SANDHEADS,HANDYSIZE,COA_6M,17.79,5.0,192000,SCENARIO
2026-08-21,KALIMANTAN_ID_SANDHEADS,HANDYSIZE,COA_12M,18.3,8.0,384000,SCENARIO
2026-08-21,KALIMANTAN_ID_SANDHEADS,PANAMAX,SPOT,11.78,0.0,70000,SCENARIO
2026-08-21,KALIMANTAN_ID_SANDHEADS,PANAMAX,COA_3M,12.02,2.0,210000,SCENARIO
2026-08-21,KALIMANTAN_ID_SANDHEADS,PANAMAX,COA_6M,12.37,5.0,420000,SCENARIO
2026-08-21,KALIMANTAN_ID_SANDHEADS,PANAMAX,COA_12M,12.72,8.0,840000,SCENARIO
2026-08-21,KALIMANTAN_ID_SANDHEADS,PANAMAX,SPOT,12.3,0.0,70000,SCENARIO
2026-08-21,KALIMANTAN_ID_SANDHEADS,PANAMAX,COA_3M,12.55,2.0,210000,SCENARIO
2026-08-21,KALIMANTAN_ID_SANDHEADS,PANAMAX,COA_6M,12.92,5.0,420000,SCENARIO
2026-08-21,KALIMANTAN_ID_SANDHEADS,PANAMAX,COA_12M,13.28,8.0,840000,SCENARIO
2026-08-21,KALIMANTAN_ID_SANDHEADS,SUPRAMAX,SPOT,13.98,0.0,50000,SCENARIO
2026-08-21,KALIMANTAN_ID_SANDHEADS,SUPRAMAX,COA_3M,14.26,2.0,150000,SCENARIO
2026-08-21,KALIMANTAN_ID_SANDHEADS,SUPRAMAX,COA_6M,14.68,5.0,300000,SCENARIO
2026-08-21,KALIMANTAN_ID_SANDHEADS,SUPRAMAX,COA_12M,15.1,8.0,600000,SCENARIO
2026-08-21,KALIMANTAN_ID_VIZAG,HANDYSIZE,SPOT,15.92,0.0,32000,SCENARIO
2026-08-21,KALIMANTAN_ID_VIZAG,HANDYSIZE,COA_3M,16.24,2.0,96000,SCENARIO
2026-08-21,KALIMANTAN_ID_VIZAG,HANDYSIZE,COA_6M,16.72,5.0,192000,SCENARIO
2026-08-21,KALIMANTAN_ID_VIZAG,HANDYSIZE,COA_12M,17.19,8.0,384000,SCENARIO
2026-08-21,KALIMANTAN_ID_VIZAG,PANAMAX,SPOT,11.1,0.0,70000,SCENARIO
2026-08-21,KALIMANTAN_ID_VIZAG,PANAMAX,COA_3M,11.32,2.0,210000,SCENARIO
2026-08-21,KALIMANTAN_ID_VIZAG,PANAMAX,COA_6M,11.65,5.0,420000,SCENARIO
2026-08-21,KALIMANTAN_ID_VIZAG,PANAMAX,COA_12M,11.99,8.0,840000,SCENARIO
2026-08-21,KALIMANTAN_ID_VIZAG,PANAMAX,SPOT,11.6,0.0,70000,SCENARIO
2026-08-21,KALIMANTAN_ID_VIZAG,PANAMAX,COA_3M,11.83,2.0,210000,SCENARIO
2026-08-21,KALIMANTAN_ID_VIZAG,PANAMAX,COA_6M,12.18,5.0,420000,SCENARIO
2026-08-21,KALIMANTAN_ID_VIZAG,PANAMAX,COA_12M,12.53,8.0,840000,SCENARIO
2026-08-21,KALIMANTAN_ID_VIZAG,SUPRAMAX,SPOT,13.15,0.0,50000,SCENARIO
2026-08-21,KALIMANTAN_ID_VIZAG,SUPRAMAX,COA_3M,13.41,2.0,150000,SCENARIO
2026-08-21,KALIMANTAN_ID_VIZAG,SUPRAMAX,COA_6M,13.81,5.0,300000,SCENARIO
2026-08-21,KALIMANTAN_ID_VIZAG,SUPRAMAX,COA_12M,14.2,8.0,600000,SCENARIO
2026-08-21,MAPUTO_MZ_PARADIP,HANDYSIZE,SPOT,22.99,0.0,32000,SCENARIO
2026-08-21,MAPUTO_MZ_PARADIP,HANDYSIZE,COA_3M,23.45,2.0,96000,SCENARIO
2026-08-21,MAPUTO_MZ_PARADIP,HANDYSIZE,COA_6M,24.14,5.0,192000,SCENARIO
2026-08-21,MAPUTO_MZ_PARADIP,HANDYSIZE,COA_12M,24.83,8.0,384000,SCENARIO
2026-08-21,MAPUTO_MZ_PARADIP,PANAMAX,SPOT,15.86,0.0,70000,SCENARIO
2026-08-21,MAPUTO_MZ_PARADIP,PANAMAX,COA_3M,16.18,2.0,210000,SCENARIO
2026-08-21,MAPUTO_MZ_PARADIP,PANAMAX,COA_6M,16.65,5.0,420000,SCENARIO
2026-08-21,MAPUTO_MZ_PARADIP,PANAMAX,COA_12M,17.13,8.0,840000,SCENARIO
2026-08-21,MAPUTO_MZ_PARADIP,PANAMAX,SPOT,16.51,0.0,70000,SCENARIO
2026-08-21,MAPUTO_MZ_PARADIP,PANAMAX,COA_3M,16.84,2.0,210000,SCENARIO
2026-08-21,MAPUTO_MZ_PARADIP,PANAMAX,COA_6M,17.34,5.0,420000,SCENARIO
2026-08-21,MAPUTO_MZ_PARADIP,PANAMAX,COA_12M,17.83,8.0,840000,SCENARIO
2026-08-21,MAPUTO_MZ_PARADIP,SUPRAMAX,SPOT,18.85,0.0,50000,SCENARIO
2026-08-21,MAPUTO_MZ_PARADIP,SUPRAMAX,COA_3M,19.23,2.0,150000,SCENARIO
2026-08-21,MAPUTO_MZ_PARADIP,SUPRAMAX,COA_6M,19.79,5.0,300000,SCENARIO
2026-08-21,MAPUTO_MZ_PARADIP,SUPRAMAX,COA_12M,20.36,8.0,600000,SCENARIO
2026-08-21,MAPUTO_MZ_VIZAG,HANDYSIZE,SPOT,22.27,0.0,32000,SCENARIO
2026-08-21,MAPUTO_MZ_VIZAG,HANDYSIZE,COA_3M,22.72,2.0,96000,SCENARIO
2026-08-21,MAPUTO_MZ_VIZAG,HANDYSIZE,COA_6M,23.38,5.0,192000,SCENARIO
2026-08-21,MAPUTO_MZ_VIZAG,HANDYSIZE,COA_12M,24.05,8.0,384000,SCENARIO
2026-08-21,MAPUTO_MZ_VIZAG,PANAMAX,SPOT,15.38,0.0,70000,SCENARIO
2026-08-21,MAPUTO_MZ_VIZAG,PANAMAX,COA_3M,15.69,2.0,210000,SCENARIO
2026-08-21,MAPUTO_MZ_VIZAG,PANAMAX,COA_6M,16.15,5.0,420000,SCENARIO
2026-08-21,MAPUTO_MZ_VIZAG,PANAMAX,COA_12M,16.61,8.0,840000,SCENARIO
2026-08-21,MAPUTO_MZ_VIZAG,PANAMAX,SPOT,16.01,0.0,70000,SCENARIO
2026-08-21,MAPUTO_MZ_VIZAG,PANAMAX,COA_3M,16.33,2.0,210000,SCENARIO
2026-08-21,MAPUTO_MZ_VIZAG,PANAMAX,COA_6M,16.81,5.0,420000,SCENARIO
2026-08-21,MAPUTO_MZ_VIZAG,PANAMAX,COA_12M,17.29,8.0,840000,SCENARIO
2026-08-21,MAPUTO_MZ_VIZAG,SUPRAMAX,SPOT,18.28,0.0,50000,SCENARIO
2026-08-21,MAPUTO_MZ_VIZAG,SUPRAMAX,COA_3M,18.65,2.0,150000,SCENARIO
2026-08-21,MAPUTO_MZ_VIZAG,SUPRAMAX,COA_6M,19.19,5.0,300000,SCENARIO
2026-08-21,MAPUTO_MZ_VIZAG,SUPRAMAX,COA_12M,19.74,8.0,600000,SCENARIO
2026-08-21,NEWCASTLE_AU_DHAMRA,HANDYSIZE,SPOT,31.32,0.0,32000,SCENARIO
2026-08-21,NEWCASTLE_AU_DHAMRA,HANDYSIZE,COA_3M,31.95,2.0,96000,SCENARIO
2026-08-21,NEWCASTLE_AU_DHAMRA,HANDYSIZE,COA_6M,32.89,5.0,192000,SCENARIO
2026-08-21,NEWCASTLE_AU_DHAMRA,HANDYSIZE,COA_12M,33.83,8.0,384000,SCENARIO
2026-08-21,NEWCASTLE_AU_DHAMRA,PANAMAX,SPOT,21.47,0.0,70000,SCENARIO
2026-08-21,NEWCASTLE_AU_DHAMRA,PANAMAX,COA_3M,21.9,2.0,210000,SCENARIO
2026-08-21,NEWCASTLE_AU_DHAMRA,PANAMAX,COA_6M,22.54,5.0,420000,SCENARIO
2026-08-21,NEWCASTLE_AU_DHAMRA,PANAMAX,COA_12M,23.19,8.0,840000,SCENARIO
2026-08-21,NEWCASTLE_AU_DHAMRA,PANAMAX,SPOT,22.3,0.0,70000,SCENARIO
2026-08-21,NEWCASTLE_AU_DHAMRA,PANAMAX,COA_3M,22.75,2.0,210000,SCENARIO
2026-08-21,NEWCASTLE_AU_DHAMRA,PANAMAX,COA_6M,23.42,5.0,420000,SCENARIO
2026-08-21,NEWCASTLE_AU_DHAMRA,PANAMAX,COA_12M,24.08,8.0,840000,SCENARIO
2026-08-21,NEWCASTLE_AU_DHAMRA,SUPRAMAX,SPOT,25.58,0.0,50000,SCENARIO
2026-08-21,NEWCASTLE_AU_DHAMRA,SUPRAMAX,COA_3M,26.09,2.0,150000,SCENARIO
2026-08-21,NEWCASTLE_AU_DHAMRA,SUPRAMAX,COA_6M,26.86,5.0,300000,SCENARIO
2026-08-21,NEWCASTLE_AU_DHAMRA,SUPRAMAX,COA_12M,27.63,8.0,600000,SCENARIO
2026-08-21,NEWCASTLE_AU_GANGAVARAM,HANDYSIZE,SPOT,31.0,0.0,32000,SCENARIO
2026-08-21,NEWCASTLE_AU_GANGAVARAM,HANDYSIZE,COA_3M,31.62,2.0,96000,SCENARIO
2026-08-21,NEWCASTLE_AU_GANGAVARAM,HANDYSIZE,COA_6M,32.55,5.0,192000,SCENARIO
2026-08-21,NEWCASTLE_AU_GANGAVARAM,HANDYSIZE,COA_12M,33.48,8.0,384000,SCENARIO
2026-08-21,NEWCASTLE_AU_GANGAVARAM,PANAMAX,SPOT,21.26,0.0,70000,SCENARIO
2026-08-21,NEWCASTLE_AU_GANGAVARAM,PANAMAX,COA_3M,21.69,2.0,210000,SCENARIO
2026-08-21,NEWCASTLE_AU_GANGAVARAM,PANAMAX,COA_6M,22.32,5.0,420000,SCENARIO
2026-08-21,NEWCASTLE_AU_GANGAVARAM,PANAMAX,COA_12M,22.96,8.0,840000,SCENARIO
2026-08-21,NEWCASTLE_AU_GANGAVARAM,PANAMAX,SPOT,22.08,0.0,70000,SCENARIO
2026-08-21,NEWCASTLE_AU_GANGAVARAM,PANAMAX,COA_3M,22.52,2.0,210000,SCENARIO
2026-08-21,NEWCASTLE_AU_GANGAVARAM,PANAMAX,COA_6M,23.18,5.0,420000,SCENARIO
2026-08-21,NEWCASTLE_AU_GANGAVARAM,PANAMAX,COA_12M,23.85,8.0,840000,SCENARIO
2026-08-21,NEWCASTLE_AU_GANGAVARAM,SUPRAMAX,SPOT,25.33,0.0,50000,SCENARIO
2026-08-21,NEWCASTLE_AU_GANGAVARAM,SUPRAMAX,COA_3M,25.84,2.0,150000,SCENARIO
2026-08-21,NEWCASTLE_AU_GANGAVARAM,SUPRAMAX,COA_6M,26.6,5.0,300000,SCENARIO
2026-08-21,NEWCASTLE_AU_GANGAVARAM,SUPRAMAX,COA_12M,27.36,8.0,600000,SCENARIO
2026-08-21,NEWCASTLE_AU_GOPALPUR,HANDYSIZE,SPOT,31.49,0.0,32000,SCENARIO
2026-08-21,NEWCASTLE_AU_GOPALPUR,HANDYSIZE,COA_3M,32.12,2.0,96000,SCENARIO
2026-08-21,NEWCASTLE_AU_GOPALPUR,HANDYSIZE,COA_6M,33.06,5.0,192000,SCENARIO
2026-08-21,NEWCASTLE_AU_GOPALPUR,HANDYSIZE,COA_12M,34.01,8.0,384000,SCENARIO
2026-08-21,NEWCASTLE_AU_GOPALPUR,PANAMAX,SPOT,22.42,0.0,70000,SCENARIO
2026-08-21,NEWCASTLE_AU_GOPALPUR,PANAMAX,COA_3M,22.87,2.0,210000,SCENARIO
2026-08-21,NEWCASTLE_AU_GOPALPUR,PANAMAX,COA_6M,23.54,5.0,420000,SCENARIO
2026-08-21,NEWCASTLE_AU_GOPALPUR,PANAMAX,COA_12M,24.21,8.0,840000,SCENARIO
2026-08-21,NEWCASTLE_AU_GOPALPUR,SUPRAMAX,SPOT,25.74,0.0,50000,SCENARIO
2026-08-21,NEWCASTLE_AU_GOPALPUR,SUPRAMAX,COA_3M,26.25,2.0,150000,SCENARIO
2026-08-21,NEWCASTLE_AU_GOPALPUR,SUPRAMAX,COA_6M,27.03,5.0,300000,SCENARIO
2026-08-21,NEWCASTLE_AU_GOPALPUR,SUPRAMAX,COA_12M,27.8,8.0,600000,SCENARIO
2026-08-21,NEWCASTLE_AU_PARADIP,HANDYSIZE,SPOT,31.45,0.0,32000,SCENARIO
2026-08-21,NEWCASTLE_AU_PARADIP,HANDYSIZE,COA_3M,32.08,2.0,96000,SCENARIO
2026-08-21,NEWCASTLE_AU_PARADIP,HANDYSIZE,COA_6M,33.02,5.0,192000,SCENARIO
2026-08-21,NEWCASTLE_AU_PARADIP,HANDYSIZE,COA_12M,33.97,8.0,384000,SCENARIO
2026-08-21,NEWCASTLE_AU_PARADIP,PANAMAX,SPOT,21.56,0.0,70000,SCENARIO
2026-08-21,NEWCASTLE_AU_PARADIP,PANAMAX,COA_3M,21.99,2.0,210000,SCENARIO
2026-08-21,NEWCASTLE_AU_PARADIP,PANAMAX,COA_6M,22.64,5.0,420000,SCENARIO
2026-08-21,NEWCASTLE_AU_PARADIP,PANAMAX,COA_12M,23.28,8.0,840000,SCENARIO
2026-08-21,NEWCASTLE_AU_PARADIP,PANAMAX,SPOT,22.39,0.0,70000,SCENARIO
2026-08-21,NEWCASTLE_AU_PARADIP,PANAMAX,COA_3M,22.84,2.0,210000,SCENARIO
2026-08-21,NEWCASTLE_AU_PARADIP,PANAMAX,COA_6M,23.51,5.0,420000,SCENARIO
2026-08-21,NEWCASTLE_AU_PARADIP,PANAMAX,COA_12M,24.18,8.0,840000,SCENARIO
2026-08-21,NEWCASTLE_AU_PARADIP,SUPRAMAX,SPOT,25.69,0.0,50000,SCENARIO
2026-08-21,NEWCASTLE_AU_PARADIP,SUPRAMAX,COA_3M,26.2,2.0,150000,SCENARIO
2026-08-21,NEWCASTLE_AU_PARADIP,SUPRAMAX,COA_6M,26.97,5.0,300000,SCENARIO
2026-08-21,NEWCASTLE_AU_PARADIP,SUPRAMAX,COA_12M,27.75,8.0,600000,SCENARIO
2026-08-21,NEWCASTLE_AU_SANDHEADS,HANDYSIZE,SPOT,32.22,0.0,32000,SCENARIO
2026-08-21,NEWCASTLE_AU_SANDHEADS,HANDYSIZE,COA_3M,32.86,2.0,96000,SCENARIO
2026-08-21,NEWCASTLE_AU_SANDHEADS,HANDYSIZE,COA_6M,33.83,5.0,192000,SCENARIO
2026-08-21,NEWCASTLE_AU_SANDHEADS,HANDYSIZE,COA_12M,34.8,8.0,384000,SCENARIO
2026-08-21,NEWCASTLE_AU_SANDHEADS,PANAMAX,SPOT,22.08,0.0,70000,SCENARIO
2026-08-21,NEWCASTLE_AU_SANDHEADS,PANAMAX,COA_3M,22.52,2.0,210000,SCENARIO
2026-08-21,NEWCASTLE_AU_SANDHEADS,PANAMAX,COA_6M,23.18,5.0,420000,SCENARIO
2026-08-21,NEWCASTLE_AU_SANDHEADS,PANAMAX,COA_12M,23.85,8.0,840000,SCENARIO
2026-08-21,NEWCASTLE_AU_SANDHEADS,PANAMAX,SPOT,22.93,0.0,70000,SCENARIO
2026-08-21,NEWCASTLE_AU_SANDHEADS,PANAMAX,COA_3M,23.39,2.0,210000,SCENARIO
2026-08-21,NEWCASTLE_AU_SANDHEADS,PANAMAX,COA_6M,24.08,5.0,420000,SCENARIO
2026-08-21,NEWCASTLE_AU_SANDHEADS,PANAMAX,COA_12M,24.76,8.0,840000,SCENARIO
2026-08-21,NEWCASTLE_AU_SANDHEADS,SUPRAMAX,SPOT,26.33,0.0,50000,SCENARIO
2026-08-21,NEWCASTLE_AU_SANDHEADS,SUPRAMAX,COA_3M,26.86,2.0,150000,SCENARIO
2026-08-21,NEWCASTLE_AU_SANDHEADS,SUPRAMAX,COA_6M,27.65,5.0,300000,SCENARIO
2026-08-21,NEWCASTLE_AU_SANDHEADS,SUPRAMAX,COA_12M,28.44,8.0,600000,SCENARIO
2026-08-21,NEWCASTLE_AU_VIZAG,HANDYSIZE,SPOT,31.48,0.0,32000,SCENARIO
2026-08-21,NEWCASTLE_AU_VIZAG,HANDYSIZE,COA_3M,32.11,2.0,96000,SCENARIO
2026-08-21,NEWCASTLE_AU_VIZAG,HANDYSIZE,COA_6M,33.05,5.0,192000,SCENARIO
2026-08-21,NEWCASTLE_AU_VIZAG,HANDYSIZE,COA_12M,34.0,8.0,384000,SCENARIO
2026-08-21,NEWCASTLE_AU_VIZAG,PANAMAX,SPOT,21.58,0.0,70000,SCENARIO
2026-08-21,NEWCASTLE_AU_VIZAG,PANAMAX,COA_3M,22.01,2.0,210000,SCENARIO
2026-08-21,NEWCASTLE_AU_VIZAG,PANAMAX,COA_6M,22.66,5.0,420000,SCENARIO
2026-08-21,NEWCASTLE_AU_VIZAG,PANAMAX,COA_12M,23.31,8.0,840000,SCENARIO
2026-08-21,NEWCASTLE_AU_VIZAG,PANAMAX,SPOT,22.41,0.0,70000,SCENARIO
2026-08-21,NEWCASTLE_AU_VIZAG,PANAMAX,COA_3M,22.86,2.0,210000,SCENARIO
2026-08-21,NEWCASTLE_AU_VIZAG,PANAMAX,COA_6M,23.53,5.0,420000,SCENARIO
2026-08-21,NEWCASTLE_AU_VIZAG,PANAMAX,COA_12M,24.2,8.0,840000,SCENARIO
2026-08-21,NEWCASTLE_AU_VIZAG,SUPRAMAX,SPOT,25.73,0.0,50000,SCENARIO
2026-08-21,NEWCASTLE_AU_VIZAG,SUPRAMAX,COA_3M,26.24,2.0,150000,SCENARIO
2026-08-21,NEWCASTLE_AU_VIZAG,SUPRAMAX,COA_6M,27.02,5.0,300000,SCENARIO
2026-08-21,NEWCASTLE_AU_VIZAG,SUPRAMAX,COA_12M,27.79,8.0,600000,SCENARIO
2026-08-21,NORFOLK_US_PARADIP,HANDYSIZE,SPOT,54.84,0.0,32000,SCENARIO
2026-08-21,NORFOLK_US_PARADIP,HANDYSIZE,COA_3M,55.94,2.0,96000,SCENARIO
2026-08-21,NORFOLK_US_PARADIP,HANDYSIZE,COA_6M,57.58,5.0,192000,SCENARIO
2026-08-21,NORFOLK_US_PARADIP,HANDYSIZE,COA_12M,59.23,8.0,384000,SCENARIO
2026-08-21,NORFOLK_US_PARADIP,PANAMAX,SPOT,37.33,0.0,70000,SCENARIO
2026-08-21,NORFOLK_US_PARADIP,PANAMAX,COA_3M,38.08,2.0,210000,SCENARIO
2026-08-21,NORFOLK_US_PARADIP,PANAMAX,COA_6M,39.2,5.0,420000,SCENARIO
2026-08-21,NORFOLK_US_PARADIP,PANAMAX,COA_12M,40.32,8.0,840000,SCENARIO
2026-08-21,NORFOLK_US_PARADIP,PANAMAX,SPOT,38.66,0.0,70000,SCENARIO
2026-08-21,NORFOLK_US_PARADIP,PANAMAX,COA_3M,39.43,2.0,210000,SCENARIO
2026-08-21,NORFOLK_US_PARADIP,PANAMAX,COA_6M,40.59,5.0,420000,SCENARIO
2026-08-21,NORFOLK_US_PARADIP,PANAMAX,COA_12M,41.75,8.0,840000,SCENARIO
2026-08-21,NORFOLK_US_PARADIP,SUPRAMAX,SPOT,44.6,0.0,50000,SCENARIO
2026-08-21,NORFOLK_US_PARADIP,SUPRAMAX,COA_3M,45.49,2.0,150000,SCENARIO
2026-08-21,NORFOLK_US_PARADIP,SUPRAMAX,COA_6M,46.83,5.0,300000,SCENARIO
2026-08-21,NORFOLK_US_PARADIP,SUPRAMAX,COA_12M,48.17,8.0,600000,SCENARIO
2026-08-21,NORFOLK_US_VIZAG,HANDYSIZE,SPOT,54.12,0.0,32000,SCENARIO
2026-08-21,NORFOLK_US_VIZAG,HANDYSIZE,COA_3M,55.2,2.0,96000,SCENARIO
2026-08-21,NORFOLK_US_VIZAG,HANDYSIZE,COA_6M,56.83,5.0,192000,SCENARIO
2026-08-21,NORFOLK_US_VIZAG,HANDYSIZE,COA_12M,58.45,8.0,384000,SCENARIO
2026-08-21,NORFOLK_US_VIZAG,PANAMAX,SPOT,36.84,0.0,70000,SCENARIO
2026-08-21,NORFOLK_US_VIZAG,PANAMAX,COA_3M,37.58,2.0,210000,SCENARIO
2026-08-21,NORFOLK_US_VIZAG,PANAMAX,COA_6M,38.68,5.0,420000,SCENARIO
2026-08-21,NORFOLK_US_VIZAG,PANAMAX,COA_12M,39.79,8.0,840000,SCENARIO
2026-08-21,NORFOLK_US_VIZAG,PANAMAX,SPOT,38.16,0.0,70000,SCENARIO
2026-08-21,NORFOLK_US_VIZAG,PANAMAX,COA_3M,38.92,2.0,210000,SCENARIO
2026-08-21,NORFOLK_US_VIZAG,PANAMAX,COA_6M,40.07,5.0,420000,SCENARIO
2026-08-21,NORFOLK_US_VIZAG,PANAMAX,COA_12M,41.21,8.0,840000,SCENARIO
2026-08-21,NORFOLK_US_VIZAG,SUPRAMAX,SPOT,44.03,0.0,50000,SCENARIO
2026-08-21,NORFOLK_US_VIZAG,SUPRAMAX,COA_3M,44.91,2.0,150000,SCENARIO
2026-08-21,NORFOLK_US_VIZAG,SUPRAMAX,COA_6M,46.23,5.0,300000,SCENARIO
2026-08-21,NORFOLK_US_VIZAG,SUPRAMAX,COA_12M,47.55,8.0,600000,SCENARIO
2026-08-21,VOSTOCHNY_RU_PARADIP,HANDYSIZE,SPOT,30.45,0.0,32000,SCENARIO
2026-08-21,VOSTOCHNY_RU_PARADIP,HANDYSIZE,COA_3M,31.06,2.0,96000,SCENARIO
2026-08-21,VOSTOCHNY_RU_PARADIP,HANDYSIZE,COA_6M,31.97,5.0,192000,SCENARIO
2026-08-21,VOSTOCHNY_RU_PARADIP,HANDYSIZE,COA_12M,32.89,8.0,384000,SCENARIO
2026-08-21,VOSTOCHNY_RU_PARADIP,PANAMAX,SPOT,20.89,0.0,70000,SCENARIO
2026-08-21,VOSTOCHNY_RU_PARADIP,PANAMAX,COA_3M,21.31,2.0,210000,SCENARIO
2026-08-21,VOSTOCHNY_RU_PARADIP,PANAMAX,COA_6M,21.93,5.0,420000,SCENARIO
2026-08-21,VOSTOCHNY_RU_PARADIP,PANAMAX,COA_12M,22.56,8.0,840000,SCENARIO
2026-08-21,VOSTOCHNY_RU_PARADIP,PANAMAX,SPOT,21.7,0.0,70000,SCENARIO
2026-08-21,VOSTOCHNY_RU_PARADIP,PANAMAX,COA_3M,22.13,2.0,210000,SCENARIO
2026-08-21,VOSTOCHNY_RU_PARADIP,PANAMAX,COA_6M,22.79,5.0,420000,SCENARIO
2026-08-21,VOSTOCHNY_RU_PARADIP,PANAMAX,COA_12M,23.44,8.0,840000,SCENARIO
2026-08-21,VOSTOCHNY_RU_PARADIP,SUPRAMAX,SPOT,24.89,0.0,50000,SCENARIO
2026-08-21,VOSTOCHNY_RU_PARADIP,SUPRAMAX,COA_3M,25.39,2.0,150000,SCENARIO
2026-08-21,VOSTOCHNY_RU_PARADIP,SUPRAMAX,COA_6M,26.13,5.0,300000,SCENARIO
2026-08-21,VOSTOCHNY_RU_PARADIP,SUPRAMAX,COA_12M,26.88,8.0,600000,SCENARIO
2026-08-21,VOSTOCHNY_RU_VIZAG,HANDYSIZE,SPOT,30.23,0.0,32000,SCENARIO
2026-08-21,VOSTOCHNY_RU_VIZAG,HANDYSIZE,COA_3M,30.83,2.0,96000,SCENARIO
2026-08-21,VOSTOCHNY_RU_VIZAG,HANDYSIZE,COA_6M,31.74,5.0,192000,SCENARIO
2026-08-21,VOSTOCHNY_RU_VIZAG,HANDYSIZE,COA_12M,32.65,8.0,384000,SCENARIO
2026-08-21,VOSTOCHNY_RU_VIZAG,PANAMAX,SPOT,20.74,0.0,70000,SCENARIO
2026-08-21,VOSTOCHNY_RU_VIZAG,PANAMAX,COA_3M,21.15,2.0,210000,SCENARIO
2026-08-21,VOSTOCHNY_RU_VIZAG,PANAMAX,COA_6M,21.78,5.0,420000,SCENARIO
2026-08-21,VOSTOCHNY_RU_VIZAG,PANAMAX,COA_12M,22.4,8.0,840000,SCENARIO
2026-08-21,VOSTOCHNY_RU_VIZAG,PANAMAX,SPOT,21.55,0.0,70000,SCENARIO
2026-08-21,VOSTOCHNY_RU_VIZAG,PANAMAX,COA_3M,21.98,2.0,210000,SCENARIO
2026-08-21,VOSTOCHNY_RU_VIZAG,PANAMAX,COA_6M,22.63,5.0,420000,SCENARIO
2026-08-21,VOSTOCHNY_RU_VIZAG,PANAMAX,COA_12M,23.27,8.0,840000,SCENARIO
2026-08-21,VOSTOCHNY_RU_VIZAG,SUPRAMAX,SPOT,24.72,0.0,50000,SCENARIO
2026-08-21,VOSTOCHNY_RU_VIZAG,SUPRAMAX,COA_3M,25.21,2.0,150000,SCENARIO
2026-08-21,VOSTOCHNY_RU_VIZAG,SUPRAMAX,COA_6M,25.96,5.0,300000,SCENARIO
2026-08-21,VOSTOCHNY_RU_VIZAG,SUPRAMAX,COA_12M,26.7,8.0,600000,SCENARIO
2026-08-24,KALIMANTAN_ID_DHAMRA,HANDYSIZE,SPOT,15.93,0.0,32000,SCENARIO
2026-08-24,KALIMANTAN_ID_DHAMRA,HANDYSIZE,COA_3M,16.25,2.0,96000,SCENARIO
2026-08-24,KALIMANTAN_ID_DHAMRA,HANDYSIZE,COA_6M,16.73,5.0,192000,SCENARIO
2026-08-24,KALIMANTAN_ID_DHAMRA,HANDYSIZE,COA_12M,17.2,8.0,384000,SCENARIO
2026-08-24,KALIMANTAN_ID_DHAMRA,PANAMAX,SPOT,11.11,0.0,70000,SCENARIO
2026-08-24,KALIMANTAN_ID_DHAMRA,PANAMAX,COA_3M,11.33,2.0,210000,SCENARIO
2026-08-24,KALIMANTAN_ID_DHAMRA,PANAMAX,COA_6M,11.67,5.0,420000,SCENARIO
2026-08-24,KALIMANTAN_ID_DHAMRA,PANAMAX,COA_12M,12.0,8.0,840000,SCENARIO
2026-08-24,KALIMANTAN_ID_DHAMRA,PANAMAX,SPOT,11.6,0.0,70000,SCENARIO
2026-08-24,KALIMANTAN_ID_DHAMRA,PANAMAX,COA_3M,11.83,2.0,210000,SCENARIO
2026-08-24,KALIMANTAN_ID_DHAMRA,PANAMAX,COA_6M,12.18,5.0,420000,SCENARIO
2026-08-24,KALIMANTAN_ID_DHAMRA,PANAMAX,COA_12M,12.53,8.0,840000,SCENARIO
2026-08-24,KALIMANTAN_ID_DHAMRA,SUPRAMAX,SPOT,13.14,0.0,50000,SCENARIO
2026-08-24,KALIMANTAN_ID_DHAMRA,SUPRAMAX,COA_3M,13.4,2.0,150000,SCENARIO
2026-08-24,KALIMANTAN_ID_DHAMRA,SUPRAMAX,COA_6M,13.8,5.0,300000,SCENARIO
2026-08-24,KALIMANTAN_ID_DHAMRA,SUPRAMAX,COA_12M,14.19,8.0,600000,SCENARIO
2026-08-24,KALIMANTAN_ID_GANGAVARAM,HANDYSIZE,SPOT,15.39,0.0,32000,SCENARIO
2026-08-24,KALIMANTAN_ID_GANGAVARAM,HANDYSIZE,COA_3M,15.7,2.0,96000,SCENARIO
2026-08-24,KALIMANTAN_ID_GANGAVARAM,HANDYSIZE,COA_6M,16.16,5.0,192000,SCENARIO
2026-08-24,KALIMANTAN_ID_GANGAVARAM,HANDYSIZE,COA_12M,16.62,8.0,384000,SCENARIO
2026-08-24,KALIMANTAN_ID_GANGAVARAM,PANAMAX,SPOT,10.74,0.0,70000,SCENARIO
2026-08-24,KALIMANTAN_ID_GANGAVARAM,PANAMAX,COA_3M,10.95,2.0,210000,SCENARIO
2026-08-24,KALIMANTAN_ID_GANGAVARAM,PANAMAX,COA_6M,11.28,5.0,420000,SCENARIO
2026-08-24,KALIMANTAN_ID_GANGAVARAM,PANAMAX,COA_12M,11.6,8.0,840000,SCENARIO
2026-08-24,KALIMANTAN_ID_GANGAVARAM,PANAMAX,SPOT,11.22,0.0,70000,SCENARIO
2026-08-24,KALIMANTAN_ID_GANGAVARAM,PANAMAX,COA_3M,11.44,2.0,210000,SCENARIO
2026-08-24,KALIMANTAN_ID_GANGAVARAM,PANAMAX,COA_6M,11.78,5.0,420000,SCENARIO
2026-08-24,KALIMANTAN_ID_GANGAVARAM,PANAMAX,COA_12M,12.12,8.0,840000,SCENARIO
2026-08-24,KALIMANTAN_ID_GANGAVARAM,SUPRAMAX,SPOT,12.71,0.0,50000,SCENARIO
2026-08-24,KALIMANTAN_ID_GANGAVARAM,SUPRAMAX,COA_3M,12.96,2.0,150000,SCENARIO
2026-08-24,KALIMANTAN_ID_GANGAVARAM,SUPRAMAX,COA_6M,13.35,5.0,300000,SCENARIO
2026-08-24,KALIMANTAN_ID_GANGAVARAM,SUPRAMAX,COA_12M,13.73,8.0,600000,SCENARIO
2026-08-24,KALIMANTAN_ID_GOPALPUR,HANDYSIZE,SPOT,16.01,0.0,32000,SCENARIO
2026-08-24,KALIMANTAN_ID_GOPALPUR,HANDYSIZE,COA_3M,16.33,2.0,96000,SCENARIO
2026-08-24,KALIMANTAN_ID_GOPALPUR,HANDYSIZE,COA_6M,16.81,5.0,192000,SCENARIO
2026-08-24,KALIMANTAN_ID_GOPALPUR,HANDYSIZE,COA_12M,17.29,8.0,384000,SCENARIO
2026-08-24,KALIMANTAN_ID_GOPALPUR,PANAMAX,SPOT,11.65,0.0,70000,SCENARIO
2026-08-24,KALIMANTAN_ID_GOPALPUR,PANAMAX,COA_3M,11.88,2.0,210000,SCENARIO
2026-08-24,KALIMANTAN_ID_GOPALPUR,PANAMAX,COA_6M,12.23,5.0,420000,SCENARIO
2026-08-24,KALIMANTAN_ID_GOPALPUR,PANAMAX,COA_12M,12.58,8.0,840000,SCENARIO
2026-08-24,KALIMANTAN_ID_GOPALPUR,SUPRAMAX,SPOT,13.22,0.0,50000,SCENARIO
2026-08-24,KALIMANTAN_ID_GOPALPUR,SUPRAMAX,COA_3M,13.48,2.0,150000,SCENARIO
2026-08-24,KALIMANTAN_ID_GOPALPUR,SUPRAMAX,COA_6M,13.88,5.0,300000,SCENARIO
2026-08-24,KALIMANTAN_ID_GOPALPUR,SUPRAMAX,COA_12M,14.28,8.0,600000,SCENARIO
2026-08-24,KALIMANTAN_ID_PARADIP,HANDYSIZE,SPOT,16.09,0.0,32000,SCENARIO
2026-08-24,KALIMANTAN_ID_PARADIP,HANDYSIZE,COA_3M,16.41,2.0,96000,SCENARIO
2026-08-24,KALIMANTAN_ID_PARADIP,HANDYSIZE,COA_6M,16.89,5.0,192000,SCENARIO
2026-08-24,KALIMANTAN_ID_PARADIP,HANDYSIZE,COA_12M,17.38,8.0,384000,SCENARIO
2026-08-24,KALIMANTAN_ID_PARADIP,PANAMAX,SPOT,11.21,0.0,70000,SCENARIO
2026-08-24,KALIMANTAN_ID_PARADIP,PANAMAX,COA_3M,11.43,2.0,210000,SCENARIO
2026-08-24,KALIMANTAN_ID_PARADIP,PANAMAX,COA_6M,11.77,5.0,420000,SCENARIO
2026-08-24,KALIMANTAN_ID_PARADIP,PANAMAX,COA_12M,12.11,8.0,840000,SCENARIO
2026-08-24,KALIMANTAN_ID_PARADIP,PANAMAX,SPOT,11.71,0.0,70000,SCENARIO
2026-08-24,KALIMANTAN_ID_PARADIP,PANAMAX,COA_3M,11.94,2.0,210000,SCENARIO
2026-08-24,KALIMANTAN_ID_PARADIP,PANAMAX,COA_6M,12.3,5.0,420000,SCENARIO
2026-08-24,KALIMANTAN_ID_PARADIP,PANAMAX,COA_12M,12.65,8.0,840000,SCENARIO
2026-08-24,KALIMANTAN_ID_PARADIP,SUPRAMAX,SPOT,13.28,0.0,50000,SCENARIO
2026-08-24,KALIMANTAN_ID_PARADIP,SUPRAMAX,COA_3M,13.55,2.0,150000,SCENARIO
2026-08-24,KALIMANTAN_ID_PARADIP,SUPRAMAX,COA_6M,13.94,5.0,300000,SCENARIO
2026-08-24,KALIMANTAN_ID_PARADIP,SUPRAMAX,COA_12M,14.34,8.0,600000,SCENARIO
2026-08-24,KALIMANTAN_ID_SANDHEADS,HANDYSIZE,SPOT,16.88,0.0,32000,SCENARIO
2026-08-24,KALIMANTAN_ID_SANDHEADS,HANDYSIZE,COA_3M,17.22,2.0,96000,SCENARIO
2026-08-24,KALIMANTAN_ID_SANDHEADS,HANDYSIZE,COA_6M,17.72,5.0,192000,SCENARIO
2026-08-24,KALIMANTAN_ID_SANDHEADS,HANDYSIZE,COA_12M,18.23,8.0,384000,SCENARIO
2026-08-24,KALIMANTAN_ID_SANDHEADS,PANAMAX,SPOT,11.74,0.0,70000,SCENARIO
2026-08-24,KALIMANTAN_ID_SANDHEADS,PANAMAX,COA_3M,11.97,2.0,210000,SCENARIO
2026-08-24,KALIMANTAN_ID_SANDHEADS,PANAMAX,COA_6M,12.33,5.0,420000,SCENARIO
2026-08-24,KALIMANTAN_ID_SANDHEADS,PANAMAX,COA_12M,12.68,8.0,840000,SCENARIO
2026-08-24,KALIMANTAN_ID_SANDHEADS,PANAMAX,SPOT,12.26,0.0,70000,SCENARIO
2026-08-24,KALIMANTAN_ID_SANDHEADS,PANAMAX,COA_3M,12.51,2.0,210000,SCENARIO
2026-08-24,KALIMANTAN_ID_SANDHEADS,PANAMAX,COA_6M,12.87,5.0,420000,SCENARIO
2026-08-24,KALIMANTAN_ID_SANDHEADS,PANAMAX,COA_12M,13.24,8.0,840000,SCENARIO
2026-08-24,KALIMANTAN_ID_SANDHEADS,SUPRAMAX,SPOT,13.93,0.0,50000,SCENARIO
2026-08-24,KALIMANTAN_ID_SANDHEADS,SUPRAMAX,COA_3M,14.21,2.0,150000,SCENARIO
2026-08-24,KALIMANTAN_ID_SANDHEADS,SUPRAMAX,COA_6M,14.63,5.0,300000,SCENARIO
2026-08-24,KALIMANTAN_ID_SANDHEADS,SUPRAMAX,COA_12M,15.04,8.0,600000,SCENARIO
2026-08-24,KALIMANTAN_ID_VIZAG,HANDYSIZE,SPOT,15.87,0.0,32000,SCENARIO
2026-08-24,KALIMANTAN_ID_VIZAG,HANDYSIZE,COA_3M,16.19,2.0,96000,SCENARIO
2026-08-24,KALIMANTAN_ID_VIZAG,HANDYSIZE,COA_6M,16.66,5.0,192000,SCENARIO
2026-08-24,KALIMANTAN_ID_VIZAG,HANDYSIZE,COA_12M,17.14,8.0,384000,SCENARIO
2026-08-24,KALIMANTAN_ID_VIZAG,PANAMAX,SPOT,11.06,0.0,70000,SCENARIO
2026-08-24,KALIMANTAN_ID_VIZAG,PANAMAX,COA_3M,11.28,2.0,210000,SCENARIO
2026-08-24,KALIMANTAN_ID_VIZAG,PANAMAX,COA_6M,11.61,5.0,420000,SCENARIO
2026-08-24,KALIMANTAN_ID_VIZAG,PANAMAX,COA_12M,11.94,8.0,840000,SCENARIO
2026-08-24,KALIMANTAN_ID_VIZAG,PANAMAX,SPOT,11.56,0.0,70000,SCENARIO
2026-08-24,KALIMANTAN_ID_VIZAG,PANAMAX,COA_3M,11.79,2.0,210000,SCENARIO
2026-08-24,KALIMANTAN_ID_VIZAG,PANAMAX,COA_6M,12.14,5.0,420000,SCENARIO
2026-08-24,KALIMANTAN_ID_VIZAG,PANAMAX,COA_12M,12.48,8.0,840000,SCENARIO
2026-08-24,KALIMANTAN_ID_VIZAG,SUPRAMAX,SPOT,13.11,0.0,50000,SCENARIO
2026-08-24,KALIMANTAN_ID_VIZAG,SUPRAMAX,COA_3M,13.37,2.0,150000,SCENARIO
2026-08-24,KALIMANTAN_ID_VIZAG,SUPRAMAX,COA_6M,13.77,5.0,300000,SCENARIO
2026-08-24,KALIMANTAN_ID_VIZAG,SUPRAMAX,COA_12M,14.16,8.0,600000,SCENARIO
2026-08-24,MAPUTO_MZ_PARADIP,HANDYSIZE,SPOT,22.9,0.0,32000,SCENARIO
2026-08-24,MAPUTO_MZ_PARADIP,HANDYSIZE,COA_3M,23.36,2.0,96000,SCENARIO
2026-08-24,MAPUTO_MZ_PARADIP,HANDYSIZE,COA_6M,24.04,5.0,192000,SCENARIO
2026-08-24,MAPUTO_MZ_PARADIP,HANDYSIZE,COA_12M,24.73,8.0,384000,SCENARIO
2026-08-24,MAPUTO_MZ_PARADIP,PANAMAX,SPOT,15.8,0.0,70000,SCENARIO
2026-08-24,MAPUTO_MZ_PARADIP,PANAMAX,COA_3M,16.12,2.0,210000,SCENARIO
2026-08-24,MAPUTO_MZ_PARADIP,PANAMAX,COA_6M,16.59,5.0,420000,SCENARIO
2026-08-24,MAPUTO_MZ_PARADIP,PANAMAX,COA_12M,17.06,8.0,840000,SCENARIO
2026-08-24,MAPUTO_MZ_PARADIP,PANAMAX,SPOT,16.45,0.0,70000,SCENARIO
2026-08-24,MAPUTO_MZ_PARADIP,PANAMAX,COA_3M,16.78,2.0,210000,SCENARIO
2026-08-24,MAPUTO_MZ_PARADIP,PANAMAX,COA_6M,17.27,5.0,420000,SCENARIO
2026-08-24,MAPUTO_MZ_PARADIP,PANAMAX,COA_12M,17.77,8.0,840000,SCENARIO
2026-08-24,MAPUTO_MZ_PARADIP,SUPRAMAX,SPOT,18.79,0.0,50000,SCENARIO
2026-08-24,MAPUTO_MZ_PARADIP,SUPRAMAX,COA_3M,19.17,2.0,150000,SCENARIO
2026-08-24,MAPUTO_MZ_PARADIP,SUPRAMAX,COA_6M,19.73,5.0,300000,SCENARIO
2026-08-24,MAPUTO_MZ_PARADIP,SUPRAMAX,COA_12M,20.29,8.0,600000,SCENARIO
2026-08-24,MAPUTO_MZ_VIZAG,HANDYSIZE,SPOT,22.19,0.0,32000,SCENARIO
2026-08-24,MAPUTO_MZ_VIZAG,HANDYSIZE,COA_3M,22.63,2.0,96000,SCENARIO
2026-08-24,MAPUTO_MZ_VIZAG,HANDYSIZE,COA_6M,23.3,5.0,192000,SCENARIO
2026-08-24,MAPUTO_MZ_VIZAG,HANDYSIZE,COA_12M,23.97,8.0,384000,SCENARIO
2026-08-24,MAPUTO_MZ_VIZAG,PANAMAX,SPOT,15.32,0.0,70000,SCENARIO
2026-08-24,MAPUTO_MZ_VIZAG,PANAMAX,COA_3M,15.63,2.0,210000,SCENARIO
2026-08-24,MAPUTO_MZ_VIZAG,PANAMAX,COA_6M,16.09,5.0,420000,SCENARIO
2026-08-24,MAPUTO_MZ_VIZAG,PANAMAX,COA_12M,16.55,8.0,840000,SCENARIO
2026-08-24,MAPUTO_MZ_VIZAG,PANAMAX,SPOT,15.95,0.0,70000,SCENARIO
2026-08-24,MAPUTO_MZ_VIZAG,PANAMAX,COA_3M,16.27,2.0,210000,SCENARIO
2026-08-24,MAPUTO_MZ_VIZAG,PANAMAX,COA_6M,16.75,5.0,420000,SCENARIO
2026-08-24,MAPUTO_MZ_VIZAG,PANAMAX,COA_12M,17.23,8.0,840000,SCENARIO
2026-08-24,MAPUTO_MZ_VIZAG,SUPRAMAX,SPOT,18.22,0.0,50000,SCENARIO
2026-08-24,MAPUTO_MZ_VIZAG,SUPRAMAX,COA_3M,18.58,2.0,150000,SCENARIO
2026-08-24,MAPUTO_MZ_VIZAG,SUPRAMAX,COA_6M,19.13,5.0,300000,SCENARIO
2026-08-24,MAPUTO_MZ_VIZAG,SUPRAMAX,COA_12M,19.68,8.0,600000,SCENARIO
2026-08-24,NEWCASTLE_AU_DHAMRA,HANDYSIZE,SPOT,31.2,0.0,32000,SCENARIO
2026-08-24,NEWCASTLE_AU_DHAMRA,HANDYSIZE,COA_3M,31.82,2.0,96000,SCENARIO
2026-08-24,NEWCASTLE_AU_DHAMRA,HANDYSIZE,COA_6M,32.76,5.0,192000,SCENARIO
2026-08-24,NEWCASTLE_AU_DHAMRA,HANDYSIZE,COA_12M,33.7,8.0,384000,SCENARIO
2026-08-24,NEWCASTLE_AU_DHAMRA,PANAMAX,SPOT,21.4,0.0,70000,SCENARIO
2026-08-24,NEWCASTLE_AU_DHAMRA,PANAMAX,COA_3M,21.83,2.0,210000,SCENARIO
2026-08-24,NEWCASTLE_AU_DHAMRA,PANAMAX,COA_6M,22.47,5.0,420000,SCENARIO
2026-08-24,NEWCASTLE_AU_DHAMRA,PANAMAX,COA_12M,23.11,8.0,840000,SCENARIO
2026-08-24,NEWCASTLE_AU_DHAMRA,PANAMAX,SPOT,22.22,0.0,70000,SCENARIO
2026-08-24,NEWCASTLE_AU_DHAMRA,PANAMAX,COA_3M,22.66,2.0,210000,SCENARIO
2026-08-24,NEWCASTLE_AU_DHAMRA,PANAMAX,COA_6M,23.33,5.0,420000,SCENARIO
2026-08-24,NEWCASTLE_AU_DHAMRA,PANAMAX,COA_12M,24.0,8.0,840000,SCENARIO
2026-08-24,NEWCASTLE_AU_DHAMRA,SUPRAMAX,SPOT,25.49,0.0,50000,SCENARIO
2026-08-24,NEWCASTLE_AU_DHAMRA,SUPRAMAX,COA_3M,26.0,2.0,150000,SCENARIO
2026-08-24,NEWCASTLE_AU_DHAMRA,SUPRAMAX,COA_6M,26.76,5.0,300000,SCENARIO
2026-08-24,NEWCASTLE_AU_DHAMRA,SUPRAMAX,COA_12M,27.53,8.0,600000,SCENARIO
2026-08-24,NEWCASTLE_AU_GANGAVARAM,HANDYSIZE,SPOT,30.89,0.0,32000,SCENARIO
2026-08-24,NEWCASTLE_AU_GANGAVARAM,HANDYSIZE,COA_3M,31.51,2.0,96000,SCENARIO
2026-08-24,NEWCASTLE_AU_GANGAVARAM,HANDYSIZE,COA_6M,32.43,5.0,192000,SCENARIO
2026-08-24,NEWCASTLE_AU_GANGAVARAM,HANDYSIZE,COA_12M,33.36,8.0,384000,SCENARIO
2026-08-24,NEWCASTLE_AU_GANGAVARAM,PANAMAX,SPOT,21.18,0.0,70000,SCENARIO
2026-08-24,NEWCASTLE_AU_GANGAVARAM,PANAMAX,COA_3M,21.6,2.0,210000,SCENARIO
2026-08-24,NEWCASTLE_AU_GANGAVARAM,PANAMAX,COA_6M,22.24,5.0,420000,SCENARIO
2026-08-24,NEWCASTLE_AU_GANGAVARAM,PANAMAX,COA_12M,22.87,8.0,840000,SCENARIO
2026-08-24,NEWCASTLE_AU_GANGAVARAM,PANAMAX,SPOT,22.0,0.0,70000,SCENARIO
2026-08-24,NEWCASTLE_AU_GANGAVARAM,PANAMAX,COA_3M,22.44,2.0,210000,SCENARIO
2026-08-24,NEWCASTLE_AU_GANGAVARAM,PANAMAX,COA_6M,23.1,5.0,420000,SCENARIO
2026-08-24,NEWCASTLE_AU_GANGAVARAM,PANAMAX,COA_12M,23.76,8.0,840000,SCENARIO
2026-08-24,NEWCASTLE_AU_GANGAVARAM,SUPRAMAX,SPOT,25.23,0.0,50000,SCENARIO
2026-08-24,NEWCASTLE_AU_GANGAVARAM,SUPRAMAX,COA_3M,25.73,2.0,150000,SCENARIO
2026-08-24,NEWCASTLE_AU_GANGAVARAM,SUPRAMAX,COA_6M,26.49,5.0,300000,SCENARIO
2026-08-24,NEWCASTLE_AU_GANGAVARAM,SUPRAMAX,COA_12M,27.25,8.0,600000,SCENARIO
2026-08-24,NEWCASTLE_AU_GOPALPUR,HANDYSIZE,SPOT,31.38,0.0,32000,SCENARIO
2026-08-24,NEWCASTLE_AU_GOPALPUR,HANDYSIZE,COA_3M,32.01,2.0,96000,SCENARIO
2026-08-24,NEWCASTLE_AU_GOPALPUR,HANDYSIZE,COA_6M,32.95,5.0,192000,SCENARIO
2026-08-24,NEWCASTLE_AU_GOPALPUR,HANDYSIZE,COA_12M,33.89,8.0,384000,SCENARIO
2026-08-24,NEWCASTLE_AU_GOPALPUR,PANAMAX,SPOT,22.34,0.0,70000,SCENARIO
2026-08-24,NEWCASTLE_AU_GOPALPUR,PANAMAX,COA_3M,22.79,2.0,210000,SCENARIO
2026-08-24,NEWCASTLE_AU_GOPALPUR,PANAMAX,COA_6M,23.46,5.0,420000,SCENARIO
2026-08-24,NEWCASTLE_AU_GOPALPUR,PANAMAX,COA_12M,24.13,8.0,840000,SCENARIO
2026-08-24,NEWCASTLE_AU_GOPALPUR,SUPRAMAX,SPOT,25.64,0.0,50000,SCENARIO
2026-08-24,NEWCASTLE_AU_GOPALPUR,SUPRAMAX,COA_3M,26.15,2.0,150000,SCENARIO
2026-08-24,NEWCASTLE_AU_GOPALPUR,SUPRAMAX,COA_6M,26.92,5.0,300000,SCENARIO
2026-08-24,NEWCASTLE_AU_GOPALPUR,SUPRAMAX,COA_12M,27.69,8.0,600000,SCENARIO
2026-08-24,NEWCASTLE_AU_PARADIP,HANDYSIZE,SPOT,31.33,0.0,32000,SCENARIO
2026-08-24,NEWCASTLE_AU_PARADIP,HANDYSIZE,COA_3M,31.96,2.0,96000,SCENARIO
2026-08-24,NEWCASTLE_AU_PARADIP,HANDYSIZE,COA_6M,32.9,5.0,192000,SCENARIO
2026-08-24,NEWCASTLE_AU_PARADIP,HANDYSIZE,COA_12M,33.84,8.0,384000,SCENARIO
2026-08-24,NEWCASTLE_AU_PARADIP,PANAMAX,SPOT,21.48,0.0,70000,SCENARIO
2026-08-24,NEWCASTLE_AU_PARADIP,PANAMAX,COA_3M,21.91,2.0,210000,SCENARIO
2026-08-24,NEWCASTLE_AU_PARADIP,PANAMAX,COA_6M,22.55,5.0,420000,SCENARIO
2026-08-24,NEWCASTLE_AU_PARADIP,PANAMAX,COA_12M,23.2,8.0,840000,SCENARIO
2026-08-24,NEWCASTLE_AU_PARADIP,PANAMAX,SPOT,22.31,0.0,70000,SCENARIO
2026-08-24,NEWCASTLE_AU_PARADIP,PANAMAX,COA_3M,22.76,2.0,210000,SCENARIO
2026-08-24,NEWCASTLE_AU_PARADIP,PANAMAX,COA_6M,23.43,5.0,420000,SCENARIO
2026-08-24,NEWCASTLE_AU_PARADIP,PANAMAX,COA_12M,24.09,8.0,840000,SCENARIO
2026-08-24,NEWCASTLE_AU_PARADIP,SUPRAMAX,SPOT,25.6,0.0,50000,SCENARIO
2026-08-24,NEWCASTLE_AU_PARADIP,SUPRAMAX,COA_3M,26.11,2.0,150000,SCENARIO
2026-08-24,NEWCASTLE_AU_PARADIP,SUPRAMAX,COA_6M,26.88,5.0,300000,SCENARIO
2026-08-24,NEWCASTLE_AU_PARADIP,SUPRAMAX,COA_12M,27.65,8.0,600000,SCENARIO
2026-08-24,NEWCASTLE_AU_SANDHEADS,HANDYSIZE,SPOT,32.1,0.0,32000,SCENARIO
2026-08-24,NEWCASTLE_AU_SANDHEADS,HANDYSIZE,COA_3M,32.74,2.0,96000,SCENARIO
2026-08-24,NEWCASTLE_AU_SANDHEADS,HANDYSIZE,COA_6M,33.71,5.0,192000,SCENARIO
2026-08-24,NEWCASTLE_AU_SANDHEADS,HANDYSIZE,COA_12M,34.67,8.0,384000,SCENARIO
2026-08-24,NEWCASTLE_AU_SANDHEADS,PANAMAX,SPOT,22.0,0.0,70000,SCENARIO
2026-08-24,NEWCASTLE_AU_SANDHEADS,PANAMAX,COA_3M,22.44,2.0,210000,SCENARIO
2026-08-24,NEWCASTLE_AU_SANDHEADS,PANAMAX,COA_6M,23.1,5.0,420000,SCENARIO
2026-08-24,NEWCASTLE_AU_SANDHEADS,PANAMAX,COA_12M,23.76,8.0,840000,SCENARIO
2026-08-24,NEWCASTLE_AU_SANDHEADS,PANAMAX,SPOT,22.84,0.0,70000,SCENARIO
2026-08-24,NEWCASTLE_AU_SANDHEADS,PANAMAX,COA_3M,23.3,2.0,210000,SCENARIO
2026-08-24,NEWCASTLE_AU_SANDHEADS,PANAMAX,COA_6M,23.98,5.0,420000,SCENARIO
2026-08-24,NEWCASTLE_AU_SANDHEADS,PANAMAX,COA_12M,24.67,8.0,840000,SCENARIO
2026-08-24,NEWCASTLE_AU_SANDHEADS,SUPRAMAX,SPOT,26.24,0.0,50000,SCENARIO
2026-08-24,NEWCASTLE_AU_SANDHEADS,SUPRAMAX,COA_3M,26.76,2.0,150000,SCENARIO
2026-08-24,NEWCASTLE_AU_SANDHEADS,SUPRAMAX,COA_6M,27.55,5.0,300000,SCENARIO
2026-08-24,NEWCASTLE_AU_SANDHEADS,SUPRAMAX,COA_12M,28.34,8.0,600000,SCENARIO
2026-08-24,NEWCASTLE_AU_VIZAG,HANDYSIZE,SPOT,31.36,0.0,32000,SCENARIO
2026-08-24,NEWCASTLE_AU_VIZAG,HANDYSIZE,COA_3M,31.99,2.0,96000,SCENARIO
2026-08-24,NEWCASTLE_AU_VIZAG,HANDYSIZE,COA_6M,32.93,5.0,192000,SCENARIO
2026-08-24,NEWCASTLE_AU_VIZAG,HANDYSIZE,COA_12M,33.87,8.0,384000,SCENARIO
2026-08-24,NEWCASTLE_AU_VIZAG,PANAMAX,SPOT,21.5,0.0,70000,SCENARIO
2026-08-24,NEWCASTLE_AU_VIZAG,PANAMAX,COA_3M,21.93,2.0,210000,SCENARIO
2026-08-24,NEWCASTLE_AU_VIZAG,PANAMAX,COA_6M,22.57,5.0,420000,SCENARIO
2026-08-24,NEWCASTLE_AU_VIZAG,PANAMAX,COA_12M,23.22,8.0,840000,SCENARIO
2026-08-24,NEWCASTLE_AU_VIZAG,PANAMAX,SPOT,22.33,0.0,70000,SCENARIO
2026-08-24,NEWCASTLE_AU_VIZAG,PANAMAX,COA_3M,22.78,2.0,210000,SCENARIO
2026-08-24,NEWCASTLE_AU_VIZAG,PANAMAX,COA_6M,23.45,5.0,420000,SCENARIO
2026-08-24,NEWCASTLE_AU_VIZAG,PANAMAX,COA_12M,24.12,8.0,840000,SCENARIO
2026-08-24,NEWCASTLE_AU_VIZAG,SUPRAMAX,SPOT,25.63,0.0,50000,SCENARIO
2026-08-24,NEWCASTLE_AU_VIZAG,SUPRAMAX,COA_3M,26.14,2.0,150000,SCENARIO
2026-08-24,NEWCASTLE_AU_VIZAG,SUPRAMAX,COA_6M,26.91,5.0,300000,SCENARIO
2026-08-24,NEWCASTLE_AU_VIZAG,SUPRAMAX,COA_12M,27.68,8.0,600000,SCENARIO
2026-08-24,NORFOLK_US_PARADIP,HANDYSIZE,SPOT,54.63,0.0,32000,SCENARIO
2026-08-24,NORFOLK_US_PARADIP,HANDYSIZE,COA_3M,55.72,2.0,96000,SCENARIO
2026-08-24,NORFOLK_US_PARADIP,HANDYSIZE,COA_6M,57.36,5.0,192000,SCENARIO
2026-08-24,NORFOLK_US_PARADIP,HANDYSIZE,COA_12M,59.0,8.0,384000,SCENARIO
2026-08-24,NORFOLK_US_PARADIP,PANAMAX,SPOT,37.19,0.0,70000,SCENARIO
2026-08-24,NORFOLK_US_PARADIP,PANAMAX,COA_3M,37.93,2.0,210000,SCENARIO
2026-08-24,NORFOLK_US_PARADIP,PANAMAX,COA_6M,39.05,5.0,420000,SCENARIO
2026-08-24,NORFOLK_US_PARADIP,PANAMAX,COA_12M,40.17,8.0,840000,SCENARIO
2026-08-24,NORFOLK_US_PARADIP,PANAMAX,SPOT,38.51,0.0,70000,SCENARIO
2026-08-24,NORFOLK_US_PARADIP,PANAMAX,COA_3M,39.28,2.0,210000,SCENARIO
2026-08-24,NORFOLK_US_PARADIP,PANAMAX,COA_6M,40.44,5.0,420000,SCENARIO
2026-08-24,NORFOLK_US_PARADIP,PANAMAX,COA_12M,41.59,8.0,840000,SCENARIO
2026-08-24,NORFOLK_US_PARADIP,SUPRAMAX,SPOT,44.43,0.0,50000,SCENARIO
2026-08-24,NORFOLK_US_PARADIP,SUPRAMAX,COA_3M,45.32,2.0,150000,SCENARIO
2026-08-24,NORFOLK_US_PARADIP,SUPRAMAX,COA_6M,46.65,5.0,300000,SCENARIO
2026-08-24,NORFOLK_US_PARADIP,SUPRAMAX,COA_12M,47.98,8.0,600000,SCENARIO
2026-08-24,NORFOLK_US_VIZAG,HANDYSIZE,SPOT,53.92,0.0,32000,SCENARIO
2026-08-24,NORFOLK_US_VIZAG,HANDYSIZE,COA_3M,55.0,2.0,96000,SCENARIO
2026-08-24,NORFOLK_US_VIZAG,HANDYSIZE,COA_6M,56.62,5.0,192000,SCENARIO
2026-08-24,NORFOLK_US_VIZAG,HANDYSIZE,COA_12M,58.23,8.0,384000,SCENARIO
2026-08-24,NORFOLK_US_VIZAG,PANAMAX,SPOT,36.71,0.0,70000,SCENARIO
2026-08-24,NORFOLK_US_VIZAG,PANAMAX,COA_3M,37.44,2.0,210000,SCENARIO
2026-08-24,NORFOLK_US_VIZAG,PANAMAX,COA_6M,38.55,5.0,420000,SCENARIO
2026-08-24,NORFOLK_US_VIZAG,PANAMAX,COA_12M,39.65,8.0,840000,SCENARIO
2026-08-24,NORFOLK_US_VIZAG,PANAMAX,SPOT,38.02,0.0,70000,SCENARIO
2026-08-24,NORFOLK_US_VIZAG,PANAMAX,COA_3M,38.78,2.0,210000,SCENARIO
2026-08-24,NORFOLK_US_VIZAG,PANAMAX,COA_6M,39.92,5.0,420000,SCENARIO
2026-08-24,NORFOLK_US_VIZAG,PANAMAX,COA_12M,41.06,8.0,840000,SCENARIO
2026-08-24,NORFOLK_US_VIZAG,SUPRAMAX,SPOT,43.87,0.0,50000,SCENARIO
2026-08-24,NORFOLK_US_VIZAG,SUPRAMAX,COA_3M,44.75,2.0,150000,SCENARIO
2026-08-24,NORFOLK_US_VIZAG,SUPRAMAX,COA_6M,46.06,5.0,300000,SCENARIO
2026-08-24,NORFOLK_US_VIZAG,SUPRAMAX,COA_12M,47.38,8.0,600000,SCENARIO
2026-08-24,VOSTOCHNY_RU_PARADIP,HANDYSIZE,SPOT,30.34,0.0,32000,SCENARIO
2026-08-24,VOSTOCHNY_RU_PARADIP,HANDYSIZE,COA_3M,30.95,2.0,96000,SCENARIO
2026-08-24,VOSTOCHNY_RU_PARADIP,HANDYSIZE,COA_6M,31.86,5.0,192000,SCENARIO
2026-08-24,VOSTOCHNY_RU_PARADIP,HANDYSIZE,COA_12M,32.77,8.0,384000,SCENARIO
2026-08-24,VOSTOCHNY_RU_PARADIP,PANAMAX,SPOT,20.82,0.0,70000,SCENARIO
2026-08-24,VOSTOCHNY_RU_PARADIP,PANAMAX,COA_3M,21.24,2.0,210000,SCENARIO
2026-08-24,VOSTOCHNY_RU_PARADIP,PANAMAX,COA_6M,21.86,5.0,420000,SCENARIO
2026-08-24,VOSTOCHNY_RU_PARADIP,PANAMAX,COA_12M,22.49,8.0,840000,SCENARIO
2026-08-24,VOSTOCHNY_RU_PARADIP,PANAMAX,SPOT,21.62,0.0,70000,SCENARIO
2026-08-24,VOSTOCHNY_RU_PARADIP,PANAMAX,COA_3M,22.05,2.0,210000,SCENARIO
2026-08-24,VOSTOCHNY_RU_PARADIP,PANAMAX,COA_6M,22.7,5.0,420000,SCENARIO
2026-08-24,VOSTOCHNY_RU_PARADIP,PANAMAX,COA_12M,23.35,8.0,840000,SCENARIO
2026-08-24,VOSTOCHNY_RU_PARADIP,SUPRAMAX,SPOT,24.8,0.0,50000,SCENARIO
2026-08-24,VOSTOCHNY_RU_PARADIP,SUPRAMAX,COA_3M,25.3,2.0,150000,SCENARIO
2026-08-24,VOSTOCHNY_RU_PARADIP,SUPRAMAX,COA_6M,26.04,5.0,300000,SCENARIO
2026-08-24,VOSTOCHNY_RU_PARADIP,SUPRAMAX,COA_12M,26.78,8.0,600000,SCENARIO
2026-08-24,VOSTOCHNY_RU_VIZAG,HANDYSIZE,SPOT,30.12,0.0,32000,SCENARIO
2026-08-24,VOSTOCHNY_RU_VIZAG,HANDYSIZE,COA_3M,30.72,2.0,96000,SCENARIO
2026-08-24,VOSTOCHNY_RU_VIZAG,HANDYSIZE,COA_6M,31.63,5.0,192000,SCENARIO
2026-08-24,VOSTOCHNY_RU_VIZAG,HANDYSIZE,COA_12M,32.53,8.0,384000,SCENARIO
2026-08-24,VOSTOCHNY_RU_VIZAG,PANAMAX,SPOT,20.67,0.0,70000,SCENARIO
2026-08-24,VOSTOCHNY_RU_VIZAG,PANAMAX,COA_3M,21.08,2.0,210000,SCENARIO
2026-08-24,VOSTOCHNY_RU_VIZAG,PANAMAX,COA_6M,21.7,5.0,420000,SCENARIO
2026-08-24,VOSTOCHNY_RU_VIZAG,PANAMAX,COA_12M,22.32,8.0,840000,SCENARIO
2026-08-24,VOSTOCHNY_RU_VIZAG,PANAMAX,SPOT,21.47,0.0,70000,SCENARIO
2026-08-24,VOSTOCHNY_RU_VIZAG,PANAMAX,COA_3M,21.9,2.0,210000,SCENARIO
2026-08-24,VOSTOCHNY_RU_VIZAG,PANAMAX,COA_6M,22.54,5.0,420000,SCENARIO
2026-08-24,VOSTOCHNY_RU_VIZAG,PANAMAX,COA_12M,23.19,8.0,840000,SCENARIO
2026-08-24,VOSTOCHNY_RU_VIZAG,SUPRAMAX,SPOT,24.63,0.0,50000,SCENARIO
2026-08-24,VOSTOCHNY_RU_VIZAG,SUPRAMAX,COA_3M,25.12,2.0,150000,SCENARIO
2026-08-24,VOSTOCHNY_RU_VIZAG,SUPRAMAX,COA_6M,25.86,5.0,300000,SCENARIO
2026-08-24,VOSTOCHNY_RU_VIZAG,SUPRAMAX,COA_12M,26.6,8.0,600000,SCENARIO
2026-08-25,KALIMANTAN_ID_DHAMRA,HANDYSIZE,SPOT,16.01,0.0,32000,SCENARIO
2026-08-25,KALIMANTAN_ID_DHAMRA,HANDYSIZE,COA_3M,16.33,2.0,96000,SCENARIO
2026-08-25,KALIMANTAN_ID_DHAMRA,HANDYSIZE,COA_6M,16.81,5.0,192000,SCENARIO
2026-08-25,KALIMANTAN_ID_DHAMRA,HANDYSIZE,COA_12M,17.29,8.0,384000,SCENARIO
2026-08-25,KALIMANTAN_ID_DHAMRA,PANAMAX,SPOT,11.16,0.0,70000,SCENARIO
2026-08-25,KALIMANTAN_ID_DHAMRA,PANAMAX,COA_3M,11.38,2.0,210000,SCENARIO
2026-08-25,KALIMANTAN_ID_DHAMRA,PANAMAX,COA_6M,11.72,5.0,420000,SCENARIO
2026-08-25,KALIMANTAN_ID_DHAMRA,PANAMAX,COA_12M,12.05,8.0,840000,SCENARIO
2026-08-25,KALIMANTAN_ID_DHAMRA,PANAMAX,SPOT,11.65,0.0,70000,SCENARIO
2026-08-25,KALIMANTAN_ID_DHAMRA,PANAMAX,COA_3M,11.88,2.0,210000,SCENARIO
2026-08-25,KALIMANTAN_ID_DHAMRA,PANAMAX,COA_6M,12.23,5.0,420000,SCENARIO
2026-08-25,KALIMANTAN_ID_DHAMRA,PANAMAX,COA_12M,12.58,8.0,840000,SCENARIO
2026-08-25,KALIMANTAN_ID_DHAMRA,SUPRAMAX,SPOT,13.21,0.0,50000,SCENARIO
2026-08-25,KALIMANTAN_ID_DHAMRA,SUPRAMAX,COA_3M,13.47,2.0,150000,SCENARIO
2026-08-25,KALIMANTAN_ID_DHAMRA,SUPRAMAX,COA_6M,13.87,5.0,300000,SCENARIO
2026-08-25,KALIMANTAN_ID_DHAMRA,SUPRAMAX,COA_12M,14.27,8.0,600000,SCENARIO
2026-08-25,KALIMANTAN_ID_GANGAVARAM,HANDYSIZE,SPOT,15.47,0.0,32000,SCENARIO
2026-08-25,KALIMANTAN_ID_GANGAVARAM,HANDYSIZE,COA_3M,15.78,2.0,96000,SCENARIO
2026-08-25,KALIMANTAN_ID_GANGAVARAM,HANDYSIZE,COA_6M,16.24,5.0,192000,SCENARIO
2026-08-25,KALIMANTAN_ID_GANGAVARAM,HANDYSIZE,COA_12M,16.71,8.0,384000,SCENARIO
2026-08-25,KALIMANTAN_ID_GANGAVARAM,PANAMAX,SPOT,10.8,0.0,70000,SCENARIO
2026-08-25,KALIMANTAN_ID_GANGAVARAM,PANAMAX,COA_3M,11.02,2.0,210000,SCENARIO
2026-08-25,KALIMANTAN_ID_GANGAVARAM,PANAMAX,COA_6M,11.34,5.0,420000,SCENARIO
2026-08-25,KALIMANTAN_ID_GANGAVARAM,PANAMAX,COA_12M,11.66,8.0,840000,SCENARIO
2026-08-25,KALIMANTAN_ID_GANGAVARAM,PANAMAX,SPOT,11.28,0.0,70000,SCENARIO
2026-08-25,KALIMANTAN_ID_GANGAVARAM,PANAMAX,COA_3M,11.51,2.0,210000,SCENARIO
2026-08-25,KALIMANTAN_ID_GANGAVARAM,PANAMAX,COA_6M,11.84,5.0,420000,SCENARIO
2026-08-25,KALIMANTAN_ID_GANGAVARAM,PANAMAX,COA_12M,12.18,8.0,840000,SCENARIO
2026-08-25,KALIMANTAN_ID_GANGAVARAM,SUPRAMAX,SPOT,12.78,0.0,50000,SCENARIO
2026-08-25,KALIMANTAN_ID_GANGAVARAM,SUPRAMAX,COA_3M,13.04,2.0,150000,SCENARIO
2026-08-25,KALIMANTAN_ID_GANGAVARAM,SUPRAMAX,COA_6M,13.42,5.0,300000,SCENARIO
2026-08-25,KALIMANTAN_ID_GANGAVARAM,SUPRAMAX,COA_12M,13.8,8.0,600000,SCENARIO
2026-08-25,KALIMANTAN_ID_GOPALPUR,HANDYSIZE,SPOT,16.09,0.0,32000,SCENARIO
2026-08-25,KALIMANTAN_ID_GOPALPUR,HANDYSIZE,COA_3M,16.41,2.0,96000,SCENARIO
2026-08-25,KALIMANTAN_ID_GOPALPUR,HANDYSIZE,COA_6M,16.89,5.0,192000,SCENARIO
2026-08-25,KALIMANTAN_ID_GOPALPUR,HANDYSIZE,COA_12M,17.38,8.0,384000,SCENARIO
2026-08-25,KALIMANTAN_ID_GOPALPUR,PANAMAX,SPOT,11.71,0.0,70000,SCENARIO
2026-08-25,KALIMANTAN_ID_GOPALPUR,PANAMAX,COA_3M,11.94,2.0,210000,SCENARIO
2026-08-25,KALIMANTAN_ID_GOPALPUR,PANAMAX,COA_6M,12.3,5.0,420000,SCENARIO
2026-08-25,KALIMANTAN_ID_GOPALPUR,PANAMAX,COA_12M,12.65,8.0,840000,SCENARIO
2026-08-25,KALIMANTAN_ID_GOPALPUR,SUPRAMAX,SPOT,13.29,0.0,50000,SCENARIO
2026-08-25,KALIMANTAN_ID_GOPALPUR,SUPRAMAX,COA_3M,13.56,2.0,150000,SCENARIO
2026-08-25,KALIMANTAN_ID_GOPALPUR,SUPRAMAX,COA_6M,13.95,5.0,300000,SCENARIO
2026-08-25,KALIMANTAN_ID_GOPALPUR,SUPRAMAX,COA_12M,14.35,8.0,600000,SCENARIO
2026-08-25,KALIMANTAN_ID_PARADIP,HANDYSIZE,SPOT,16.17,0.0,32000,SCENARIO
2026-08-25,KALIMANTAN_ID_PARADIP,HANDYSIZE,COA_3M,16.49,2.0,96000,SCENARIO
2026-08-25,KALIMANTAN_ID_PARADIP,HANDYSIZE,COA_6M,16.98,5.0,192000,SCENARIO
2026-08-25,KALIMANTAN_ID_PARADIP,HANDYSIZE,COA_12M,17.46,8.0,384000,SCENARIO
2026-08-25,KALIMANTAN_ID_PARADIP,PANAMAX,SPOT,11.27,0.0,70000,SCENARIO
2026-08-25,KALIMANTAN_ID_PARADIP,PANAMAX,COA_3M,11.5,2.0,210000,SCENARIO
2026-08-25,KALIMANTAN_ID_PARADIP,PANAMAX,COA_6M,11.83,5.0,420000,SCENARIO
2026-08-25,KALIMANTAN_ID_PARADIP,PANAMAX,COA_12M,12.17,8.0,840000,SCENARIO
2026-08-25,KALIMANTAN_ID_PARADIP,PANAMAX,SPOT,11.77,0.0,70000,SCENARIO
2026-08-25,KALIMANTAN_ID_PARADIP,PANAMAX,COA_3M,12.01,2.0,210000,SCENARIO
2026-08-25,KALIMANTAN_ID_PARADIP,PANAMAX,COA_6M,12.36,5.0,420000,SCENARIO
2026-08-25,KALIMANTAN_ID_PARADIP,PANAMAX,COA_12M,12.71,8.0,840000,SCENARIO
2026-08-25,KALIMANTAN_ID_PARADIP,SUPRAMAX,SPOT,13.35,0.0,50000,SCENARIO
2026-08-25,KALIMANTAN_ID_PARADIP,SUPRAMAX,COA_3M,13.62,2.0,150000,SCENARIO
2026-08-25,KALIMANTAN_ID_PARADIP,SUPRAMAX,COA_6M,14.02,5.0,300000,SCENARIO
2026-08-25,KALIMANTAN_ID_PARADIP,SUPRAMAX,COA_12M,14.42,8.0,600000,SCENARIO
2026-08-25,KALIMANTAN_ID_SANDHEADS,HANDYSIZE,SPOT,16.97,0.0,32000,SCENARIO
2026-08-25,KALIMANTAN_ID_SANDHEADS,HANDYSIZE,COA_3M,17.31,2.0,96000,SCENARIO
2026-08-25,KALIMANTAN_ID_SANDHEADS,HANDYSIZE,COA_6M,17.82,5.0,192000,SCENARIO
2026-08-25,KALIMANTAN_ID_SANDHEADS,HANDYSIZE,COA_12M,18.33,8.0,384000,SCENARIO
2026-08-25,KALIMANTAN_ID_SANDHEADS,PANAMAX,SPOT,11.81,0.0,70000,SCENARIO
2026-08-25,KALIMANTAN_ID_SANDHEADS,PANAMAX,COA_3M,12.05,2.0,210000,SCENARIO
2026-08-25,KALIMANTAN_ID_SANDHEADS,PANAMAX,COA_6M,12.4,5.0,420000,SCENARIO
2026-08-25,KALIMANTAN_ID_SANDHEADS,PANAMAX,COA_12M,12.75,8.0,840000,SCENARIO
2026-08-25,KALIMANTAN_ID_SANDHEADS,PANAMAX,SPOT,12.33,0.0,70000,SCENARIO
2026-08-25,KALIMANTAN_ID_SANDHEADS,PANAMAX,COA_3M,12.58,2.0,210000,SCENARIO
2026-08-25,KALIMANTAN_ID_SANDHEADS,PANAMAX,COA_6M,12.95,5.0,420000,SCENARIO
2026-08-25,KALIMANTAN_ID_SANDHEADS,PANAMAX,COA_12M,13.32,8.0,840000,SCENARIO
2026-08-25,KALIMANTAN_ID_SANDHEADS,SUPRAMAX,SPOT,14.01,0.0,50000,SCENARIO
2026-08-25,KALIMANTAN_ID_SANDHEADS,SUPRAMAX,COA_3M,14.29,2.0,150000,SCENARIO
2026-08-25,KALIMANTAN_ID_SANDHEADS,SUPRAMAX,COA_6M,14.71,5.0,300000,SCENARIO
2026-08-25,KALIMANTAN_ID_SANDHEADS,SUPRAMAX,COA_12M,15.13,8.0,600000,SCENARIO
2026-08-25,KALIMANTAN_ID_VIZAG,HANDYSIZE,SPOT,15.96,0.0,32000,SCENARIO
2026-08-25,KALIMANTAN_ID_VIZAG,HANDYSIZE,COA_3M,16.28,2.0,96000,SCENARIO
2026-08-25,KALIMANTAN_ID_VIZAG,HANDYSIZE,COA_6M,16.76,5.0,192000,SCENARIO
2026-08-25,KALIMANTAN_ID_VIZAG,HANDYSIZE,COA_12M,17.24,8.0,384000,SCENARIO
2026-08-25,KALIMANTAN_ID_VIZAG,PANAMAX,SPOT,11.12,0.0,70000,SCENARIO
2026-08-25,KALIMANTAN_ID_VIZAG,PANAMAX,COA_3M,11.34,2.0,210000,SCENARIO
2026-08-25,KALIMANTAN_ID_VIZAG,PANAMAX,COA_6M,11.68,5.0,420000,SCENARIO
2026-08-25,KALIMANTAN_ID_VIZAG,PANAMAX,COA_12M,12.01,8.0,840000,SCENARIO
2026-08-25,KALIMANTAN_ID_VIZAG,PANAMAX,SPOT,11.62,0.0,70000,SCENARIO
2026-08-25,KALIMANTAN_ID_VIZAG,PANAMAX,COA_3M,11.85,2.0,210000,SCENARIO
2026-08-25,KALIMANTAN_ID_VIZAG,PANAMAX,COA_6M,12.2,5.0,420000,SCENARIO
2026-08-25,KALIMANTAN_ID_VIZAG,PANAMAX,COA_12M,12.55,8.0,840000,SCENARIO
2026-08-25,KALIMANTAN_ID_VIZAG,SUPRAMAX,SPOT,13.19,0.0,50000,SCENARIO
2026-08-25,KALIMANTAN_ID_VIZAG,SUPRAMAX,COA_3M,13.45,2.0,150000,SCENARIO
2026-08-25,KALIMANTAN_ID_VIZAG,SUPRAMAX,COA_6M,13.85,5.0,300000,SCENARIO
2026-08-25,KALIMANTAN_ID_VIZAG,SUPRAMAX,COA_12M,14.25,8.0,600000,SCENARIO
2026-08-25,MAPUTO_MZ_PARADIP,HANDYSIZE,SPOT,23.01,0.0,32000,SCENARIO
2026-08-25,MAPUTO_MZ_PARADIP,HANDYSIZE,COA_3M,23.47,2.0,96000,SCENARIO
2026-08-25,MAPUTO_MZ_PARADIP,HANDYSIZE,COA_6M,24.16,5.0,192000,SCENARIO
2026-08-25,MAPUTO_MZ_PARADIP,HANDYSIZE,COA_12M,24.85,8.0,384000,SCENARIO
2026-08-25,MAPUTO_MZ_PARADIP,PANAMAX,SPOT,15.88,0.0,70000,SCENARIO
2026-08-25,MAPUTO_MZ_PARADIP,PANAMAX,COA_3M,16.2,2.0,210000,SCENARIO
2026-08-25,MAPUTO_MZ_PARADIP,PANAMAX,COA_6M,16.67,5.0,420000,SCENARIO
2026-08-25,MAPUTO_MZ_PARADIP,PANAMAX,COA_12M,17.15,8.0,840000,SCENARIO
2026-08-25,MAPUTO_MZ_PARADIP,PANAMAX,SPOT,16.52,0.0,70000,SCENARIO
2026-08-25,MAPUTO_MZ_PARADIP,PANAMAX,COA_3M,16.85,2.0,210000,SCENARIO
2026-08-25,MAPUTO_MZ_PARADIP,PANAMAX,COA_6M,17.35,5.0,420000,SCENARIO
2026-08-25,MAPUTO_MZ_PARADIP,PANAMAX,COA_12M,17.84,8.0,840000,SCENARIO
2026-08-25,MAPUTO_MZ_PARADIP,SUPRAMAX,SPOT,18.88,0.0,50000,SCENARIO
2026-08-25,MAPUTO_MZ_PARADIP,SUPRAMAX,COA_3M,19.26,2.0,150000,SCENARIO
2026-08-25,MAPUTO_MZ_PARADIP,SUPRAMAX,COA_6M,19.82,5.0,300000,SCENARIO
2026-08-25,MAPUTO_MZ_PARADIP,SUPRAMAX,COA_12M,20.39,8.0,600000,SCENARIO
2026-08-25,MAPUTO_MZ_VIZAG,HANDYSIZE,SPOT,22.3,0.0,32000,SCENARIO
2026-08-25,MAPUTO_MZ_VIZAG,HANDYSIZE,COA_3M,22.75,2.0,96000,SCENARIO
2026-08-25,MAPUTO_MZ_VIZAG,HANDYSIZE,COA_6M,23.42,5.0,192000,SCENARIO
2026-08-25,MAPUTO_MZ_VIZAG,HANDYSIZE,COA_12M,24.08,8.0,384000,SCENARIO
2026-08-25,MAPUTO_MZ_VIZAG,PANAMAX,SPOT,15.4,0.0,70000,SCENARIO
2026-08-25,MAPUTO_MZ_VIZAG,PANAMAX,COA_3M,15.71,2.0,210000,SCENARIO
2026-08-25,MAPUTO_MZ_VIZAG,PANAMAX,COA_6M,16.17,5.0,420000,SCENARIO
2026-08-25,MAPUTO_MZ_VIZAG,PANAMAX,COA_12M,16.63,8.0,840000,SCENARIO
2026-08-25,MAPUTO_MZ_VIZAG,PANAMAX,SPOT,16.03,0.0,70000,SCENARIO
2026-08-25,MAPUTO_MZ_VIZAG,PANAMAX,COA_3M,16.35,2.0,210000,SCENARIO
2026-08-25,MAPUTO_MZ_VIZAG,PANAMAX,COA_6M,16.83,5.0,420000,SCENARIO
2026-08-25,MAPUTO_MZ_VIZAG,PANAMAX,COA_12M,17.31,8.0,840000,SCENARIO
2026-08-25,MAPUTO_MZ_VIZAG,SUPRAMAX,SPOT,18.31,0.0,50000,SCENARIO
2026-08-25,MAPUTO_MZ_VIZAG,SUPRAMAX,COA_3M,18.68,2.0,150000,SCENARIO
2026-08-25,MAPUTO_MZ_VIZAG,SUPRAMAX,COA_6M,19.23,5.0,300000,SCENARIO
2026-08-25,MAPUTO_MZ_VIZAG,SUPRAMAX,COA_12M,19.77,8.0,600000,SCENARIO
2026-08-25,NEWCASTLE_AU_DHAMRA,HANDYSIZE,SPOT,31.34,0.0,32000,SCENARIO
2026-08-25,NEWCASTLE_AU_DHAMRA,HANDYSIZE,COA_3M,31.97,2.0,96000,SCENARIO
2026-08-25,NEWCASTLE_AU_DHAMRA,HANDYSIZE,COA_6M,32.91,5.0,192000,SCENARIO
2026-08-25,NEWCASTLE_AU_DHAMRA,HANDYSIZE,COA_12M,33.85,8.0,384000,SCENARIO
2026-08-25,NEWCASTLE_AU_DHAMRA,PANAMAX,SPOT,21.49,0.0,70000,SCENARIO
2026-08-25,NEWCASTLE_AU_DHAMRA,PANAMAX,COA_3M,21.92,2.0,210000,SCENARIO
2026-08-25,NEWCASTLE_AU_DHAMRA,PANAMAX,COA_6M,22.56,5.0,420000,SCENARIO
2026-08-25,NEWCASTLE_AU_DHAMRA,PANAMAX,COA_12M,23.21,8.0,840000,SCENARIO
2026-08-25,NEWCASTLE_AU_DHAMRA,PANAMAX,SPOT,22.31,0.0,70000,SCENARIO
2026-08-25,NEWCASTLE_AU_DHAMRA,PANAMAX,COA_3M,22.76,2.0,210000,SCENARIO
2026-08-25,NEWCASTLE_AU_DHAMRA,PANAMAX,COA_6M,23.43,5.0,420000,SCENARIO
2026-08-25,NEWCASTLE_AU_DHAMRA,PANAMAX,COA_12M,24.09,8.0,840000,SCENARIO
2026-08-25,NEWCASTLE_AU_DHAMRA,SUPRAMAX,SPOT,25.6,0.0,50000,SCENARIO
2026-08-25,NEWCASTLE_AU_DHAMRA,SUPRAMAX,COA_3M,26.11,2.0,150000,SCENARIO
2026-08-25,NEWCASTLE_AU_DHAMRA,SUPRAMAX,COA_6M,26.88,5.0,300000,SCENARIO
2026-08-25,NEWCASTLE_AU_DHAMRA,SUPRAMAX,COA_12M,27.65,8.0,600000,SCENARIO
2026-08-25,NEWCASTLE_AU_GANGAVARAM,HANDYSIZE,SPOT,31.02,0.0,32000,SCENARIO
2026-08-25,NEWCASTLE_AU_GANGAVARAM,HANDYSIZE,COA_3M,31.64,2.0,96000,SCENARIO
2026-08-25,NEWCASTLE_AU_GANGAVARAM,HANDYSIZE,COA_6M,32.57,5.0,192000,SCENARIO
2026-08-25,NEWCASTLE_AU_GANGAVARAM,HANDYSIZE,COA_12M,33.5,8.0,384000,SCENARIO
2026-08-25,NEWCASTLE_AU_GANGAVARAM,PANAMAX,SPOT,21.27,0.0,70000,SCENARIO
2026-08-25,NEWCASTLE_AU_GANGAVARAM,PANAMAX,COA_3M,21.7,2.0,210000,SCENARIO
2026-08-25,NEWCASTLE_AU_GANGAVARAM,PANAMAX,COA_6M,22.33,5.0,420000,SCENARIO
2026-08-25,NEWCASTLE_AU_GANGAVARAM,PANAMAX,COA_12M,22.97,8.0,840000,SCENARIO
2026-08-25,NEWCASTLE_AU_GANGAVARAM,PANAMAX,SPOT,22.09,0.0,70000,SCENARIO
2026-08-25,NEWCASTLE_AU_GANGAVARAM,PANAMAX,COA_3M,22.53,2.0,210000,SCENARIO
2026-08-25,NEWCASTLE_AU_GANGAVARAM,PANAMAX,COA_6M,23.19,5.0,420000,SCENARIO
2026-08-25,NEWCASTLE_AU_GANGAVARAM,PANAMAX,COA_12M,23.86,8.0,840000,SCENARIO
2026-08-25,NEWCASTLE_AU_GANGAVARAM,SUPRAMAX,SPOT,25.35,0.0,50000,SCENARIO
2026-08-25,NEWCASTLE_AU_GANGAVARAM,SUPRAMAX,COA_3M,25.86,2.0,150000,SCENARIO
2026-08-25,NEWCASTLE_AU_GANGAVARAM,SUPRAMAX,COA_6M,26.62,5.0,300000,SCENARIO
2026-08-25,NEWCASTLE_AU_GANGAVARAM,SUPRAMAX,COA_12M,27.38,8.0,600000,SCENARIO
2026-08-25,NEWCASTLE_AU_GOPALPUR,HANDYSIZE,SPOT,31.52,0.0,32000,SCENARIO
2026-08-25,NEWCASTLE_AU_GOPALPUR,HANDYSIZE,COA_3M,32.15,2.0,96000,SCENARIO
2026-08-25,NEWCASTLE_AU_GOPALPUR,HANDYSIZE,COA_6M,33.1,5.0,192000,SCENARIO
2026-08-25,NEWCASTLE_AU_GOPALPUR,HANDYSIZE,COA_12M,34.04,8.0,384000,SCENARIO
2026-08-25,NEWCASTLE_AU_GOPALPUR,PANAMAX,SPOT,22.44,0.0,70000,SCENARIO
2026-08-25,NEWCASTLE_AU_GOPALPUR,PANAMAX,COA_3M,22.89,2.0,210000,SCENARIO
2026-08-25,NEWCASTLE_AU_GOPALPUR,PANAMAX,COA_6M,23.56,5.0,420000,SCENARIO
2026-08-25,NEWCASTLE_AU_GOPALPUR,PANAMAX,COA_12M,24.24,8.0,840000,SCENARIO
2026-08-25,NEWCASTLE_AU_GOPALPUR,SUPRAMAX,SPOT,25.76,0.0,50000,SCENARIO
2026-08-25,NEWCASTLE_AU_GOPALPUR,SUPRAMAX,COA_3M,26.28,2.0,150000,SCENARIO
2026-08-25,NEWCASTLE_AU_GOPALPUR,SUPRAMAX,COA_6M,27.05,5.0,300000,SCENARIO
2026-08-25,NEWCASTLE_AU_GOPALPUR,SUPRAMAX,COA_12M,27.82,8.0,600000,SCENARIO
2026-08-25,NEWCASTLE_AU_PARADIP,HANDYSIZE,SPOT,31.47,0.0,32000,SCENARIO
2026-08-25,NEWCASTLE_AU_PARADIP,HANDYSIZE,COA_3M,32.1,2.0,96000,SCENARIO
2026-08-25,NEWCASTLE_AU_PARADIP,HANDYSIZE,COA_6M,33.04,5.0,192000,SCENARIO
2026-08-25,NEWCASTLE_AU_PARADIP,HANDYSIZE,COA_12M,33.99,8.0,384000,SCENARIO
2026-08-25,NEWCASTLE_AU_PARADIP,PANAMAX,SPOT,21.58,0.0,70000,SCENARIO
2026-08-25,NEWCASTLE_AU_PARADIP,PANAMAX,COA_3M,22.01,2.0,210000,SCENARIO
2026-08-25,NEWCASTLE_AU_PARADIP,PANAMAX,COA_6M,22.66,5.0,420000,SCENARIO
2026-08-25,NEWCASTLE_AU_PARADIP,PANAMAX,COA_12M,23.31,8.0,840000,SCENARIO
2026-08-25,NEWCASTLE_AU_PARADIP,PANAMAX,SPOT,22.4,0.0,70000,SCENARIO
2026-08-25,NEWCASTLE_AU_PARADIP,PANAMAX,COA_3M,22.85,2.0,210000,SCENARIO
2026-08-25,NEWCASTLE_AU_PARADIP,PANAMAX,COA_6M,23.52,5.0,420000,SCENARIO
2026-08-25,NEWCASTLE_AU_PARADIP,PANAMAX,COA_12M,24.19,8.0,840000,SCENARIO
2026-08-25,NEWCASTLE_AU_PARADIP,SUPRAMAX,SPOT,25.72,0.0,50000,SCENARIO
2026-08-25,NEWCASTLE_AU_PARADIP,SUPRAMAX,COA_3M,26.23,2.0,150000,SCENARIO
2026-08-25,NEWCASTLE_AU_PARADIP,SUPRAMAX,COA_6M,27.01,5.0,300000,SCENARIO
2026-08-25,NEWCASTLE_AU_PARADIP,SUPRAMAX,COA_12M,27.78,8.0,600000,SCENARIO
2026-08-25,NEWCASTLE_AU_SANDHEADS,HANDYSIZE,SPOT,32.25,0.0,32000,SCENARIO
2026-08-25,NEWCASTLE_AU_SANDHEADS,HANDYSIZE,COA_3M,32.9,2.0,96000,SCENARIO
2026-08-25,NEWCASTLE_AU_SANDHEADS,HANDYSIZE,COA_6M,33.86,5.0,192000,SCENARIO
2026-08-25,NEWCASTLE_AU_SANDHEADS,HANDYSIZE,COA_12M,34.83,8.0,384000,SCENARIO
2026-08-25,NEWCASTLE_AU_SANDHEADS,PANAMAX,SPOT,22.1,0.0,70000,SCENARIO
2026-08-25,NEWCASTLE_AU_SANDHEADS,PANAMAX,COA_3M,22.54,2.0,210000,SCENARIO
2026-08-25,NEWCASTLE_AU_SANDHEADS,PANAMAX,COA_6M,23.21,5.0,420000,SCENARIO
2026-08-25,NEWCASTLE_AU_SANDHEADS,PANAMAX,COA_12M,23.87,8.0,840000,SCENARIO
2026-08-25,NEWCASTLE_AU_SANDHEADS,PANAMAX,SPOT,22.95,0.0,70000,SCENARIO
2026-08-25,NEWCASTLE_AU_SANDHEADS,PANAMAX,COA_3M,23.41,2.0,210000,SCENARIO
2026-08-25,NEWCASTLE_AU_SANDHEADS,PANAMAX,COA_6M,24.1,5.0,420000,SCENARIO
2026-08-25,NEWCASTLE_AU_SANDHEADS,PANAMAX,COA_12M,24.79,8.0,840000,SCENARIO
2026-08-25,NEWCASTLE_AU_SANDHEADS,SUPRAMAX,SPOT,26.37,0.0,50000,SCENARIO
2026-08-25,NEWCASTLE_AU_SANDHEADS,SUPRAMAX,COA_3M,26.9,2.0,150000,SCENARIO
2026-08-25,NEWCASTLE_AU_SANDHEADS,SUPRAMAX,COA_6M,27.69,5.0,300000,SCENARIO
2026-08-25,NEWCASTLE_AU_SANDHEADS,SUPRAMAX,COA_12M,28.48,8.0,600000,SCENARIO
2026-08-25,NEWCASTLE_AU_VIZAG,HANDYSIZE,SPOT,31.51,0.0,32000,SCENARIO
2026-08-25,NEWCASTLE_AU_VIZAG,HANDYSIZE,COA_3M,32.14,2.0,96000,SCENARIO
2026-08-25,NEWCASTLE_AU_VIZAG,HANDYSIZE,COA_6M,33.09,5.0,192000,SCENARIO
2026-08-25,NEWCASTLE_AU_VIZAG,HANDYSIZE,COA_12M,34.03,8.0,384000,SCENARIO
2026-08-25,NEWCASTLE_AU_VIZAG,PANAMAX,SPOT,21.6,0.0,70000,SCENARIO
2026-08-25,NEWCASTLE_AU_VIZAG,PANAMAX,COA_3M,22.03,2.0,210000,SCENARIO
2026-08-25,NEWCASTLE_AU_VIZAG,PANAMAX,COA_6M,22.68,5.0,420000,SCENARIO
2026-08-25,NEWCASTLE_AU_VIZAG,PANAMAX,COA_12M,23.33,8.0,840000,SCENARIO
2026-08-25,NEWCASTLE_AU_VIZAG,PANAMAX,SPOT,22.43,0.0,70000,SCENARIO
2026-08-25,NEWCASTLE_AU_VIZAG,PANAMAX,COA_3M,22.88,2.0,210000,SCENARIO
2026-08-25,NEWCASTLE_AU_VIZAG,PANAMAX,COA_6M,23.55,5.0,420000,SCENARIO
2026-08-25,NEWCASTLE_AU_VIZAG,PANAMAX,COA_12M,24.22,8.0,840000,SCENARIO
2026-08-25,NEWCASTLE_AU_VIZAG,SUPRAMAX,SPOT,25.76,0.0,50000,SCENARIO
2026-08-25,NEWCASTLE_AU_VIZAG,SUPRAMAX,COA_3M,26.28,2.0,150000,SCENARIO
2026-08-25,NEWCASTLE_AU_VIZAG,SUPRAMAX,COA_6M,27.05,5.0,300000,SCENARIO
2026-08-25,NEWCASTLE_AU_VIZAG,SUPRAMAX,COA_12M,27.82,8.0,600000,SCENARIO
2026-08-25,NORFOLK_US_PARADIP,HANDYSIZE,SPOT,54.86,0.0,32000,SCENARIO
2026-08-25,NORFOLK_US_PARADIP,HANDYSIZE,COA_3M,55.96,2.0,96000,SCENARIO
2026-08-25,NORFOLK_US_PARADIP,HANDYSIZE,COA_6M,57.6,5.0,192000,SCENARIO
2026-08-25,NORFOLK_US_PARADIP,HANDYSIZE,COA_12M,59.25,8.0,384000,SCENARIO
2026-08-25,NORFOLK_US_PARADIP,PANAMAX,SPOT,37.34,0.0,70000,SCENARIO
2026-08-25,NORFOLK_US_PARADIP,PANAMAX,COA_3M,38.09,2.0,210000,SCENARIO
2026-08-25,NORFOLK_US_PARADIP,PANAMAX,COA_6M,39.21,5.0,420000,SCENARIO
2026-08-25,NORFOLK_US_PARADIP,PANAMAX,COA_12M,40.33,8.0,840000,SCENARIO
2026-08-25,NORFOLK_US_PARADIP,PANAMAX,SPOT,38.66,0.0,70000,SCENARIO
2026-08-25,NORFOLK_US_PARADIP,PANAMAX,COA_3M,39.43,2.0,210000,SCENARIO
2026-08-25,NORFOLK_US_PARADIP,PANAMAX,COA_6M,40.59,5.0,420000,SCENARIO
2026-08-25,NORFOLK_US_PARADIP,PANAMAX,COA_12M,41.75,8.0,840000,SCENARIO
2026-08-25,NORFOLK_US_PARADIP,SUPRAMAX,SPOT,44.63,0.0,50000,SCENARIO
2026-08-25,NORFOLK_US_PARADIP,SUPRAMAX,COA_3M,45.52,2.0,150000,SCENARIO
2026-08-25,NORFOLK_US_PARADIP,SUPRAMAX,COA_6M,46.86,5.0,300000,SCENARIO
2026-08-25,NORFOLK_US_PARADIP,SUPRAMAX,COA_12M,48.2,8.0,600000,SCENARIO
2026-08-25,NORFOLK_US_VIZAG,HANDYSIZE,SPOT,54.15,0.0,32000,SCENARIO
2026-08-25,NORFOLK_US_VIZAG,HANDYSIZE,COA_3M,55.23,2.0,96000,SCENARIO
2026-08-25,NORFOLK_US_VIZAG,HANDYSIZE,COA_6M,56.86,5.0,192000,SCENARIO
2026-08-25,NORFOLK_US_VIZAG,HANDYSIZE,COA_12M,58.48,8.0,384000,SCENARIO
2026-08-25,NORFOLK_US_VIZAG,PANAMAX,SPOT,36.86,0.0,70000,SCENARIO
2026-08-25,NORFOLK_US_VIZAG,PANAMAX,COA_3M,37.6,2.0,210000,SCENARIO
2026-08-25,NORFOLK_US_VIZAG,PANAMAX,COA_6M,38.7,5.0,420000,SCENARIO
2026-08-25,NORFOLK_US_VIZAG,PANAMAX,COA_12M,39.81,8.0,840000,SCENARIO
2026-08-25,NORFOLK_US_VIZAG,PANAMAX,SPOT,38.17,0.0,70000,SCENARIO
2026-08-25,NORFOLK_US_VIZAG,PANAMAX,COA_3M,38.93,2.0,210000,SCENARIO
2026-08-25,NORFOLK_US_VIZAG,PANAMAX,COA_6M,40.08,5.0,420000,SCENARIO
2026-08-25,NORFOLK_US_VIZAG,PANAMAX,COA_12M,41.22,8.0,840000,SCENARIO
2026-08-25,NORFOLK_US_VIZAG,SUPRAMAX,SPOT,44.06,0.0,50000,SCENARIO
2026-08-25,NORFOLK_US_VIZAG,SUPRAMAX,COA_3M,44.94,2.0,150000,SCENARIO
2026-08-25,NORFOLK_US_VIZAG,SUPRAMAX,COA_6M,46.26,5.0,300000,SCENARIO
2026-08-25,NORFOLK_US_VIZAG,SUPRAMAX,COA_12M,47.58,8.0,600000,SCENARIO
2026-08-25,VOSTOCHNY_RU_PARADIP,HANDYSIZE,SPOT,30.48,0.0,32000,SCENARIO
2026-08-25,VOSTOCHNY_RU_PARADIP,HANDYSIZE,COA_3M,31.09,2.0,96000,SCENARIO
2026-08-25,VOSTOCHNY_RU_PARADIP,HANDYSIZE,COA_6M,32.0,5.0,192000,SCENARIO
2026-08-25,VOSTOCHNY_RU_PARADIP,HANDYSIZE,COA_12M,32.92,8.0,384000,SCENARIO
2026-08-25,VOSTOCHNY_RU_PARADIP,PANAMAX,SPOT,20.91,0.0,70000,SCENARIO
2026-08-25,VOSTOCHNY_RU_PARADIP,PANAMAX,COA_3M,21.33,2.0,210000,SCENARIO
2026-08-25,VOSTOCHNY_RU_PARADIP,PANAMAX,COA_6M,21.96,5.0,420000,SCENARIO
2026-08-25,VOSTOCHNY_RU_PARADIP,PANAMAX,COA_12M,22.58,8.0,840000,SCENARIO
2026-08-25,VOSTOCHNY_RU_PARADIP,PANAMAX,SPOT,21.71,0.0,70000,SCENARIO
2026-08-25,VOSTOCHNY_RU_PARADIP,PANAMAX,COA_3M,22.14,2.0,210000,SCENARIO
2026-08-25,VOSTOCHNY_RU_PARADIP,PANAMAX,COA_6M,22.8,5.0,420000,SCENARIO
2026-08-25,VOSTOCHNY_RU_PARADIP,PANAMAX,COA_12M,23.45,8.0,840000,SCENARIO
2026-08-25,VOSTOCHNY_RU_PARADIP,SUPRAMAX,SPOT,24.92,0.0,50000,SCENARIO
2026-08-25,VOSTOCHNY_RU_PARADIP,SUPRAMAX,COA_3M,25.42,2.0,150000,SCENARIO
2026-08-25,VOSTOCHNY_RU_PARADIP,SUPRAMAX,COA_6M,26.17,5.0,300000,SCENARIO
2026-08-25,VOSTOCHNY_RU_PARADIP,SUPRAMAX,COA_12M,26.91,8.0,600000,SCENARIO
2026-08-25,VOSTOCHNY_RU_VIZAG,HANDYSIZE,SPOT,30.26,0.0,32000,SCENARIO
2026-08-25,VOSTOCHNY_RU_VIZAG,HANDYSIZE,COA_3M,30.87,2.0,96000,SCENARIO
2026-08-25,VOSTOCHNY_RU_VIZAG,HANDYSIZE,COA_6M,31.77,5.0,192000,SCENARIO
2026-08-25,VOSTOCHNY_RU_VIZAG,HANDYSIZE,COA_12M,32.68,8.0,384000,SCENARIO
2026-08-25,VOSTOCHNY_RU_VIZAG,PANAMAX,SPOT,20.76,0.0,70000,SCENARIO
2026-08-25,VOSTOCHNY_RU_VIZAG,PANAMAX,COA_3M,21.18,2.0,210000,SCENARIO
2026-08-25,VOSTOCHNY_RU_VIZAG,PANAMAX,COA_6M,21.8,5.0,420000,SCENARIO
2026-08-25,VOSTOCHNY_RU_VIZAG,PANAMAX,COA_12M,22.42,8.0,840000,SCENARIO
2026-08-25,VOSTOCHNY_RU_VIZAG,PANAMAX,SPOT,21.56,0.0,70000,SCENARIO
2026-08-25,VOSTOCHNY_RU_VIZAG,PANAMAX,COA_3M,21.99,2.0,210000,SCENARIO
2026-08-25,VOSTOCHNY_RU_VIZAG,PANAMAX,COA_6M,22.64,5.0,420000,SCENARIO
2026-08-25,VOSTOCHNY_RU_VIZAG,PANAMAX,COA_12M,23.28,8.0,840000,SCENARIO
2026-08-25,VOSTOCHNY_RU_VIZAG,SUPRAMAX,SPOT,24.75,0.0,50000,SCENARIO
2026-08-25,VOSTOCHNY_RU_VIZAG,SUPRAMAX,COA_3M,25.25,2.0,150000,SCENARIO
2026-08-25,VOSTOCHNY_RU_VIZAG,SUPRAMAX,COA_6M,25.99,5.0,300000,SCENARIO
2026-08-25,VOSTOCHNY_RU_VIZAG,SUPRAMAX,COA_12M,26.73,8.0,600000,SCENARIO
2026-08-26,KALIMANTAN_ID_DHAMRA,HANDYSIZE,SPOT,15.86,0.0,32000,SCENARIO
2026-08-26,KALIMANTAN_ID_DHAMRA,HANDYSIZE,COA_3M,16.18,2.0,96000,SCENARIO
2026-08-26,KALIMANTAN_ID_DHAMRA,HANDYSIZE,COA_6M,16.65,5.0,192000,SCENARIO
2026-08-26,KALIMANTAN_ID_DHAMRA,HANDYSIZE,COA_12M,17.13,8.0,384000,SCENARIO
2026-08-26,KALIMANTAN_ID_DHAMRA,PANAMAX,SPOT,11.05,0.0,70000,SCENARIO
2026-08-26,KALIMANTAN_ID_DHAMRA,PANAMAX,COA_3M,11.27,2.0,210000,SCENARIO
2026-08-26,KALIMANTAN_ID_DHAMRA,PANAMAX,COA_6M,11.6,5.0,420000,SCENARIO
2026-08-26,KALIMANTAN_ID_DHAMRA,PANAMAX,COA_12M,11.93,8.0,840000,SCENARIO
2026-08-26,KALIMANTAN_ID_DHAMRA,PANAMAX,SPOT,11.54,0.0,70000,SCENARIO
2026-08-26,KALIMANTAN_ID_DHAMRA,PANAMAX,COA_3M,11.77,2.0,210000,SCENARIO
2026-08-26,KALIMANTAN_ID_DHAMRA,PANAMAX,COA_6M,12.12,5.0,420000,SCENARIO
2026-08-26,KALIMANTAN_ID_DHAMRA,PANAMAX,COA_12M,12.46,8.0,840000,SCENARIO
2026-08-26,KALIMANTAN_ID_DHAMRA,SUPRAMAX,SPOT,13.09,0.0,50000,SCENARIO
2026-08-26,KALIMANTAN_ID_DHAMRA,SUPRAMAX,COA_3M,13.35,2.0,150000,SCENARIO
2026-08-26,KALIMANTAN_ID_DHAMRA,SUPRAMAX,COA_6M,13.74,5.0,300000,SCENARIO
2026-08-26,KALIMANTAN_ID_DHAMRA,SUPRAMAX,COA_12M,14.14,8.0,600000,SCENARIO
2026-08-26,KALIMANTAN_ID_GANGAVARAM,HANDYSIZE,SPOT,15.32,0.0,32000,SCENARIO
2026-08-26,KALIMANTAN_ID_GANGAVARAM,HANDYSIZE,COA_3M,15.63,2.0,96000,SCENARIO
2026-08-26,KALIMANTAN_ID_GANGAVARAM,HANDYSIZE,COA_6M,16.09,5.0,192000,SCENARIO
2026-08-26,KALIMANTAN_ID_GANGAVARAM,HANDYSIZE,COA_12M,16.55,8.0,384000,SCENARIO
2026-08-26,KALIMANTAN_ID_GANGAVARAM,PANAMAX,SPOT,10.7,0.0,70000,SCENARIO
2026-08-26,KALIMANTAN_ID_GANGAVARAM,PANAMAX,COA_3M,10.91,2.0,210000,SCENARIO
2026-08-26,KALIMANTAN_ID_GANGAVARAM,PANAMAX,COA_6M,11.23,5.0,420000,SCENARIO
2026-08-26,KALIMANTAN_ID_GANGAVARAM,PANAMAX,COA_12M,11.56,8.0,840000,SCENARIO
2026-08-26,KALIMANTAN_ID_GANGAVARAM,PANAMAX,SPOT,11.18,0.0,70000,SCENARIO
2026-08-26,KALIMANTAN_ID_GANGAVARAM,PANAMAX,COA_3M,11.4,2.0,210000,SCENARIO
2026-08-26,KALIMANTAN_ID_GANGAVARAM,PANAMAX,COA_6M,11.74,5.0,420000,SCENARIO
2026-08-26,KALIMANTAN_ID_GANGAVARAM,PANAMAX,COA_12M,12.07,8.0,840000,SCENARIO
2026-08-26,KALIMANTAN_ID_GANGAVARAM,SUPRAMAX,SPOT,12.66,0.0,50000,SCENARIO
2026-08-26,KALIMANTAN_ID_GANGAVARAM,SUPRAMAX,COA_3M,12.91,2.0,150000,SCENARIO
2026-08-26,KALIMANTAN_ID_GANGAVARAM,SUPRAMAX,COA_6M,13.29,5.0,300000,SCENARIO
2026-08-26,KALIMANTAN_ID_GANGAVARAM,SUPRAMAX,COA_12M,13.67,8.0,600000,SCENARIO
2026-08-26,KALIMANTAN_ID_GOPALPUR,HANDYSIZE,SPOT,15.94,0.0,32000,SCENARIO
2026-08-26,KALIMANTAN_ID_GOPALPUR,HANDYSIZE,COA_3M,16.26,2.0,96000,SCENARIO
2026-08-26,KALIMANTAN_ID_GOPALPUR,HANDYSIZE,COA_6M,16.74,5.0,192000,SCENARIO
2026-08-26,KALIMANTAN_ID_GOPALPUR,HANDYSIZE,COA_12M,17.22,8.0,384000,SCENARIO
2026-08-26,KALIMANTAN_ID_GOPALPUR,PANAMAX,SPOT,11.61,0.0,70000,SCENARIO
2026-08-26,KALIMANTAN_ID_GOPALPUR,PANAMAX,COA_3M,11.84,2.0,210000,SCENARIO
2026-08-26,KALIMANTAN_ID_GOPALPUR,PANAMAX,COA_6M,12.19,5.0,420000,SCENARIO
2026-08-26,KALIMANTAN_ID_GOPALPUR,PANAMAX,COA_12M,12.54,8.0,840000,SCENARIO
2026-08-26,KALIMANTAN_ID_GOPALPUR,SUPRAMAX,SPOT,13.17,0.0,50000,SCENARIO
2026-08-26,KALIMANTAN_ID_GOPALPUR,SUPRAMAX,COA_3M,13.43,2.0,150000,SCENARIO
2026-08-26,KALIMANTAN_ID_GOPALPUR,SUPRAMAX,COA_6M,13.83,5.0,300000,SCENARIO
2026-08-26,KALIMANTAN_ID_GOPALPUR,SUPRAMAX,COA_12M,14.22,8.0,600000,SCENARIO
2026-08-26,KALIMANTAN_ID_PARADIP,HANDYSIZE,SPOT,16.02,0.0,32000,SCENARIO
2026-08-26,KALIMANTAN_ID_PARADIP,HANDYSIZE,COA_3M,16.34,2.0,96000,SCENARIO
2026-08-26,KALIMANTAN_ID_PARADIP,HANDYSIZE,COA_6M,16.82,5.0,192000,SCENARIO
2026-08-26,KALIMANTAN_ID_PARADIP,HANDYSIZE,COA_12M,17.3,8.0,384000,SCENARIO
2026-08-26,KALIMANTAN_ID_PARADIP,PANAMAX,SPOT,11.16,0.0,70000,SCENARIO
2026-08-26,KALIMANTAN_ID_PARADIP,PANAMAX,COA_3M,11.38,2.0,210000,SCENARIO
2026-08-26,KALIMANTAN_ID_PARADIP,PANAMAX,COA_6M,11.72,5.0,420000,SCENARIO
2026-08-26,KALIMANTAN_ID_PARADIP,PANAMAX,COA_12M,12.05,8.0,840000,SCENARIO
2026-08-26,KALIMANTAN_ID_PARADIP,PANAMAX,SPOT,11.66,0.0,70000,SCENARIO
2026-08-26,KALIMANTAN_ID_PARADIP,PANAMAX,COA_3M,11.89,2.0,210000,SCENARIO
2026-08-26,KALIMANTAN_ID_PARADIP,PANAMAX,COA_6M,12.24,5.0,420000,SCENARIO
2026-08-26,KALIMANTAN_ID_PARADIP,PANAMAX,COA_12M,12.59,8.0,840000,SCENARIO
2026-08-26,KALIMANTAN_ID_PARADIP,SUPRAMAX,SPOT,13.23,0.0,50000,SCENARIO
2026-08-26,KALIMANTAN_ID_PARADIP,SUPRAMAX,COA_3M,13.49,2.0,150000,SCENARIO
2026-08-26,KALIMANTAN_ID_PARADIP,SUPRAMAX,COA_6M,13.89,5.0,300000,SCENARIO
2026-08-26,KALIMANTAN_ID_PARADIP,SUPRAMAX,COA_12M,14.29,8.0,600000,SCENARIO
2026-08-26,KALIMANTAN_ID_SANDHEADS,HANDYSIZE,SPOT,16.81,0.0,32000,SCENARIO
2026-08-26,KALIMANTAN_ID_SANDHEADS,HANDYSIZE,COA_3M,17.15,2.0,96000,SCENARIO
2026-08-26,KALIMANTAN_ID_SANDHEADS,HANDYSIZE,COA_6M,17.65,5.0,192000,SCENARIO
2026-08-26,KALIMANTAN_ID_SANDHEADS,HANDYSIZE,COA_12M,18.15,8.0,384000,SCENARIO
2026-08-26,KALIMANTAN_ID_SANDHEADS,PANAMAX,SPOT,11.7,0.0,70000,SCENARIO
2026-08-26,KALIMANTAN_ID_SANDHEADS,PANAMAX,COA_3M,11.93,2.0,210000,SCENARIO
2026-08-26,KALIMANTAN_ID_SANDHEADS,PANAMAX,COA_6M,12.29,5.0,420000,SCENARIO
2026-08-26,KALIMANTAN_ID_SANDHEADS,PANAMAX,COA_12M,12.64,8.0,840000,SCENARIO
2026-08-26,KALIMANTAN_ID_SANDHEADS,PANAMAX,SPOT,12.21,0.0,70000,SCENARIO
2026-08-26,KALIMANTAN_ID_SANDHEADS,PANAMAX,COA_3M,12.45,2.0,210000,SCENARIO
2026-08-26,KALIMANTAN_ID_SANDHEADS,PANAMAX,COA_6M,12.82,5.0,420000,SCENARIO
2026-08-26,KALIMANTAN_ID_SANDHEADS,PANAMAX,COA_12M,13.19,8.0,840000,SCENARIO
2026-08-26,KALIMANTAN_ID_SANDHEADS,SUPRAMAX,SPOT,13.89,0.0,50000,SCENARIO
2026-08-26,KALIMANTAN_ID_SANDHEADS,SUPRAMAX,COA_3M,14.17,2.0,150000,SCENARIO
2026-08-26,KALIMANTAN_ID_SANDHEADS,SUPRAMAX,COA_6M,14.58,5.0,300000,SCENARIO
2026-08-26,KALIMANTAN_ID_SANDHEADS,SUPRAMAX,COA_12M,15.0,8.0,600000,SCENARIO
2026-08-26,KALIMANTAN_ID_VIZAG,HANDYSIZE,SPOT,15.81,0.0,32000,SCENARIO
2026-08-26,KALIMANTAN_ID_VIZAG,HANDYSIZE,COA_3M,16.13,2.0,96000,SCENARIO
2026-08-26,KALIMANTAN_ID_VIZAG,HANDYSIZE,COA_6M,16.6,5.0,192000,SCENARIO
2026-08-26,KALIMANTAN_ID_VIZAG,HANDYSIZE,COA_12M,17.07,8.0,384000,SCENARIO
2026-08-26,KALIMANTAN_ID_VIZAG,PANAMAX,SPOT,11.02,0.0,70000,SCENARIO
2026-08-26,KALIMANTAN_ID_VIZAG,PANAMAX,COA_3M,11.24,2.0,210000,SCENARIO
2026-08-26,KALIMANTAN_ID_VIZAG,PANAMAX,COA_6M,11.57,5.0,420000,SCENARIO
2026-08-26,KALIMANTAN_ID_VIZAG,PANAMAX,COA_12M,11.9,8.0,840000,SCENARIO
2026-08-26,KALIMANTAN_ID_VIZAG,PANAMAX,SPOT,11.51,0.0,70000,SCENARIO
2026-08-26,KALIMANTAN_ID_VIZAG,PANAMAX,COA_3M,11.74,2.0,210000,SCENARIO
2026-08-26,KALIMANTAN_ID_VIZAG,PANAMAX,COA_6M,12.09,5.0,420000,SCENARIO
2026-08-26,KALIMANTAN_ID_VIZAG,PANAMAX,COA_12M,12.43,8.0,840000,SCENARIO
2026-08-26,KALIMANTAN_ID_VIZAG,SUPRAMAX,SPOT,13.06,0.0,50000,SCENARIO
2026-08-26,KALIMANTAN_ID_VIZAG,SUPRAMAX,COA_3M,13.32,2.0,150000,SCENARIO
2026-08-26,KALIMANTAN_ID_VIZAG,SUPRAMAX,COA_6M,13.71,5.0,300000,SCENARIO
2026-08-26,KALIMANTAN_ID_VIZAG,SUPRAMAX,COA_12M,14.1,8.0,600000,SCENARIO
2026-08-26,MAPUTO_MZ_PARADIP,HANDYSIZE,SPOT,22.77,0.0,32000,SCENARIO
2026-08-26,MAPUTO_MZ_PARADIP,HANDYSIZE,COA_3M,23.23,2.0,96000,SCENARIO
2026-08-26,MAPUTO_MZ_PARADIP,HANDYSIZE,COA_6M,23.91,5.0,192000,SCENARIO
2026-08-26,MAPUTO_MZ_PARADIP,HANDYSIZE,COA_12M,24.59,8.0,384000,SCENARIO
2026-08-26,MAPUTO_MZ_PARADIP,PANAMAX,SPOT,15.71,0.0,70000,SCENARIO
2026-08-26,MAPUTO_MZ_PARADIP,PANAMAX,COA_3M,16.02,2.0,210000,SCENARIO
2026-08-26,MAPUTO_MZ_PARADIP,PANAMAX,COA_6M,16.5,5.0,420000,SCENARIO
2026-08-26,MAPUTO_MZ_PARADIP,PANAMAX,COA_12M,16.97,8.0,840000,SCENARIO
2026-08-26,MAPUTO_MZ_PARADIP,PANAMAX,SPOT,16.35,0.0,70000,SCENARIO
2026-08-26,MAPUTO_MZ_PARADIP,PANAMAX,COA_3M,16.68,2.0,210000,SCENARIO
2026-08-26,MAPUTO_MZ_PARADIP,PANAMAX,COA_6M,17.17,5.0,420000,SCENARIO
2026-08-26,MAPUTO_MZ_PARADIP,PANAMAX,COA_12M,17.66,8.0,840000,SCENARIO
2026-08-26,MAPUTO_MZ_PARADIP,SUPRAMAX,SPOT,18.69,0.0,50000,SCENARIO
2026-08-26,MAPUTO_MZ_PARADIP,SUPRAMAX,COA_3M,19.06,2.0,150000,SCENARIO
2026-08-26,MAPUTO_MZ_PARADIP,SUPRAMAX,COA_6M,19.62,5.0,300000,SCENARIO
2026-08-26,MAPUTO_MZ_PARADIP,SUPRAMAX,COA_12M,20.19,8.0,600000,SCENARIO
2026-08-26,MAPUTO_MZ_VIZAG,HANDYSIZE,SPOT,22.07,0.0,32000,SCENARIO
2026-08-26,MAPUTO_MZ_VIZAG,HANDYSIZE,COA_3M,22.51,2.0,96000,SCENARIO
2026-08-26,MAPUTO_MZ_VIZAG,HANDYSIZE,COA_6M,23.17,5.0,192000,SCENARIO
2026-08-26,MAPUTO_MZ_VIZAG,HANDYSIZE,COA_12M,23.84,8.0,384000,SCENARIO
2026-08-26,MAPUTO_MZ_VIZAG,PANAMAX,SPOT,15.24,0.0,70000,SCENARIO
2026-08-26,MAPUTO_MZ_VIZAG,PANAMAX,COA_3M,15.54,2.0,210000,SCENARIO
2026-08-26,MAPUTO_MZ_VIZAG,PANAMAX,COA_6M,16.0,5.0,420000,SCENARIO
2026-08-26,MAPUTO_MZ_VIZAG,PANAMAX,COA_12M,16.46,8.0,840000,SCENARIO
2026-08-26,MAPUTO_MZ_VIZAG,PANAMAX,SPOT,15.87,0.0,70000,SCENARIO
2026-08-26,MAPUTO_MZ_VIZAG,PANAMAX,COA_3M,16.19,2.0,210000,SCENARIO
2026-08-26,MAPUTO_MZ_VIZAG,PANAMAX,COA_6M,16.66,5.0,420000,SCENARIO
2026-08-26,MAPUTO_MZ_VIZAG,PANAMAX,COA_12M,17.14,8.0,840000,SCENARIO
2026-08-26,MAPUTO_MZ_VIZAG,SUPRAMAX,SPOT,18.13,0.0,50000,SCENARIO
2026-08-26,MAPUTO_MZ_VIZAG,SUPRAMAX,COA_3M,18.49,2.0,150000,SCENARIO
2026-08-26,MAPUTO_MZ_VIZAG,SUPRAMAX,COA_6M,19.04,5.0,300000,SCENARIO
2026-08-26,MAPUTO_MZ_VIZAG,SUPRAMAX,COA_12M,19.58,8.0,600000,SCENARIO
2026-08-26,NEWCASTLE_AU_DHAMRA,HANDYSIZE,SPOT,30.99,0.0,32000,SCENARIO
2026-08-26,NEWCASTLE_AU_DHAMRA,HANDYSIZE,COA_3M,31.61,2.0,96000,SCENARIO
2026-08-26,NEWCASTLE_AU_DHAMRA,HANDYSIZE,COA_6M,32.54,5.0,192000,SCENARIO
2026-08-26,NEWCASTLE_AU_DHAMRA,HANDYSIZE,COA_12M,33.47,8.0,384000,SCENARIO
2026-08-26,NEWCASTLE_AU_DHAMRA,PANAMAX,SPOT,21.25,0.0,70000,SCENARIO
2026-08-26,NEWCASTLE_AU_DHAMRA,PANAMAX,COA_3M,21.68,2.0,210000,SCENARIO
2026-08-26,NEWCASTLE_AU_DHAMRA,PANAMAX,COA_6M,22.31,5.0,420000,SCENARIO
2026-08-26,NEWCASTLE_AU_DHAMRA,PANAMAX,COA_12M,22.95,8.0,840000,SCENARIO
2026-08-26,NEWCASTLE_AU_DHAMRA,PANAMAX,SPOT,22.06,0.0,70000,SCENARIO
2026-08-26,NEWCASTLE_AU_DHAMRA,PANAMAX,COA_3M,22.5,2.0,210000,SCENARIO
2026-08-26,NEWCASTLE_AU_DHAMRA,PANAMAX,COA_6M,23.16,5.0,420000,SCENARIO
2026-08-26,NEWCASTLE_AU_DHAMRA,PANAMAX,COA_12M,23.82,8.0,840000,SCENARIO
2026-08-26,NEWCASTLE_AU_DHAMRA,SUPRAMAX,SPOT,25.32,0.0,50000,SCENARIO
2026-08-26,NEWCASTLE_AU_DHAMRA,SUPRAMAX,COA_3M,25.83,2.0,150000,SCENARIO
2026-08-26,NEWCASTLE_AU_DHAMRA,SUPRAMAX,COA_6M,26.59,5.0,300000,SCENARIO
2026-08-26,NEWCASTLE_AU_DHAMRA,SUPRAMAX,COA_12M,27.35,8.0,600000,SCENARIO
2026-08-26,NEWCASTLE_AU_GANGAVARAM,HANDYSIZE,SPOT,30.68,0.0,32000,SCENARIO
2026-08-26,NEWCASTLE_AU_GANGAVARAM,HANDYSIZE,COA_3M,31.29,2.0,96000,SCENARIO
2026-08-26,NEWCASTLE_AU_GANGAVARAM,HANDYSIZE,COA_6M,32.21,5.0,192000,SCENARIO
2026-08-26,NEWCASTLE_AU_GANGAVARAM,HANDYSIZE,COA_12M,33.13,8.0,384000,SCENARIO
2026-08-26,NEWCASTLE_AU_GANGAVARAM,PANAMAX,SPOT,21.04,0.0,70000,SCENARIO
2026-08-26,NEWCASTLE_AU_GANGAVARAM,PANAMAX,COA_3M,21.46,2.0,210000,SCENARIO
2026-08-26,NEWCASTLE_AU_GANGAVARAM,PANAMAX,COA_6M,22.09,5.0,420000,SCENARIO
2026-08-26,NEWCASTLE_AU_GANGAVARAM,PANAMAX,COA_12M,22.72,8.0,840000,SCENARIO
2026-08-26,NEWCASTLE_AU_GANGAVARAM,PANAMAX,SPOT,21.85,0.0,70000,SCENARIO
2026-08-26,NEWCASTLE_AU_GANGAVARAM,PANAMAX,COA_3M,22.29,2.0,210000,SCENARIO
2026-08-26,NEWCASTLE_AU_GANGAVARAM,PANAMAX,COA_6M,22.94,5.0,420000,SCENARIO
2026-08-26,NEWCASTLE_AU_GANGAVARAM,PANAMAX,COA_12M,23.6,8.0,840000,SCENARIO
2026-08-26,NEWCASTLE_AU_GANGAVARAM,SUPRAMAX,SPOT,25.07,0.0,50000,SCENARIO
2026-08-26,NEWCASTLE_AU_GANGAVARAM,SUPRAMAX,COA_3M,25.57,2.0,150000,SCENARIO
2026-08-26,NEWCASTLE_AU_GANGAVARAM,SUPRAMAX,COA_6M,26.32,5.0,300000,SCENARIO
2026-08-26,NEWCASTLE_AU_GANGAVARAM,SUPRAMAX,COA_12M,27.08,8.0,600000,SCENARIO
2026-08-26,NEWCASTLE_AU_GOPALPUR,HANDYSIZE,SPOT,31.17,0.0,32000,SCENARIO
2026-08-26,NEWCASTLE_AU_GOPALPUR,HANDYSIZE,COA_3M,31.79,2.0,96000,SCENARIO
2026-08-26,NEWCASTLE_AU_GOPALPUR,HANDYSIZE,COA_6M,32.73,5.0,192000,SCENARIO
2026-08-26,NEWCASTLE_AU_GOPALPUR,HANDYSIZE,COA_12M,33.66,8.0,384000,SCENARIO
2026-08-26,NEWCASTLE_AU_GOPALPUR,PANAMAX,SPOT,22.19,0.0,70000,SCENARIO
2026-08-26,NEWCASTLE_AU_GOPALPUR,PANAMAX,COA_3M,22.63,2.0,210000,SCENARIO
2026-08-26,NEWCASTLE_AU_GOPALPUR,PANAMAX,COA_6M,23.3,5.0,420000,SCENARIO
2026-08-26,NEWCASTLE_AU_GOPALPUR,PANAMAX,COA_12M,23.97,8.0,840000,SCENARIO
2026-08-26,NEWCASTLE_AU_GOPALPUR,SUPRAMAX,SPOT,25.49,0.0,50000,SCENARIO
2026-08-26,NEWCASTLE_AU_GOPALPUR,SUPRAMAX,COA_3M,26.0,2.0,150000,SCENARIO
2026-08-26,NEWCASTLE_AU_GOPALPUR,SUPRAMAX,COA_6M,26.76,5.0,300000,SCENARIO
2026-08-26,NEWCASTLE_AU_GOPALPUR,SUPRAMAX,COA_12M,27.53,8.0,600000,SCENARIO
2026-08-26,NEWCASTLE_AU_PARADIP,HANDYSIZE,SPOT,31.12,0.0,32000,SCENARIO
2026-08-26,NEWCASTLE_AU_PARADIP,HANDYSIZE,COA_3M,31.74,2.0,96000,SCENARIO
2026-08-26,NEWCASTLE_AU_PARADIP,HANDYSIZE,COA_6M,32.68,5.0,192000,SCENARIO
2026-08-26,NEWCASTLE_AU_PARADIP,HANDYSIZE,COA_12M,33.61,8.0,384000,SCENARIO
2026-08-26,NEWCASTLE_AU_PARADIP,PANAMAX,SPOT,21.34,0.0,70000,SCENARIO
2026-08-26,NEWCASTLE_AU_PARADIP,PANAMAX,COA_3M,21.77,2.0,210000,SCENARIO
2026-08-26,NEWCASTLE_AU_PARADIP,PANAMAX,COA_6M,22.41,5.0,420000,SCENARIO
2026-08-26,NEWCASTLE_AU_PARADIP,PANAMAX,COA_12M,23.05,8.0,840000,SCENARIO
2026-08-26,NEWCASTLE_AU_PARADIP,PANAMAX,SPOT,22.16,0.0,70000,SCENARIO
2026-08-26,NEWCASTLE_AU_PARADIP,PANAMAX,COA_3M,22.6,2.0,210000,SCENARIO
2026-08-26,NEWCASTLE_AU_PARADIP,PANAMAX,COA_6M,23.27,5.0,420000,SCENARIO
2026-08-26,NEWCASTLE_AU_PARADIP,PANAMAX,COA_12M,23.93,8.0,840000,SCENARIO
2026-08-26,NEWCASTLE_AU_PARADIP,SUPRAMAX,SPOT,25.44,0.0,50000,SCENARIO
2026-08-26,NEWCASTLE_AU_PARADIP,SUPRAMAX,COA_3M,25.95,2.0,150000,SCENARIO
2026-08-26,NEWCASTLE_AU_PARADIP,SUPRAMAX,COA_6M,26.71,5.0,300000,SCENARIO
2026-08-26,NEWCASTLE_AU_PARADIP,SUPRAMAX,COA_12M,27.48,8.0,600000,SCENARIO
2026-08-26,NEWCASTLE_AU_SANDHEADS,HANDYSIZE,SPOT,31.89,0.0,32000,SCENARIO
2026-08-26,NEWCASTLE_AU_SANDHEADS,HANDYSIZE,COA_3M,32.53,2.0,96000,SCENARIO
2026-08-26,NEWCASTLE_AU_SANDHEADS,HANDYSIZE,COA_6M,33.48,5.0,192000,SCENARIO
2026-08-26,NEWCASTLE_AU_SANDHEADS,HANDYSIZE,COA_12M,34.44,8.0,384000,SCENARIO
2026-08-26,NEWCASTLE_AU_SANDHEADS,PANAMAX,SPOT,21.86,0.0,70000,SCENARIO
2026-08-26,NEWCASTLE_AU_SANDHEADS,PANAMAX,COA_3M,22.3,2.0,210000,SCENARIO
2026-08-26,NEWCASTLE_AU_SANDHEADS,PANAMAX,COA_6M,22.95,5.0,420000,SCENARIO
2026-08-26,NEWCASTLE_AU_SANDHEADS,PANAMAX,COA_12M,23.61,8.0,840000,SCENARIO
2026-08-26,NEWCASTLE_AU_SANDHEADS,PANAMAX,SPOT,22.7,0.0,70000,SCENARIO
2026-08-26,NEWCASTLE_AU_SANDHEADS,PANAMAX,COA_3M,23.15,2.0,210000,SCENARIO
2026-08-26,NEWCASTLE_AU_SANDHEADS,PANAMAX,COA_6M,23.84,5.0,420000,SCENARIO
2026-08-26,NEWCASTLE_AU_SANDHEADS,PANAMAX,COA_12M,24.52,8.0,840000,SCENARIO
2026-08-26,NEWCASTLE_AU_SANDHEADS,SUPRAMAX,SPOT,26.08,0.0,50000,SCENARIO
2026-08-26,NEWCASTLE_AU_SANDHEADS,SUPRAMAX,COA_3M,26.6,2.0,150000,SCENARIO
2026-08-26,NEWCASTLE_AU_SANDHEADS,SUPRAMAX,COA_6M,27.38,5.0,300000,SCENARIO
2026-08-26,NEWCASTLE_AU_SANDHEADS,SUPRAMAX,COA_12M,28.17,8.0,600000,SCENARIO
2026-08-26,NEWCASTLE_AU_VIZAG,HANDYSIZE,SPOT,31.16,0.0,32000,SCENARIO
2026-08-26,NEWCASTLE_AU_VIZAG,HANDYSIZE,COA_3M,31.78,2.0,96000,SCENARIO
2026-08-26,NEWCASTLE_AU_VIZAG,HANDYSIZE,COA_6M,32.72,5.0,192000,SCENARIO
2026-08-26,NEWCASTLE_AU_VIZAG,HANDYSIZE,COA_12M,33.65,8.0,384000,SCENARIO
2026-08-26,NEWCASTLE_AU_VIZAG,PANAMAX,SPOT,21.37,0.0,70000,SCENARIO
2026-08-26,NEWCASTLE_AU_VIZAG,PANAMAX,COA_3M,21.8,2.0,210000,SCENARIO
2026-08-26,NEWCASTLE_AU_VIZAG,PANAMAX,COA_6M,22.44,5.0,420000,SCENARIO
2026-08-26,NEWCASTLE_AU_VIZAG,PANAMAX,COA_12M,23.08,8.0,840000,SCENARIO
2026-08-26,NEWCASTLE_AU_VIZAG,PANAMAX,SPOT,22.18,0.0,70000,SCENARIO
2026-08-26,NEWCASTLE_AU_VIZAG,PANAMAX,COA_3M,22.62,2.0,210000,SCENARIO
2026-08-26,NEWCASTLE_AU_VIZAG,PANAMAX,COA_6M,23.29,5.0,420000,SCENARIO
2026-08-26,NEWCASTLE_AU_VIZAG,PANAMAX,COA_12M,23.95,8.0,840000,SCENARIO
2026-08-26,NEWCASTLE_AU_VIZAG,SUPRAMAX,SPOT,25.48,0.0,50000,SCENARIO
2026-08-26,NEWCASTLE_AU_VIZAG,SUPRAMAX,COA_3M,25.99,2.0,150000,SCENARIO
2026-08-26,NEWCASTLE_AU_VIZAG,SUPRAMAX,COA_6M,26.75,5.0,300000,SCENARIO
2026-08-26,NEWCASTLE_AU_VIZAG,SUPRAMAX,COA_12M,27.52,8.0,600000,SCENARIO
2026-08-26,NORFOLK_US_PARADIP,HANDYSIZE,SPOT,54.21,0.0,32000,SCENARIO
2026-08-26,NORFOLK_US_PARADIP,HANDYSIZE,COA_3M,55.29,2.0,96000,SCENARIO
2026-08-26,NORFOLK_US_PARADIP,HANDYSIZE,COA_6M,56.92,5.0,192000,SCENARIO
2026-08-26,NORFOLK_US_PARADIP,HANDYSIZE,COA_12M,58.55,8.0,384000,SCENARIO
2026-08-26,NORFOLK_US_PARADIP,PANAMAX,SPOT,36.9,0.0,70000,SCENARIO
2026-08-26,NORFOLK_US_PARADIP,PANAMAX,COA_3M,37.64,2.0,210000,SCENARIO
2026-08-26,NORFOLK_US_PARADIP,PANAMAX,COA_6M,38.74,5.0,420000,SCENARIO
2026-08-26,NORFOLK_US_PARADIP,PANAMAX,COA_12M,39.85,8.0,840000,SCENARIO
2026-08-26,NORFOLK_US_PARADIP,PANAMAX,SPOT,38.21,0.0,70000,SCENARIO
2026-08-26,NORFOLK_US_PARADIP,PANAMAX,COA_3M,38.97,2.0,210000,SCENARIO
2026-08-26,NORFOLK_US_PARADIP,PANAMAX,COA_6M,40.12,5.0,420000,SCENARIO
2026-08-26,NORFOLK_US_PARADIP,PANAMAX,COA_12M,41.27,8.0,840000,SCENARIO
2026-08-26,NORFOLK_US_PARADIP,SUPRAMAX,SPOT,44.11,0.0,50000,SCENARIO
2026-08-26,NORFOLK_US_PARADIP,SUPRAMAX,COA_3M,44.99,2.0,150000,SCENARIO
2026-08-26,NORFOLK_US_PARADIP,SUPRAMAX,COA_6M,46.32,5.0,300000,SCENARIO
2026-08-26,NORFOLK_US_PARADIP,SUPRAMAX,COA_12M,47.64,8.0,600000,SCENARIO
2026-08-26,NORFOLK_US_VIZAG,HANDYSIZE,SPOT,53.51,0.0,32000,SCENARIO
2026-08-26,NORFOLK_US_VIZAG,HANDYSIZE,COA_3M,54.58,2.0,96000,SCENARIO
2026-08-26,NORFOLK_US_VIZAG,HANDYSIZE,COA_6M,56.19,5.0,192000,SCENARIO
2026-08-26,NORFOLK_US_VIZAG,HANDYSIZE,COA_12M,57.79,8.0,384000,SCENARIO
2026-08-26,NORFOLK_US_VIZAG,PANAMAX,SPOT,36.43,0.0,70000,SCENARIO
2026-08-26,NORFOLK_US_VIZAG,PANAMAX,COA_3M,37.16,2.0,210000,SCENARIO
2026-08-26,NORFOLK_US_VIZAG,PANAMAX,COA_6M,38.25,5.0,420000,SCENARIO
2026-08-26,NORFOLK_US_VIZAG,PANAMAX,COA_12M,39.34,8.0,840000,SCENARIO
2026-08-26,NORFOLK_US_VIZAG,PANAMAX,SPOT,37.72,0.0,70000,SCENARIO
2026-08-26,NORFOLK_US_VIZAG,PANAMAX,COA_3M,38.47,2.0,210000,SCENARIO
2026-08-26,NORFOLK_US_VIZAG,PANAMAX,COA_6M,39.61,5.0,420000,SCENARIO
2026-08-26,NORFOLK_US_VIZAG,PANAMAX,COA_12M,40.74,8.0,840000,SCENARIO
2026-08-26,NORFOLK_US_VIZAG,SUPRAMAX,SPOT,43.56,0.0,50000,SCENARIO
2026-08-26,NORFOLK_US_VIZAG,SUPRAMAX,COA_3M,44.43,2.0,150000,SCENARIO
2026-08-26,NORFOLK_US_VIZAG,SUPRAMAX,COA_6M,45.74,5.0,300000,SCENARIO
2026-08-26,NORFOLK_US_VIZAG,SUPRAMAX,COA_12M,47.04,8.0,600000,SCENARIO
2026-08-26,VOSTOCHNY_RU_PARADIP,HANDYSIZE,SPOT,30.14,0.0,32000,SCENARIO
2026-08-26,VOSTOCHNY_RU_PARADIP,HANDYSIZE,COA_3M,30.74,2.0,96000,SCENARIO
2026-08-26,VOSTOCHNY_RU_PARADIP,HANDYSIZE,COA_6M,31.65,5.0,192000,SCENARIO
2026-08-26,VOSTOCHNY_RU_PARADIP,HANDYSIZE,COA_12M,32.55,8.0,384000,SCENARIO
2026-08-26,VOSTOCHNY_RU_PARADIP,PANAMAX,SPOT,20.68,0.0,70000,SCENARIO
2026-08-26,VOSTOCHNY_RU_PARADIP,PANAMAX,COA_3M,21.09,2.0,210000,SCENARIO
2026-08-26,VOSTOCHNY_RU_PARADIP,PANAMAX,COA_6M,21.71,5.0,420000,SCENARIO
2026-08-26,VOSTOCHNY_RU_PARADIP,PANAMAX,COA_12M,22.33,8.0,840000,SCENARIO
2026-08-26,VOSTOCHNY_RU_PARADIP,PANAMAX,SPOT,21.48,0.0,70000,SCENARIO
2026-08-26,VOSTOCHNY_RU_PARADIP,PANAMAX,COA_3M,21.91,2.0,210000,SCENARIO
2026-08-26,VOSTOCHNY_RU_PARADIP,PANAMAX,COA_6M,22.55,5.0,420000,SCENARIO
2026-08-26,VOSTOCHNY_RU_PARADIP,PANAMAX,COA_12M,23.2,8.0,840000,SCENARIO
2026-08-26,VOSTOCHNY_RU_PARADIP,SUPRAMAX,SPOT,24.65,0.0,50000,SCENARIO
2026-08-26,VOSTOCHNY_RU_PARADIP,SUPRAMAX,COA_3M,25.14,2.0,150000,SCENARIO
2026-08-26,VOSTOCHNY_RU_PARADIP,SUPRAMAX,COA_6M,25.88,5.0,300000,SCENARIO
2026-08-26,VOSTOCHNY_RU_PARADIP,SUPRAMAX,COA_12M,26.62,8.0,600000,SCENARIO
2026-08-26,VOSTOCHNY_RU_VIZAG,HANDYSIZE,SPOT,29.93,0.0,32000,SCENARIO
2026-08-26,VOSTOCHNY_RU_VIZAG,HANDYSIZE,COA_3M,30.53,2.0,96000,SCENARIO
2026-08-26,VOSTOCHNY_RU_VIZAG,HANDYSIZE,COA_6M,31.43,5.0,192000,SCENARIO
2026-08-26,VOSTOCHNY_RU_VIZAG,HANDYSIZE,COA_12M,32.32,8.0,384000,SCENARIO
2026-08-26,VOSTOCHNY_RU_VIZAG,PANAMAX,SPOT,20.54,0.0,70000,SCENARIO
2026-08-26,VOSTOCHNY_RU_VIZAG,PANAMAX,COA_3M,20.95,2.0,210000,SCENARIO
2026-08-26,VOSTOCHNY_RU_VIZAG,PANAMAX,COA_6M,21.57,5.0,420000,SCENARIO
2026-08-26,VOSTOCHNY_RU_VIZAG,PANAMAX,COA_12M,22.18,8.0,840000,SCENARIO
2026-08-26,VOSTOCHNY_RU_VIZAG,PANAMAX,SPOT,21.33,0.0,70000,SCENARIO
2026-08-26,VOSTOCHNY_RU_VIZAG,PANAMAX,COA_3M,21.76,2.0,210000,SCENARIO
2026-08-26,VOSTOCHNY_RU_VIZAG,PANAMAX,COA_6M,22.4,5.0,420000,SCENARIO
2026-08-26,VOSTOCHNY_RU_VIZAG,PANAMAX,COA_12M,23.04,8.0,840000,SCENARIO
2026-08-26,VOSTOCHNY_RU_VIZAG,SUPRAMAX,SPOT,24.49,0.0,50000,SCENARIO
2026-08-26,VOSTOCHNY_RU_VIZAG,SUPRAMAX,COA_3M,24.98,2.0,150000,SCENARIO
2026-08-26,VOSTOCHNY_RU_VIZAG,SUPRAMAX,COA_6M,25.71,5.0,300000,SCENARIO
2026-08-26,VOSTOCHNY_RU_VIZAG,SUPRAMAX,COA_12M,26.45,8.0,600000,SCENARIO
2026-08-27,KALIMANTAN_ID_DHAMRA,HANDYSIZE,SPOT,15.72,0.0,32000,SCENARIO
2026-08-27,KALIMANTAN_ID_DHAMRA,HANDYSIZE,COA_3M,16.03,2.0,96000,SCENARIO
2026-08-27,KALIMANTAN_ID_DHAMRA,HANDYSIZE,COA_6M,16.51,5.0,192000,SCENARIO
2026-08-27,KALIMANTAN_ID_DHAMRA,HANDYSIZE,COA_12M,16.98,8.0,384000,SCENARIO
2026-08-27,KALIMANTAN_ID_DHAMRA,PANAMAX,SPOT,10.96,0.0,70000,SCENARIO
2026-08-27,KALIMANTAN_ID_DHAMRA,PANAMAX,COA_3M,11.18,2.0,210000,SCENARIO
2026-08-27,KALIMANTAN_ID_DHAMRA,PANAMAX,COA_6M,11.51,5.0,420000,SCENARIO
2026-08-27,KALIMANTAN_ID_DHAMRA,PANAMAX,COA_12M,11.84,8.0,840000,SCENARIO
2026-08-27,KALIMANTAN_ID_DHAMRA,PANAMAX,SPOT,11.45,0.0,70000,SCENARIO
2026-08-27,KALIMANTAN_ID_DHAMRA,PANAMAX,COA_3M,11.68,2.0,210000,SCENARIO
2026-08-27,KALIMANTAN_ID_DHAMRA,PANAMAX,COA_6M,12.02,5.0,420000,SCENARIO
2026-08-27,KALIMANTAN_ID_DHAMRA,PANAMAX,COA_12M,12.37,8.0,840000,SCENARIO
2026-08-27,KALIMANTAN_ID_DHAMRA,SUPRAMAX,SPOT,12.98,0.0,50000,SCENARIO
2026-08-27,KALIMANTAN_ID_DHAMRA,SUPRAMAX,COA_3M,13.24,2.0,150000,SCENARIO
2026-08-27,KALIMANTAN_ID_DHAMRA,SUPRAMAX,COA_6M,13.63,5.0,300000,SCENARIO
2026-08-27,KALIMANTAN_ID_DHAMRA,SUPRAMAX,COA_12M,14.02,8.0,600000,SCENARIO
2026-08-27,KALIMANTAN_ID_GANGAVARAM,HANDYSIZE,SPOT,15.19,0.0,32000,SCENARIO
2026-08-27,KALIMANTAN_ID_GANGAVARAM,HANDYSIZE,COA_3M,15.49,2.0,96000,SCENARIO
2026-08-27,KALIMANTAN_ID_GANGAVARAM,HANDYSIZE,COA_6M,15.95,5.0,192000,SCENARIO
2026-08-27,KALIMANTAN_ID_GANGAVARAM,HANDYSIZE,COA_12M,16.41,8.0,384000,SCENARIO
2026-08-27,KALIMANTAN_ID_GANGAVARAM,PANAMAX,SPOT,10.61,0.0,70000,SCENARIO
2026-08-27,KALIMANTAN_ID_GANGAVARAM,PANAMAX,COA_3M,10.82,2.0,210000,SCENARIO
2026-08-27,KALIMANTAN_ID_GANGAVARAM,PANAMAX,COA_6M,11.14,5.0,420000,SCENARIO
2026-08-27,KALIMANTAN_ID_GANGAVARAM,PANAMAX,COA_12M,11.46,8.0,840000,SCENARIO
2026-08-27,KALIMANTAN_ID_GANGAVARAM,PANAMAX,SPOT,11.08,0.0,70000,SCENARIO
2026-08-27,KALIMANTAN_ID_GANGAVARAM,PANAMAX,COA_3M,11.3,2.0,210000,SCENARIO
2026-08-27,KALIMANTAN_ID_GANGAVARAM,PANAMAX,COA_6M,11.63,5.0,420000,SCENARIO
2026-08-27,KALIMANTAN_ID_GANGAVARAM,PANAMAX,COA_12M,11.97,8.0,840000,SCENARIO
2026-08-27,KALIMANTAN_ID_GANGAVARAM,SUPRAMAX,SPOT,12.55,0.0,50000,SCENARIO
2026-08-27,KALIMANTAN_ID_GANGAVARAM,SUPRAMAX,COA_3M,12.8,2.0,150000,SCENARIO
2026-08-27,KALIMANTAN_ID_GANGAVARAM,SUPRAMAX,COA_6M,13.18,5.0,300000,SCENARIO
2026-08-27,KALIMANTAN_ID_GANGAVARAM,SUPRAMAX,COA_12M,13.55,8.0,600000,SCENARIO
2026-08-27,KALIMANTAN_ID_GOPALPUR,HANDYSIZE,SPOT,15.8,0.0,32000,SCENARIO
2026-08-27,KALIMANTAN_ID_GOPALPUR,HANDYSIZE,COA_3M,16.12,2.0,96000,SCENARIO
2026-08-27,KALIMANTAN_ID_GOPALPUR,HANDYSIZE,COA_6M,16.59,5.0,192000,SCENARIO
2026-08-27,KALIMANTAN_ID_GOPALPUR,HANDYSIZE,COA_12M,17.06,8.0,384000,SCENARIO
2026-08-27,KALIMANTAN_ID_GOPALPUR,PANAMAX,SPOT,11.51,0.0,70000,SCENARIO
2026-08-27,KALIMANTAN_ID_GOPALPUR,PANAMAX,COA_3M,11.74,2.0,210000,SCENARIO
2026-08-27,KALIMANTAN_ID_GOPALPUR,PANAMAX,COA_6M,12.09,5.0,420000,SCENARIO
2026-08-27,KALIMANTAN_ID_GOPALPUR,PANAMAX,COA_12M,12.43,8.0,840000,SCENARIO
2026-08-27,KALIMANTAN_ID_GOPALPUR,SUPRAMAX,SPOT,13.06,0.0,50000,SCENARIO
2026-08-27,KALIMANTAN_ID_GOPALPUR,SUPRAMAX,COA_3M,13.32,2.0,150000,SCENARIO
2026-08-27,KALIMANTAN_ID_GOPALPUR,SUPRAMAX,COA_6M,13.71,5.0,300000,SCENARIO
2026-08-27,KALIMANTAN_ID_GOPALPUR,SUPRAMAX,COA_12M,14.1,8.0,600000,SCENARIO
2026-08-27,KALIMANTAN_ID_PARADIP,HANDYSIZE,SPOT,15.88,0.0,32000,SCENARIO
2026-08-27,KALIMANTAN_ID_PARADIP,HANDYSIZE,COA_3M,16.2,2.0,96000,SCENARIO
2026-08-27,KALIMANTAN_ID_PARADIP,HANDYSIZE,COA_6M,16.67,5.0,192000,SCENARIO
2026-08-27,KALIMANTAN_ID_PARADIP,HANDYSIZE,COA_12M,17.15,8.0,384000,SCENARIO
2026-08-27,KALIMANTAN_ID_PARADIP,PANAMAX,SPOT,11.07,0.0,70000,SCENARIO
2026-08-27,KALIMANTAN_ID_PARADIP,PANAMAX,COA_3M,11.29,2.0,210000,SCENARIO
2026-08-27,KALIMANTAN_ID_PARADIP,PANAMAX,COA_6M,11.62,5.0,420000,SCENARIO
2026-08-27,KALIMANTAN_ID_PARADIP,PANAMAX,COA_12M,11.96,8.0,840000,SCENARIO
2026-08-27,KALIMANTAN_ID_PARADIP,PANAMAX,SPOT,11.56,0.0,70000,SCENARIO
2026-08-27,KALIMANTAN_ID_PARADIP,PANAMAX,COA_3M,11.79,2.0,210000,SCENARIO
2026-08-27,KALIMANTAN_ID_PARADIP,PANAMAX,COA_6M,12.14,5.0,420000,SCENARIO
2026-08-27,KALIMANTAN_ID_PARADIP,PANAMAX,COA_12M,12.48,8.0,840000,SCENARIO
2026-08-27,KALIMANTAN_ID_PARADIP,SUPRAMAX,SPOT,13.11,0.0,50000,SCENARIO
2026-08-27,KALIMANTAN_ID_PARADIP,SUPRAMAX,COA_3M,13.37,2.0,150000,SCENARIO
2026-08-27,KALIMANTAN_ID_PARADIP,SUPRAMAX,COA_6M,13.77,5.0,300000,SCENARIO
2026-08-27,KALIMANTAN_ID_PARADIP,SUPRAMAX,COA_12M,14.16,8.0,600000,SCENARIO
2026-08-27,KALIMANTAN_ID_SANDHEADS,HANDYSIZE,SPOT,16.66,0.0,32000,SCENARIO
2026-08-27,KALIMANTAN_ID_SANDHEADS,HANDYSIZE,COA_3M,16.99,2.0,96000,SCENARIO
2026-08-27,KALIMANTAN_ID_SANDHEADS,HANDYSIZE,COA_6M,17.49,5.0,192000,SCENARIO
2026-08-27,KALIMANTAN_ID_SANDHEADS,HANDYSIZE,COA_12M,17.99,8.0,384000,SCENARIO
2026-08-27,KALIMANTAN_ID_SANDHEADS,PANAMAX,SPOT,11.6,0.0,70000,SCENARIO
2026-08-27,KALIMANTAN_ID_SANDHEADS,PANAMAX,COA_3M,11.83,2.0,210000,SCENARIO
2026-08-27,KALIMANTAN_ID_SANDHEADS,PANAMAX,COA_6M,12.18,5.0,420000,SCENARIO
2026-08-27,KALIMANTAN_ID_SANDHEADS,PANAMAX,COA_12M,12.53,8.0,840000,SCENARIO
2026-08-27,KALIMANTAN_ID_SANDHEADS,PANAMAX,SPOT,12.11,0.0,70000,SCENARIO
2026-08-27,KALIMANTAN_ID_SANDHEADS,PANAMAX,COA_3M,12.35,2.0,210000,SCENARIO
2026-08-27,KALIMANTAN_ID_SANDHEADS,PANAMAX,COA_6M,12.72,5.0,420000,SCENARIO
2026-08-27,KALIMANTAN_ID_SANDHEADS,PANAMAX,COA_12M,13.08,8.0,840000,SCENARIO
2026-08-27,KALIMANTAN_ID_SANDHEADS,SUPRAMAX,SPOT,13.76,0.0,50000,SCENARIO
2026-08-27,KALIMANTAN_ID_SANDHEADS,SUPRAMAX,COA_3M,14.04,2.0,150000,SCENARIO
2026-08-27,KALIMANTAN_ID_SANDHEADS,SUPRAMAX,COA_6M,14.45,5.0,300000,SCENARIO
2026-08-27,KALIMANTAN_ID_SANDHEADS,SUPRAMAX,COA_12M,14.86,8.0,600000,SCENARIO
2026-08-27,KALIMANTAN_ID_VIZAG,HANDYSIZE,SPOT,15.67,0.0,32000,SCENARIO
2026-08-27,KALIMANTAN_ID_VIZAG,HANDYSIZE,COA_3M,15.98,2.0,96000,SCENARIO
2026-08-27,KALIMANTAN_ID_VIZAG,HANDYSIZE,COA_6M,16.45,5.0,192000,SCENARIO
2026-08-27,KALIMANTAN_ID_VIZAG,HANDYSIZE,COA_12M,16.92,8.0,384000,SCENARIO
2026-08-27,KALIMANTAN_ID_VIZAG,PANAMAX,SPOT,10.93,0.0,70000,SCENARIO
2026-08-27,KALIMANTAN_ID_VIZAG,PANAMAX,COA_3M,11.15,2.0,210000,SCENARIO
2026-08-27,KALIMANTAN_ID_VIZAG,PANAMAX,COA_6M,11.48,5.0,420000,SCENARIO
2026-08-27,KALIMANTAN_ID_VIZAG,PANAMAX,COA_12M,11.8,8.0,840000,SCENARIO
2026-08-27,KALIMANTAN_ID_VIZAG,PANAMAX,SPOT,11.42,0.0,70000,SCENARIO
2026-08-27,KALIMANTAN_ID_VIZAG,PANAMAX,COA_3M,11.65,2.0,210000,SCENARIO
2026-08-27,KALIMANTAN_ID_VIZAG,PANAMAX,COA_6M,11.99,5.0,420000,SCENARIO
2026-08-27,KALIMANTAN_ID_VIZAG,PANAMAX,COA_12M,12.33,8.0,840000,SCENARIO
2026-08-27,KALIMANTAN_ID_VIZAG,SUPRAMAX,SPOT,12.95,0.0,50000,SCENARIO
2026-08-27,KALIMANTAN_ID_VIZAG,SUPRAMAX,COA_3M,13.21,2.0,150000,SCENARIO
2026-08-27,KALIMANTAN_ID_VIZAG,SUPRAMAX,COA_6M,13.6,5.0,300000,SCENARIO
2026-08-27,KALIMANTAN_ID_VIZAG,SUPRAMAX,COA_12M,13.99,8.0,600000,SCENARIO
2026-08-27,MAPUTO_MZ_PARADIP,HANDYSIZE,SPOT,22.57,0.0,32000,SCENARIO
2026-08-27,MAPUTO_MZ_PARADIP,HANDYSIZE,COA_3M,23.02,2.0,96000,SCENARIO
2026-08-27,MAPUTO_MZ_PARADIP,HANDYSIZE,COA_6M,23.7,5.0,192000,SCENARIO
2026-08-27,MAPUTO_MZ_PARADIP,HANDYSIZE,COA_12M,24.38,8.0,384000,SCENARIO
2026-08-27,MAPUTO_MZ_PARADIP,PANAMAX,SPOT,15.58,0.0,70000,SCENARIO
2026-08-27,MAPUTO_MZ_PARADIP,PANAMAX,COA_3M,15.89,2.0,210000,SCENARIO
2026-08-27,MAPUTO_MZ_PARADIP,PANAMAX,COA_6M,16.36,5.0,420000,SCENARIO
2026-08-27,MAPUTO_MZ_PARADIP,PANAMAX,COA_12M,16.83,8.0,840000,SCENARIO
2026-08-27,MAPUTO_MZ_PARADIP,PANAMAX,SPOT,16.21,0.0,70000,SCENARIO
2026-08-27,MAPUTO_MZ_PARADIP,PANAMAX,COA_3M,16.53,2.0,210000,SCENARIO
2026-08-27,MAPUTO_MZ_PARADIP,PANAMAX,COA_6M,17.02,5.0,420000,SCENARIO
2026-08-27,MAPUTO_MZ_PARADIP,PANAMAX,COA_12M,17.51,8.0,840000,SCENARIO
2026-08-27,MAPUTO_MZ_PARADIP,SUPRAMAX,SPOT,18.52,0.0,50000,SCENARIO
2026-08-27,MAPUTO_MZ_PARADIP,SUPRAMAX,COA_3M,18.89,2.0,150000,SCENARIO
2026-08-27,MAPUTO_MZ_PARADIP,SUPRAMAX,COA_6M,19.45,5.0,300000,SCENARIO
2026-08-27,MAPUTO_MZ_PARADIP,SUPRAMAX,COA_12M,20.0,8.0,600000,SCENARIO
2026-08-27,MAPUTO_MZ_VIZAG,HANDYSIZE,SPOT,21.87,0.0,32000,SCENARIO
2026-08-27,MAPUTO_MZ_VIZAG,HANDYSIZE,COA_3M,22.31,2.0,96000,SCENARIO
2026-08-27,MAPUTO_MZ_VIZAG,HANDYSIZE,COA_6M,22.96,5.0,192000,SCENARIO
2026-08-27,MAPUTO_MZ_VIZAG,HANDYSIZE,COA_12M,23.62,8.0,384000,SCENARIO
2026-08-27,MAPUTO_MZ_VIZAG,PANAMAX,SPOT,15.11,0.0,70000,SCENARIO
2026-08-27,MAPUTO_MZ_VIZAG,PANAMAX,COA_3M,15.41,2.0,210000,SCENARIO
2026-08-27,MAPUTO_MZ_VIZAG,PANAMAX,COA_6M,15.87,5.0,420000,SCENARIO
2026-08-27,MAPUTO_MZ_VIZAG,PANAMAX,COA_12M,16.32,8.0,840000,SCENARIO
2026-08-27,MAPUTO_MZ_VIZAG,PANAMAX,SPOT,15.73,0.0,70000,SCENARIO
2026-08-27,MAPUTO_MZ_VIZAG,PANAMAX,COA_3M,16.04,2.0,210000,SCENARIO
2026-08-27,MAPUTO_MZ_VIZAG,PANAMAX,COA_6M,16.52,5.0,420000,SCENARIO
2026-08-27,MAPUTO_MZ_VIZAG,PANAMAX,COA_12M,16.99,8.0,840000,SCENARIO
2026-08-27,MAPUTO_MZ_VIZAG,SUPRAMAX,SPOT,17.97,0.0,50000,SCENARIO
2026-08-27,MAPUTO_MZ_VIZAG,SUPRAMAX,COA_3M,18.33,2.0,150000,SCENARIO
2026-08-27,MAPUTO_MZ_VIZAG,SUPRAMAX,COA_6M,18.87,5.0,300000,SCENARIO
2026-08-27,MAPUTO_MZ_VIZAG,SUPRAMAX,COA_12M,19.41,8.0,600000,SCENARIO
2026-08-27,NEWCASTLE_AU_DHAMRA,HANDYSIZE,SPOT,30.71,0.0,32000,SCENARIO
2026-08-27,NEWCASTLE_AU_DHAMRA,HANDYSIZE,COA_3M,31.32,2.0,96000,SCENARIO
2026-08-27,NEWCASTLE_AU_DHAMRA,HANDYSIZE,COA_6M,32.25,5.0,192000,SCENARIO
2026-08-27,NEWCASTLE_AU_DHAMRA,HANDYSIZE,COA_12M,33.17,8.0,384000,SCENARIO
2026-08-27,NEWCASTLE_AU_DHAMRA,PANAMAX,SPOT,21.06,0.0,70000,SCENARIO
2026-08-27,NEWCASTLE_AU_DHAMRA,PANAMAX,COA_3M,21.48,2.0,210000,SCENARIO
2026-08-27,NEWCASTLE_AU_DHAMRA,PANAMAX,COA_6M,22.11,5.0,420000,SCENARIO
2026-08-27,NEWCASTLE_AU_DHAMRA,PANAMAX,COA_12M,22.74,8.0,840000,SCENARIO
2026-08-27,NEWCASTLE_AU_DHAMRA,PANAMAX,SPOT,21.87,0.0,70000,SCENARIO
2026-08-27,NEWCASTLE_AU_DHAMRA,PANAMAX,COA_3M,22.31,2.0,210000,SCENARIO
2026-08-27,NEWCASTLE_AU_DHAMRA,PANAMAX,COA_6M,22.96,5.0,420000,SCENARIO
2026-08-27,NEWCASTLE_AU_DHAMRA,PANAMAX,COA_12M,23.62,8.0,840000,SCENARIO
2026-08-27,NEWCASTLE_AU_DHAMRA,SUPRAMAX,SPOT,25.1,0.0,50000,SCENARIO
2026-08-27,NEWCASTLE_AU_DHAMRA,SUPRAMAX,COA_3M,25.6,2.0,150000,SCENARIO
2026-08-27,NEWCASTLE_AU_DHAMRA,SUPRAMAX,COA_6M,26.36,5.0,300000,SCENARIO
2026-08-27,NEWCASTLE_AU_DHAMRA,SUPRAMAX,COA_12M,27.11,8.0,600000,SCENARIO
2026-08-27,NEWCASTLE_AU_GANGAVARAM,HANDYSIZE,SPOT,30.4,0.0,32000,SCENARIO
2026-08-27,NEWCASTLE_AU_GANGAVARAM,HANDYSIZE,COA_3M,31.01,2.0,96000,SCENARIO
2026-08-27,NEWCASTLE_AU_GANGAVARAM,HANDYSIZE,COA_6M,31.92,5.0,192000,SCENARIO
2026-08-27,NEWCASTLE_AU_GANGAVARAM,HANDYSIZE,COA_12M,32.83,8.0,384000,SCENARIO
2026-08-27,NEWCASTLE_AU_GANGAVARAM,PANAMAX,SPOT,20.86,0.0,70000,SCENARIO
2026-08-27,NEWCASTLE_AU_GANGAVARAM,PANAMAX,COA_3M,21.28,2.0,210000,SCENARIO
2026-08-27,NEWCASTLE_AU_GANGAVARAM,PANAMAX,COA_6M,21.9,5.0,420000,SCENARIO
2026-08-27,NEWCASTLE_AU_GANGAVARAM,PANAMAX,COA_12M,22.53,8.0,840000,SCENARIO
2026-08-27,NEWCASTLE_AU_GANGAVARAM,PANAMAX,SPOT,21.66,0.0,70000,SCENARIO
2026-08-27,NEWCASTLE_AU_GANGAVARAM,PANAMAX,COA_3M,22.09,2.0,210000,SCENARIO
2026-08-27,NEWCASTLE_AU_GANGAVARAM,PANAMAX,COA_6M,22.74,5.0,420000,SCENARIO
2026-08-27,NEWCASTLE_AU_GANGAVARAM,PANAMAX,COA_12M,23.39,8.0,840000,SCENARIO
2026-08-27,NEWCASTLE_AU_GANGAVARAM,SUPRAMAX,SPOT,24.85,0.0,50000,SCENARIO
2026-08-27,NEWCASTLE_AU_GANGAVARAM,SUPRAMAX,COA_3M,25.35,2.0,150000,SCENARIO
2026-08-27,NEWCASTLE_AU_GANGAVARAM,SUPRAMAX,COA_6M,26.09,5.0,300000,SCENARIO
2026-08-27,NEWCASTLE_AU_GANGAVARAM,SUPRAMAX,COA_12M,26.84,8.0,600000,SCENARIO
2026-08-27,NEWCASTLE_AU_GOPALPUR,HANDYSIZE,SPOT,30.89,0.0,32000,SCENARIO
2026-08-27,NEWCASTLE_AU_GOPALPUR,HANDYSIZE,COA_3M,31.51,2.0,96000,SCENARIO
2026-08-27,NEWCASTLE_AU_GOPALPUR,HANDYSIZE,COA_6M,32.43,5.0,192000,SCENARIO
2026-08-27,NEWCASTLE_AU_GOPALPUR,HANDYSIZE,COA_12M,33.36,8.0,384000,SCENARIO
2026-08-27,NEWCASTLE_AU_GOPALPUR,PANAMAX,SPOT,22.0,0.0,70000,SCENARIO
2026-08-27,NEWCASTLE_AU_GOPALPUR,PANAMAX,COA_3M,22.44,2.0,210000,SCENARIO
2026-08-27,NEWCASTLE_AU_GOPALPUR,PANAMAX,COA_6M,23.1,5.0,420000,SCENARIO
2026-08-27,NEWCASTLE_AU_GOPALPUR,PANAMAX,COA_12M,23.76,8.0,840000,SCENARIO
2026-08-27,NEWCASTLE_AU_GOPALPUR,SUPRAMAX,SPOT,25.26,0.0,50000,SCENARIO
2026-08-27,NEWCASTLE_AU_GOPALPUR,SUPRAMAX,COA_3M,25.77,2.0,150000,SCENARIO
2026-08-27,NEWCASTLE_AU_GOPALPUR,SUPRAMAX,COA_6M,26.52,5.0,300000,SCENARIO
2026-08-27,NEWCASTLE_AU_GOPALPUR,SUPRAMAX,COA_12M,27.28,8.0,600000,SCENARIO
2026-08-27,NEWCASTLE_AU_PARADIP,HANDYSIZE,SPOT,30.85,0.0,32000,SCENARIO
2026-08-27,NEWCASTLE_AU_PARADIP,HANDYSIZE,COA_3M,31.47,2.0,96000,SCENARIO
2026-08-27,NEWCASTLE_AU_PARADIP,HANDYSIZE,COA_6M,32.39,5.0,192000,SCENARIO
2026-08-27,NEWCASTLE_AU_PARADIP,HANDYSIZE,COA_12M,33.32,8.0,384000,SCENARIO
2026-08-27,NEWCASTLE_AU_PARADIP,PANAMAX,SPOT,21.16,0.0,70000,SCENARIO
2026-08-27,NEWCASTLE_AU_PARADIP,PANAMAX,COA_3M,21.58,2.0,210000,SCENARIO
2026-08-27,NEWCASTLE_AU_PARADIP,PANAMAX,COA_6M,22.22,5.0,420000,SCENARIO
2026-08-27,NEWCASTLE_AU_PARADIP,PANAMAX,COA_12M,22.85,8.0,840000,SCENARIO
2026-08-27,NEWCASTLE_AU_PARADIP,PANAMAX,SPOT,21.97,0.0,70000,SCENARIO
2026-08-27,NEWCASTLE_AU_PARADIP,PANAMAX,COA_3M,22.41,2.0,210000,SCENARIO
2026-08-27,NEWCASTLE_AU_PARADIP,PANAMAX,COA_6M,23.07,5.0,420000,SCENARIO
2026-08-27,NEWCASTLE_AU_PARADIP,PANAMAX,COA_12M,23.73,8.0,840000,SCENARIO
2026-08-27,NEWCASTLE_AU_PARADIP,SUPRAMAX,SPOT,25.21,0.0,50000,SCENARIO
2026-08-27,NEWCASTLE_AU_PARADIP,SUPRAMAX,COA_3M,25.71,2.0,150000,SCENARIO
2026-08-27,NEWCASTLE_AU_PARADIP,SUPRAMAX,COA_6M,26.47,5.0,300000,SCENARIO
2026-08-27,NEWCASTLE_AU_PARADIP,SUPRAMAX,COA_12M,27.23,8.0,600000,SCENARIO
2026-08-27,NEWCASTLE_AU_SANDHEADS,HANDYSIZE,SPOT,31.61,0.0,32000,SCENARIO
2026-08-27,NEWCASTLE_AU_SANDHEADS,HANDYSIZE,COA_3M,32.24,2.0,96000,SCENARIO
2026-08-27,NEWCASTLE_AU_SANDHEADS,HANDYSIZE,COA_6M,33.19,5.0,192000,SCENARIO
2026-08-27,NEWCASTLE_AU_SANDHEADS,HANDYSIZE,COA_12M,34.14,8.0,384000,SCENARIO
2026-08-27,NEWCASTLE_AU_SANDHEADS,PANAMAX,SPOT,21.67,0.0,70000,SCENARIO
2026-08-27,NEWCASTLE_AU_SANDHEADS,PANAMAX,COA_3M,22.1,2.0,210000,SCENARIO
2026-08-27,NEWCASTLE_AU_SANDHEADS,PANAMAX,COA_6M,22.75,5.0,420000,SCENARIO
2026-08-27,NEWCASTLE_AU_SANDHEADS,PANAMAX,COA_12M,23.4,8.0,840000,SCENARIO
2026-08-27,NEWCASTLE_AU_SANDHEADS,PANAMAX,SPOT,22.5,0.0,70000,SCENARIO
2026-08-27,NEWCASTLE_AU_SANDHEADS,PANAMAX,COA_3M,22.95,2.0,210000,SCENARIO
2026-08-27,NEWCASTLE_AU_SANDHEADS,PANAMAX,COA_6M,23.62,5.0,420000,SCENARIO
2026-08-27,NEWCASTLE_AU_SANDHEADS,PANAMAX,COA_12M,24.3,8.0,840000,SCENARIO
2026-08-27,NEWCASTLE_AU_SANDHEADS,SUPRAMAX,SPOT,25.85,0.0,50000,SCENARIO
2026-08-27,NEWCASTLE_AU_SANDHEADS,SUPRAMAX,COA_3M,26.37,2.0,150000,SCENARIO
2026-08-27,NEWCASTLE_AU_SANDHEADS,SUPRAMAX,COA_6M,27.14,5.0,300000,SCENARIO
2026-08-27,NEWCASTLE_AU_SANDHEADS,SUPRAMAX,COA_12M,27.92,8.0,600000,SCENARIO
2026-08-27,NEWCASTLE_AU_VIZAG,HANDYSIZE,SPOT,30.88,0.0,32000,SCENARIO
2026-08-27,NEWCASTLE_AU_VIZAG,HANDYSIZE,COA_3M,31.5,2.0,96000,SCENARIO
2026-08-27,NEWCASTLE_AU_VIZAG,HANDYSIZE,COA_6M,32.42,5.0,192000,SCENARIO
2026-08-27,NEWCASTLE_AU_VIZAG,HANDYSIZE,COA_12M,33.35,8.0,384000,SCENARIO
2026-08-27,NEWCASTLE_AU_VIZAG,PANAMAX,SPOT,21.18,0.0,70000,SCENARIO
2026-08-27,NEWCASTLE_AU_VIZAG,PANAMAX,COA_3M,21.6,2.0,210000,SCENARIO
2026-08-27,NEWCASTLE_AU_VIZAG,PANAMAX,COA_6M,22.24,5.0,420000,SCENARIO
2026-08-27,NEWCASTLE_AU_VIZAG,PANAMAX,COA_12M,22.87,8.0,840000,SCENARIO
2026-08-27,NEWCASTLE_AU_VIZAG,PANAMAX,SPOT,21.99,0.0,70000,SCENARIO
2026-08-27,NEWCASTLE_AU_VIZAG,PANAMAX,COA_3M,22.43,2.0,210000,SCENARIO
2026-08-27,NEWCASTLE_AU_VIZAG,PANAMAX,COA_6M,23.09,5.0,420000,SCENARIO
2026-08-27,NEWCASTLE_AU_VIZAG,PANAMAX,COA_12M,23.75,8.0,840000,SCENARIO
2026-08-27,NEWCASTLE_AU_VIZAG,SUPRAMAX,SPOT,25.25,0.0,50000,SCENARIO
2026-08-27,NEWCASTLE_AU_VIZAG,SUPRAMAX,COA_3M,25.75,2.0,150000,SCENARIO
2026-08-27,NEWCASTLE_AU_VIZAG,SUPRAMAX,COA_6M,26.51,5.0,300000,SCENARIO
2026-08-27,NEWCASTLE_AU_VIZAG,SUPRAMAX,COA_12M,27.27,8.0,600000,SCENARIO
2026-08-27,NORFOLK_US_PARADIP,HANDYSIZE,SPOT,53.72,0.0,32000,SCENARIO
2026-08-27,NORFOLK_US_PARADIP,HANDYSIZE,COA_3M,54.79,2.0,96000,SCENARIO
2026-08-27,NORFOLK_US_PARADIP,HANDYSIZE,COA_6M,56.41,5.0,192000,SCENARIO
2026-08-27,NORFOLK_US_PARADIP,HANDYSIZE,COA_12M,58.02,8.0,384000,SCENARIO
2026-08-27,NORFOLK_US_PARADIP,PANAMAX,SPOT,36.57,0.0,70000,SCENARIO
2026-08-27,NORFOLK_US_PARADIP,PANAMAX,COA_3M,37.3,2.0,210000,SCENARIO
2026-08-27,NORFOLK_US_PARADIP,PANAMAX,COA_6M,38.4,5.0,420000,SCENARIO
2026-08-27,NORFOLK_US_PARADIP,PANAMAX,COA_12M,39.5,8.0,840000,SCENARIO
2026-08-27,NORFOLK_US_PARADIP,PANAMAX,SPOT,37.87,0.0,70000,SCENARIO
2026-08-27,NORFOLK_US_PARADIP,PANAMAX,COA_3M,38.63,2.0,210000,SCENARIO
2026-08-27,NORFOLK_US_PARADIP,PANAMAX,COA_6M,39.76,5.0,420000,SCENARIO
2026-08-27,NORFOLK_US_PARADIP,PANAMAX,COA_12M,40.9,8.0,840000,SCENARIO
2026-08-27,NORFOLK_US_PARADIP,SUPRAMAX,SPOT,43.71,0.0,50000,SCENARIO
2026-08-27,NORFOLK_US_PARADIP,SUPRAMAX,COA_3M,44.58,2.0,150000,SCENARIO
2026-08-27,NORFOLK_US_PARADIP,SUPRAMAX,COA_6M,45.9,5.0,300000,SCENARIO
2026-08-27,NORFOLK_US_PARADIP,SUPRAMAX,COA_12M,47.21,8.0,600000,SCENARIO
2026-08-27,NORFOLK_US_VIZAG,HANDYSIZE,SPOT,53.03,0.0,32000,SCENARIO
2026-08-27,NORFOLK_US_VIZAG,HANDYSIZE,COA_3M,54.09,2.0,96000,SCENARIO
2026-08-27,NORFOLK_US_VIZAG,HANDYSIZE,COA_6M,55.68,5.0,192000,SCENARIO
2026-08-27,NORFOLK_US_VIZAG,HANDYSIZE,COA_12M,57.27,8.0,384000,SCENARIO
2026-08-27,NORFOLK_US_VIZAG,PANAMAX,SPOT,36.1,0.0,70000,SCENARIO
2026-08-27,NORFOLK_US_VIZAG,PANAMAX,COA_3M,36.82,2.0,210000,SCENARIO
2026-08-27,NORFOLK_US_VIZAG,PANAMAX,COA_6M,37.91,5.0,420000,SCENARIO
2026-08-27,NORFOLK_US_VIZAG,PANAMAX,COA_12M,38.99,8.0,840000,SCENARIO
2026-08-27,NORFOLK_US_VIZAG,PANAMAX,SPOT,37.39,0.0,70000,SCENARIO
2026-08-27,NORFOLK_US_VIZAG,PANAMAX,COA_3M,38.14,2.0,210000,SCENARIO
2026-08-27,NORFOLK_US_VIZAG,PANAMAX,COA_6M,39.26,5.0,420000,SCENARIO
2026-08-27,NORFOLK_US_VIZAG,PANAMAX,COA_12M,40.38,8.0,840000,SCENARIO
2026-08-27,NORFOLK_US_VIZAG,SUPRAMAX,SPOT,43.16,0.0,50000,SCENARIO
2026-08-27,NORFOLK_US_VIZAG,SUPRAMAX,COA_3M,44.02,2.0,150000,SCENARIO
2026-08-27,NORFOLK_US_VIZAG,SUPRAMAX,COA_6M,45.32,5.0,300000,SCENARIO
2026-08-27,NORFOLK_US_VIZAG,SUPRAMAX,COA_12M,46.61,8.0,600000,SCENARIO
2026-08-27,VOSTOCHNY_RU_PARADIP,HANDYSIZE,SPOT,29.87,0.0,32000,SCENARIO
2026-08-27,VOSTOCHNY_RU_PARADIP,HANDYSIZE,COA_3M,30.47,2.0,96000,SCENARIO
2026-08-27,VOSTOCHNY_RU_PARADIP,HANDYSIZE,COA_6M,31.36,5.0,192000,SCENARIO
2026-08-27,VOSTOCHNY_RU_PARADIP,HANDYSIZE,COA_12M,32.26,8.0,384000,SCENARIO
2026-08-27,VOSTOCHNY_RU_PARADIP,PANAMAX,SPOT,20.5,0.0,70000,SCENARIO
2026-08-27,VOSTOCHNY_RU_PARADIP,PANAMAX,COA_3M,20.91,2.0,210000,SCENARIO
2026-08-27,VOSTOCHNY_RU_PARADIP,PANAMAX,COA_6M,21.53,5.0,420000,SCENARIO
2026-08-27,VOSTOCHNY_RU_PARADIP,PANAMAX,COA_12M,22.14,8.0,840000,SCENARIO
2026-08-27,VOSTOCHNY_RU_PARADIP,PANAMAX,SPOT,21.29,0.0,70000,SCENARIO
2026-08-27,VOSTOCHNY_RU_PARADIP,PANAMAX,COA_3M,21.72,2.0,210000,SCENARIO
2026-08-27,VOSTOCHNY_RU_PARADIP,PANAMAX,COA_6M,22.35,5.0,420000,SCENARIO
2026-08-27,VOSTOCHNY_RU_PARADIP,PANAMAX,COA_12M,22.99,8.0,840000,SCENARIO
2026-08-27,VOSTOCHNY_RU_PARADIP,SUPRAMAX,SPOT,24.43,0.0,50000,SCENARIO
2026-08-27,VOSTOCHNY_RU_PARADIP,SUPRAMAX,COA_3M,24.92,2.0,150000,SCENARIO
2026-08-27,VOSTOCHNY_RU_PARADIP,SUPRAMAX,COA_6M,25.65,5.0,300000,SCENARIO
2026-08-27,VOSTOCHNY_RU_PARADIP,SUPRAMAX,COA_12M,26.38,8.0,600000,SCENARIO
2026-08-27,VOSTOCHNY_RU_VIZAG,HANDYSIZE,SPOT,29.66,0.0,32000,SCENARIO
2026-08-27,VOSTOCHNY_RU_VIZAG,HANDYSIZE,COA_3M,30.25,2.0,96000,SCENARIO
2026-08-27,VOSTOCHNY_RU_VIZAG,HANDYSIZE,COA_6M,31.14,5.0,192000,SCENARIO
2026-08-27,VOSTOCHNY_RU_VIZAG,HANDYSIZE,COA_12M,32.03,8.0,384000,SCENARIO
2026-08-27,VOSTOCHNY_RU_VIZAG,PANAMAX,SPOT,20.36,0.0,70000,SCENARIO
2026-08-27,VOSTOCHNY_RU_VIZAG,PANAMAX,COA_3M,20.77,2.0,210000,SCENARIO
2026-08-27,VOSTOCHNY_RU_VIZAG,PANAMAX,COA_6M,21.38,5.0,420000,SCENARIO
2026-08-27,VOSTOCHNY_RU_VIZAG,PANAMAX,COA_12M,21.99,8.0,840000,SCENARIO
2026-08-27,VOSTOCHNY_RU_VIZAG,PANAMAX,SPOT,21.15,0.0,70000,SCENARIO
2026-08-27,VOSTOCHNY_RU_VIZAG,PANAMAX,COA_3M,21.57,2.0,210000,SCENARIO
2026-08-27,VOSTOCHNY_RU_VIZAG,PANAMAX,COA_6M,22.21,5.0,420000,SCENARIO
2026-08-27,VOSTOCHNY_RU_VIZAG,PANAMAX,COA_12M,22.84,8.0,840000,SCENARIO
2026-08-27,VOSTOCHNY_RU_VIZAG,SUPRAMAX,SPOT,24.27,0.0,50000,SCENARIO
2026-08-27,VOSTOCHNY_RU_VIZAG,SUPRAMAX,COA_3M,24.76,2.0,150000,SCENARIO
2026-08-27,VOSTOCHNY_RU_VIZAG,SUPRAMAX,COA_6M,25.48,5.0,300000,SCENARIO
2026-08-27,VOSTOCHNY_RU_VIZAG,SUPRAMAX,COA_12M,26.21,8.0,600000,SCENARIO
2026-08-28,KALIMANTAN_ID_DHAMRA,HANDYSIZE,SPOT,16.08,0.0,32000,SCENARIO
2026-08-28,KALIMANTAN_ID_DHAMRA,HANDYSIZE,COA_3M,16.4,2.0,96000,SCENARIO
2026-08-28,KALIMANTAN_ID_DHAMRA,HANDYSIZE,COA_6M,16.88,5.0,192000,SCENARIO
2026-08-28,KALIMANTAN_ID_DHAMRA,HANDYSIZE,COA_12M,17.37,8.0,384000,SCENARIO
2026-08-28,KALIMANTAN_ID_DHAMRA,PANAMAX,SPOT,11.21,0.0,70000,SCENARIO
2026-08-28,KALIMANTAN_ID_DHAMRA,PANAMAX,COA_3M,11.43,2.0,210000,SCENARIO
2026-08-28,KALIMANTAN_ID_DHAMRA,PANAMAX,COA_6M,11.77,5.0,420000,SCENARIO
2026-08-28,KALIMANTAN_ID_DHAMRA,PANAMAX,COA_12M,12.11,8.0,840000,SCENARIO
2026-08-28,KALIMANTAN_ID_DHAMRA,PANAMAX,SPOT,11.7,0.0,70000,SCENARIO
2026-08-28,KALIMANTAN_ID_DHAMRA,PANAMAX,COA_3M,11.93,2.0,210000,SCENARIO
2026-08-28,KALIMANTAN_ID_DHAMRA,PANAMAX,COA_6M,12.29,5.0,420000,SCENARIO
2026-08-28,KALIMANTAN_ID_DHAMRA,PANAMAX,COA_12M,12.64,8.0,840000,SCENARIO
2026-08-28,KALIMANTAN_ID_DHAMRA,SUPRAMAX,SPOT,13.27,0.0,50000,SCENARIO
2026-08-28,KALIMANTAN_ID_DHAMRA,SUPRAMAX,COA_3M,13.54,2.0,150000,SCENARIO
2026-08-28,KALIMANTAN_ID_DHAMRA,SUPRAMAX,COA_6M,13.93,5.0,300000,SCENARIO
2026-08-28,KALIMANTAN_ID_DHAMRA,SUPRAMAX,COA_12M,14.33,8.0,600000,SCENARIO
2026-08-28,KALIMANTAN_ID_GANGAVARAM,HANDYSIZE,SPOT,15.54,0.0,32000,SCENARIO
2026-08-28,KALIMANTAN_ID_GANGAVARAM,HANDYSIZE,COA_3M,15.85,2.0,96000,SCENARIO
2026-08-28,KALIMANTAN_ID_GANGAVARAM,HANDYSIZE,COA_6M,16.32,5.0,192000,SCENARIO
2026-08-28,KALIMANTAN_ID_GANGAVARAM,HANDYSIZE,COA_12M,16.78,8.0,384000,SCENARIO
2026-08-28,KALIMANTAN_ID_GANGAVARAM,PANAMAX,SPOT,10.84,0.0,70000,SCENARIO
2026-08-28,KALIMANTAN_ID_GANGAVARAM,PANAMAX,COA_3M,11.06,2.0,210000,SCENARIO
2026-08-28,KALIMANTAN_ID_GANGAVARAM,PANAMAX,COA_6M,11.38,5.0,420000,SCENARIO
2026-08-28,KALIMANTAN_ID_GANGAVARAM,PANAMAX,COA_12M,11.71,8.0,840000,SCENARIO
2026-08-28,KALIMANTAN_ID_GANGAVARAM,PANAMAX,SPOT,11.33,0.0,70000,SCENARIO
2026-08-28,KALIMANTAN_ID_GANGAVARAM,PANAMAX,COA_3M,11.56,2.0,210000,SCENARIO
2026-08-28,KALIMANTAN_ID_GANGAVARAM,PANAMAX,COA_6M,11.9,5.0,420000,SCENARIO
2026-08-28,KALIMANTAN_ID_GANGAVARAM,PANAMAX,COA_12M,12.24,8.0,840000,SCENARIO
2026-08-28,KALIMANTAN_ID_GANGAVARAM,SUPRAMAX,SPOT,12.84,0.0,50000,SCENARIO
2026-08-28,KALIMANTAN_ID_GANGAVARAM,SUPRAMAX,COA_3M,13.1,2.0,150000,SCENARIO
2026-08-28,KALIMANTAN_ID_GANGAVARAM,SUPRAMAX,COA_6M,13.48,5.0,300000,SCENARIO
2026-08-28,KALIMANTAN_ID_GANGAVARAM,SUPRAMAX,COA_12M,13.87,8.0,600000,SCENARIO
2026-08-28,KALIMANTAN_ID_GOPALPUR,HANDYSIZE,SPOT,16.17,0.0,32000,SCENARIO
2026-08-28,KALIMANTAN_ID_GOPALPUR,HANDYSIZE,COA_3M,16.49,2.0,96000,SCENARIO
2026-08-28,KALIMANTAN_ID_GOPALPUR,HANDYSIZE,COA_6M,16.98,5.0,192000,SCENARIO
2026-08-28,KALIMANTAN_ID_GOPALPUR,HANDYSIZE,COA_12M,17.46,8.0,384000,SCENARIO
2026-08-28,KALIMANTAN_ID_GOPALPUR,PANAMAX,SPOT,11.77,0.0,70000,SCENARIO
2026-08-28,KALIMANTAN_ID_GOPALPUR,PANAMAX,COA_3M,12.01,2.0,210000,SCENARIO
2026-08-28,KALIMANTAN_ID_GOPALPUR,PANAMAX,COA_6M,12.36,5.0,420000,SCENARIO
2026-08-28,KALIMANTAN_ID_GOPALPUR,PANAMAX,COA_12M,12.71,8.0,840000,SCENARIO
2026-08-28,KALIMANTAN_ID_GOPALPUR,SUPRAMAX,SPOT,13.36,0.0,50000,SCENARIO
2026-08-28,KALIMANTAN_ID_GOPALPUR,SUPRAMAX,COA_3M,13.63,2.0,150000,SCENARIO
2026-08-28,KALIMANTAN_ID_GOPALPUR,SUPRAMAX,COA_6M,14.03,5.0,300000,SCENARIO
2026-08-28,KALIMANTAN_ID_GOPALPUR,SUPRAMAX,COA_12M,14.43,8.0,600000,SCENARIO
2026-08-28,KALIMANTAN_ID_PARADIP,HANDYSIZE,SPOT,16.25,0.0,32000,SCENARIO
2026-08-28,KALIMANTAN_ID_PARADIP,HANDYSIZE,COA_3M,16.57,2.0,96000,SCENARIO
2026-08-28,KALIMANTAN_ID_PARADIP,HANDYSIZE,COA_6M,17.06,5.0,192000,SCENARIO
2026-08-28,KALIMANTAN_ID_PARADIP,HANDYSIZE,COA_12M,17.55,8.0,384000,SCENARIO
2026-08-28,KALIMANTAN_ID_PARADIP,PANAMAX,SPOT,11.32,0.0,70000,SCENARIO
2026-08-28,KALIMANTAN_ID_PARADIP,PANAMAX,COA_3M,11.55,2.0,210000,SCENARIO
2026-08-28,KALIMANTAN_ID_PARADIP,PANAMAX,COA_6M,11.89,5.0,420000,SCENARIO
2026-08-28,KALIMANTAN_ID_PARADIP,PANAMAX,COA_12M,12.23,8.0,840000,SCENARIO
2026-08-28,KALIMANTAN_ID_PARADIP,PANAMAX,SPOT,11.82,0.0,70000,SCENARIO
2026-08-28,KALIMANTAN_ID_PARADIP,PANAMAX,COA_3M,12.06,2.0,210000,SCENARIO
2026-08-28,KALIMANTAN_ID_PARADIP,PANAMAX,COA_6M,12.41,5.0,420000,SCENARIO
2026-08-28,KALIMANTAN_ID_PARADIP,PANAMAX,COA_12M,12.77,8.0,840000,SCENARIO
2026-08-28,KALIMANTAN_ID_PARADIP,SUPRAMAX,SPOT,13.42,0.0,50000,SCENARIO
2026-08-28,KALIMANTAN_ID_PARADIP,SUPRAMAX,COA_3M,13.69,2.0,150000,SCENARIO
2026-08-28,KALIMANTAN_ID_PARADIP,SUPRAMAX,COA_6M,14.09,5.0,300000,SCENARIO
2026-08-28,KALIMANTAN_ID_PARADIP,SUPRAMAX,COA_12M,14.49,8.0,600000,SCENARIO
2026-08-28,KALIMANTAN_ID_SANDHEADS,HANDYSIZE,SPOT,17.06,0.0,32000,SCENARIO
2026-08-28,KALIMANTAN_ID_SANDHEADS,HANDYSIZE,COA_3M,17.4,2.0,96000,SCENARIO
2026-08-28,KALIMANTAN_ID_SANDHEADS,HANDYSIZE,COA_6M,17.91,5.0,192000,SCENARIO
2026-08-28,KALIMANTAN_ID_SANDHEADS,HANDYSIZE,COA_12M,18.42,8.0,384000,SCENARIO
2026-08-28,KALIMANTAN_ID_SANDHEADS,PANAMAX,SPOT,11.87,0.0,70000,SCENARIO
2026-08-28,KALIMANTAN_ID_SANDHEADS,PANAMAX,COA_3M,12.11,2.0,210000,SCENARIO
2026-08-28,KALIMANTAN_ID_SANDHEADS,PANAMAX,COA_6M,12.46,5.0,420000,SCENARIO
2026-08-28,KALIMANTAN_ID_SANDHEADS,PANAMAX,COA_12M,12.82,8.0,840000,SCENARIO
2026-08-28,KALIMANTAN_ID_SANDHEADS,PANAMAX,SPOT,12.39,0.0,70000,SCENARIO
2026-08-28,KALIMANTAN_ID_SANDHEADS,PANAMAX,COA_3M,12.64,2.0,210000,SCENARIO
2026-08-28,KALIMANTAN_ID_SANDHEADS,PANAMAX,COA_6M,13.01,5.0,420000,SCENARIO
2026-08-28,KALIMANTAN_ID_SANDHEADS,PANAMAX,COA_12M,13.38,8.0,840000,SCENARIO
2026-08-28,KALIMANTAN_ID_SANDHEADS,SUPRAMAX,SPOT,14.09,0.0,50000,SCENARIO
2026-08-28,KALIMANTAN_ID_SANDHEADS,SUPRAMAX,COA_3M,14.37,2.0,150000,SCENARIO
2026-08-28,KALIMANTAN_ID_SANDHEADS,SUPRAMAX,COA_6M,14.79,5.0,300000,SCENARIO
2026-08-28,KALIMANTAN_ID_SANDHEADS,SUPRAMAX,COA_12M,15.22,8.0,600000,SCENARIO
2026-08-28,KALIMANTAN_ID_VIZAG,HANDYSIZE,SPOT,16.04,0.0,32000,SCENARIO
2026-08-28,KALIMANTAN_ID_VIZAG,HANDYSIZE,COA_3M,16.36,2.0,96000,SCENARIO
2026-08-28,KALIMANTAN_ID_VIZAG,HANDYSIZE,COA_6M,16.84,5.0,192000,SCENARIO
2026-08-28,KALIMANTAN_ID_VIZAG,HANDYSIZE,COA_12M,17.32,8.0,384000,SCENARIO
2026-08-28,KALIMANTAN_ID_VIZAG,PANAMAX,SPOT,11.18,0.0,70000,SCENARIO
2026-08-28,KALIMANTAN_ID_VIZAG,PANAMAX,COA_3M,11.4,2.0,210000,SCENARIO
2026-08-28,KALIMANTAN_ID_VIZAG,PANAMAX,COA_6M,11.74,5.0,420000,SCENARIO
2026-08-28,KALIMANTAN_ID_VIZAG,PANAMAX,COA_12M,12.07,8.0,840000,SCENARIO
2026-08-28,KALIMANTAN_ID_VIZAG,PANAMAX,SPOT,11.67,0.0,70000,SCENARIO
2026-08-28,KALIMANTAN_ID_VIZAG,PANAMAX,COA_3M,11.9,2.0,210000,SCENARIO
2026-08-28,KALIMANTAN_ID_VIZAG,PANAMAX,COA_6M,12.25,5.0,420000,SCENARIO
2026-08-28,KALIMANTAN_ID_VIZAG,PANAMAX,COA_12M,12.6,8.0,840000,SCENARIO
2026-08-28,KALIMANTAN_ID_VIZAG,SUPRAMAX,SPOT,13.26,0.0,50000,SCENARIO
2026-08-28,KALIMANTAN_ID_VIZAG,SUPRAMAX,COA_3M,13.53,2.0,150000,SCENARIO
2026-08-28,KALIMANTAN_ID_VIZAG,SUPRAMAX,COA_6M,13.92,5.0,300000,SCENARIO
2026-08-28,KALIMANTAN_ID_VIZAG,SUPRAMAX,COA_12M,14.32,8.0,600000,SCENARIO
2026-08-28,MAPUTO_MZ_PARADIP,HANDYSIZE,SPOT,23.11,0.0,32000,SCENARIO
2026-08-28,MAPUTO_MZ_PARADIP,HANDYSIZE,COA_3M,23.57,2.0,96000,SCENARIO
2026-08-28,MAPUTO_MZ_PARADIP,HANDYSIZE,COA_6M,24.27,5.0,192000,SCENARIO
2026-08-28,MAPUTO_MZ_PARADIP,HANDYSIZE,COA_12M,24.96,8.0,384000,SCENARIO
2026-08-28,MAPUTO_MZ_PARADIP,PANAMAX,SPOT,15.94,0.0,70000,SCENARIO
2026-08-28,MAPUTO_MZ_PARADIP,PANAMAX,COA_3M,16.26,2.0,210000,SCENARIO
2026-08-28,MAPUTO_MZ_PARADIP,PANAMAX,COA_6M,16.74,5.0,420000,SCENARIO
2026-08-28,MAPUTO_MZ_PARADIP,PANAMAX,COA_12M,17.22,8.0,840000,SCENARIO
2026-08-28,MAPUTO_MZ_PARADIP,PANAMAX,SPOT,16.58,0.0,70000,SCENARIO
2026-08-28,MAPUTO_MZ_PARADIP,PANAMAX,COA_3M,16.91,2.0,210000,SCENARIO
2026-08-28,MAPUTO_MZ_PARADIP,PANAMAX,COA_6M,17.41,5.0,420000,SCENARIO
2026-08-28,MAPUTO_MZ_PARADIP,PANAMAX,COA_12M,17.91,8.0,840000,SCENARIO
2026-08-28,MAPUTO_MZ_PARADIP,SUPRAMAX,SPOT,18.96,0.0,50000,SCENARIO
2026-08-28,MAPUTO_MZ_PARADIP,SUPRAMAX,COA_3M,19.34,2.0,150000,SCENARIO
2026-08-28,MAPUTO_MZ_PARADIP,SUPRAMAX,COA_6M,19.91,5.0,300000,SCENARIO
2026-08-28,MAPUTO_MZ_PARADIP,SUPRAMAX,COA_12M,20.48,8.0,600000,SCENARIO
2026-08-28,MAPUTO_MZ_VIZAG,HANDYSIZE,SPOT,22.4,0.0,32000,SCENARIO
2026-08-28,MAPUTO_MZ_VIZAG,HANDYSIZE,COA_3M,22.85,2.0,96000,SCENARIO
2026-08-28,MAPUTO_MZ_VIZAG,HANDYSIZE,COA_6M,23.52,5.0,192000,SCENARIO
2026-08-28,MAPUTO_MZ_VIZAG,HANDYSIZE,COA_12M,24.19,8.0,384000,SCENARIO
2026-08-28,MAPUTO_MZ_VIZAG,PANAMAX,SPOT,15.46,0.0,70000,SCENARIO
2026-08-28,MAPUTO_MZ_VIZAG,PANAMAX,COA_3M,15.77,2.0,210000,SCENARIO
2026-08-28,MAPUTO_MZ_VIZAG,PANAMAX,COA_6M,16.23,5.0,420000,SCENARIO
2026-08-28,MAPUTO_MZ_VIZAG,PANAMAX,COA_12M,16.7,8.0,840000,SCENARIO
2026-08-28,MAPUTO_MZ_VIZAG,PANAMAX,SPOT,16.09,0.0,70000,SCENARIO
2026-08-28,MAPUTO_MZ_VIZAG,PANAMAX,COA_3M,16.41,2.0,210000,SCENARIO
2026-08-28,MAPUTO_MZ_VIZAG,PANAMAX,COA_6M,16.89,5.0,420000,SCENARIO
2026-08-28,MAPUTO_MZ_VIZAG,PANAMAX,COA_12M,17.38,8.0,840000,SCENARIO
2026-08-28,MAPUTO_MZ_VIZAG,SUPRAMAX,SPOT,18.4,0.0,50000,SCENARIO
2026-08-28,MAPUTO_MZ_VIZAG,SUPRAMAX,COA_3M,18.77,2.0,150000,SCENARIO
2026-08-28,MAPUTO_MZ_VIZAG,SUPRAMAX,COA_6M,19.32,5.0,300000,SCENARIO
2026-08-28,MAPUTO_MZ_VIZAG,SUPRAMAX,COA_12M,19.87,8.0,600000,SCENARIO
2026-08-28,NEWCASTLE_AU_DHAMRA,HANDYSIZE,SPOT,31.45,0.0,32000,SCENARIO
2026-08-28,NEWCASTLE_AU_DHAMRA,HANDYSIZE,COA_3M,32.08,2.0,96000,SCENARIO
2026-08-28,NEWCASTLE_AU_DHAMRA,HANDYSIZE,COA_6M,33.02,5.0,192000,SCENARIO
2026-08-28,NEWCASTLE_AU_DHAMRA,HANDYSIZE,COA_12M,33.97,8.0,384000,SCENARIO
2026-08-28,NEWCASTLE_AU_DHAMRA,PANAMAX,SPOT,21.56,0.0,70000,SCENARIO
2026-08-28,NEWCASTLE_AU_DHAMRA,PANAMAX,COA_3M,21.99,2.0,210000,SCENARIO
2026-08-28,NEWCASTLE_AU_DHAMRA,PANAMAX,COA_6M,22.64,5.0,420000,SCENARIO
2026-08-28,NEWCASTLE_AU_DHAMRA,PANAMAX,COA_12M,23.28,8.0,840000,SCENARIO
2026-08-28,NEWCASTLE_AU_DHAMRA,PANAMAX,SPOT,22.38,0.0,70000,SCENARIO
2026-08-28,NEWCASTLE_AU_DHAMRA,PANAMAX,COA_3M,22.83,2.0,210000,SCENARIO
2026-08-28,NEWCASTLE_AU_DHAMRA,PANAMAX,COA_6M,23.5,5.0,420000,SCENARIO
2026-08-28,NEWCASTLE_AU_DHAMRA,PANAMAX,COA_12M,24.17,8.0,840000,SCENARIO
2026-08-28,NEWCASTLE_AU_DHAMRA,SUPRAMAX,SPOT,25.7,0.0,50000,SCENARIO
2026-08-28,NEWCASTLE_AU_DHAMRA,SUPRAMAX,COA_3M,26.21,2.0,150000,SCENARIO
2026-08-28,NEWCASTLE_AU_DHAMRA,SUPRAMAX,COA_6M,26.98,5.0,300000,SCENARIO
2026-08-28,NEWCASTLE_AU_DHAMRA,SUPRAMAX,COA_12M,27.76,8.0,600000,SCENARIO
2026-08-28,NEWCASTLE_AU_GANGAVARAM,HANDYSIZE,SPOT,31.13,0.0,32000,SCENARIO
2026-08-28,NEWCASTLE_AU_GANGAVARAM,HANDYSIZE,COA_3M,31.75,2.0,96000,SCENARIO
2026-08-28,NEWCASTLE_AU_GANGAVARAM,HANDYSIZE,COA_6M,32.69,5.0,192000,SCENARIO
2026-08-28,NEWCASTLE_AU_GANGAVARAM,HANDYSIZE,COA_12M,33.62,8.0,384000,SCENARIO
2026-08-28,NEWCASTLE_AU_GANGAVARAM,PANAMAX,SPOT,21.35,0.0,70000,SCENARIO
2026-08-28,NEWCASTLE_AU_GANGAVARAM,PANAMAX,COA_3M,21.78,2.0,210000,SCENARIO
2026-08-28,NEWCASTLE_AU_GANGAVARAM,PANAMAX,COA_6M,22.42,5.0,420000,SCENARIO
2026-08-28,NEWCASTLE_AU_GANGAVARAM,PANAMAX,COA_12M,23.06,8.0,840000,SCENARIO
2026-08-28,NEWCASTLE_AU_GANGAVARAM,PANAMAX,SPOT,22.16,0.0,70000,SCENARIO
2026-08-28,NEWCASTLE_AU_GANGAVARAM,PANAMAX,COA_3M,22.6,2.0,210000,SCENARIO
2026-08-28,NEWCASTLE_AU_GANGAVARAM,PANAMAX,COA_6M,23.27,5.0,420000,SCENARIO
2026-08-28,NEWCASTLE_AU_GANGAVARAM,PANAMAX,COA_12M,23.93,8.0,840000,SCENARIO
2026-08-28,NEWCASTLE_AU_GANGAVARAM,SUPRAMAX,SPOT,25.45,0.0,50000,SCENARIO
2026-08-28,NEWCASTLE_AU_GANGAVARAM,SUPRAMAX,COA_3M,25.96,2.0,150000,SCENARIO
2026-08-28,NEWCASTLE_AU_GANGAVARAM,SUPRAMAX,COA_6M,26.72,5.0,300000,SCENARIO
2026-08-28,NEWCASTLE_AU_GANGAVARAM,SUPRAMAX,COA_12M,27.49,8.0,600000,SCENARIO
2026-08-28,NEWCASTLE_AU_GOPALPUR,HANDYSIZE,SPOT,31.64,0.0,32000,SCENARIO
2026-08-28,NEWCASTLE_AU_GOPALPUR,HANDYSIZE,COA_3M,32.27,2.0,96000,SCENARIO
2026-08-28,NEWCASTLE_AU_GOPALPUR,HANDYSIZE,COA_6M,33.22,5.0,192000,SCENARIO
2026-08-28,NEWCASTLE_AU_GOPALPUR,HANDYSIZE,COA_12M,34.17,8.0,384000,SCENARIO
2026-08-28,NEWCASTLE_AU_GOPALPUR,PANAMAX,SPOT,22.51,0.0,70000,SCENARIO
2026-08-28,NEWCASTLE_AU_GOPALPUR,PANAMAX,COA_3M,22.96,2.0,210000,SCENARIO
2026-08-28,NEWCASTLE_AU_GOPALPUR,PANAMAX,COA_6M,23.64,5.0,420000,SCENARIO
2026-08-28,NEWCASTLE_AU_GOPALPUR,PANAMAX,COA_12M,24.31,8.0,840000,SCENARIO
2026-08-28,NEWCASTLE_AU_GOPALPUR,SUPRAMAX,SPOT,25.87,0.0,50000,SCENARIO
2026-08-28,NEWCASTLE_AU_GOPALPUR,SUPRAMAX,COA_3M,26.39,2.0,150000,SCENARIO
2026-08-28,NEWCASTLE_AU_GOPALPUR,SUPRAMAX,COA_6M,27.16,5.0,300000,SCENARIO
2026-08-28,NEWCASTLE_AU_GOPALPUR,SUPRAMAX,COA_12M,27.94,8.0,600000,SCENARIO
2026-08-28,NEWCASTLE_AU_PARADIP,HANDYSIZE,SPOT,31.59,0.0,32000,SCENARIO
2026-08-28,NEWCASTLE_AU_PARADIP,HANDYSIZE,COA_3M,32.22,2.0,96000,SCENARIO
2026-08-28,NEWCASTLE_AU_PARADIP,HANDYSIZE,COA_6M,33.17,5.0,192000,SCENARIO
2026-08-28,NEWCASTLE_AU_PARADIP,HANDYSIZE,COA_12M,34.12,8.0,384000,SCENARIO
2026-08-28,NEWCASTLE_AU_PARADIP,PANAMAX,SPOT,21.65,0.0,70000,SCENARIO
2026-08-28,NEWCASTLE_AU_PARADIP,PANAMAX,COA_3M,22.08,2.0,210000,SCENARIO
2026-08-28,NEWCASTLE_AU_PARADIP,PANAMAX,COA_6M,22.73,5.0,420000,SCENARIO
2026-08-28,NEWCASTLE_AU_PARADIP,PANAMAX,COA_12M,23.38,8.0,840000,SCENARIO
2026-08-28,NEWCASTLE_AU_PARADIP,PANAMAX,SPOT,22.48,0.0,70000,SCENARIO
2026-08-28,NEWCASTLE_AU_PARADIP,PANAMAX,COA_3M,22.93,2.0,210000,SCENARIO
2026-08-28,NEWCASTLE_AU_PARADIP,PANAMAX,COA_6M,23.6,5.0,420000,SCENARIO
2026-08-28,NEWCASTLE_AU_PARADIP,PANAMAX,COA_12M,24.28,8.0,840000,SCENARIO
2026-08-28,NEWCASTLE_AU_PARADIP,SUPRAMAX,SPOT,25.82,0.0,50000,SCENARIO
2026-08-28,NEWCASTLE_AU_PARADIP,SUPRAMAX,COA_3M,26.34,2.0,150000,SCENARIO
2026-08-28,NEWCASTLE_AU_PARADIP,SUPRAMAX,COA_6M,27.11,5.0,300000,SCENARIO
2026-08-28,NEWCASTLE_AU_PARADIP,SUPRAMAX,COA_12M,27.89,8.0,600000,SCENARIO
2026-08-28,NEWCASTLE_AU_SANDHEADS,HANDYSIZE,SPOT,32.38,0.0,32000,SCENARIO
2026-08-28,NEWCASTLE_AU_SANDHEADS,HANDYSIZE,COA_3M,33.03,2.0,96000,SCENARIO
2026-08-28,NEWCASTLE_AU_SANDHEADS,HANDYSIZE,COA_6M,34.0,5.0,192000,SCENARIO
2026-08-28,NEWCASTLE_AU_SANDHEADS,HANDYSIZE,COA_12M,34.97,8.0,384000,SCENARIO
2026-08-28,NEWCASTLE_AU_SANDHEADS,PANAMAX,SPOT,22.18,0.0,70000,SCENARIO
2026-08-28,NEWCASTLE_AU_SANDHEADS,PANAMAX,COA_3M,22.62,2.0,210000,SCENARIO
2026-08-28,NEWCASTLE_AU_SANDHEADS,PANAMAX,COA_6M,23.29,5.0,420000,SCENARIO
2026-08-28,NEWCASTLE_AU_SANDHEADS,PANAMAX,COA_12M,23.95,8.0,840000,SCENARIO
2026-08-28,NEWCASTLE_AU_SANDHEADS,PANAMAX,SPOT,23.03,0.0,70000,SCENARIO
2026-08-28,NEWCASTLE_AU_SANDHEADS,PANAMAX,COA_3M,23.49,2.0,210000,SCENARIO
2026-08-28,NEWCASTLE_AU_SANDHEADS,PANAMAX,COA_6M,24.18,5.0,420000,SCENARIO
2026-08-28,NEWCASTLE_AU_SANDHEADS,PANAMAX,COA_12M,24.87,8.0,840000,SCENARIO
2026-08-28,NEWCASTLE_AU_SANDHEADS,SUPRAMAX,SPOT,26.48,0.0,50000,SCENARIO
2026-08-28,NEWCASTLE_AU_SANDHEADS,SUPRAMAX,COA_3M,27.01,2.0,150000,SCENARIO
2026-08-28,NEWCASTLE_AU_SANDHEADS,SUPRAMAX,COA_6M,27.8,5.0,300000,SCENARIO
2026-08-28,NEWCASTLE_AU_SANDHEADS,SUPRAMAX,COA_12M,28.6,8.0,600000,SCENARIO
2026-08-28,NEWCASTLE_AU_VIZAG,HANDYSIZE,SPOT,31.63,0.0,32000,SCENARIO
2026-08-28,NEWCASTLE_AU_VIZAG,HANDYSIZE,COA_3M,32.26,2.0,96000,SCENARIO
2026-08-28,NEWCASTLE_AU_VIZAG,HANDYSIZE,COA_6M,33.21,5.0,192000,SCENARIO
2026-08-28,NEWCASTLE_AU_VIZAG,HANDYSIZE,COA_12M,34.16,8.0,384000,SCENARIO
2026-08-28,NEWCASTLE_AU_VIZAG,PANAMAX,SPOT,21.68,0.0,70000,SCENARIO
2026-08-28,NEWCASTLE_AU_VIZAG,PANAMAX,COA_3M,22.11,2.0,210000,SCENARIO
2026-08-28,NEWCASTLE_AU_VIZAG,PANAMAX,COA_6M,22.76,5.0,420000,SCENARIO
2026-08-28,NEWCASTLE_AU_VIZAG,PANAMAX,COA_12M,23.41,8.0,840000,SCENARIO
2026-08-28,NEWCASTLE_AU_VIZAG,PANAMAX,SPOT,22.51,0.0,70000,SCENARIO
2026-08-28,NEWCASTLE_AU_VIZAG,PANAMAX,COA_3M,22.96,2.0,210000,SCENARIO
2026-08-28,NEWCASTLE_AU_VIZAG,PANAMAX,COA_6M,23.64,5.0,420000,SCENARIO
2026-08-28,NEWCASTLE_AU_VIZAG,PANAMAX,COA_12M,24.31,8.0,840000,SCENARIO
2026-08-28,NEWCASTLE_AU_VIZAG,SUPRAMAX,SPOT,25.86,0.0,50000,SCENARIO
2026-08-28,NEWCASTLE_AU_VIZAG,SUPRAMAX,COA_3M,26.38,2.0,150000,SCENARIO
2026-08-28,NEWCASTLE_AU_VIZAG,SUPRAMAX,COA_6M,27.15,5.0,300000,SCENARIO
2026-08-28,NEWCASTLE_AU_VIZAG,SUPRAMAX,COA_12M,27.93,8.0,600000,SCENARIO
2026-08-28,NORFOLK_US_PARADIP,HANDYSIZE,SPOT,55.03,0.0,32000,SCENARIO
2026-08-28,NORFOLK_US_PARADIP,HANDYSIZE,COA_3M,56.13,2.0,96000,SCENARIO
2026-08-28,NORFOLK_US_PARADIP,HANDYSIZE,COA_6M,57.78,5.0,192000,SCENARIO
2026-08-28,NORFOLK_US_PARADIP,HANDYSIZE,COA_12M,59.43,8.0,384000,SCENARIO
2026-08-28,NORFOLK_US_PARADIP,PANAMAX,SPOT,37.45,0.0,70000,SCENARIO
2026-08-28,NORFOLK_US_PARADIP,PANAMAX,COA_3M,38.2,2.0,210000,SCENARIO
2026-08-28,NORFOLK_US_PARADIP,PANAMAX,COA_6M,39.32,5.0,420000,SCENARIO
2026-08-28,NORFOLK_US_PARADIP,PANAMAX,COA_12M,40.45,8.0,840000,SCENARIO
2026-08-28,NORFOLK_US_PARADIP,PANAMAX,SPOT,38.77,0.0,70000,SCENARIO
2026-08-28,NORFOLK_US_PARADIP,PANAMAX,COA_3M,39.55,2.0,210000,SCENARIO
2026-08-28,NORFOLK_US_PARADIP,PANAMAX,COA_6M,40.71,5.0,420000,SCENARIO
2026-08-28,NORFOLK_US_PARADIP,PANAMAX,COA_12M,41.87,8.0,840000,SCENARIO
2026-08-28,NORFOLK_US_PARADIP,SUPRAMAX,SPOT,44.78,0.0,50000,SCENARIO
2026-08-28,NORFOLK_US_PARADIP,SUPRAMAX,COA_3M,45.68,2.0,150000,SCENARIO
2026-08-28,NORFOLK_US_PARADIP,SUPRAMAX,COA_6M,47.02,5.0,300000,SCENARIO
2026-08-28,NORFOLK_US_PARADIP,SUPRAMAX,COA_12M,48.36,8.0,600000,SCENARIO
2026-08-28,NORFOLK_US_VIZAG,HANDYSIZE,SPOT,54.32,0.0,32000,SCENARIO
2026-08-28,NORFOLK_US_VIZAG,HANDYSIZE,COA_3M,55.41,2.0,96000,SCENARIO
2026-08-28,NORFOLK_US_VIZAG,HANDYSIZE,COA_6M,57.04,5.0,192000,SCENARIO
2026-08-28,NORFOLK_US_VIZAG,HANDYSIZE,COA_12M,58.67,8.0,384000,SCENARIO
2026-08-28,NORFOLK_US_VIZAG,PANAMAX,SPOT,36.97,0.0,70000,SCENARIO
2026-08-28,NORFOLK_US_VIZAG,PANAMAX,COA_3M,37.71,2.0,210000,SCENARIO
2026-08-28,NORFOLK_US_VIZAG,PANAMAX,COA_6M,38.82,5.0,420000,SCENARIO
2026-08-28,NORFOLK_US_VIZAG,PANAMAX,COA_12M,39.93,8.0,840000,SCENARIO
2026-08-28,NORFOLK_US_VIZAG,PANAMAX,SPOT,38.28,0.0,70000,SCENARIO
2026-08-28,NORFOLK_US_VIZAG,PANAMAX,COA_3M,39.05,2.0,210000,SCENARIO
2026-08-28,NORFOLK_US_VIZAG,PANAMAX,COA_6M,40.19,5.0,420000,SCENARIO
2026-08-28,NORFOLK_US_VIZAG,PANAMAX,COA_12M,41.34,8.0,840000,SCENARIO
2026-08-28,NORFOLK_US_VIZAG,SUPRAMAX,SPOT,44.22,0.0,50000,SCENARIO
2026-08-28,NORFOLK_US_VIZAG,SUPRAMAX,COA_3M,45.1,2.0,150000,SCENARIO
2026-08-28,NORFOLK_US_VIZAG,SUPRAMAX,COA_6M,46.43,5.0,300000,SCENARIO
2026-08-28,NORFOLK_US_VIZAG,SUPRAMAX,COA_12M,47.76,8.0,600000,SCENARIO
2026-08-28,VOSTOCHNY_RU_PARADIP,HANDYSIZE,SPOT,30.59,0.0,32000,SCENARIO
2026-08-28,VOSTOCHNY_RU_PARADIP,HANDYSIZE,COA_3M,31.2,2.0,96000,SCENARIO
2026-08-28,VOSTOCHNY_RU_PARADIP,HANDYSIZE,COA_6M,32.12,5.0,192000,SCENARIO
2026-08-28,VOSTOCHNY_RU_PARADIP,HANDYSIZE,COA_12M,33.04,8.0,384000,SCENARIO
2026-08-28,VOSTOCHNY_RU_PARADIP,PANAMAX,SPOT,20.98,0.0,70000,SCENARIO
2026-08-28,VOSTOCHNY_RU_PARADIP,PANAMAX,COA_3M,21.4,2.0,210000,SCENARIO
2026-08-28,VOSTOCHNY_RU_PARADIP,PANAMAX,COA_6M,22.03,5.0,420000,SCENARIO
2026-08-28,VOSTOCHNY_RU_PARADIP,PANAMAX,COA_12M,22.66,8.0,840000,SCENARIO
2026-08-28,VOSTOCHNY_RU_PARADIP,PANAMAX,SPOT,21.79,0.0,70000,SCENARIO
2026-08-28,VOSTOCHNY_RU_PARADIP,PANAMAX,COA_3M,22.23,2.0,210000,SCENARIO
2026-08-28,VOSTOCHNY_RU_PARADIP,PANAMAX,COA_6M,22.88,5.0,420000,SCENARIO
2026-08-28,VOSTOCHNY_RU_PARADIP,PANAMAX,COA_12M,23.53,8.0,840000,SCENARIO
2026-08-28,VOSTOCHNY_RU_PARADIP,SUPRAMAX,SPOT,25.02,0.0,50000,SCENARIO
2026-08-28,VOSTOCHNY_RU_PARADIP,SUPRAMAX,COA_3M,25.52,2.0,150000,SCENARIO
2026-08-28,VOSTOCHNY_RU_PARADIP,SUPRAMAX,COA_6M,26.27,5.0,300000,SCENARIO
2026-08-28,VOSTOCHNY_RU_PARADIP,SUPRAMAX,COA_12M,27.02,8.0,600000,SCENARIO
2026-08-28,VOSTOCHNY_RU_VIZAG,HANDYSIZE,SPOT,30.38,0.0,32000,SCENARIO
2026-08-28,VOSTOCHNY_RU_VIZAG,HANDYSIZE,COA_3M,30.99,2.0,96000,SCENARIO
2026-08-28,VOSTOCHNY_RU_VIZAG,HANDYSIZE,COA_6M,31.9,5.0,192000,SCENARIO
2026-08-28,VOSTOCHNY_RU_VIZAG,HANDYSIZE,COA_12M,32.81,8.0,384000,SCENARIO
2026-08-28,VOSTOCHNY_RU_VIZAG,PANAMAX,SPOT,20.84,0.0,70000,SCENARIO
2026-08-28,VOSTOCHNY_RU_VIZAG,PANAMAX,COA_3M,21.26,2.0,210000,SCENARIO
2026-08-28,VOSTOCHNY_RU_VIZAG,PANAMAX,COA_6M,21.88,5.0,420000,SCENARIO
2026-08-28,VOSTOCHNY_RU_VIZAG,PANAMAX,COA_12M,22.51,8.0,840000,SCENARIO
2026-08-28,VOSTOCHNY_RU_VIZAG,PANAMAX,SPOT,21.64,0.0,70000,SCENARIO
2026-08-28,VOSTOCHNY_RU_VIZAG,PANAMAX,COA_3M,22.07,2.0,210000,SCENARIO
2026-08-28,VOSTOCHNY_RU_VIZAG,PANAMAX,COA_6M,22.72,5.0,420000,SCENARIO
2026-08-28,VOSTOCHNY_RU_VIZAG,PANAMAX,COA_12M,23.37,8.0,840000,SCENARIO
2026-08-28,VOSTOCHNY_RU_VIZAG,SUPRAMAX,SPOT,24.85,0.0,50000,SCENARIO
2026-08-28,VOSTOCHNY_RU_VIZAG,SUPRAMAX,COA_3M,25.35,2.0,150000,SCENARIO
2026-08-28,VOSTOCHNY_RU_VIZAG,SUPRAMAX,COA_6M,26.09,5.0,300000,SCENARIO
2026-08-28,VOSTOCHNY_RU_VIZAG,SUPRAMAX,COA_12M,26.84,8.0,600000,SCENARIO
2026-08-31,KALIMANTAN_ID_DHAMRA,HANDYSIZE,SPOT,16.14,0.0,32000,SCENARIO
2026-08-31,KALIMANTAN_ID_DHAMRA,HANDYSIZE,COA_3M,16.46,2.0,96000,SCENARIO
2026-08-31,KALIMANTAN_ID_DHAMRA,HANDYSIZE,COA_6M,16.95,5.0,192000,SCENARIO
2026-08-31,KALIMANTAN_ID_DHAMRA,HANDYSIZE,COA_12M,17.43,8.0,384000,SCENARIO
2026-08-31,KALIMANTAN_ID_DHAMRA,PANAMAX,SPOT,11.25,0.0,70000,SCENARIO
2026-08-31,KALIMANTAN_ID_DHAMRA,PANAMAX,COA_3M,11.47,2.0,210000,SCENARIO
2026-08-31,KALIMANTAN_ID_DHAMRA,PANAMAX,COA_6M,11.81,5.0,420000,SCENARIO
2026-08-31,KALIMANTAN_ID_DHAMRA,PANAMAX,COA_12M,12.15,8.0,840000,SCENARIO
2026-08-31,KALIMANTAN_ID_DHAMRA,PANAMAX,SPOT,11.74,0.0,70000,SCENARIO
2026-08-31,KALIMANTAN_ID_DHAMRA,PANAMAX,COA_3M,11.97,2.0,210000,SCENARIO
2026-08-31,KALIMANTAN_ID_DHAMRA,PANAMAX,COA_6M,12.33,5.0,420000,SCENARIO
2026-08-31,KALIMANTAN_ID_DHAMRA,PANAMAX,COA_12M,12.68,8.0,840000,SCENARIO
2026-08-31,KALIMANTAN_ID_DHAMRA,SUPRAMAX,SPOT,13.32,0.0,50000,SCENARIO
2026-08-31,KALIMANTAN_ID_DHAMRA,SUPRAMAX,COA_3M,13.59,2.0,150000,SCENARIO
2026-08-31,KALIMANTAN_ID_DHAMRA,SUPRAMAX,COA_6M,13.99,5.0,300000,SCENARIO
2026-08-31,KALIMANTAN_ID_DHAMRA,SUPRAMAX,COA_12M,14.39,8.0,600000,SCENARIO
2026-08-31,KALIMANTAN_ID_GANGAVARAM,HANDYSIZE,SPOT,15.6,0.0,32000,SCENARIO
2026-08-31,KALIMANTAN_ID_GANGAVARAM,HANDYSIZE,COA_3M,15.91,2.0,96000,SCENARIO
2026-08-31,KALIMANTAN_ID_GANGAVARAM,HANDYSIZE,COA_6M,16.38,5.0,192000,SCENARIO
2026-08-31,KALIMANTAN_ID_GANGAVARAM,HANDYSIZE,COA_12M,16.85,8.0,384000,SCENARIO
2026-08-31,KALIMANTAN_ID_GANGAVARAM,PANAMAX,SPOT,10.88,0.0,70000,SCENARIO
2026-08-31,KALIMANTAN_ID_GANGAVARAM,PANAMAX,COA_3M,11.1,2.0,210000,SCENARIO
2026-08-31,KALIMANTAN_ID_GANGAVARAM,PANAMAX,COA_6M,11.42,5.0,420000,SCENARIO
2026-08-31,KALIMANTAN_ID_GANGAVARAM,PANAMAX,COA_12M,11.75,8.0,840000,SCENARIO
2026-08-31,KALIMANTAN_ID_GANGAVARAM,PANAMAX,SPOT,11.37,0.0,70000,SCENARIO
2026-08-31,KALIMANTAN_ID_GANGAVARAM,PANAMAX,COA_3M,11.6,2.0,210000,SCENARIO
2026-08-31,KALIMANTAN_ID_GANGAVARAM,PANAMAX,COA_6M,11.94,5.0,420000,SCENARIO
2026-08-31,KALIMANTAN_ID_GANGAVARAM,PANAMAX,COA_12M,12.28,8.0,840000,SCENARIO
2026-08-31,KALIMANTAN_ID_GANGAVARAM,SUPRAMAX,SPOT,12.88,0.0,50000,SCENARIO
2026-08-31,KALIMANTAN_ID_GANGAVARAM,SUPRAMAX,COA_3M,13.14,2.0,150000,SCENARIO
2026-08-31,KALIMANTAN_ID_GANGAVARAM,SUPRAMAX,COA_6M,13.52,5.0,300000,SCENARIO
2026-08-31,KALIMANTAN_ID_GANGAVARAM,SUPRAMAX,COA_12M,13.91,8.0,600000,SCENARIO
2026-08-31,KALIMANTAN_ID_GOPALPUR,HANDYSIZE,SPOT,16.23,0.0,32000,SCENARIO
2026-08-31,KALIMANTAN_ID_GOPALPUR,HANDYSIZE,COA_3M,16.55,2.0,96000,SCENARIO
2026-08-31,KALIMANTAN_ID_GOPALPUR,HANDYSIZE,COA_6M,17.04,5.0,192000,SCENARIO
2026-08-31,KALIMANTAN_ID_GOPALPUR,HANDYSIZE,COA_12M,17.53,8.0,384000,SCENARIO
2026-08-31,KALIMANTAN_ID_GOPALPUR,PANAMAX,SPOT,11.81,0.0,70000,SCENARIO
2026-08-31,KALIMANTAN_ID_GOPALPUR,PANAMAX,COA_3M,12.05,2.0,210000,SCENARIO
2026-08-31,KALIMANTAN_ID_GOPALPUR,PANAMAX,COA_6M,12.4,5.0,420000,SCENARIO
2026-08-31,KALIMANTAN_ID_GOPALPUR,PANAMAX,COA_12M,12.75,8.0,840000,SCENARIO
2026-08-31,KALIMANTAN_ID_GOPALPUR,SUPRAMAX,SPOT,13.4,0.0,50000,SCENARIO
2026-08-31,KALIMANTAN_ID_GOPALPUR,SUPRAMAX,COA_3M,13.67,2.0,150000,SCENARIO
2026-08-31,KALIMANTAN_ID_GOPALPUR,SUPRAMAX,COA_6M,14.07,5.0,300000,SCENARIO
2026-08-31,KALIMANTAN_ID_GOPALPUR,SUPRAMAX,COA_12M,14.47,8.0,600000,SCENARIO
2026-08-31,KALIMANTAN_ID_PARADIP,HANDYSIZE,SPOT,16.3,0.0,32000,SCENARIO
2026-08-31,KALIMANTAN_ID_PARADIP,HANDYSIZE,COA_3M,16.63,2.0,96000,SCENARIO
2026-08-31,KALIMANTAN_ID_PARADIP,HANDYSIZE,COA_6M,17.12,5.0,192000,SCENARIO
2026-08-31,KALIMANTAN_ID_PARADIP,HANDYSIZE,COA_12M,17.6,8.0,384000,SCENARIO
2026-08-31,KALIMANTAN_ID_PARADIP,PANAMAX,SPOT,11.36,0.0,70000,SCENARIO
2026-08-31,KALIMANTAN_ID_PARADIP,PANAMAX,COA_3M,11.59,2.0,210000,SCENARIO
2026-08-31,KALIMANTAN_ID_PARADIP,PANAMAX,COA_6M,11.93,5.0,420000,SCENARIO
2026-08-31,KALIMANTAN_ID_PARADIP,PANAMAX,COA_12M,12.27,8.0,840000,SCENARIO
2026-08-31,KALIMANTAN_ID_PARADIP,PANAMAX,SPOT,11.86,0.0,70000,SCENARIO
2026-08-31,KALIMANTAN_ID_PARADIP,PANAMAX,COA_3M,12.1,2.0,210000,SCENARIO
2026-08-31,KALIMANTAN_ID_PARADIP,PANAMAX,COA_6M,12.45,5.0,420000,SCENARIO
2026-08-31,KALIMANTAN_ID_PARADIP,PANAMAX,COA_12M,12.81,8.0,840000,SCENARIO
2026-08-31,KALIMANTAN_ID_PARADIP,SUPRAMAX,SPOT,13.46,0.0,50000,SCENARIO
2026-08-31,KALIMANTAN_ID_PARADIP,SUPRAMAX,COA_3M,13.73,2.0,150000,SCENARIO
2026-08-31,KALIMANTAN_ID_PARADIP,SUPRAMAX,COA_6M,14.13,5.0,300000,SCENARIO
2026-08-31,KALIMANTAN_ID_PARADIP,SUPRAMAX,COA_12M,14.54,8.0,600000,SCENARIO
2026-08-31,KALIMANTAN_ID_SANDHEADS,HANDYSIZE,SPOT,17.12,0.0,32000,SCENARIO
2026-08-31,KALIMANTAN_ID_SANDHEADS,HANDYSIZE,COA_3M,17.46,2.0,96000,SCENARIO
2026-08-31,KALIMANTAN_ID_SANDHEADS,HANDYSIZE,COA_6M,17.98,5.0,192000,SCENARIO
2026-08-31,KALIMANTAN_ID_SANDHEADS,HANDYSIZE,COA_12M,18.49,8.0,384000,SCENARIO
2026-08-31,KALIMANTAN_ID_SANDHEADS,PANAMAX,SPOT,11.91,0.0,70000,SCENARIO
2026-08-31,KALIMANTAN_ID_SANDHEADS,PANAMAX,COA_3M,12.15,2.0,210000,SCENARIO
2026-08-31,KALIMANTAN_ID_SANDHEADS,PANAMAX,COA_6M,12.51,5.0,420000,SCENARIO
2026-08-31,KALIMANTAN_ID_SANDHEADS,PANAMAX,COA_12M,12.86,8.0,840000,SCENARIO
2026-08-31,KALIMANTAN_ID_SANDHEADS,PANAMAX,SPOT,12.43,0.0,70000,SCENARIO
2026-08-31,KALIMANTAN_ID_SANDHEADS,PANAMAX,COA_3M,12.68,2.0,210000,SCENARIO
2026-08-31,KALIMANTAN_ID_SANDHEADS,PANAMAX,COA_6M,13.05,5.0,420000,SCENARIO
2026-08-31,KALIMANTAN_ID_SANDHEADS,PANAMAX,COA_12M,13.42,8.0,840000,SCENARIO
2026-08-31,KALIMANTAN_ID_SANDHEADS,SUPRAMAX,SPOT,14.14,0.0,50000,SCENARIO
2026-08-31,KALIMANTAN_ID_SANDHEADS,SUPRAMAX,COA_3M,14.42,2.0,150000,SCENARIO
2026-08-31,KALIMANTAN_ID_SANDHEADS,SUPRAMAX,COA_6M,14.85,5.0,300000,SCENARIO
2026-08-31,KALIMANTAN_ID_SANDHEADS,SUPRAMAX,COA_12M,15.27,8.0,600000,SCENARIO
2026-08-31,KALIMANTAN_ID_VIZAG,HANDYSIZE,SPOT,16.09,0.0,32000,SCENARIO
2026-08-31,KALIMANTAN_ID_VIZAG,HANDYSIZE,COA_3M,16.41,2.0,96000,SCENARIO
2026-08-31,KALIMANTAN_ID_VIZAG,HANDYSIZE,COA_6M,16.89,5.0,192000,SCENARIO
2026-08-31,KALIMANTAN_ID_VIZAG,HANDYSIZE,COA_12M,17.38,8.0,384000,SCENARIO
2026-08-31,KALIMANTAN_ID_VIZAG,PANAMAX,SPOT,11.21,0.0,70000,SCENARIO
2026-08-31,KALIMANTAN_ID_VIZAG,PANAMAX,COA_3M,11.43,2.0,210000,SCENARIO
2026-08-31,KALIMANTAN_ID_VIZAG,PANAMAX,COA_6M,11.77,5.0,420000,SCENARIO
2026-08-31,KALIMANTAN_ID_VIZAG,PANAMAX,COA_12M,12.11,8.0,840000,SCENARIO
2026-08-31,KALIMANTAN_ID_VIZAG,PANAMAX,SPOT,11.71,0.0,70000,SCENARIO
2026-08-31,KALIMANTAN_ID_VIZAG,PANAMAX,COA_3M,11.94,2.0,210000,SCENARIO
2026-08-31,KALIMANTAN_ID_VIZAG,PANAMAX,COA_6M,12.3,5.0,420000,SCENARIO
2026-08-31,KALIMANTAN_ID_VIZAG,PANAMAX,COA_12M,12.65,8.0,840000,SCENARIO
2026-08-31,KALIMANTAN_ID_VIZAG,SUPRAMAX,SPOT,13.3,0.0,50000,SCENARIO
2026-08-31,KALIMANTAN_ID_VIZAG,SUPRAMAX,COA_3M,13.57,2.0,150000,SCENARIO
2026-08-31,KALIMANTAN_ID_VIZAG,SUPRAMAX,COA_6M,13.97,5.0,300000,SCENARIO
2026-08-31,KALIMANTAN_ID_VIZAG,SUPRAMAX,COA_12M,14.36,8.0,600000,SCENARIO
2026-08-31,MAPUTO_MZ_PARADIP,HANDYSIZE,SPOT,23.2,0.0,32000,SCENARIO
2026-08-31,MAPUTO_MZ_PARADIP,HANDYSIZE,COA_3M,23.66,2.0,96000,SCENARIO
2026-08-31,MAPUTO_MZ_PARADIP,HANDYSIZE,COA_6M,24.36,5.0,192000,SCENARIO
2026-08-31,MAPUTO_MZ_PARADIP,HANDYSIZE,COA_12M,25.06,8.0,384000,SCENARIO
2026-08-31,MAPUTO_MZ_PARADIP,PANAMAX,SPOT,16.0,0.0,70000,SCENARIO
2026-08-31,MAPUTO_MZ_PARADIP,PANAMAX,COA_3M,16.32,2.0,210000,SCENARIO
2026-08-31,MAPUTO_MZ_PARADIP,PANAMAX,COA_6M,16.8,5.0,420000,SCENARIO
2026-08-31,MAPUTO_MZ_PARADIP,PANAMAX,COA_12M,17.28,8.0,840000,SCENARIO
2026-08-31,MAPUTO_MZ_PARADIP,PANAMAX,SPOT,16.65,0.0,70000,SCENARIO
2026-08-31,MAPUTO_MZ_PARADIP,PANAMAX,COA_3M,16.98,2.0,210000,SCENARIO
2026-08-31,MAPUTO_MZ_PARADIP,PANAMAX,COA_6M,17.48,5.0,420000,SCENARIO
2026-08-31,MAPUTO_MZ_PARADIP,PANAMAX,COA_12M,17.98,8.0,840000,SCENARIO
2026-08-31,MAPUTO_MZ_PARADIP,SUPRAMAX,SPOT,19.04,0.0,50000,SCENARIO
2026-08-31,MAPUTO_MZ_PARADIP,SUPRAMAX,COA_3M,19.42,2.0,150000,SCENARIO
2026-08-31,MAPUTO_MZ_PARADIP,SUPRAMAX,COA_6M,19.99,5.0,300000,SCENARIO
2026-08-31,MAPUTO_MZ_PARADIP,SUPRAMAX,COA_12M,20.56,8.0,600000,SCENARIO
2026-08-31,MAPUTO_MZ_VIZAG,HANDYSIZE,SPOT,22.49,0.0,32000,SCENARIO
2026-08-31,MAPUTO_MZ_VIZAG,HANDYSIZE,COA_3M,22.94,2.0,96000,SCENARIO
2026-08-31,MAPUTO_MZ_VIZAG,HANDYSIZE,COA_6M,23.61,5.0,192000,SCENARIO
2026-08-31,MAPUTO_MZ_VIZAG,HANDYSIZE,COA_12M,24.29,8.0,384000,SCENARIO
2026-08-31,MAPUTO_MZ_VIZAG,PANAMAX,SPOT,15.52,0.0,70000,SCENARIO
2026-08-31,MAPUTO_MZ_VIZAG,PANAMAX,COA_3M,15.83,2.0,210000,SCENARIO
2026-08-31,MAPUTO_MZ_VIZAG,PANAMAX,COA_6M,16.3,5.0,420000,SCENARIO
2026-08-31,MAPUTO_MZ_VIZAG,PANAMAX,COA_12M,16.76,8.0,840000,SCENARIO
2026-08-31,MAPUTO_MZ_VIZAG,PANAMAX,SPOT,16.16,0.0,70000,SCENARIO
2026-08-31,MAPUTO_MZ_VIZAG,PANAMAX,COA_3M,16.48,2.0,210000,SCENARIO
2026-08-31,MAPUTO_MZ_VIZAG,PANAMAX,COA_6M,16.97,5.0,420000,SCENARIO
2026-08-31,MAPUTO_MZ_VIZAG,PANAMAX,COA_12M,17.45,8.0,840000,SCENARIO
2026-08-31,MAPUTO_MZ_VIZAG,SUPRAMAX,SPOT,18.47,0.0,50000,SCENARIO
2026-08-31,MAPUTO_MZ_VIZAG,SUPRAMAX,COA_3M,18.84,2.0,150000,SCENARIO
2026-08-31,MAPUTO_MZ_VIZAG,SUPRAMAX,COA_6M,19.39,5.0,300000,SCENARIO
2026-08-31,MAPUTO_MZ_VIZAG,SUPRAMAX,COA_12M,19.95,8.0,600000,SCENARIO
2026-08-31,NEWCASTLE_AU_DHAMRA,HANDYSIZE,SPOT,31.59,0.0,32000,SCENARIO
2026-08-31,NEWCASTLE_AU_DHAMRA,HANDYSIZE,COA_3M,32.22,2.0,96000,SCENARIO
2026-08-31,NEWCASTLE_AU_DHAMRA,HANDYSIZE,COA_6M,33.17,5.0,192000,SCENARIO
2026-08-31,NEWCASTLE_AU_DHAMRA,HANDYSIZE,COA_12M,34.12,8.0,384000,SCENARIO
2026-08-31,NEWCASTLE_AU_DHAMRA,PANAMAX,SPOT,21.66,0.0,70000,SCENARIO
2026-08-31,NEWCASTLE_AU_DHAMRA,PANAMAX,COA_3M,22.09,2.0,210000,SCENARIO
2026-08-31,NEWCASTLE_AU_DHAMRA,PANAMAX,COA_6M,22.74,5.0,420000,SCENARIO
2026-08-31,NEWCASTLE_AU_DHAMRA,PANAMAX,COA_12M,23.39,8.0,840000,SCENARIO
2026-08-31,NEWCASTLE_AU_DHAMRA,PANAMAX,SPOT,22.48,0.0,70000,SCENARIO
2026-08-31,NEWCASTLE_AU_DHAMRA,PANAMAX,COA_3M,22.93,2.0,210000,SCENARIO
2026-08-31,NEWCASTLE_AU_DHAMRA,PANAMAX,COA_6M,23.6,5.0,420000,SCENARIO
2026-08-31,NEWCASTLE_AU_DHAMRA,PANAMAX,COA_12M,24.28,8.0,840000,SCENARIO
2026-08-31,NEWCASTLE_AU_DHAMRA,SUPRAMAX,SPOT,25.81,0.0,50000,SCENARIO
2026-08-31,NEWCASTLE_AU_DHAMRA,SUPRAMAX,COA_3M,26.33,2.0,150000,SCENARIO
2026-08-31,NEWCASTLE_AU_DHAMRA,SUPRAMAX,COA_6M,27.1,5.0,300000,SCENARIO
2026-08-31,NEWCASTLE_AU_DHAMRA,SUPRAMAX,COA_12M,27.87,8.0,600000,SCENARIO
2026-08-31,NEWCASTLE_AU_GANGAVARAM,HANDYSIZE,SPOT,31.27,0.0,32000,SCENARIO
2026-08-31,NEWCASTLE_AU_GANGAVARAM,HANDYSIZE,COA_3M,31.9,2.0,96000,SCENARIO
2026-08-31,NEWCASTLE_AU_GANGAVARAM,HANDYSIZE,COA_6M,32.83,5.0,192000,SCENARIO
2026-08-31,NEWCASTLE_AU_GANGAVARAM,HANDYSIZE,COA_12M,33.77,8.0,384000,SCENARIO
2026-08-31,NEWCASTLE_AU_GANGAVARAM,PANAMAX,SPOT,21.44,0.0,70000,SCENARIO
2026-08-31,NEWCASTLE_AU_GANGAVARAM,PANAMAX,COA_3M,21.87,2.0,210000,SCENARIO
2026-08-31,NEWCASTLE_AU_GANGAVARAM,PANAMAX,COA_6M,22.51,5.0,420000,SCENARIO
2026-08-31,NEWCASTLE_AU_GANGAVARAM,PANAMAX,COA_12M,23.16,8.0,840000,SCENARIO
2026-08-31,NEWCASTLE_AU_GANGAVARAM,PANAMAX,SPOT,22.26,0.0,70000,SCENARIO
2026-08-31,NEWCASTLE_AU_GANGAVARAM,PANAMAX,COA_3M,22.71,2.0,210000,SCENARIO
2026-08-31,NEWCASTLE_AU_GANGAVARAM,PANAMAX,COA_6M,23.37,5.0,420000,SCENARIO
2026-08-31,NEWCASTLE_AU_GANGAVARAM,PANAMAX,COA_12M,24.04,8.0,840000,SCENARIO
2026-08-31,NEWCASTLE_AU_GANGAVARAM,SUPRAMAX,SPOT,25.56,0.0,50000,SCENARIO
2026-08-31,NEWCASTLE_AU_GANGAVARAM,SUPRAMAX,COA_3M,26.07,2.0,150000,SCENARIO
2026-08-31,NEWCASTLE_AU_GANGAVARAM,SUPRAMAX,COA_6M,26.84,5.0,300000,SCENARIO
2026-08-31,NEWCASTLE_AU_GANGAVARAM,SUPRAMAX,COA_12M,27.6,8.0,600000,SCENARIO
2026-08-31,NEWCASTLE_AU_GOPALPUR,HANDYSIZE,SPOT,31.78,0.0,32000,SCENARIO
2026-08-31,NEWCASTLE_AU_GOPALPUR,HANDYSIZE,COA_3M,32.42,2.0,96000,SCENARIO
2026-08-31,NEWCASTLE_AU_GOPALPUR,HANDYSIZE,COA_6M,33.37,5.0,192000,SCENARIO
2026-08-31,NEWCASTLE_AU_GOPALPUR,HANDYSIZE,COA_12M,34.32,8.0,384000,SCENARIO
2026-08-31,NEWCASTLE_AU_GOPALPUR,PANAMAX,SPOT,22.61,0.0,70000,SCENARIO
2026-08-31,NEWCASTLE_AU_GOPALPUR,PANAMAX,COA_3M,23.06,2.0,210000,SCENARIO
2026-08-31,NEWCASTLE_AU_GOPALPUR,PANAMAX,COA_6M,23.74,5.0,420000,SCENARIO
2026-08-31,NEWCASTLE_AU_GOPALPUR,PANAMAX,COA_12M,24.42,8.0,840000,SCENARIO
2026-08-31,NEWCASTLE_AU_GOPALPUR,SUPRAMAX,SPOT,25.98,0.0,50000,SCENARIO
2026-08-31,NEWCASTLE_AU_GOPALPUR,SUPRAMAX,COA_3M,26.5,2.0,150000,SCENARIO
2026-08-31,NEWCASTLE_AU_GOPALPUR,SUPRAMAX,COA_6M,27.28,5.0,300000,SCENARIO
2026-08-31,NEWCASTLE_AU_GOPALPUR,SUPRAMAX,COA_12M,28.06,8.0,600000,SCENARIO
2026-08-31,NEWCASTLE_AU_PARADIP,HANDYSIZE,SPOT,31.73,0.0,32000,SCENARIO
2026-08-31,NEWCASTLE_AU_PARADIP,HANDYSIZE,COA_3M,32.36,2.0,96000,SCENARIO
2026-08-31,NEWCASTLE_AU_PARADIP,HANDYSIZE,COA_6M,33.32,5.0,192000,SCENARIO
2026-08-31,NEWCASTLE_AU_PARADIP,HANDYSIZE,COA_12M,34.27,8.0,384000,SCENARIO
2026-08-31,NEWCASTLE_AU_PARADIP,PANAMAX,SPOT,21.75,0.0,70000,SCENARIO
2026-08-31,NEWCASTLE_AU_PARADIP,PANAMAX,COA_3M,22.18,2.0,210000,SCENARIO
2026-08-31,NEWCASTLE_AU_PARADIP,PANAMAX,COA_6M,22.84,5.0,420000,SCENARIO
2026-08-31,NEWCASTLE_AU_PARADIP,PANAMAX,COA_12M,23.49,8.0,840000,SCENARIO
2026-08-31,NEWCASTLE_AU_PARADIP,PANAMAX,SPOT,22.58,0.0,70000,SCENARIO
2026-08-31,NEWCASTLE_AU_PARADIP,PANAMAX,COA_3M,23.03,2.0,210000,SCENARIO
2026-08-31,NEWCASTLE_AU_PARADIP,PANAMAX,COA_6M,23.71,5.0,420000,SCENARIO
2026-08-31,NEWCASTLE_AU_PARADIP,PANAMAX,COA_12M,24.39,8.0,840000,SCENARIO
2026-08-31,NEWCASTLE_AU_PARADIP,SUPRAMAX,SPOT,25.93,0.0,50000,SCENARIO
2026-08-31,NEWCASTLE_AU_PARADIP,SUPRAMAX,COA_3M,26.45,2.0,150000,SCENARIO
2026-08-31,NEWCASTLE_AU_PARADIP,SUPRAMAX,COA_6M,27.23,5.0,300000,SCENARIO
2026-08-31,NEWCASTLE_AU_PARADIP,SUPRAMAX,COA_12M,28.0,8.0,600000,SCENARIO
2026-08-31,NEWCASTLE_AU_SANDHEADS,HANDYSIZE,SPOT,32.52,0.0,32000,SCENARIO
2026-08-31,NEWCASTLE_AU_SANDHEADS,HANDYSIZE,COA_3M,33.17,2.0,96000,SCENARIO
2026-08-31,NEWCASTLE_AU_SANDHEADS,HANDYSIZE,COA_6M,34.15,5.0,192000,SCENARIO
2026-08-31,NEWCASTLE_AU_SANDHEADS,HANDYSIZE,COA_12M,35.12,8.0,384000,SCENARIO
2026-08-31,NEWCASTLE_AU_SANDHEADS,PANAMAX,SPOT,22.28,0.0,70000,SCENARIO
2026-08-31,NEWCASTLE_AU_SANDHEADS,PANAMAX,COA_3M,22.73,2.0,210000,SCENARIO
2026-08-31,NEWCASTLE_AU_SANDHEADS,PANAMAX,COA_6M,23.39,5.0,420000,SCENARIO
2026-08-31,NEWCASTLE_AU_SANDHEADS,PANAMAX,COA_12M,24.06,8.0,840000,SCENARIO
2026-08-31,NEWCASTLE_AU_SANDHEADS,PANAMAX,SPOT,23.13,0.0,70000,SCENARIO
2026-08-31,NEWCASTLE_AU_SANDHEADS,PANAMAX,COA_3M,23.59,2.0,210000,SCENARIO
2026-08-31,NEWCASTLE_AU_SANDHEADS,PANAMAX,COA_6M,24.29,5.0,420000,SCENARIO
2026-08-31,NEWCASTLE_AU_SANDHEADS,PANAMAX,COA_12M,24.98,8.0,840000,SCENARIO
2026-08-31,NEWCASTLE_AU_SANDHEADS,SUPRAMAX,SPOT,26.59,0.0,50000,SCENARIO
2026-08-31,NEWCASTLE_AU_SANDHEADS,SUPRAMAX,COA_3M,27.12,2.0,150000,SCENARIO
2026-08-31,NEWCASTLE_AU_SANDHEADS,SUPRAMAX,COA_6M,27.92,5.0,300000,SCENARIO
2026-08-31,NEWCASTLE_AU_SANDHEADS,SUPRAMAX,COA_12M,28.72,8.0,600000,SCENARIO
2026-08-31,NEWCASTLE_AU_VIZAG,HANDYSIZE,SPOT,31.77,0.0,32000,SCENARIO
2026-08-31,NEWCASTLE_AU_VIZAG,HANDYSIZE,COA_3M,32.41,2.0,96000,SCENARIO
2026-08-31,NEWCASTLE_AU_VIZAG,HANDYSIZE,COA_6M,33.36,5.0,192000,SCENARIO
2026-08-31,NEWCASTLE_AU_VIZAG,HANDYSIZE,COA_12M,34.31,8.0,384000,SCENARIO
2026-08-31,NEWCASTLE_AU_VIZAG,PANAMAX,SPOT,21.77,0.0,70000,SCENARIO
2026-08-31,NEWCASTLE_AU_VIZAG,PANAMAX,COA_3M,22.21,2.0,210000,SCENARIO
2026-08-31,NEWCASTLE_AU_VIZAG,PANAMAX,COA_6M,22.86,5.0,420000,SCENARIO
2026-08-31,NEWCASTLE_AU_VIZAG,PANAMAX,COA_12M,23.51,8.0,840000,SCENARIO
2026-08-31,NEWCASTLE_AU_VIZAG,PANAMAX,SPOT,22.61,0.0,70000,SCENARIO
2026-08-31,NEWCASTLE_AU_VIZAG,PANAMAX,COA_3M,23.06,2.0,210000,SCENARIO
2026-08-31,NEWCASTLE_AU_VIZAG,PANAMAX,COA_6M,23.74,5.0,420000,SCENARIO
2026-08-31,NEWCASTLE_AU_VIZAG,PANAMAX,COA_12M,24.42,8.0,840000,SCENARIO
2026-08-31,NEWCASTLE_AU_VIZAG,SUPRAMAX,SPOT,25.97,0.0,50000,SCENARIO
2026-08-31,NEWCASTLE_AU_VIZAG,SUPRAMAX,COA_3M,26.49,2.0,150000,SCENARIO
2026-08-31,NEWCASTLE_AU_VIZAG,SUPRAMAX,COA_6M,27.27,5.0,300000,SCENARIO
2026-08-31,NEWCASTLE_AU_VIZAG,SUPRAMAX,COA_12M,28.05,8.0,600000,SCENARIO
2026-08-31,NORFOLK_US_PARADIP,HANDYSIZE,SPOT,55.31,0.0,32000,SCENARIO
2026-08-31,NORFOLK_US_PARADIP,HANDYSIZE,COA_3M,56.42,2.0,96000,SCENARIO
2026-08-31,NORFOLK_US_PARADIP,HANDYSIZE,COA_6M,58.08,5.0,192000,SCENARIO
2026-08-31,NORFOLK_US_PARADIP,HANDYSIZE,COA_12M,59.73,8.0,384000,SCENARIO
2026-08-31,NORFOLK_US_PARADIP,PANAMAX,SPOT,37.63,0.0,70000,SCENARIO
2026-08-31,NORFOLK_US_PARADIP,PANAMAX,COA_3M,38.38,2.0,210000,SCENARIO
2026-08-31,NORFOLK_US_PARADIP,PANAMAX,COA_6M,39.51,5.0,420000,SCENARIO
2026-08-31,NORFOLK_US_PARADIP,PANAMAX,COA_12M,40.64,8.0,840000,SCENARIO
2026-08-31,NORFOLK_US_PARADIP,PANAMAX,SPOT,38.97,0.0,70000,SCENARIO
2026-08-31,NORFOLK_US_PARADIP,PANAMAX,COA_3M,39.75,2.0,210000,SCENARIO
2026-08-31,NORFOLK_US_PARADIP,PANAMAX,COA_6M,40.92,5.0,420000,SCENARIO
2026-08-31,NORFOLK_US_PARADIP,PANAMAX,COA_12M,42.09,8.0,840000,SCENARIO
2026-08-31,NORFOLK_US_PARADIP,SUPRAMAX,SPOT,45.0,0.0,50000,SCENARIO
2026-08-31,NORFOLK_US_PARADIP,SUPRAMAX,COA_3M,45.9,2.0,150000,SCENARIO
2026-08-31,NORFOLK_US_PARADIP,SUPRAMAX,COA_6M,47.25,5.0,300000,SCENARIO
2026-08-31,NORFOLK_US_PARADIP,SUPRAMAX,COA_12M,48.6,8.0,600000,SCENARIO
2026-08-31,NORFOLK_US_VIZAG,HANDYSIZE,SPOT,54.59,0.0,32000,SCENARIO
2026-08-31,NORFOLK_US_VIZAG,HANDYSIZE,COA_3M,55.68,2.0,96000,SCENARIO
2026-08-31,NORFOLK_US_VIZAG,HANDYSIZE,COA_6M,57.32,5.0,192000,SCENARIO
2026-08-31,NORFOLK_US_VIZAG,HANDYSIZE,COA_12M,58.96,8.0,384000,SCENARIO
2026-08-31,NORFOLK_US_VIZAG,PANAMAX,SPOT,37.15,0.0,70000,SCENARIO
2026-08-31,NORFOLK_US_VIZAG,PANAMAX,COA_3M,37.89,2.0,210000,SCENARIO
2026-08-31,NORFOLK_US_VIZAG,PANAMAX,COA_6M,39.01,5.0,420000,SCENARIO
2026-08-31,NORFOLK_US_VIZAG,PANAMAX,COA_12M,40.12,8.0,840000,SCENARIO
2026-08-31,NORFOLK_US_VIZAG,PANAMAX,SPOT,38.47,0.0,70000,SCENARIO
2026-08-31,NORFOLK_US_VIZAG,PANAMAX,COA_3M,39.24,2.0,210000,SCENARIO
2026-08-31,NORFOLK_US_VIZAG,PANAMAX,COA_6M,40.39,5.0,420000,SCENARIO
2026-08-31,NORFOLK_US_VIZAG,PANAMAX,COA_12M,41.55,8.0,840000,SCENARIO
2026-08-31,NORFOLK_US_VIZAG,SUPRAMAX,SPOT,44.43,0.0,50000,SCENARIO
2026-08-31,NORFOLK_US_VIZAG,SUPRAMAX,COA_3M,45.32,2.0,150000,SCENARIO
2026-08-31,NORFOLK_US_VIZAG,SUPRAMAX,COA_6M,46.65,5.0,300000,SCENARIO
2026-08-31,NORFOLK_US_VIZAG,SUPRAMAX,COA_12M,47.98,8.0,600000,SCENARIO
2026-08-31,VOSTOCHNY_RU_PARADIP,HANDYSIZE,SPOT,30.73,0.0,32000,SCENARIO
2026-08-31,VOSTOCHNY_RU_PARADIP,HANDYSIZE,COA_3M,31.34,2.0,96000,SCENARIO
2026-08-31,VOSTOCHNY_RU_PARADIP,HANDYSIZE,COA_6M,32.27,5.0,192000,SCENARIO
2026-08-31,VOSTOCHNY_RU_PARADIP,HANDYSIZE,COA_12M,33.19,8.0,384000,SCENARIO
2026-08-31,VOSTOCHNY_RU_PARADIP,PANAMAX,SPOT,21.07,0.0,70000,SCENARIO
2026-08-31,VOSTOCHNY_RU_PARADIP,PANAMAX,COA_3M,21.49,2.0,210000,SCENARIO
2026-08-31,VOSTOCHNY_RU_PARADIP,PANAMAX,COA_6M,22.12,5.0,420000,SCENARIO
2026-08-31,VOSTOCHNY_RU_PARADIP,PANAMAX,COA_12M,22.76,8.0,840000,SCENARIO
2026-08-31,VOSTOCHNY_RU_PARADIP,PANAMAX,SPOT,21.88,0.0,70000,SCENARIO
2026-08-31,VOSTOCHNY_RU_PARADIP,PANAMAX,COA_3M,22.32,2.0,210000,SCENARIO
2026-08-31,VOSTOCHNY_RU_PARADIP,PANAMAX,COA_6M,22.97,5.0,420000,SCENARIO
2026-08-31,VOSTOCHNY_RU_PARADIP,PANAMAX,COA_12M,23.63,8.0,840000,SCENARIO
2026-08-31,VOSTOCHNY_RU_PARADIP,SUPRAMAX,SPOT,25.12,0.0,50000,SCENARIO
2026-08-31,VOSTOCHNY_RU_PARADIP,SUPRAMAX,COA_3M,25.62,2.0,150000,SCENARIO
2026-08-31,VOSTOCHNY_RU_PARADIP,SUPRAMAX,COA_6M,26.38,5.0,300000,SCENARIO
2026-08-31,VOSTOCHNY_RU_PARADIP,SUPRAMAX,COA_12M,27.13,8.0,600000,SCENARIO
2026-08-31,VOSTOCHNY_RU_VIZAG,HANDYSIZE,SPOT,30.51,0.0,32000,SCENARIO
2026-08-31,VOSTOCHNY_RU_VIZAG,HANDYSIZE,COA_3M,31.12,2.0,96000,SCENARIO
2026-08-31,VOSTOCHNY_RU_VIZAG,HANDYSIZE,COA_6M,32.04,5.0,192000,SCENARIO
2026-08-31,VOSTOCHNY_RU_VIZAG,HANDYSIZE,COA_12M,32.95,8.0,384000,SCENARIO
2026-08-31,VOSTOCHNY_RU_VIZAG,PANAMAX,SPOT,20.93,0.0,70000,SCENARIO
2026-08-31,VOSTOCHNY_RU_VIZAG,PANAMAX,COA_3M,21.35,2.0,210000,SCENARIO
2026-08-31,VOSTOCHNY_RU_VIZAG,PANAMAX,COA_6M,21.98,5.0,420000,SCENARIO
2026-08-31,VOSTOCHNY_RU_VIZAG,PANAMAX,COA_12M,22.6,8.0,840000,SCENARIO
2026-08-31,VOSTOCHNY_RU_VIZAG,PANAMAX,SPOT,21.74,0.0,70000,SCENARIO
2026-08-31,VOSTOCHNY_RU_VIZAG,PANAMAX,COA_3M,22.17,2.0,210000,SCENARIO
2026-08-31,VOSTOCHNY_RU_VIZAG,PANAMAX,COA_6M,22.83,5.0,420000,SCENARIO
2026-08-31,VOSTOCHNY_RU_VIZAG,PANAMAX,COA_12M,23.48,8.0,840000,SCENARIO
2026-08-31,VOSTOCHNY_RU_VIZAG,SUPRAMAX,SPOT,24.96,0.0,50000,SCENARIO
2026-08-31,VOSTOCHNY_RU_VIZAG,SUPRAMAX,COA_3M,25.46,2.0,150000,SCENARIO
2026-08-31,VOSTOCHNY_RU_VIZAG,SUPRAMAX,COA_6M,26.21,5.0,300000,SCENARIO
2026-08-31,VOSTOCHNY_RU_VIZAG,SUPRAMAX,COA_12M,26.96,8.0,600000,SCENARIO
2026-09-01,KALIMANTAN_ID_DHAMRA,HANDYSIZE,SPOT,16.36,0.0,32000,SCENARIO
2026-09-01,KALIMANTAN_ID_DHAMRA,HANDYSIZE,COA_3M,16.69,2.0,96000,SCENARIO
2026-09-01,KALIMANTAN_ID_DHAMRA,HANDYSIZE,COA_6M,17.18,5.0,192000,SCENARIO
2026-09-01,KALIMANTAN_ID_DHAMRA,HANDYSIZE,COA_12M,17.67,8.0,384000,SCENARIO
2026-09-01,KALIMANTAN_ID_DHAMRA,PANAMAX,SPOT,11.39,0.0,70000,SCENARIO
2026-09-01,KALIMANTAN_ID_DHAMRA,PANAMAX,COA_3M,11.62,2.0,210000,SCENARIO
2026-09-01,KALIMANTAN_ID_DHAMRA,PANAMAX,COA_6M,11.96,5.0,420000,SCENARIO
2026-09-01,KALIMANTAN_ID_DHAMRA,PANAMAX,COA_12M,12.3,8.0,840000,SCENARIO
2026-09-01,KALIMANTAN_ID_DHAMRA,PANAMAX,SPOT,11.89,0.0,70000,SCENARIO
2026-09-01,KALIMANTAN_ID_DHAMRA,PANAMAX,COA_3M,12.13,2.0,210000,SCENARIO
2026-09-01,KALIMANTAN_ID_DHAMRA,PANAMAX,COA_6M,12.48,5.0,420000,SCENARIO
2026-09-01,KALIMANTAN_ID_DHAMRA,PANAMAX,COA_12M,12.84,8.0,840000,SCENARIO
2026-09-01,KALIMANTAN_ID_DHAMRA,SUPRAMAX,SPOT,13.49,0.0,50000,SCENARIO
2026-09-01,KALIMANTAN_ID_DHAMRA,SUPRAMAX,COA_3M,13.76,2.0,150000,SCENARIO
2026-09-01,KALIMANTAN_ID_DHAMRA,SUPRAMAX,COA_6M,14.16,5.0,300000,SCENARIO
2026-09-01,KALIMANTAN_ID_DHAMRA,SUPRAMAX,COA_12M,14.57,8.0,600000,SCENARIO
2026-09-01,KALIMANTAN_ID_GANGAVARAM,HANDYSIZE,SPOT,15.81,0.0,32000,SCENARIO
2026-09-01,KALIMANTAN_ID_GANGAVARAM,HANDYSIZE,COA_3M,16.13,2.0,96000,SCENARIO
2026-09-01,KALIMANTAN_ID_GANGAVARAM,HANDYSIZE,COA_6M,16.6,5.0,192000,SCENARIO
2026-09-01,KALIMANTAN_ID_GANGAVARAM,HANDYSIZE,COA_12M,17.07,8.0,384000,SCENARIO
2026-09-01,KALIMANTAN_ID_GANGAVARAM,PANAMAX,SPOT,11.02,0.0,70000,SCENARIO
2026-09-01,KALIMANTAN_ID_GANGAVARAM,PANAMAX,COA_3M,11.24,2.0,210000,SCENARIO
2026-09-01,KALIMANTAN_ID_GANGAVARAM,PANAMAX,COA_6M,11.57,5.0,420000,SCENARIO
2026-09-01,KALIMANTAN_ID_GANGAVARAM,PANAMAX,COA_12M,11.9,8.0,840000,SCENARIO
2026-09-01,KALIMANTAN_ID_GANGAVARAM,PANAMAX,SPOT,11.51,0.0,70000,SCENARIO
2026-09-01,KALIMANTAN_ID_GANGAVARAM,PANAMAX,COA_3M,11.74,2.0,210000,SCENARIO
2026-09-01,KALIMANTAN_ID_GANGAVARAM,PANAMAX,COA_6M,12.09,5.0,420000,SCENARIO
2026-09-01,KALIMANTAN_ID_GANGAVARAM,PANAMAX,COA_12M,12.43,8.0,840000,SCENARIO
2026-09-01,KALIMANTAN_ID_GANGAVARAM,SUPRAMAX,SPOT,13.05,0.0,50000,SCENARIO
2026-09-01,KALIMANTAN_ID_GANGAVARAM,SUPRAMAX,COA_3M,13.31,2.0,150000,SCENARIO
2026-09-01,KALIMANTAN_ID_GANGAVARAM,SUPRAMAX,COA_6M,13.7,5.0,300000,SCENARIO
2026-09-01,KALIMANTAN_ID_GANGAVARAM,SUPRAMAX,COA_12M,14.09,8.0,600000,SCENARIO
2026-09-01,KALIMANTAN_ID_GOPALPUR,HANDYSIZE,SPOT,16.45,0.0,32000,SCENARIO
2026-09-01,KALIMANTAN_ID_GOPALPUR,HANDYSIZE,COA_3M,16.78,2.0,96000,SCENARIO
2026-09-01,KALIMANTAN_ID_GOPALPUR,HANDYSIZE,COA_6M,17.27,5.0,192000,SCENARIO
2026-09-01,KALIMANTAN_ID_GOPALPUR,HANDYSIZE,COA_12M,17.77,8.0,384000,SCENARIO
2026-09-01,KALIMANTAN_ID_GOPALPUR,PANAMAX,SPOT,11.96,0.0,70000,SCENARIO
2026-09-01,KALIMANTAN_ID_GOPALPUR,PANAMAX,COA_3M,12.2,2.0,210000,SCENARIO
2026-09-01,KALIMANTAN_ID_GOPALPUR,PANAMAX,COA_6M,12.56,5.0,420000,SCENARIO
2026-09-01,KALIMANTAN_ID_GOPALPUR,PANAMAX,COA_12M,12.92,8.0,840000,SCENARIO
2026-09-01,KALIMANTAN_ID_GOPALPUR,SUPRAMAX,SPOT,13.58,0.0,50000,SCENARIO
2026-09-01,KALIMANTAN_ID_GOPALPUR,SUPRAMAX,COA_3M,13.85,2.0,150000,SCENARIO
2026-09-01,KALIMANTAN_ID_GOPALPUR,SUPRAMAX,COA_6M,14.26,5.0,300000,SCENARIO
2026-09-01,KALIMANTAN_ID_GOPALPUR,SUPRAMAX,COA_12M,14.67,8.0,600000,SCENARIO
2026-09-01,KALIMANTAN_ID_PARADIP,HANDYSIZE,SPOT,16.52,0.0,32000,SCENARIO
2026-09-01,KALIMANTAN_ID_PARADIP,HANDYSIZE,COA_3M,16.85,2.0,96000,SCENARIO
2026-09-01,KALIMANTAN_ID_PARADIP,HANDYSIZE,COA_6M,17.35,5.0,192000,SCENARIO
2026-09-01,KALIMANTAN_ID_PARADIP,HANDYSIZE,COA_12M,17.84,8.0,384000,SCENARIO
2026-09-01,KALIMANTAN_ID_PARADIP,PANAMAX,SPOT,11.5,0.0,70000,SCENARIO
2026-09-01,KALIMANTAN_ID_PARADIP,PANAMAX,COA_3M,11.73,2.0,210000,SCENARIO
2026-09-01,KALIMANTAN_ID_PARADIP,PANAMAX,COA_6M,12.08,5.0,420000,SCENARIO
2026-09-01,KALIMANTAN_ID_PARADIP,PANAMAX,COA_12M,12.42,8.0,840000,SCENARIO
2026-09-01,KALIMANTAN_ID_PARADIP,PANAMAX,SPOT,12.01,0.0,70000,SCENARIO
2026-09-01,KALIMANTAN_ID_PARADIP,PANAMAX,COA_3M,12.25,2.0,210000,SCENARIO
2026-09-01,KALIMANTAN_ID_PARADIP,PANAMAX,COA_6M,12.61,5.0,420000,SCENARIO
2026-09-01,KALIMANTAN_ID_PARADIP,PANAMAX,COA_12M,12.97,8.0,840000,SCENARIO
2026-09-01,KALIMANTAN_ID_PARADIP,SUPRAMAX,SPOT,13.64,0.0,50000,SCENARIO
2026-09-01,KALIMANTAN_ID_PARADIP,SUPRAMAX,COA_3M,13.91,2.0,150000,SCENARIO
2026-09-01,KALIMANTAN_ID_PARADIP,SUPRAMAX,COA_6M,14.32,5.0,300000,SCENARIO
2026-09-01,KALIMANTAN_ID_PARADIP,SUPRAMAX,COA_12M,14.73,8.0,600000,SCENARIO
2026-09-01,KALIMANTAN_ID_SANDHEADS,HANDYSIZE,SPOT,17.35,0.0,32000,SCENARIO
2026-09-01,KALIMANTAN_ID_SANDHEADS,HANDYSIZE,COA_3M,17.7,2.0,96000,SCENARIO
2026-09-01,KALIMANTAN_ID_SANDHEADS,HANDYSIZE,COA_6M,18.22,5.0,192000,SCENARIO
2026-09-01,KALIMANTAN_ID_SANDHEADS,HANDYSIZE,COA_12M,18.74,8.0,384000,SCENARIO
2026-09-01,KALIMANTAN_ID_SANDHEADS,PANAMAX,SPOT,12.06,0.0,70000,SCENARIO
2026-09-01,KALIMANTAN_ID_SANDHEADS,PANAMAX,COA_3M,12.3,2.0,210000,SCENARIO
2026-09-01,KALIMANTAN_ID_SANDHEADS,PANAMAX,COA_6M,12.66,5.0,420000,SCENARIO
2026-09-01,KALIMANTAN_ID_SANDHEADS,PANAMAX,COA_12M,13.02,8.0,840000,SCENARIO
2026-09-01,KALIMANTAN_ID_SANDHEADS,PANAMAX,SPOT,12.59,0.0,70000,SCENARIO
2026-09-01,KALIMANTAN_ID_SANDHEADS,PANAMAX,COA_3M,12.84,2.0,210000,SCENARIO
2026-09-01,KALIMANTAN_ID_SANDHEADS,PANAMAX,COA_6M,13.22,5.0,420000,SCENARIO
2026-09-01,KALIMANTAN_ID_SANDHEADS,PANAMAX,COA_12M,13.6,8.0,840000,SCENARIO
2026-09-01,KALIMANTAN_ID_SANDHEADS,SUPRAMAX,SPOT,14.33,0.0,50000,SCENARIO
2026-09-01,KALIMANTAN_ID_SANDHEADS,SUPRAMAX,COA_3M,14.62,2.0,150000,SCENARIO
2026-09-01,KALIMANTAN_ID_SANDHEADS,SUPRAMAX,COA_6M,15.05,5.0,300000,SCENARIO
2026-09-01,KALIMANTAN_ID_SANDHEADS,SUPRAMAX,COA_12M,15.48,8.0,600000,SCENARIO
2026-09-01,KALIMANTAN_ID_VIZAG,HANDYSIZE,SPOT,16.31,0.0,32000,SCENARIO
2026-09-01,KALIMANTAN_ID_VIZAG,HANDYSIZE,COA_3M,16.64,2.0,96000,SCENARIO
2026-09-01,KALIMANTAN_ID_VIZAG,HANDYSIZE,COA_6M,17.13,5.0,192000,SCENARIO
2026-09-01,KALIMANTAN_ID_VIZAG,HANDYSIZE,COA_12M,17.61,8.0,384000,SCENARIO
2026-09-01,KALIMANTAN_ID_VIZAG,PANAMAX,SPOT,11.36,0.0,70000,SCENARIO
2026-09-01,KALIMANTAN_ID_VIZAG,PANAMAX,COA_3M,11.59,2.0,210000,SCENARIO
2026-09-01,KALIMANTAN_ID_VIZAG,PANAMAX,COA_6M,11.93,5.0,420000,SCENARIO
2026-09-01,KALIMANTAN_ID_VIZAG,PANAMAX,COA_12M,12.27,8.0,840000,SCENARIO
2026-09-01,KALIMANTAN_ID_VIZAG,PANAMAX,SPOT,11.86,0.0,70000,SCENARIO
2026-09-01,KALIMANTAN_ID_VIZAG,PANAMAX,COA_3M,12.1,2.0,210000,SCENARIO
2026-09-01,KALIMANTAN_ID_VIZAG,PANAMAX,COA_6M,12.45,5.0,420000,SCENARIO
2026-09-01,KALIMANTAN_ID_VIZAG,PANAMAX,COA_12M,12.81,8.0,840000,SCENARIO
2026-09-01,KALIMANTAN_ID_VIZAG,SUPRAMAX,SPOT,13.47,0.0,50000,SCENARIO
2026-09-01,KALIMANTAN_ID_VIZAG,SUPRAMAX,COA_3M,13.74,2.0,150000,SCENARIO
2026-09-01,KALIMANTAN_ID_VIZAG,SUPRAMAX,COA_6M,14.14,5.0,300000,SCENARIO
2026-09-01,KALIMANTAN_ID_VIZAG,SUPRAMAX,COA_12M,14.55,8.0,600000,SCENARIO
2026-09-01,MAPUTO_MZ_PARADIP,HANDYSIZE,SPOT,23.53,0.0,32000,SCENARIO
2026-09-01,MAPUTO_MZ_PARADIP,HANDYSIZE,COA_3M,24.0,2.0,96000,SCENARIO
2026-09-01,MAPUTO_MZ_PARADIP,HANDYSIZE,COA_6M,24.71,5.0,192000,SCENARIO
2026-09-01,MAPUTO_MZ_PARADIP,HANDYSIZE,COA_12M,25.41,8.0,384000,SCENARIO
2026-09-01,MAPUTO_MZ_PARADIP,PANAMAX,SPOT,16.22,0.0,70000,SCENARIO
2026-09-01,MAPUTO_MZ_PARADIP,PANAMAX,COA_3M,16.54,2.0,210000,SCENARIO
2026-09-01,MAPUTO_MZ_PARADIP,PANAMAX,COA_6M,17.03,5.0,420000,SCENARIO
2026-09-01,MAPUTO_MZ_PARADIP,PANAMAX,COA_12M,17.52,8.0,840000,SCENARIO
2026-09-01,MAPUTO_MZ_PARADIP,PANAMAX,SPOT,16.88,0.0,70000,SCENARIO
2026-09-01,MAPUTO_MZ_PARADIP,PANAMAX,COA_3M,17.22,2.0,210000,SCENARIO
2026-09-01,MAPUTO_MZ_PARADIP,PANAMAX,COA_6M,17.72,5.0,420000,SCENARIO
2026-09-01,MAPUTO_MZ_PARADIP,PANAMAX,COA_12M,18.23,8.0,840000,SCENARIO
2026-09-01,MAPUTO_MZ_PARADIP,SUPRAMAX,SPOT,19.3,0.0,50000,SCENARIO
2026-09-01,MAPUTO_MZ_PARADIP,SUPRAMAX,COA_3M,19.69,2.0,150000,SCENARIO
2026-09-01,MAPUTO_MZ_PARADIP,SUPRAMAX,COA_6M,20.27,5.0,300000,SCENARIO
2026-09-01,MAPUTO_MZ_PARADIP,SUPRAMAX,COA_12M,20.84,8.0,600000,SCENARIO
2026-09-01,MAPUTO_MZ_VIZAG,HANDYSIZE,SPOT,22.8,0.0,32000,SCENARIO
2026-09-01,MAPUTO_MZ_VIZAG,HANDYSIZE,COA_3M,23.26,2.0,96000,SCENARIO
2026-09-01,MAPUTO_MZ_VIZAG,HANDYSIZE,COA_6M,23.94,5.0,192000,SCENARIO
2026-09-01,MAPUTO_MZ_VIZAG,HANDYSIZE,COA_12M,24.62,8.0,384000,SCENARIO
2026-09-01,MAPUTO_MZ_VIZAG,PANAMAX,SPOT,15.73,0.0,70000,SCENARIO
2026-09-01,MAPUTO_MZ_VIZAG,PANAMAX,COA_3M,16.04,2.0,210000,SCENARIO
2026-09-01,MAPUTO_MZ_VIZAG,PANAMAX,COA_6M,16.52,5.0,420000,SCENARIO
2026-09-01,MAPUTO_MZ_VIZAG,PANAMAX,COA_12M,16.99,8.0,840000,SCENARIO
2026-09-01,MAPUTO_MZ_VIZAG,PANAMAX,SPOT,16.37,0.0,70000,SCENARIO
2026-09-01,MAPUTO_MZ_VIZAG,PANAMAX,COA_3M,16.7,2.0,210000,SCENARIO
2026-09-01,MAPUTO_MZ_VIZAG,PANAMAX,COA_6M,17.19,5.0,420000,SCENARIO
2026-09-01,MAPUTO_MZ_VIZAG,PANAMAX,COA_12M,17.68,8.0,840000,SCENARIO
2026-09-01,MAPUTO_MZ_VIZAG,SUPRAMAX,SPOT,18.72,0.0,50000,SCENARIO
2026-09-01,MAPUTO_MZ_VIZAG,SUPRAMAX,COA_3M,19.09,2.0,150000,SCENARIO
2026-09-01,MAPUTO_MZ_VIZAG,SUPRAMAX,COA_6M,19.66,5.0,300000,SCENARIO
2026-09-01,MAPUTO_MZ_VIZAG,SUPRAMAX,COA_12M,20.22,8.0,600000,SCENARIO
2026-09-01,NEWCASTLE_AU_DHAMRA,HANDYSIZE,SPOT,32.04,0.0,32000,SCENARIO
2026-09-01,NEWCASTLE_AU_DHAMRA,HANDYSIZE,COA_3M,32.68,2.0,96000,SCENARIO
2026-09-01,NEWCASTLE_AU_DHAMRA,HANDYSIZE,COA_6M,33.64,5.0,192000,SCENARIO
2026-09-01,NEWCASTLE_AU_DHAMRA,HANDYSIZE,COA_12M,34.6,8.0,384000,SCENARIO
2026-09-01,NEWCASTLE_AU_DHAMRA,PANAMAX,SPOT,21.96,0.0,70000,SCENARIO
2026-09-01,NEWCASTLE_AU_DHAMRA,PANAMAX,COA_3M,22.4,2.0,210000,SCENARIO
2026-09-01,NEWCASTLE_AU_DHAMRA,PANAMAX,COA_6M,23.06,5.0,420000,SCENARIO
2026-09-01,NEWCASTLE_AU_DHAMRA,PANAMAX,COA_12M,23.72,8.0,840000,SCENARIO
2026-09-01,NEWCASTLE_AU_DHAMRA,PANAMAX,SPOT,22.8,0.0,70000,SCENARIO
2026-09-01,NEWCASTLE_AU_DHAMRA,PANAMAX,COA_3M,23.26,2.0,210000,SCENARIO
2026-09-01,NEWCASTLE_AU_DHAMRA,PANAMAX,COA_6M,23.94,5.0,420000,SCENARIO
2026-09-01,NEWCASTLE_AU_DHAMRA,PANAMAX,COA_12M,24.62,8.0,840000,SCENARIO
2026-09-01,NEWCASTLE_AU_DHAMRA,SUPRAMAX,SPOT,26.18,0.0,50000,SCENARIO
2026-09-01,NEWCASTLE_AU_DHAMRA,SUPRAMAX,COA_3M,26.7,2.0,150000,SCENARIO
2026-09-01,NEWCASTLE_AU_DHAMRA,SUPRAMAX,COA_6M,27.49,5.0,300000,SCENARIO
2026-09-01,NEWCASTLE_AU_DHAMRA,SUPRAMAX,COA_12M,28.27,8.0,600000,SCENARIO
2026-09-01,NEWCASTLE_AU_GANGAVARAM,HANDYSIZE,SPOT,31.72,0.0,32000,SCENARIO
2026-09-01,NEWCASTLE_AU_GANGAVARAM,HANDYSIZE,COA_3M,32.35,2.0,96000,SCENARIO
2026-09-01,NEWCASTLE_AU_GANGAVARAM,HANDYSIZE,COA_6M,33.31,5.0,192000,SCENARIO
2026-09-01,NEWCASTLE_AU_GANGAVARAM,HANDYSIZE,COA_12M,34.26,8.0,384000,SCENARIO
2026-09-01,NEWCASTLE_AU_GANGAVARAM,PANAMAX,SPOT,21.74,0.0,70000,SCENARIO
2026-09-01,NEWCASTLE_AU_GANGAVARAM,PANAMAX,COA_3M,22.17,2.0,210000,SCENARIO
2026-09-01,NEWCASTLE_AU_GANGAVARAM,PANAMAX,COA_6M,22.83,5.0,420000,SCENARIO
2026-09-01,NEWCASTLE_AU_GANGAVARAM,PANAMAX,COA_12M,23.48,8.0,840000,SCENARIO
2026-09-01,NEWCASTLE_AU_GANGAVARAM,PANAMAX,SPOT,22.57,0.0,70000,SCENARIO
2026-09-01,NEWCASTLE_AU_GANGAVARAM,PANAMAX,COA_3M,23.02,2.0,210000,SCENARIO
2026-09-01,NEWCASTLE_AU_GANGAVARAM,PANAMAX,COA_6M,23.7,5.0,420000,SCENARIO
2026-09-01,NEWCASTLE_AU_GANGAVARAM,PANAMAX,COA_12M,24.38,8.0,840000,SCENARIO
2026-09-01,NEWCASTLE_AU_GANGAVARAM,SUPRAMAX,SPOT,25.92,0.0,50000,SCENARIO
2026-09-01,NEWCASTLE_AU_GANGAVARAM,SUPRAMAX,COA_3M,26.44,2.0,150000,SCENARIO
2026-09-01,NEWCASTLE_AU_GANGAVARAM,SUPRAMAX,COA_6M,27.22,5.0,300000,SCENARIO
2026-09-01,NEWCASTLE_AU_GANGAVARAM,SUPRAMAX,COA_12M,27.99,8.0,600000,SCENARIO
2026-09-01,NEWCASTLE_AU_GOPALPUR,HANDYSIZE,SPOT,32.23,0.0,32000,SCENARIO
2026-09-01,NEWCASTLE_AU_GOPALPUR,HANDYSIZE,COA_3M,32.87,2.0,96000,SCENARIO
2026-09-01,NEWCASTLE_AU_GOPALPUR,HANDYSIZE,COA_6M,33.84,5.0,192000,SCENARIO
2026-09-01,NEWCASTLE_AU_GOPALPUR,HANDYSIZE,COA_12M,34.81,8.0,384000,SCENARIO
2026-09-01,NEWCASTLE_AU_GOPALPUR,PANAMAX,SPOT,22.93,0.0,70000,SCENARIO
2026-09-01,NEWCASTLE_AU_GOPALPUR,PANAMAX,COA_3M,23.39,2.0,210000,SCENARIO
2026-09-01,NEWCASTLE_AU_GOPALPUR,PANAMAX,COA_6M,24.08,5.0,420000,SCENARIO
2026-09-01,NEWCASTLE_AU_GOPALPUR,PANAMAX,COA_12M,24.76,8.0,840000,SCENARIO
2026-09-01,NEWCASTLE_AU_GOPALPUR,SUPRAMAX,SPOT,26.35,0.0,50000,SCENARIO
2026-09-01,NEWCASTLE_AU_GOPALPUR,SUPRAMAX,COA_3M,26.88,2.0,150000,SCENARIO
2026-09-01,NEWCASTLE_AU_GOPALPUR,SUPRAMAX,COA_6M,27.67,5.0,300000,SCENARIO
2026-09-01,NEWCASTLE_AU_GOPALPUR,SUPRAMAX,COA_12M,28.46,8.0,600000,SCENARIO
2026-09-01,NEWCASTLE_AU_PARADIP,HANDYSIZE,SPOT,32.18,0.0,32000,SCENARIO
2026-09-01,NEWCASTLE_AU_PARADIP,HANDYSIZE,COA_3M,32.82,2.0,96000,SCENARIO
2026-09-01,NEWCASTLE_AU_PARADIP,HANDYSIZE,COA_6M,33.79,5.0,192000,SCENARIO
2026-09-01,NEWCASTLE_AU_PARADIP,HANDYSIZE,COA_12M,34.75,8.0,384000,SCENARIO
2026-09-01,NEWCASTLE_AU_PARADIP,PANAMAX,SPOT,22.06,0.0,70000,SCENARIO
2026-09-01,NEWCASTLE_AU_PARADIP,PANAMAX,COA_3M,22.5,2.0,210000,SCENARIO
2026-09-01,NEWCASTLE_AU_PARADIP,PANAMAX,COA_6M,23.16,5.0,420000,SCENARIO
2026-09-01,NEWCASTLE_AU_PARADIP,PANAMAX,COA_12M,23.82,8.0,840000,SCENARIO
2026-09-01,NEWCASTLE_AU_PARADIP,PANAMAX,SPOT,22.9,0.0,70000,SCENARIO
2026-09-01,NEWCASTLE_AU_PARADIP,PANAMAX,COA_3M,23.36,2.0,210000,SCENARIO
2026-09-01,NEWCASTLE_AU_PARADIP,PANAMAX,COA_6M,24.04,5.0,420000,SCENARIO
2026-09-01,NEWCASTLE_AU_PARADIP,PANAMAX,COA_12M,24.73,8.0,840000,SCENARIO
2026-09-01,NEWCASTLE_AU_PARADIP,SUPRAMAX,SPOT,26.3,0.0,50000,SCENARIO
2026-09-01,NEWCASTLE_AU_PARADIP,SUPRAMAX,COA_3M,26.83,2.0,150000,SCENARIO
2026-09-01,NEWCASTLE_AU_PARADIP,SUPRAMAX,COA_6M,27.62,5.0,300000,SCENARIO
2026-09-01,NEWCASTLE_AU_PARADIP,SUPRAMAX,COA_12M,28.4,8.0,600000,SCENARIO
2026-09-01,NEWCASTLE_AU_SANDHEADS,HANDYSIZE,SPOT,32.99,0.0,32000,SCENARIO
2026-09-01,NEWCASTLE_AU_SANDHEADS,HANDYSIZE,COA_3M,33.65,2.0,96000,SCENARIO
2026-09-01,NEWCASTLE_AU_SANDHEADS,HANDYSIZE,COA_6M,34.64,5.0,192000,SCENARIO
2026-09-01,NEWCASTLE_AU_SANDHEADS,HANDYSIZE,COA_12M,35.63,8.0,384000,SCENARIO
2026-09-01,NEWCASTLE_AU_SANDHEADS,PANAMAX,SPOT,22.6,0.0,70000,SCENARIO
2026-09-01,NEWCASTLE_AU_SANDHEADS,PANAMAX,COA_3M,23.05,2.0,210000,SCENARIO
2026-09-01,NEWCASTLE_AU_SANDHEADS,PANAMAX,COA_6M,23.73,5.0,420000,SCENARIO
2026-09-01,NEWCASTLE_AU_SANDHEADS,PANAMAX,COA_12M,24.41,8.0,840000,SCENARIO
2026-09-01,NEWCASTLE_AU_SANDHEADS,PANAMAX,SPOT,23.46,0.0,70000,SCENARIO
2026-09-01,NEWCASTLE_AU_SANDHEADS,PANAMAX,COA_3M,23.93,2.0,210000,SCENARIO
2026-09-01,NEWCASTLE_AU_SANDHEADS,PANAMAX,COA_6M,24.63,5.0,420000,SCENARIO
2026-09-01,NEWCASTLE_AU_SANDHEADS,PANAMAX,COA_12M,25.34,8.0,840000,SCENARIO
2026-09-01,NEWCASTLE_AU_SANDHEADS,SUPRAMAX,SPOT,26.97,0.0,50000,SCENARIO
2026-09-01,NEWCASTLE_AU_SANDHEADS,SUPRAMAX,COA_3M,27.51,2.0,150000,SCENARIO
2026-09-01,NEWCASTLE_AU_SANDHEADS,SUPRAMAX,COA_6M,28.32,5.0,300000,SCENARIO
2026-09-01,NEWCASTLE_AU_SANDHEADS,SUPRAMAX,COA_12M,29.13,8.0,600000,SCENARIO
2026-09-01,NEWCASTLE_AU_VIZAG,HANDYSIZE,SPOT,32.22,0.0,32000,SCENARIO
2026-09-01,NEWCASTLE_AU_VIZAG,HANDYSIZE,COA_3M,32.86,2.0,96000,SCENARIO
2026-09-01,NEWCASTLE_AU_VIZAG,HANDYSIZE,COA_6M,33.83,5.0,192000,SCENARIO
2026-09-01,NEWCASTLE_AU_VIZAG,HANDYSIZE,COA_12M,34.8,8.0,384000,SCENARIO
2026-09-01,NEWCASTLE_AU_VIZAG,PANAMAX,SPOT,22.08,0.0,70000,SCENARIO
2026-09-01,NEWCASTLE_AU_VIZAG,PANAMAX,COA_3M,22.52,2.0,210000,SCENARIO
2026-09-01,NEWCASTLE_AU_VIZAG,PANAMAX,COA_6M,23.18,5.0,420000,SCENARIO
2026-09-01,NEWCASTLE_AU_VIZAG,PANAMAX,COA_12M,23.85,8.0,840000,SCENARIO
2026-09-01,NEWCASTLE_AU_VIZAG,PANAMAX,SPOT,22.92,0.0,70000,SCENARIO
2026-09-01,NEWCASTLE_AU_VIZAG,PANAMAX,COA_3M,23.38,2.0,210000,SCENARIO
2026-09-01,NEWCASTLE_AU_VIZAG,PANAMAX,COA_6M,24.07,5.0,420000,SCENARIO
2026-09-01,NEWCASTLE_AU_VIZAG,PANAMAX,COA_12M,24.75,8.0,840000,SCENARIO
2026-09-01,NEWCASTLE_AU_VIZAG,SUPRAMAX,SPOT,26.34,0.0,50000,SCENARIO
2026-09-01,NEWCASTLE_AU_VIZAG,SUPRAMAX,COA_3M,26.87,2.0,150000,SCENARIO
2026-09-01,NEWCASTLE_AU_VIZAG,SUPRAMAX,COA_6M,27.66,5.0,300000,SCENARIO
2026-09-01,NEWCASTLE_AU_VIZAG,SUPRAMAX,COA_12M,28.45,8.0,600000,SCENARIO
2026-09-01,NORFOLK_US_PARADIP,HANDYSIZE,SPOT,56.12,0.0,32000,SCENARIO
2026-09-01,NORFOLK_US_PARADIP,HANDYSIZE,COA_3M,57.24,2.0,96000,SCENARIO
2026-09-01,NORFOLK_US_PARADIP,HANDYSIZE,COA_6M,58.93,5.0,192000,SCENARIO
2026-09-01,NORFOLK_US_PARADIP,HANDYSIZE,COA_12M,60.61,8.0,384000,SCENARIO
2026-09-01,NORFOLK_US_PARADIP,PANAMAX,SPOT,38.18,0.0,70000,SCENARIO
2026-09-01,NORFOLK_US_PARADIP,PANAMAX,COA_3M,38.94,2.0,210000,SCENARIO
2026-09-01,NORFOLK_US_PARADIP,PANAMAX,COA_6M,40.09,5.0,420000,SCENARIO
2026-09-01,NORFOLK_US_PARADIP,PANAMAX,COA_12M,41.23,8.0,840000,SCENARIO
2026-09-01,NORFOLK_US_PARADIP,PANAMAX,SPOT,39.53,0.0,70000,SCENARIO
2026-09-01,NORFOLK_US_PARADIP,PANAMAX,COA_3M,40.32,2.0,210000,SCENARIO
2026-09-01,NORFOLK_US_PARADIP,PANAMAX,COA_6M,41.51,5.0,420000,SCENARIO
2026-09-01,NORFOLK_US_PARADIP,PANAMAX,COA_12M,42.69,8.0,840000,SCENARIO
2026-09-01,NORFOLK_US_PARADIP,SUPRAMAX,SPOT,45.66,0.0,50000,SCENARIO
2026-09-01,NORFOLK_US_PARADIP,SUPRAMAX,COA_3M,46.57,2.0,150000,SCENARIO
2026-09-01,NORFOLK_US_PARADIP,SUPRAMAX,COA_6M,47.94,5.0,300000,SCENARIO
2026-09-01,NORFOLK_US_PARADIP,SUPRAMAX,COA_12M,49.31,8.0,600000,SCENARIO
2026-09-01,NORFOLK_US_VIZAG,HANDYSIZE,SPOT,55.4,0.0,32000,SCENARIO
2026-09-01,NORFOLK_US_VIZAG,HANDYSIZE,COA_3M,56.51,2.0,96000,SCENARIO
2026-09-01,NORFOLK_US_VIZAG,HANDYSIZE,COA_6M,58.17,5.0,192000,SCENARIO
2026-09-01,NORFOLK_US_VIZAG,HANDYSIZE,COA_12M,59.83,8.0,384000,SCENARIO
2026-09-01,NORFOLK_US_VIZAG,PANAMAX,SPOT,37.69,0.0,70000,SCENARIO
2026-09-01,NORFOLK_US_VIZAG,PANAMAX,COA_3M,38.44,2.0,210000,SCENARIO
2026-09-01,NORFOLK_US_VIZAG,PANAMAX,COA_6M,39.57,5.0,420000,SCENARIO
2026-09-01,NORFOLK_US_VIZAG,PANAMAX,COA_12M,40.71,8.0,840000,SCENARIO
2026-09-01,NORFOLK_US_VIZAG,PANAMAX,SPOT,39.03,0.0,70000,SCENARIO
2026-09-01,NORFOLK_US_VIZAG,PANAMAX,COA_3M,39.81,2.0,210000,SCENARIO
2026-09-01,NORFOLK_US_VIZAG,PANAMAX,COA_6M,40.98,5.0,420000,SCENARIO
2026-09-01,NORFOLK_US_VIZAG,PANAMAX,COA_12M,42.15,8.0,840000,SCENARIO
2026-09-01,NORFOLK_US_VIZAG,SUPRAMAX,SPOT,45.08,0.0,50000,SCENARIO
2026-09-01,NORFOLK_US_VIZAG,SUPRAMAX,COA_3M,45.98,2.0,150000,SCENARIO
2026-09-01,NORFOLK_US_VIZAG,SUPRAMAX,COA_6M,47.33,5.0,300000,SCENARIO
2026-09-01,NORFOLK_US_VIZAG,SUPRAMAX,COA_12M,48.69,8.0,600000,SCENARIO
2026-09-01,VOSTOCHNY_RU_PARADIP,HANDYSIZE,SPOT,31.17,0.0,32000,SCENARIO
2026-09-01,VOSTOCHNY_RU_PARADIP,HANDYSIZE,COA_3M,31.79,2.0,96000,SCENARIO
2026-09-01,VOSTOCHNY_RU_PARADIP,HANDYSIZE,COA_6M,32.73,5.0,192000,SCENARIO
2026-09-01,VOSTOCHNY_RU_PARADIP,HANDYSIZE,COA_12M,33.66,8.0,384000,SCENARIO
2026-09-01,VOSTOCHNY_RU_PARADIP,PANAMAX,SPOT,21.37,0.0,70000,SCENARIO
2026-09-01,VOSTOCHNY_RU_PARADIP,PANAMAX,COA_3M,21.8,2.0,210000,SCENARIO
2026-09-01,VOSTOCHNY_RU_PARADIP,PANAMAX,COA_6M,22.44,5.0,420000,SCENARIO
2026-09-01,VOSTOCHNY_RU_PARADIP,PANAMAX,COA_12M,23.08,8.0,840000,SCENARIO
2026-09-01,VOSTOCHNY_RU_PARADIP,PANAMAX,SPOT,22.19,0.0,70000,SCENARIO
2026-09-01,VOSTOCHNY_RU_PARADIP,PANAMAX,COA_3M,22.63,2.0,210000,SCENARIO
2026-09-01,VOSTOCHNY_RU_PARADIP,PANAMAX,COA_6M,23.3,5.0,420000,SCENARIO
2026-09-01,VOSTOCHNY_RU_PARADIP,PANAMAX,COA_12M,23.97,8.0,840000,SCENARIO
2026-09-01,VOSTOCHNY_RU_PARADIP,SUPRAMAX,SPOT,25.48,0.0,50000,SCENARIO
2026-09-01,VOSTOCHNY_RU_PARADIP,SUPRAMAX,COA_3M,25.99,2.0,150000,SCENARIO
2026-09-01,VOSTOCHNY_RU_PARADIP,SUPRAMAX,COA_6M,26.75,5.0,300000,SCENARIO
2026-09-01,VOSTOCHNY_RU_PARADIP,SUPRAMAX,COA_12M,27.52,8.0,600000,SCENARIO
2026-09-01,VOSTOCHNY_RU_VIZAG,HANDYSIZE,SPOT,30.95,0.0,32000,SCENARIO
2026-09-01,VOSTOCHNY_RU_VIZAG,HANDYSIZE,COA_3M,31.57,2.0,96000,SCENARIO
2026-09-01,VOSTOCHNY_RU_VIZAG,HANDYSIZE,COA_6M,32.5,5.0,192000,SCENARIO
2026-09-01,VOSTOCHNY_RU_VIZAG,HANDYSIZE,COA_12M,33.43,8.0,384000,SCENARIO
2026-09-01,VOSTOCHNY_RU_VIZAG,PANAMAX,SPOT,21.22,0.0,70000,SCENARIO
2026-09-01,VOSTOCHNY_RU_VIZAG,PANAMAX,COA_3M,21.64,2.0,210000,SCENARIO
2026-09-01,VOSTOCHNY_RU_VIZAG,PANAMAX,COA_6M,22.28,5.0,420000,SCENARIO
2026-09-01,VOSTOCHNY_RU_VIZAG,PANAMAX,COA_12M,22.92,8.0,840000,SCENARIO
2026-09-01,VOSTOCHNY_RU_VIZAG,PANAMAX,SPOT,22.04,0.0,70000,SCENARIO
2026-09-01,VOSTOCHNY_RU_VIZAG,PANAMAX,COA_3M,22.48,2.0,210000,SCENARIO
2026-09-01,VOSTOCHNY_RU_VIZAG,PANAMAX,COA_6M,23.14,5.0,420000,SCENARIO
2026-09-01,VOSTOCHNY_RU_VIZAG,PANAMAX,COA_12M,23.8,8.0,840000,SCENARIO
2026-09-01,VOSTOCHNY_RU_VIZAG,SUPRAMAX,SPOT,25.31,0.0,50000,SCENARIO
2026-09-01,VOSTOCHNY_RU_VIZAG,SUPRAMAX,COA_3M,25.82,2.0,150000,SCENARIO
2026-09-01,VOSTOCHNY_RU_VIZAG,SUPRAMAX,COA_6M,26.58,5.0,300000,SCENARIO
2026-09-01,VOSTOCHNY_RU_VIZAG,SUPRAMAX,COA_12M,27.33,8.0,600000,SCENARIO
2026-09-02,KALIMANTAN_ID_DHAMRA,HANDYSIZE,SPOT,16.83,0.0,32000,SCENARIO
2026-09-02,KALIMANTAN_ID_DHAMRA,HANDYSIZE,COA_3M,17.17,2.0,96000,SCENARIO
2026-09-02,KALIMANTAN_ID_DHAMRA,HANDYSIZE,COA_6M,17.67,5.0,192000,SCENARIO
2026-09-02,KALIMANTAN_ID_DHAMRA,HANDYSIZE,COA_12M,18.18,8.0,384000,SCENARIO
2026-09-02,KALIMANTAN_ID_DHAMRA,PANAMAX,SPOT,11.71,0.0,70000,SCENARIO
2026-09-02,KALIMANTAN_ID_DHAMRA,PANAMAX,COA_3M,11.94,2.0,210000,SCENARIO
2026-09-02,KALIMANTAN_ID_DHAMRA,PANAMAX,COA_6M,12.3,5.0,420000,SCENARIO
2026-09-02,KALIMANTAN_ID_DHAMRA,PANAMAX,COA_12M,12.65,8.0,840000,SCENARIO
2026-09-02,KALIMANTAN_ID_DHAMRA,PANAMAX,SPOT,12.22,0.0,70000,SCENARIO
2026-09-02,KALIMANTAN_ID_DHAMRA,PANAMAX,COA_3M,12.46,2.0,210000,SCENARIO
2026-09-02,KALIMANTAN_ID_DHAMRA,PANAMAX,COA_6M,12.83,5.0,420000,SCENARIO
2026-09-02,KALIMANTAN_ID_DHAMRA,PANAMAX,COA_12M,13.2,8.0,840000,SCENARIO
2026-09-02,KALIMANTAN_ID_DHAMRA,SUPRAMAX,SPOT,13.89,0.0,50000,SCENARIO
2026-09-02,KALIMANTAN_ID_DHAMRA,SUPRAMAX,COA_3M,14.17,2.0,150000,SCENARIO
2026-09-02,KALIMANTAN_ID_DHAMRA,SUPRAMAX,COA_6M,14.58,5.0,300000,SCENARIO
2026-09-02,KALIMANTAN_ID_DHAMRA,SUPRAMAX,COA_12M,15.0,8.0,600000,SCENARIO
2026-09-02,KALIMANTAN_ID_GANGAVARAM,HANDYSIZE,SPOT,16.27,0.0,32000,SCENARIO
2026-09-02,KALIMANTAN_ID_GANGAVARAM,HANDYSIZE,COA_3M,16.6,2.0,96000,SCENARIO
2026-09-02,KALIMANTAN_ID_GANGAVARAM,HANDYSIZE,COA_6M,17.08,5.0,192000,SCENARIO
2026-09-02,KALIMANTAN_ID_GANGAVARAM,HANDYSIZE,COA_12M,17.57,8.0,384000,SCENARIO
2026-09-02,KALIMANTAN_ID_GANGAVARAM,PANAMAX,SPOT,11.33,0.0,70000,SCENARIO
2026-09-02,KALIMANTAN_ID_GANGAVARAM,PANAMAX,COA_3M,11.56,2.0,210000,SCENARIO
2026-09-02,KALIMANTAN_ID_GANGAVARAM,PANAMAX,COA_6M,11.9,5.0,420000,SCENARIO
2026-09-02,KALIMANTAN_ID_GANGAVARAM,PANAMAX,COA_12M,12.24,8.0,840000,SCENARIO
2026-09-02,KALIMANTAN_ID_GANGAVARAM,PANAMAX,SPOT,11.83,0.0,70000,SCENARIO
2026-09-02,KALIMANTAN_ID_GANGAVARAM,PANAMAX,COA_3M,12.07,2.0,210000,SCENARIO
2026-09-02,KALIMANTAN_ID_GANGAVARAM,PANAMAX,COA_6M,12.42,5.0,420000,SCENARIO
2026-09-02,KALIMANTAN_ID_GANGAVARAM,PANAMAX,COA_12M,12.78,8.0,840000,SCENARIO
2026-09-02,KALIMANTAN_ID_GANGAVARAM,SUPRAMAX,SPOT,13.43,0.0,50000,SCENARIO
2026-09-02,KALIMANTAN_ID_GANGAVARAM,SUPRAMAX,COA_3M,13.7,2.0,150000,SCENARIO
2026-09-02,KALIMANTAN_ID_GANGAVARAM,SUPRAMAX,COA_6M,14.1,5.0,300000,SCENARIO
2026-09-02,KALIMANTAN_ID_GANGAVARAM,SUPRAMAX,COA_12M,14.5,8.0,600000,SCENARIO
2026-09-02,KALIMANTAN_ID_GOPALPUR,HANDYSIZE,SPOT,16.93,0.0,32000,SCENARIO
2026-09-02,KALIMANTAN_ID_GOPALPUR,HANDYSIZE,COA_3M,17.27,2.0,96000,SCENARIO
2026-09-02,KALIMANTAN_ID_GOPALPUR,HANDYSIZE,COA_6M,17.78,5.0,192000,SCENARIO
2026-09-02,KALIMANTAN_ID_GOPALPUR,HANDYSIZE,COA_12M,18.28,8.0,384000,SCENARIO
2026-09-02,KALIMANTAN_ID_GOPALPUR,PANAMAX,SPOT,12.29,0.0,70000,SCENARIO
2026-09-02,KALIMANTAN_ID_GOPALPUR,PANAMAX,COA_3M,12.54,2.0,210000,SCENARIO
2026-09-02,KALIMANTAN_ID_GOPALPUR,PANAMAX,COA_6M,12.9,5.0,420000,SCENARIO
2026-09-02,KALIMANTAN_ID_GOPALPUR,PANAMAX,COA_12M,13.27,8.0,840000,SCENARIO
2026-09-02,KALIMANTAN_ID_GOPALPUR,SUPRAMAX,SPOT,13.98,0.0,50000,SCENARIO
2026-09-02,KALIMANTAN_ID_GOPALPUR,SUPRAMAX,COA_3M,14.26,2.0,150000,SCENARIO
2026-09-02,KALIMANTAN_ID_GOPALPUR,SUPRAMAX,COA_6M,14.68,5.0,300000,SCENARIO
2026-09-02,KALIMANTAN_ID_GOPALPUR,SUPRAMAX,COA_12M,15.1,8.0,600000,SCENARIO
2026-09-02,KALIMANTAN_ID_PARADIP,HANDYSIZE,SPOT,17.01,0.0,32000,SCENARIO
2026-09-02,KALIMANTAN_ID_PARADIP,HANDYSIZE,COA_3M,17.35,2.0,96000,SCENARIO
2026-09-02,KALIMANTAN_ID_PARADIP,HANDYSIZE,COA_6M,17.86,5.0,192000,SCENARIO
2026-09-02,KALIMANTAN_ID_PARADIP,HANDYSIZE,COA_12M,18.37,8.0,384000,SCENARIO
2026-09-02,KALIMANTAN_ID_PARADIP,PANAMAX,SPOT,11.83,0.0,70000,SCENARIO
2026-09-02,KALIMANTAN_ID_PARADIP,PANAMAX,COA_3M,12.07,2.0,210000,SCENARIO
2026-09-02,KALIMANTAN_ID_PARADIP,PANAMAX,COA_6M,12.42,5.0,420000,SCENARIO
2026-09-02,KALIMANTAN_ID_PARADIP,PANAMAX,COA_12M,12.78,8.0,840000,SCENARIO
2026-09-02,KALIMANTAN_ID_PARADIP,PANAMAX,SPOT,12.35,0.0,70000,SCENARIO
2026-09-02,KALIMANTAN_ID_PARADIP,PANAMAX,COA_3M,12.6,2.0,210000,SCENARIO
2026-09-02,KALIMANTAN_ID_PARADIP,PANAMAX,COA_6M,12.97,5.0,420000,SCENARIO
2026-09-02,KALIMANTAN_ID_PARADIP,PANAMAX,COA_12M,13.34,8.0,840000,SCENARIO
2026-09-02,KALIMANTAN_ID_PARADIP,SUPRAMAX,SPOT,14.04,0.0,50000,SCENARIO
2026-09-02,KALIMANTAN_ID_PARADIP,SUPRAMAX,COA_3M,14.32,2.0,150000,SCENARIO
2026-09-02,KALIMANTAN_ID_PARADIP,SUPRAMAX,COA_6M,14.74,5.0,300000,SCENARIO
2026-09-02,KALIMANTAN_ID_PARADIP,SUPRAMAX,COA_12M,15.16,8.0,600000,SCENARIO
2026-09-02,KALIMANTAN_ID_SANDHEADS,HANDYSIZE,SPOT,17.87,0.0,32000,SCENARIO
2026-09-02,KALIMANTAN_ID_SANDHEADS,HANDYSIZE,COA_3M,18.23,2.0,96000,SCENARIO
2026-09-02,KALIMANTAN_ID_SANDHEADS,HANDYSIZE,COA_6M,18.76,5.0,192000,SCENARIO
2026-09-02,KALIMANTAN_ID_SANDHEADS,HANDYSIZE,COA_12M,19.3,8.0,384000,SCENARIO
2026-09-02,KALIMANTAN_ID_SANDHEADS,PANAMAX,SPOT,12.41,0.0,70000,SCENARIO
2026-09-02,KALIMANTAN_ID_SANDHEADS,PANAMAX,COA_3M,12.66,2.0,210000,SCENARIO
2026-09-02,KALIMANTAN_ID_SANDHEADS,PANAMAX,COA_6M,13.03,5.0,420000,SCENARIO
2026-09-02,KALIMANTAN_ID_SANDHEADS,PANAMAX,COA_12M,13.4,8.0,840000,SCENARIO
2026-09-02,KALIMANTAN_ID_SANDHEADS,PANAMAX,SPOT,12.95,0.0,70000,SCENARIO
2026-09-02,KALIMANTAN_ID_SANDHEADS,PANAMAX,COA_3M,13.21,2.0,210000,SCENARIO
2026-09-02,KALIMANTAN_ID_SANDHEADS,PANAMAX,COA_6M,13.6,5.0,420000,SCENARIO
2026-09-02,KALIMANTAN_ID_SANDHEADS,PANAMAX,COA_12M,13.99,8.0,840000,SCENARIO
2026-09-02,KALIMANTAN_ID_SANDHEADS,SUPRAMAX,SPOT,14.75,0.0,50000,SCENARIO
2026-09-02,KALIMANTAN_ID_SANDHEADS,SUPRAMAX,COA_3M,15.04,2.0,150000,SCENARIO
2026-09-02,KALIMANTAN_ID_SANDHEADS,SUPRAMAX,COA_6M,15.49,5.0,300000,SCENARIO
2026-09-02,KALIMANTAN_ID_SANDHEADS,SUPRAMAX,COA_12M,15.93,8.0,600000,SCENARIO
2026-09-02,KALIMANTAN_ID_VIZAG,HANDYSIZE,SPOT,16.79,0.0,32000,SCENARIO
2026-09-02,KALIMANTAN_ID_VIZAG,HANDYSIZE,COA_3M,17.13,2.0,96000,SCENARIO
2026-09-02,KALIMANTAN_ID_VIZAG,HANDYSIZE,COA_6M,17.63,5.0,192000,SCENARIO
2026-09-02,KALIMANTAN_ID_VIZAG,HANDYSIZE,COA_12M,18.13,8.0,384000,SCENARIO
2026-09-02,KALIMANTAN_ID_VIZAG,PANAMAX,SPOT,11.68,0.0,70000,SCENARIO
2026-09-02,KALIMANTAN_ID_VIZAG,PANAMAX,COA_3M,11.91,2.0,210000,SCENARIO
2026-09-02,KALIMANTAN_ID_VIZAG,PANAMAX,COA_6M,12.26,5.0,420000,SCENARIO
2026-09-02,KALIMANTAN_ID_VIZAG,PANAMAX,COA_12M,12.61,8.0,840000,SCENARIO
2026-09-02,KALIMANTAN_ID_VIZAG,PANAMAX,SPOT,12.2,0.0,70000,SCENARIO
2026-09-02,KALIMANTAN_ID_VIZAG,PANAMAX,COA_3M,12.44,2.0,210000,SCENARIO
2026-09-02,KALIMANTAN_ID_VIZAG,PANAMAX,COA_6M,12.81,5.0,420000,SCENARIO
2026-09-02,KALIMANTAN_ID_VIZAG,PANAMAX,COA_12M,13.18,8.0,840000,SCENARIO
2026-09-02,KALIMANTAN_ID_VIZAG,SUPRAMAX,SPOT,13.87,0.0,50000,SCENARIO
2026-09-02,KALIMANTAN_ID_VIZAG,SUPRAMAX,COA_3M,14.15,2.0,150000,SCENARIO
2026-09-02,KALIMANTAN_ID_VIZAG,SUPRAMAX,COA_6M,14.56,5.0,300000,SCENARIO
2026-09-02,KALIMANTAN_ID_VIZAG,SUPRAMAX,COA_12M,14.98,8.0,600000,SCENARIO
2026-09-02,MAPUTO_MZ_PARADIP,HANDYSIZE,SPOT,24.24,0.0,32000,SCENARIO
2026-09-02,MAPUTO_MZ_PARADIP,HANDYSIZE,COA_3M,24.72,2.0,96000,SCENARIO
2026-09-02,MAPUTO_MZ_PARADIP,HANDYSIZE,COA_6M,25.45,5.0,192000,SCENARIO
2026-09-02,MAPUTO_MZ_PARADIP,HANDYSIZE,COA_12M,26.18,8.0,384000,SCENARIO
2026-09-02,MAPUTO_MZ_PARADIP,PANAMAX,SPOT,16.7,0.0,70000,SCENARIO
2026-09-02,MAPUTO_MZ_PARADIP,PANAMAX,COA_3M,17.03,2.0,210000,SCENARIO
2026-09-02,MAPUTO_MZ_PARADIP,PANAMAX,COA_6M,17.54,5.0,420000,SCENARIO
2026-09-02,MAPUTO_MZ_PARADIP,PANAMAX,COA_12M,18.04,8.0,840000,SCENARIO
2026-09-02,MAPUTO_MZ_PARADIP,PANAMAX,SPOT,17.37,0.0,70000,SCENARIO
2026-09-02,MAPUTO_MZ_PARADIP,PANAMAX,COA_3M,17.72,2.0,210000,SCENARIO
2026-09-02,MAPUTO_MZ_PARADIP,PANAMAX,COA_6M,18.24,5.0,420000,SCENARIO
2026-09-02,MAPUTO_MZ_PARADIP,PANAMAX,COA_12M,18.76,8.0,840000,SCENARIO
2026-09-02,MAPUTO_MZ_PARADIP,SUPRAMAX,SPOT,19.89,0.0,50000,SCENARIO
2026-09-02,MAPUTO_MZ_PARADIP,SUPRAMAX,COA_3M,20.29,2.0,150000,SCENARIO
2026-09-02,MAPUTO_MZ_PARADIP,SUPRAMAX,COA_6M,20.88,5.0,300000,SCENARIO
2026-09-02,MAPUTO_MZ_PARADIP,SUPRAMAX,COA_12M,21.48,8.0,600000,SCENARIO
2026-09-02,MAPUTO_MZ_VIZAG,HANDYSIZE,SPOT,23.5,0.0,32000,SCENARIO
2026-09-02,MAPUTO_MZ_VIZAG,HANDYSIZE,COA_3M,23.97,2.0,96000,SCENARIO
2026-09-02,MAPUTO_MZ_VIZAG,HANDYSIZE,COA_6M,24.68,5.0,192000,SCENARIO
2026-09-02,MAPUTO_MZ_VIZAG,HANDYSIZE,COA_12M,25.38,8.0,384000,SCENARIO
2026-09-02,MAPUTO_MZ_VIZAG,PANAMAX,SPOT,16.2,0.0,70000,SCENARIO
2026-09-02,MAPUTO_MZ_VIZAG,PANAMAX,COA_3M,16.52,2.0,210000,SCENARIO
2026-09-02,MAPUTO_MZ_VIZAG,PANAMAX,COA_6M,17.01,5.0,420000,SCENARIO
2026-09-02,MAPUTO_MZ_VIZAG,PANAMAX,COA_12M,17.5,8.0,840000,SCENARIO
2026-09-02,MAPUTO_MZ_VIZAG,PANAMAX,SPOT,16.86,0.0,70000,SCENARIO
2026-09-02,MAPUTO_MZ_VIZAG,PANAMAX,COA_3M,17.2,2.0,210000,SCENARIO
2026-09-02,MAPUTO_MZ_VIZAG,PANAMAX,COA_6M,17.7,5.0,420000,SCENARIO
2026-09-02,MAPUTO_MZ_VIZAG,PANAMAX,COA_12M,18.21,8.0,840000,SCENARIO
2026-09-02,MAPUTO_MZ_VIZAG,SUPRAMAX,SPOT,19.29,0.0,50000,SCENARIO
2026-09-02,MAPUTO_MZ_VIZAG,SUPRAMAX,COA_3M,19.68,2.0,150000,SCENARIO
2026-09-02,MAPUTO_MZ_VIZAG,SUPRAMAX,COA_6M,20.25,5.0,300000,SCENARIO
2026-09-02,MAPUTO_MZ_VIZAG,SUPRAMAX,COA_12M,20.83,8.0,600000,SCENARIO
2026-09-02,NEWCASTLE_AU_DHAMRA,HANDYSIZE,SPOT,33.03,0.0,32000,SCENARIO
2026-09-02,NEWCASTLE_AU_DHAMRA,HANDYSIZE,COA_3M,33.69,2.0,96000,SCENARIO
2026-09-02,NEWCASTLE_AU_DHAMRA,HANDYSIZE,COA_6M,34.68,5.0,192000,SCENARIO
2026-09-02,NEWCASTLE_AU_DHAMRA,HANDYSIZE,COA_12M,35.67,8.0,384000,SCENARIO
2026-09-02,NEWCASTLE_AU_DHAMRA,PANAMAX,SPOT,22.63,0.0,70000,SCENARIO
2026-09-02,NEWCASTLE_AU_DHAMRA,PANAMAX,COA_3M,23.08,2.0,210000,SCENARIO
2026-09-02,NEWCASTLE_AU_DHAMRA,PANAMAX,COA_6M,23.76,5.0,420000,SCENARIO
2026-09-02,NEWCASTLE_AU_DHAMRA,PANAMAX,COA_12M,24.44,8.0,840000,SCENARIO
2026-09-02,NEWCASTLE_AU_DHAMRA,PANAMAX,SPOT,23.48,0.0,70000,SCENARIO
2026-09-02,NEWCASTLE_AU_DHAMRA,PANAMAX,COA_3M,23.95,2.0,210000,SCENARIO
2026-09-02,NEWCASTLE_AU_DHAMRA,PANAMAX,COA_6M,24.65,5.0,420000,SCENARIO
2026-09-02,NEWCASTLE_AU_DHAMRA,PANAMAX,COA_12M,25.36,8.0,840000,SCENARIO
2026-09-02,NEWCASTLE_AU_DHAMRA,SUPRAMAX,SPOT,26.99,0.0,50000,SCENARIO
2026-09-02,NEWCASTLE_AU_DHAMRA,SUPRAMAX,COA_3M,27.53,2.0,150000,SCENARIO
2026-09-02,NEWCASTLE_AU_DHAMRA,SUPRAMAX,COA_6M,28.34,5.0,300000,SCENARIO
2026-09-02,NEWCASTLE_AU_DHAMRA,SUPRAMAX,COA_12M,29.15,8.0,600000,SCENARIO
2026-09-02,NEWCASTLE_AU_GANGAVARAM,HANDYSIZE,SPOT,32.7,0.0,32000,SCENARIO
2026-09-02,NEWCASTLE_AU_GANGAVARAM,HANDYSIZE,COA_3M,33.35,2.0,96000,SCENARIO
2026-09-02,NEWCASTLE_AU_GANGAVARAM,HANDYSIZE,COA_6M,34.34,5.0,192000,SCENARIO
2026-09-02,NEWCASTLE_AU_GANGAVARAM,HANDYSIZE,COA_12M,35.32,8.0,384000,SCENARIO
2026-09-02,NEWCASTLE_AU_GANGAVARAM,PANAMAX,SPOT,22.4,0.0,70000,SCENARIO
2026-09-02,NEWCASTLE_AU_GANGAVARAM,PANAMAX,COA_3M,22.85,2.0,210000,SCENARIO
2026-09-02,NEWCASTLE_AU_GANGAVARAM,PANAMAX,COA_6M,23.52,5.0,420000,SCENARIO
2026-09-02,NEWCASTLE_AU_GANGAVARAM,PANAMAX,COA_12M,24.19,8.0,840000,SCENARIO
2026-09-02,NEWCASTLE_AU_GANGAVARAM,PANAMAX,SPOT,23.25,0.0,70000,SCENARIO
2026-09-02,NEWCASTLE_AU_GANGAVARAM,PANAMAX,COA_3M,23.71,2.0,210000,SCENARIO
2026-09-02,NEWCASTLE_AU_GANGAVARAM,PANAMAX,COA_6M,24.41,5.0,420000,SCENARIO
2026-09-02,NEWCASTLE_AU_GANGAVARAM,PANAMAX,COA_12M,25.11,8.0,840000,SCENARIO
2026-09-02,NEWCASTLE_AU_GANGAVARAM,SUPRAMAX,SPOT,26.72,0.0,50000,SCENARIO
2026-09-02,NEWCASTLE_AU_GANGAVARAM,SUPRAMAX,COA_3M,27.25,2.0,150000,SCENARIO
2026-09-02,NEWCASTLE_AU_GANGAVARAM,SUPRAMAX,COA_6M,28.06,5.0,300000,SCENARIO
2026-09-02,NEWCASTLE_AU_GANGAVARAM,SUPRAMAX,COA_12M,28.86,8.0,600000,SCENARIO
2026-09-02,NEWCASTLE_AU_GOPALPUR,HANDYSIZE,SPOT,33.24,0.0,32000,SCENARIO
2026-09-02,NEWCASTLE_AU_GOPALPUR,HANDYSIZE,COA_3M,33.9,2.0,96000,SCENARIO
2026-09-02,NEWCASTLE_AU_GOPALPUR,HANDYSIZE,COA_6M,34.9,5.0,192000,SCENARIO
2026-09-02,NEWCASTLE_AU_GOPALPUR,HANDYSIZE,COA_12M,35.9,8.0,384000,SCENARIO
2026-09-02,NEWCASTLE_AU_GOPALPUR,PANAMAX,SPOT,23.63,0.0,70000,SCENARIO
2026-09-02,NEWCASTLE_AU_GOPALPUR,PANAMAX,COA_3M,24.1,2.0,210000,SCENARIO
2026-09-02,NEWCASTLE_AU_GOPALPUR,PANAMAX,COA_6M,24.81,5.0,420000,SCENARIO
2026-09-02,NEWCASTLE_AU_GOPALPUR,PANAMAX,COA_12M,25.52,8.0,840000,SCENARIO
2026-09-02,NEWCASTLE_AU_GOPALPUR,SUPRAMAX,SPOT,27.17,0.0,50000,SCENARIO
2026-09-02,NEWCASTLE_AU_GOPALPUR,SUPRAMAX,COA_3M,27.71,2.0,150000,SCENARIO
2026-09-02,NEWCASTLE_AU_GOPALPUR,SUPRAMAX,COA_6M,28.53,5.0,300000,SCENARIO
2026-09-02,NEWCASTLE_AU_GOPALPUR,SUPRAMAX,COA_12M,29.34,8.0,600000,SCENARIO
2026-09-02,NEWCASTLE_AU_PARADIP,HANDYSIZE,SPOT,33.18,0.0,32000,SCENARIO
2026-09-02,NEWCASTLE_AU_PARADIP,HANDYSIZE,COA_3M,33.84,2.0,96000,SCENARIO
2026-09-02,NEWCASTLE_AU_PARADIP,HANDYSIZE,COA_6M,34.84,5.0,192000,SCENARIO
2026-09-02,NEWCASTLE_AU_PARADIP,HANDYSIZE,COA_12M,35.83,8.0,384000,SCENARIO
2026-09-02,NEWCASTLE_AU_PARADIP,PANAMAX,SPOT,22.73,0.0,70000,SCENARIO
2026-09-02,NEWCASTLE_AU_PARADIP,PANAMAX,COA_3M,23.18,2.0,210000,SCENARIO
2026-09-02,NEWCASTLE_AU_PARADIP,PANAMAX,COA_6M,23.87,5.0,420000,SCENARIO
2026-09-02,NEWCASTLE_AU_PARADIP,PANAMAX,COA_12M,24.55,8.0,840000,SCENARIO
2026-09-02,NEWCASTLE_AU_PARADIP,PANAMAX,SPOT,23.59,0.0,70000,SCENARIO
2026-09-02,NEWCASTLE_AU_PARADIP,PANAMAX,COA_3M,24.06,2.0,210000,SCENARIO
2026-09-02,NEWCASTLE_AU_PARADIP,PANAMAX,COA_6M,24.77,5.0,420000,SCENARIO
2026-09-02,NEWCASTLE_AU_PARADIP,PANAMAX,COA_12M,25.48,8.0,840000,SCENARIO
2026-09-02,NEWCASTLE_AU_PARADIP,SUPRAMAX,SPOT,27.12,0.0,50000,SCENARIO
2026-09-02,NEWCASTLE_AU_PARADIP,SUPRAMAX,COA_3M,27.66,2.0,150000,SCENARIO
2026-09-02,NEWCASTLE_AU_PARADIP,SUPRAMAX,COA_6M,28.48,5.0,300000,SCENARIO
2026-09-02,NEWCASTLE_AU_PARADIP,SUPRAMAX,COA_12M,29.29,8.0,600000,SCENARIO
2026-09-02,NEWCASTLE_AU_SANDHEADS,HANDYSIZE,SPOT,34.02,0.0,32000,SCENARIO
2026-09-02,NEWCASTLE_AU_SANDHEADS,HANDYSIZE,COA_3M,34.7,2.0,96000,SCENARIO
2026-09-02,NEWCASTLE_AU_SANDHEADS,HANDYSIZE,COA_6M,35.72,5.0,192000,SCENARIO
2026-09-02,NEWCASTLE_AU_SANDHEADS,HANDYSIZE,COA_12M,36.74,8.0,384000,SCENARIO
2026-09-02,NEWCASTLE_AU_SANDHEADS,PANAMAX,SPOT,23.29,0.0,70000,SCENARIO
2026-09-02,NEWCASTLE_AU_SANDHEADS,PANAMAX,COA_3M,23.76,2.0,210000,SCENARIO
2026-09-02,NEWCASTLE_AU_SANDHEADS,PANAMAX,COA_6M,24.45,5.0,420000,SCENARIO
2026-09-02,NEWCASTLE_AU_SANDHEADS,PANAMAX,COA_12M,25.15,8.0,840000,SCENARIO
2026-09-02,NEWCASTLE_AU_SANDHEADS,PANAMAX,SPOT,24.17,0.0,70000,SCENARIO
2026-09-02,NEWCASTLE_AU_SANDHEADS,PANAMAX,COA_3M,24.65,2.0,210000,SCENARIO
2026-09-02,NEWCASTLE_AU_SANDHEADS,PANAMAX,COA_6M,25.38,5.0,420000,SCENARIO
2026-09-02,NEWCASTLE_AU_SANDHEADS,PANAMAX,COA_12M,26.1,8.0,840000,SCENARIO
2026-09-02,NEWCASTLE_AU_SANDHEADS,SUPRAMAX,SPOT,27.81,0.0,50000,SCENARIO
2026-09-02,NEWCASTLE_AU_SANDHEADS,SUPRAMAX,COA_3M,28.37,2.0,150000,SCENARIO
2026-09-02,NEWCASTLE_AU_SANDHEADS,SUPRAMAX,COA_6M,29.2,5.0,300000,SCENARIO
2026-09-02,NEWCASTLE_AU_SANDHEADS,SUPRAMAX,COA_12M,30.03,8.0,600000,SCENARIO
2026-09-02,NEWCASTLE_AU_VIZAG,HANDYSIZE,SPOT,33.23,0.0,32000,SCENARIO
2026-09-02,NEWCASTLE_AU_VIZAG,HANDYSIZE,COA_3M,33.89,2.0,96000,SCENARIO
2026-09-02,NEWCASTLE_AU_VIZAG,HANDYSIZE,COA_6M,34.89,5.0,192000,SCENARIO
2026-09-02,NEWCASTLE_AU_VIZAG,HANDYSIZE,COA_12M,35.89,8.0,384000,SCENARIO
2026-09-02,NEWCASTLE_AU_VIZAG,PANAMAX,SPOT,22.76,0.0,70000,SCENARIO
2026-09-02,NEWCASTLE_AU_VIZAG,PANAMAX,COA_3M,23.22,2.0,210000,SCENARIO
2026-09-02,NEWCASTLE_AU_VIZAG,PANAMAX,COA_6M,23.9,5.0,420000,SCENARIO
2026-09-02,NEWCASTLE_AU_VIZAG,PANAMAX,COA_12M,24.58,8.0,840000,SCENARIO
2026-09-02,NEWCASTLE_AU_VIZAG,PANAMAX,SPOT,23.62,0.0,70000,SCENARIO
2026-09-02,NEWCASTLE_AU_VIZAG,PANAMAX,COA_3M,24.09,2.0,210000,SCENARIO
2026-09-02,NEWCASTLE_AU_VIZAG,PANAMAX,COA_6M,24.8,5.0,420000,SCENARIO
2026-09-02,NEWCASTLE_AU_VIZAG,PANAMAX,COA_12M,25.51,8.0,840000,SCENARIO
2026-09-02,NEWCASTLE_AU_VIZAG,SUPRAMAX,SPOT,27.16,0.0,50000,SCENARIO
2026-09-02,NEWCASTLE_AU_VIZAG,SUPRAMAX,COA_3M,27.7,2.0,150000,SCENARIO
2026-09-02,NEWCASTLE_AU_VIZAG,SUPRAMAX,COA_6M,28.52,5.0,300000,SCENARIO
2026-09-02,NEWCASTLE_AU_VIZAG,SUPRAMAX,COA_12M,29.33,8.0,600000,SCENARIO
2026-09-02,NORFOLK_US_PARADIP,HANDYSIZE,SPOT,57.9,0.0,32000,SCENARIO
2026-09-02,NORFOLK_US_PARADIP,HANDYSIZE,COA_3M,59.06,2.0,96000,SCENARIO
2026-09-02,NORFOLK_US_PARADIP,HANDYSIZE,COA_6M,60.8,5.0,192000,SCENARIO
2026-09-02,NORFOLK_US_PARADIP,HANDYSIZE,COA_12M,62.53,8.0,384000,SCENARIO
2026-09-02,NORFOLK_US_PARADIP,PANAMAX,SPOT,39.38,0.0,70000,SCENARIO
2026-09-02,NORFOLK_US_PARADIP,PANAMAX,COA_3M,40.17,2.0,210000,SCENARIO
2026-09-02,NORFOLK_US_PARADIP,PANAMAX,COA_6M,41.35,5.0,420000,SCENARIO
2026-09-02,NORFOLK_US_PARADIP,PANAMAX,COA_12M,42.53,8.0,840000,SCENARIO
2026-09-02,NORFOLK_US_PARADIP,PANAMAX,SPOT,40.77,0.0,70000,SCENARIO
2026-09-02,NORFOLK_US_PARADIP,PANAMAX,COA_3M,41.59,2.0,210000,SCENARIO
2026-09-02,NORFOLK_US_PARADIP,PANAMAX,COA_6M,42.81,5.0,420000,SCENARIO
2026-09-02,NORFOLK_US_PARADIP,PANAMAX,COA_12M,44.03,8.0,840000,SCENARIO
2026-09-02,NORFOLK_US_PARADIP,SUPRAMAX,SPOT,47.11,0.0,50000,SCENARIO
2026-09-02,NORFOLK_US_PARADIP,SUPRAMAX,COA_3M,48.05,2.0,150000,SCENARIO
2026-09-02,NORFOLK_US_PARADIP,SUPRAMAX,COA_6M,49.47,5.0,300000,SCENARIO
2026-09-02,NORFOLK_US_PARADIP,SUPRAMAX,COA_12M,50.88,8.0,600000,SCENARIO
2026-09-02,NORFOLK_US_VIZAG,HANDYSIZE,SPOT,57.16,0.0,32000,SCENARIO
2026-09-02,NORFOLK_US_VIZAG,HANDYSIZE,COA_3M,58.3,2.0,96000,SCENARIO
2026-09-02,NORFOLK_US_VIZAG,HANDYSIZE,COA_6M,60.02,5.0,192000,SCENARIO
2026-09-02,NORFOLK_US_VIZAG,HANDYSIZE,COA_12M,61.73,8.0,384000,SCENARIO
2026-09-02,NORFOLK_US_VIZAG,PANAMAX,SPOT,38.88,0.0,70000,SCENARIO
2026-09-02,NORFOLK_US_VIZAG,PANAMAX,COA_3M,39.66,2.0,210000,SCENARIO
2026-09-02,NORFOLK_US_VIZAG,PANAMAX,COA_6M,40.82,5.0,420000,SCENARIO
2026-09-02,NORFOLK_US_VIZAG,PANAMAX,COA_12M,41.99,8.0,840000,SCENARIO
2026-09-02,NORFOLK_US_VIZAG,PANAMAX,SPOT,40.25,0.0,70000,SCENARIO
2026-09-02,NORFOLK_US_VIZAG,PANAMAX,COA_3M,41.05,2.0,210000,SCENARIO
2026-09-02,NORFOLK_US_VIZAG,PANAMAX,COA_6M,42.26,5.0,420000,SCENARIO
2026-09-02,NORFOLK_US_VIZAG,PANAMAX,COA_12M,43.47,8.0,840000,SCENARIO
2026-09-02,NORFOLK_US_VIZAG,SUPRAMAX,SPOT,46.52,0.0,50000,SCENARIO
2026-09-02,NORFOLK_US_VIZAG,SUPRAMAX,COA_3M,47.45,2.0,150000,SCENARIO
2026-09-02,NORFOLK_US_VIZAG,SUPRAMAX,COA_6M,48.85,5.0,300000,SCENARIO
2026-09-02,NORFOLK_US_VIZAG,SUPRAMAX,COA_12M,50.24,8.0,600000,SCENARIO
2026-09-02,VOSTOCHNY_RU_PARADIP,HANDYSIZE,SPOT,32.13,0.0,32000,SCENARIO
2026-09-02,VOSTOCHNY_RU_PARADIP,HANDYSIZE,COA_3M,32.77,2.0,96000,SCENARIO
2026-09-02,VOSTOCHNY_RU_PARADIP,HANDYSIZE,COA_6M,33.74,5.0,192000,SCENARIO
2026-09-02,VOSTOCHNY_RU_PARADIP,HANDYSIZE,COA_12M,34.7,8.0,384000,SCENARIO
2026-09-02,VOSTOCHNY_RU_PARADIP,PANAMAX,SPOT,22.02,0.0,70000,SCENARIO
2026-09-02,VOSTOCHNY_RU_PARADIP,PANAMAX,COA_3M,22.46,2.0,210000,SCENARIO
2026-09-02,VOSTOCHNY_RU_PARADIP,PANAMAX,COA_6M,23.12,5.0,420000,SCENARIO
2026-09-02,VOSTOCHNY_RU_PARADIP,PANAMAX,COA_12M,23.78,8.0,840000,SCENARIO
2026-09-02,VOSTOCHNY_RU_PARADIP,PANAMAX,SPOT,22.86,0.0,70000,SCENARIO
2026-09-02,VOSTOCHNY_RU_PARADIP,PANAMAX,COA_3M,23.32,2.0,210000,SCENARIO
2026-09-02,VOSTOCHNY_RU_PARADIP,PANAMAX,COA_6M,24.0,5.0,420000,SCENARIO
2026-09-02,VOSTOCHNY_RU_PARADIP,PANAMAX,COA_12M,24.69,8.0,840000,SCENARIO
2026-09-02,VOSTOCHNY_RU_PARADIP,SUPRAMAX,SPOT,26.27,0.0,50000,SCENARIO
2026-09-02,VOSTOCHNY_RU_PARADIP,SUPRAMAX,COA_3M,26.8,2.0,150000,SCENARIO
2026-09-02,VOSTOCHNY_RU_PARADIP,SUPRAMAX,COA_6M,27.58,5.0,300000,SCENARIO
2026-09-02,VOSTOCHNY_RU_PARADIP,SUPRAMAX,COA_12M,28.37,8.0,600000,SCENARIO
2026-09-02,VOSTOCHNY_RU_VIZAG,HANDYSIZE,SPOT,31.91,0.0,32000,SCENARIO
2026-09-02,VOSTOCHNY_RU_VIZAG,HANDYSIZE,COA_3M,32.55,2.0,96000,SCENARIO
2026-09-02,VOSTOCHNY_RU_VIZAG,HANDYSIZE,COA_6M,33.51,5.0,192000,SCENARIO
2026-09-02,VOSTOCHNY_RU_VIZAG,HANDYSIZE,COA_12M,34.46,8.0,384000,SCENARIO
2026-09-02,VOSTOCHNY_RU_VIZAG,PANAMAX,SPOT,21.87,0.0,70000,SCENARIO
2026-09-02,VOSTOCHNY_RU_VIZAG,PANAMAX,COA_3M,22.31,2.0,210000,SCENARIO
2026-09-02,VOSTOCHNY_RU_VIZAG,PANAMAX,COA_6M,22.96,5.0,420000,SCENARIO
2026-09-02,VOSTOCHNY_RU_VIZAG,PANAMAX,COA_12M,23.62,8.0,840000,SCENARIO
2026-09-02,VOSTOCHNY_RU_VIZAG,PANAMAX,SPOT,22.71,0.0,70000,SCENARIO
2026-09-02,VOSTOCHNY_RU_VIZAG,PANAMAX,COA_3M,23.16,2.0,210000,SCENARIO
2026-09-02,VOSTOCHNY_RU_VIZAG,PANAMAX,COA_6M,23.85,5.0,420000,SCENARIO
2026-09-02,VOSTOCHNY_RU_VIZAG,PANAMAX,COA_12M,24.53,8.0,840000,SCENARIO
2026-09-02,VOSTOCHNY_RU_VIZAG,SUPRAMAX,SPOT,26.1,0.0,50000,SCENARIO
2026-09-02,VOSTOCHNY_RU_VIZAG,SUPRAMAX,COA_3M,26.62,2.0,150000,SCENARIO
2026-09-02,VOSTOCHNY_RU_VIZAG,SUPRAMAX,COA_6M,27.41,5.0,300000,SCENARIO
2026-09-02,VOSTOCHNY_RU_VIZAG,SUPRAMAX,COA_12M,28.19,8.0,600000,SCENARIO
