date,port,waiting_vessels_count,avg_waiting_time_hrs,congestion_status,data_type
2023-01-02,PARADIP,2,17.5,NORMAL,SYNTHETIC
2023-01-03,PARADIP,1,17.3,NORMAL,SYNTHETIC
2023-01-04,PARADIP,3,20.2,NORMAL,SYNTHETIC
2023-01-05,PARADIP,3,19.8,NORMAL,SYNTHETIC
2023-01-06,PARADIP,4,19.2,NORMAL,SYNTHETIC
2023-01-09,PARADIP,4,21.2,NORMAL,SYNTHETIC
2023-01-10,PARADIP,3,24.6,ELEVATED,SYNTHETIC
2023-01-11,PARADIP,2,23.6,ELEVATED,SYNTHETIC
2023-01-12,PARADIP,3,22.7,ELEVATED,SYNTHETIC
2023-01-13,PARADIP,3,21.3,NORMAL,SYNTHETIC
2023-01-16,PARADIP,3,20.8,NORMAL,SYNTHETIC
2023-01-17,PARADIP,3,19.1,NORMAL,SYNTHETIC
2023-01-18,PARADIP,2,17.8,NORMAL,SYNTHETIC
2023-01-19,PARADIP,4,21.7,ELEVATED,SYNTHETIC
2023-01-20,PARADIP,2,19.3,NORMAL,SYNTHETIC
2023-01-23,PARADIP,3,19.0,NORMAL,SYNTHETIC
2023-01-24,PARADIP,2,20.9,NORMAL,SYNTHETIC
2023-01-25,PARADIP,3,19.8,NORMAL,SYNTHETIC
2023-01-26,PARADIP,3,18.7,NORMAL,SYNTHETIC
2023-01-27,PARADIP,3,20.9,NORMAL,SYNTHETIC
2023-01-30,PARADIP,2,23.5,ELEVATED,SYNTHETIC
2023-01-31,PARADIP,3,24.4,ELEVATED,SYNTHETIC
2023-02-01,PARADIP,5,30.4,HIGH,SYNTHETIC
2023-02-02,PARADIP,3,26.8,ELEVATED,SYNTHETIC
2023-02-03,PARADIP,3,27.2,HIGH,SYNTHETIC
2023-02-06,PARADIP,4,28.7,HIGH,SYNTHETIC
2023-02-07,PARADIP,6,31.5,HIGH,SYNTHETIC
2023-02-08,PARADIP,5,25.4,ELEVATED,SYNTHETIC
2023-02-09,PARADIP,3,25.2,ELEVATED,SYNTHETIC
2023-02-10,PARADIP,4,25.3,ELEVATED,SYNTHETIC
2023-02-13,PARADIP,3,28.4,HIGH,SYNTHETIC
2023-02-14,PARADIP,4,32.6,HIGH,SYNTHETIC
2023-02-15,PARADIP,3,29.8,HIGH,SYNTHETIC
2023-02-16,PARADIP,5,28.2,HIGH,SYNTHETIC
2023-02-17,PARADIP,5,27.6,HIGH,SYNTHETIC
2023-02-20,PARADIP,4,27.6,HIGH,SYNTHETIC
2023-02-21,PARADIP,4,29.9,HIGH,SYNTHETIC
2023-02-22,PARADIP,6,30.6,HIGH,SYNTHETIC
2023-02-23,PARADIP,5,33.8,HIGH,SYNTHETIC
2023-02-24,PARADIP,7,36.8,HIGH,SYNTHETIC
2023-02-27,PARADIP,7,39.2,HIGH,SYNTHETIC
2023-02-28,PARADIP,7,40.7,HIGH,SYNTHETIC
2023-03-01,PARADIP,7,40.7,HIGH,SYNTHETIC
2023-03-02,PARADIP,6,42.8,HIGH,SYNTHETIC
2023-03-03,PARADIP,6,45.5,SEVERE,SYNTHETIC
2023-03-06,PARADIP,8,43.7,HIGH,SYNTHETIC
2023-03-07,PARADIP,7,45.8,SEVERE,SYNTHETIC
2023-03-08,PARADIP,7,46.0,SEVERE,SYNTHETIC
2023-03-09,PARADIP,6,45.8,SEVERE,SYNTHETIC
2023-03-10,PARADIP,7,45.8,SEVERE,SYNTHETIC
2023-03-13,PARADIP,8,47.1,SEVERE,SYNTHETIC
2023-03-14,PARADIP,8,45.8,SEVERE,SYNTHETIC
2023-03-15,PARADIP,7,46.2,SEVERE,SYNTHETIC
2023-03-16,PARADIP,8,46.2,SEVERE,SYNTHETIC
2023-03-17,PARADIP,9,49.9,SEVERE,SYNTHETIC
2023-03-20,PARADIP,7,50.0,SEVERE,SYNTHETIC
2023-03-21,PARADIP,9,48.1,SEVERE,SYNTHETIC
2023-03-22,PARADIP,7,49.6,SEVERE,SYNTHETIC
2023-03-23,PARADIP,7,48.9,SEVERE,SYNTHETIC
2023-03-24,PARADIP,7,46.9,SEVERE,SYNTHETIC
2023-03-27,PARADIP,7,48.1,SEVERE,SYNTHETIC
2023-03-28,PARADIP,7,48.2,SEVERE,SYNTHETIC
2023-03-29,PARADIP,7,48.7,SEVERE,SYNTHETIC
2023-03-30,PARADIP,8,47.8,SEVERE,SYNTHETIC
2023-03-31,PARADIP,7,47.3,SEVERE,SYNTHETIC
2023-04-03,PARADIP,7,50.4,SEVERE,SYNTHETIC
2023-04-04,PARADIP,7,52.2,SEVERE,SYNTHETIC
2023-04-05,PARADIP,8,54.3,SEVERE,SYNTHETIC
2023-04-06,PARADIP,8,54.2,SEVERE,SYNTHETIC
2023-04-07,PARADIP,8,55.0,SEVERE,SYNTHETIC
2023-04-10,PARADIP,8,55.2,SEVERE,SYNTHETIC
2023-04-11,PARADIP,9,55.3,SEVERE,SYNTHETIC
2023-04-12,PARADIP,7,53.3,SEVERE,SYNTHETIC
2023-04-13,PARADIP,8,52.7,SEVERE,SYNTHETIC
2023-04-14,PARADIP,8,54.3,SEVERE,SYNTHETIC
2023-04-17,PARADIP,8,56.2,SEVERE,SYNTHETIC
2023-04-18,PARADIP,8,56.4,SEVERE,SYNTHETIC
2023-04-19,PARADIP,9,61.6,SEVERE,SYNTHETIC
2023-04-20,PARADIP,9,64.3,SEVERE,SYNTHETIC
2023-04-21,PARADIP,10,66.0,SEVERE,SYNTHETIC
2023-04-24,PARADIP,11,68.7,SEVERE,SYNTHETIC
2023-04-25,PARADIP,11,73.7,SEVERE,SYNTHETIC
2023-04-26,PARADIP,12,72.5,SEVERE,SYNTHETIC
2023-04-27,PARADIP,10,70.6,SEVERE,SYNTHETIC
2023-04-28,PARADIP,11,69.0,SEVERE,SYNTHETIC
2023-05-01,PARADIP,10,71.1,SEVERE,SYNTHETIC
2023-05-02,PARADIP,12,72.2,SEVERE,SYNTHETIC
2023-05-03,PARADIP,12,75.3,SEVERE,SYNTHETIC
2023-05-04,PARADIP,12,75.4,SEVERE,SYNTHETIC
2023-05-05,PARADIP,13,77.5,SEVERE,SYNTHETIC
2023-05-08,PARADIP,11,77.6,SEVERE,SYNTHETIC
2023-05-09,PARADIP,12,77.4,SEVERE,SYNTHETIC
2023-05-10,PARADIP,13,80.7,SEVERE,SYNTHETIC
2023-05-11,PARADIP,12,79.7,SEVERE,SYNTHETIC
2023-05-12,PARADIP,13,80.4,SEVERE,SYNTHETIC
2023-05-15,PARADIP,13,82.5,SEVERE,SYNTHETIC
2023-05-16,PARADIP,14,81.7,SEVERE,SYNTHETIC
2023-05-17,PARADIP,12,80.9,SEVERE,SYNTHETIC
2023-05-18,PARADIP,12,79.0,SEVERE,SYNTHETIC
2023-05-19,PARADIP,14,79.7,SEVERE,SYNTHETIC
2023-05-22,PARADIP,14,79.0,SEVERE,SYNTHETIC
2023-05-23,PARADIP,14,79.6,SEVERE,SYNTHETIC
2023-05-24,PARADIP,14,80.7,SEVERE,SYNTHETIC
2023-05-25,PARADIP,13,81.7,SEVERE,SYNTHETIC
2023-05-26,PARADIP,12,79.1,SEVERE,SYNTHETIC
2023-05-29,PARADIP,13,80.6,SEVERE,SYNTHETIC
2023-05-30,PARADIP,12,79.9,SEVERE,SYNTHETIC
2023-05-31,PARADIP,12,79.5,SEVERE,SYNTHETIC
2023-06-01,PARADIP,14,93.9,SEVERE,SYNTHETIC
2023-06-02,PARADIP,17,108.7,SEVERE,SYNTHETIC
2023-06-05,PARADIP,15,97.4,SEVERE,SYNTHETIC
2023-06-06,PARADIP,13,89.3,SEVERE,SYNTHETIC
2023-06-07,PARADIP,14,95.8,SEVERE,SYNTHETIC
2023-06-08,PARADIP,15,91.1,SEVERE,SYNTHETIC
2023-06-09,PARADIP,13,82.2,SEVERE,SYNTHETIC
2023-06-12,PARADIP,18,109.5,SEVERE,SYNTHETIC
2023-06-13,PARADIP,13,86.2,SEVERE,SYNTHETIC
2023-06-14,PARADIP,17,100.1,SEVERE,SYNTHETIC
2023-06-15,PARADIP,19,110.7,SEVERE,SYNTHETIC
2023-06-16,PARADIP,18,109.9,SEVERE,SYNTHETIC
2023-06-19,PARADIP,14,92.7,SEVERE,SYNTHETIC
2023-06-20,PARADIP,18,110.3,SEVERE,SYNTHETIC
2023-06-21,PARADIP,14,92.5,SEVERE,SYNTHETIC
2023-06-22,PARADIP,14,90.5,SEVERE,SYNTHETIC
2023-06-23,PARADIP,19,120.1,SEVERE,SYNTHETIC
2023-06-26,PARADIP,16,101.0,SEVERE,SYNTHETIC
2023-06-27,PARADIP,13,89.0,SEVERE,SYNTHETIC
2023-06-28,PARADIP,16,103.7,SEVERE,SYNTHETIC
2023-06-29,PARADIP,10,68.9,SEVERE,SYNTHETIC
2023-06-30,PARADIP,16,106.1,SEVERE,SYNTHETIC
2023-07-03,PARADIP,15,93.5,SEVERE,SYNTHETIC
2023-07-04,PARADIP,15,97.1,SEVERE,SYNTHETIC
2023-07-05,PARADIP,13,84.5,SEVERE,SYNTHETIC
2023-07-06,PARADIP,12,77.2,SEVERE,SYNTHETIC
2023-07-07,PARADIP,19,108.7,SEVERE,SYNTHETIC
2023-07-10,PARADIP,15,88.4,SEVERE,SYNTHETIC
2023-07-11,PARADIP,17,107.9,SEVERE,SYNTHETIC
2023-07-12,PARADIP,14,83.8,SEVERE,SYNTHETIC
2023-07-13,PARADIP,15,90.5,SEVERE,SYNTHETIC
2023-07-14,PARADIP,12,74.3,SEVERE,SYNTHETIC
2023-07-17,PARADIP,12,81.6,SEVERE,SYNTHETIC
2023-07-18,PARADIP,15,98.6,SEVERE,SYNTHETIC
2023-07-19,PARADIP,17,100.8,SEVERE,SYNTHETIC
2023-07-20,PARADIP,13,81.2,SEVERE,SYNTHETIC
2023-07-21,PARADIP,13,86.4,SEVERE,SYNTHETIC
2023-07-24,PARADIP,17,98.9,SEVERE,SYNTHETIC
2023-07-25,PARADIP,16,106.9,SEVERE,SYNTHETIC
2023-07-26,PARADIP,15,88.7,SEVERE,SYNTHETIC
2023-07-27,PARADIP,19,108.7,SEVERE,SYNTHETIC
2023-07-28,PARADIP,15,90.0,SEVERE,SYNTHETIC
2023-07-31,PARADIP,15,100.8,SEVERE,SYNTHETIC
2023-08-01,PARADIP,17,101.8,SEVERE,SYNTHETIC
2023-08-02,PARADIP,14,78.2,SEVERE,SYNTHETIC
2023-08-03,PARADIP,13,81.1,SEVERE,SYNTHETIC
2023-08-04,PARADIP,12,80.0,SEVERE,SYNTHETIC
2023-08-07,PARADIP,13,75.9,SEVERE,SYNTHETIC
2023-08-08,PARADIP,14,84.9,SEVERE,SYNTHETIC
2023-08-09,PARADIP,17,98.2,SEVERE,SYNTHETIC
2023-08-10,PARADIP,14,81.8,SEVERE,SYNTHETIC
2023-08-11,PARADIP,15,89.4,SEVERE,SYNTHETIC
2023-08-14,PARADIP,14,88.7,SEVERE,SYNTHETIC
2023-08-15,PARADIP,16,98.2,SEVERE,SYNTHETIC
2023-08-16,PARADIP,18,110.9,SEVERE,SYNTHETIC
2023-08-17,PARADIP,17,107.3,SEVERE,SYNTHETIC
2023-08-18,PARADIP,19,108.3,SEVERE,SYNTHETIC
2023-08-21,PARADIP,12,78.9,SEVERE,SYNTHETIC
2023-08-22,PARADIP,19,109.5,SEVERE,SYNTHETIC
2023-08-23,PARADIP,14,90.2,SEVERE,SYNTHETIC
2023-08-24,PARADIP,16,103.9,SEVERE,SYNTHETIC
2023-08-25,PARADIP,16,98.3,SEVERE,SYNTHETIC
2023-08-28,PARADIP,15,89.0,SEVERE,SYNTHETIC
2023-08-29,PARADIP,17,105.0,SEVERE,SYNTHETIC
2023-08-30,PARADIP,18,110.7,SEVERE,SYNTHETIC
2023-08-31,PARADIP,18,119.2,SEVERE,SYNTHETIC
2023-09-01,PARADIP,18,113.6,SEVERE,SYNTHETIC
2023-09-04,PARADIP,20,120.7,SEVERE,SYNTHETIC
2023-09-05,PARADIP,18,116.4,SEVERE,SYNTHETIC
2023-09-06,PARADIP,17,109.9,SEVERE,SYNTHETIC
2023-09-07,PARADIP,17,108.6,SEVERE,SYNTHETIC
2023-09-08,PARADIP,15,87.5,SEVERE,SYNTHETIC
2023-09-11,PARADIP,16,107.6,SEVERE,SYNTHETIC
2023-09-12,PARADIP,15,90.6,SEVERE,SYNTHETIC
2023-09-13,PARADIP,18,111.5,SEVERE,SYNTHETIC
2023-09-14,PARADIP,15,90.3,SEVERE,SYNTHETIC
2023-09-15,PARADIP,18,108.5,SEVERE,SYNTHETIC
2023-09-18,PARADIP,15,93.6,SEVERE,SYNTHETIC
2023-09-19,PARADIP,14,93.8,SEVERE,SYNTHETIC
2023-09-20,PARADIP,18,105.3,SEVERE,SYNTHETIC
2023-09-21,PARADIP,15,97.4,SEVERE,SYNTHETIC
2023-09-22,PARADIP,14,93.9,SEVERE,SYNTHETIC
2023-09-25,PARADIP,22,132.1,SEVERE,SYNTHETIC
2023-09-26,PARADIP,20,128.2,SEVERE,SYNTHETIC
2023-09-27,PARADIP,19,120.8,SEVERE,SYNTHETIC
2023-09-28,PARADIP,21,123.7,SEVERE,SYNTHETIC
2023-09-29,PARADIP,20,130.9,SEVERE,SYNTHETIC
2023-10-02,PARADIP,15,87.4,SEVERE,SYNTHETIC
2023-10-03,PARADIP,14,86.2,SEVERE,SYNTHETIC
2023-10-04,PARADIP,15,85.7,SEVERE,SYNTHETIC
2023-10-05,PARADIP,14,87.4,SEVERE,SYNTHETIC
2023-10-06,PARADIP,14,87.8,SEVERE,SYNTHETIC
2023-10-09,PARADIP,13,89.9,SEVERE,SYNTHETIC
2023-10-10,PARADIP,14,92.4,SEVERE,SYNTHETIC
2023-10-11,PARADIP,16,92.1,SEVERE,SYNTHETIC
2023-10-12,PARADIP,16,95.2,SEVERE,SYNTHETIC
2023-10-13,PARADIP,14,95.2,SEVERE,SYNTHETIC
2023-10-16,PARADIP,15,96.5,SEVERE,SYNTHETIC
2023-10-17,PARADIP,16,97.2,SEVERE,SYNTHETIC
2023-10-18,PARADIP,15,98.3,SEVERE,SYNTHETIC
2023-10-19,PARADIP,16,102.5,SEVERE,SYNTHETIC
2023-10-20,PARADIP,16,101.6,SEVERE,SYNTHETIC
2023-10-23,PARADIP,17,101.8,SEVERE,SYNTHETIC
2023-10-24,PARADIP,16,99.1,SEVERE,SYNTHETIC
2023-10-25,PARADIP,14,94.0,SEVERE,SYNTHETIC
2023-10-26,PARADIP,15,96.3,SEVERE,SYNTHETIC
2023-10-27,PARADIP,15,98.7,SEVERE,SYNTHETIC
2023-10-30,PARADIP,15,98.9,SEVERE,SYNTHETIC
2023-10-31,PARADIP,16,97.5,SEVERE,SYNTHETIC
2023-11-01,PARADIP,16,99.0,SEVERE,SYNTHETIC
2023-11-02,PARADIP,17,99.3,SEVERE,SYNTHETIC
2023-11-03,PARADIP,17,98.5,SEVERE,SYNTHETIC
2023-11-06,PARADIP,16,101.7,SEVERE,SYNTHETIC
2023-11-07,PARADIP,17,99.6,SEVERE,SYNTHETIC
2023-11-08,PARADIP,15,97.4,SEVERE,SYNTHETIC
2023-11-09,PARADIP,15,100.2,SEVERE,SYNTHETIC
2023-11-10,PARADIP,15,100.3,SEVERE,SYNTHETIC
2023-11-13,PARADIP,16,101.4,SEVERE,SYNTHETIC
2023-11-14,PARADIP,16,99.7,SEVERE,SYNTHETIC
2023-11-15,PARADIP,16,97.8,SEVERE,SYNTHETIC
2023-11-16,PARADIP,15,96.2,SEVERE,SYNTHETIC
2023-11-17,PARADIP,15,91.8,SEVERE,SYNTHETIC
2023-11-20,PARADIP,16,91.7,SEVERE,SYNTHETIC
2023-11-21,PARADIP,15,89.6,SEVERE,SYNTHETIC
2023-11-22,PARADIP,15,92.8,SEVERE,SYNTHETIC
2023-11-23,PARADIP,14,93.8,SEVERE,SYNTHETIC
2023-11-24,PARADIP,15,93.4,SEVERE,SYNTHETIC
2023-11-27,PARADIP,17,96.2,SEVERE,SYNTHETIC
2023-11-28,PARADIP,15,97.1,SEVERE,SYNTHETIC
2023-11-29,PARADIP,16,97.9,SEVERE,SYNTHETIC
2023-11-30,PARADIP,16,95.2,SEVERE,SYNTHETIC
2023-12-01,PARADIP,16,92.6,SEVERE,SYNTHETIC
2023-12-04,PARADIP,16,93.8,SEVERE,SYNTHETIC
2023-12-05,PARADIP,14,95.9,SEVERE,SYNTHETIC
2023-12-06,PARADIP,15,95.2,SEVERE,SYNTHETIC
2023-12-07,PARADIP,14,95.5,SEVERE,SYNTHETIC
2023-12-08,PARADIP,15,92.9,SEVERE,SYNTHETIC
2023-12-11,PARADIP,16,91.0,SEVERE,SYNTHETIC
2023-12-12,PARADIP,13,87.7,SEVERE,SYNTHETIC
2023-12-13,PARADIP,14,88.0,SEVERE,SYNTHETIC
2023-12-14,PARADIP,13,87.4,SEVERE,SYNTHETIC
2023-12-15,PARADIP,13,85.3,SEVERE,SYNTHETIC
2023-12-18,PARADIP,14,84.9,SEVERE,SYNTHETIC
2023-12-19,PARADIP,14,87.6,SEVERE,SYNTHETIC
2023-12-20,PARADIP,15,89.6,SEVERE,SYNTHETIC
2023-12-21,PARADIP,14,92.6,SEVERE,SYNTHETIC
2023-12-22,PARADIP,14,92.0,SEVERE,SYNTHETIC
2023-12-25,PARADIP,14,92.5,SEVERE,SYNTHETIC
2023-12-26,PARADIP,15,89.2,SEVERE,SYNTHETIC
2023-12-27,PARADIP,16,91.8,SEVERE,SYNTHETIC
2023-12-28,PARADIP,16,91.0,SEVERE,SYNTHETIC
2023-12-29,PARADIP,14,91.8,SEVERE,SYNTHETIC
2024-01-01,PARADIP,15,92.2,SEVERE,SYNTHETIC
2024-01-02,PARADIP,15,92.4,SEVERE,SYNTHETIC
2024-01-03,PARADIP,16,91.3,SEVERE,SYNTHETIC
2024-01-04,PARADIP,15,92.3,SEVERE,SYNTHETIC
2024-01-05,PARADIP,16,93.2,SEVERE,SYNTHETIC
2024-01-08,PARADIP,16,92.1,SEVERE,SYNTHETIC
2024-01-09,PARADIP,13,89.0,SEVERE,SYNTHETIC
2024-01-10,PARADIP,13,89.0,SEVERE,SYNTHETIC
2024-01-11,PARADIP,13,89.3,SEVERE,SYNTHETIC
2024-01-12,PARADIP,14,90.3,SEVERE,SYNTHETIC
2024-01-15,PARADIP,14,90.9,SEVERE,SYNTHETIC
2024-01-16,PARADIP,15,95.0,SEVERE,SYNTHETIC
2024-01-17,PARADIP,15,95.1,SEVERE,SYNTHETIC
2024-01-18,PARADIP,15,93.3,SEVERE,SYNTHETIC
2024-01-19,PARADIP,14,91.6,SEVERE,SYNTHETIC
2024-01-22,PARADIP,14,92.0,SEVERE,SYNTHETIC
2024-01-23,PARADIP,14,94.0,SEVERE,SYNTHETIC
2024-01-24,PARADIP,16,91.8,SEVERE,SYNTHETIC
2024-01-25,PARADIP,16,90.6,SEVERE,SYNTHETIC
2024-01-26,PARADIP,16,94.8,SEVERE,SYNTHETIC
2024-01-29,PARADIP,16,92.9,SEVERE,SYNTHETIC
2024-01-30,PARADIP,15,94.1,SEVERE,SYNTHETIC
2024-01-31,PARADIP,15,93.1,SEVERE,SYNTHETIC
2024-02-01,PARADIP,15,92.8,SEVERE,SYNTHETIC
2024-02-02,PARADIP,16,92.6,SEVERE,SYNTHETIC
2024-02-05,PARADIP,15,90.8,SEVERE,SYNTHETIC
2024-02-06,PARADIP,13,89.0,SEVERE,SYNTHETIC
2024-02-07,PARADIP,15,89.7,SEVERE,SYNTHETIC
2024-02-08,PARADIP,15,87.5,SEVERE,SYNTHETIC
2024-02-09,PARADIP,14,88.2,SEVERE,SYNTHETIC
2024-02-12,PARADIP,15,84.5,SEVERE,SYNTHETIC
2024-02-13,PARADIP,13,87.0,SEVERE,SYNTHETIC
2024-02-14,PARADIP,13,85.4,SEVERE,SYNTHETIC
2024-02-15,PARADIP,13,87.8,SEVERE,SYNTHETIC
2024-02-16,PARADIP,15,86.8,SEVERE,SYNTHETIC
2024-02-19,PARADIP,13,88.0,SEVERE,SYNTHETIC
2024-02-20,PARADIP,14,87.6,SEVERE,SYNTHETIC
2024-02-21,PARADIP,14,87.5,SEVERE,SYNTHETIC
2024-02-22,PARADIP,13,88.6,SEVERE,SYNTHETIC
2024-02-23,PARADIP,15,86.9,SEVERE,SYNTHETIC
2024-02-26,PARADIP,14,84.0,SEVERE,SYNTHETIC
2024-02-27,PARADIP,15,85.7,SEVERE,SYNTHETIC
2024-02-28,PARADIP,13,84.7,SEVERE,SYNTHETIC
2024-02-29,PARADIP,15,84.1,SEVERE,SYNTHETIC
2024-03-01,PARADIP,13,86.4,SEVERE,SYNTHETIC
2024-03-04,PARADIP,13,82.5,SEVERE,SYNTHETIC
2024-03-05,PARADIP,13,82.0,SEVERE,SYNTHETIC
2024-03-06,PARADIP,11,77.2,SEVERE,SYNTHETIC
2024-03-07,PARADIP,11,77.0,SEVERE,SYNTHETIC
2024-03-08,PARADIP,13,74.1,SEVERE,SYNTHETIC
2024-03-11,PARADIP,12,74.1,SEVERE,SYNTHETIC
2024-03-12,PARADIP,13,72.0,SEVERE,SYNTHETIC
2024-03-13,PARADIP,11,70.9,SEVERE,SYNTHETIC
2024-03-14,PARADIP,12,69.6,SEVERE,SYNTHETIC
2024-03-15,PARADIP,10,71.6,SEVERE,SYNTHETIC
2024-03-18,PARADIP,12,69.7,SEVERE,SYNTHETIC
2024-03-19,PARADIP,10,68.8,SEVERE,SYNTHETIC
2024-03-20,PARADIP,12,69.7,SEVERE,SYNTHETIC
2024-03-21,PARADIP,12,71.1,SEVERE,SYNTHETIC
2024-03-22,PARADIP,12,74.1,SEVERE,SYNTHETIC
2024-03-25,PARADIP,11,75.0,SEVERE,SYNTHETIC
2024-03-26,PARADIP,13,75.4,SEVERE,SYNTHETIC
2024-03-27,PARADIP,13,74.8,SEVERE,SYNTHETIC
2024-03-28,PARADIP,12,73.2,SEVERE,SYNTHETIC
2024-03-29,PARADIP,10,70.5,SEVERE,SYNTHETIC
2024-04-01,PARADIP,12,70.4,SEVERE,SYNTHETIC
2024-04-02,PARADIP,12,73.1,SEVERE,SYNTHETIC
2024-04-03,PARADIP,13,78.3,SEVERE,SYNTHETIC
2024-04-04,PARADIP,14,78.1,SEVERE,SYNTHETIC
2024-04-05,PARADIP,12,80.7,SEVERE,SYNTHETIC
2024-04-08,PARADIP,14,79.7,SEVERE,SYNTHETIC
2024-04-09,PARADIP,12,79.4,SEVERE,SYNTHETIC
2024-04-10,PARADIP,11,77.9,SEVERE,SYNTHETIC
2024-04-11,PARADIP,12,83.8,SEVERE,SYNTHETIC
2024-04-12,PARADIP,13,82.1,SEVERE,SYNTHETIC
2024-04-15,PARADIP,14,83.1,SEVERE,SYNTHETIC
2024-04-16,PARADIP,14,80.2,SEVERE,SYNTHETIC
2024-04-17,PARADIP,14,78.7,SEVERE,SYNTHETIC
2024-04-18,PARADIP,12,77.2,SEVERE,SYNTHETIC
2024-04-19,PARADIP,12,75.3,SEVERE,SYNTHETIC
2024-04-22,PARADIP,11,74.0,SEVERE,SYNTHETIC
2024-04-23,PARADIP,12,73.8,SEVERE,SYNTHETIC
2024-04-24,PARADIP,12,76.7,SEVERE,SYNTHETIC
2024-04-25,PARADIP,13,75.8,SEVERE,SYNTHETIC
2024-04-26,PARADIP,13,74.8,SEVERE,SYNTHETIC
2024-04-29,PARADIP,13,76.4,SEVERE,SYNTHETIC
2024-04-30,PARADIP,11,75.5,SEVERE,SYNTHETIC
2024-05-01,PARADIP,12,77.0,SEVERE,SYNTHETIC
2024-05-02,PARADIP,11,70.9,SEVERE,SYNTHETIC
2024-05-03,PARADIP,13,73.0,SEVERE,SYNTHETIC
2024-05-06,PARADIP,10,71.8,SEVERE,SYNTHETIC
2024-05-07,PARADIP,10,68.9,SEVERE,SYNTHETIC
2024-05-08,PARADIP,10,68.4,SEVERE,SYNTHETIC
2024-05-09,PARADIP,10,68.1,SEVERE,SYNTHETIC
2024-05-10,PARADIP,11,67.7,SEVERE,SYNTHETIC
2024-05-13,PARADIP,11,66.7,SEVERE,SYNTHETIC
2024-05-14,PARADIP,10,68.4,SEVERE,SYNTHETIC
2024-05-15,PARADIP,12,71.4,SEVERE,SYNTHETIC
2024-05-16,PARADIP,11,72.6,SEVERE,SYNTHETIC
2024-05-17,PARADIP,10,69.7,SEVERE,SYNTHETIC
2024-05-20,PARADIP,11,68.8,SEVERE,SYNTHETIC
2024-05-21,PARADIP,10,71.0,SEVERE,SYNTHETIC
2024-05-22,PARADIP,12,69.8,SEVERE,SYNTHETIC
2024-05-23,PARADIP,11,66.5,SEVERE,SYNTHETIC
2024-05-24,PARADIP,11,62.0,SEVERE,SYNTHETIC
2024-05-27,PARADIP,9,63.6,SEVERE,SYNTHETIC
2024-05-28,PARADIP,9,60.8,SEVERE,SYNTHETIC
2024-05-29,PARADIP,8,58.9,SEVERE,SYNTHETIC
2024-05-30,PARADIP,11,60.3,SEVERE,SYNTHETIC
2024-05-31,PARADIP,11,63.8,SEVERE,SYNTHETIC
2024-06-03,PARADIP,14,79.9,SEVERE,SYNTHETIC
2024-06-04,PARADIP,18,109.8,SEVERE,SYNTHETIC
2024-06-05,PARADIP,19,109.8,SEVERE,SYNTHETIC
2024-06-06,PARADIP,14,93.8,SEVERE,SYNTHETIC
2024-06-07,PARADIP,15,97.4,SEVERE,SYNTHETIC
2024-06-10,PARADIP,18,102.7,SEVERE,SYNTHETIC
2024-06-11,PARADIP,16,105.1,SEVERE,SYNTHETIC
2024-06-12,PARADIP,17,98.6,SEVERE,SYNTHETIC
2024-06-13,PARADIP,15,90.2,SEVERE,SYNTHETIC
2024-06-14,PARADIP,19,111.2,SEVERE,SYNTHETIC
2024-06-17,PARADIP,14,91.2,SEVERE,SYNTHETIC
2024-06-18,PARADIP,18,114.0,SEVERE,SYNTHETIC
2024-06-19,PARADIP,18,108.4,SEVERE,SYNTHETIC
2024-06-20,PARADIP,15,100.7,SEVERE,SYNTHETIC
2024-06-21,PARADIP,14,80.6,SEVERE,SYNTHETIC
2024-06-24,PARADIP,19,111.6,SEVERE,SYNTHETIC
2024-06-25,PARADIP,13,81.9,SEVERE,SYNTHETIC
2024-06-26,PARADIP,18,107.7,SEVERE,SYNTHETIC
2024-06-27,PARADIP,17,98.3,SEVERE,SYNTHETIC
2024-06-28,PARADIP,16,90.5,SEVERE,SYNTHETIC
2024-07-01,PARADIP,13,81.9,SEVERE,SYNTHETIC
2024-07-02,PARADIP,14,86.8,SEVERE,SYNTHETIC
2024-07-03,PARADIP,19,108.9,SEVERE,SYNTHETIC
2024-07-04,PARADIP,11,76.4,SEVERE,SYNTHETIC
2024-07-05,PARADIP,18,108.8,SEVERE,SYNTHETIC
2024-07-08,PARADIP,11,75.8,SEVERE,SYNTHETIC
2024-07-09,PARADIP,14,81.9,SEVERE,SYNTHETIC
2024-07-10,PARADIP,17,111.9,SEVERE,SYNTHETIC
2024-07-11,PARADIP,15,88.8,SEVERE,SYNTHETIC
2024-07-12,PARADIP,16,91.0,SEVERE,SYNTHETIC
2024-07-15,PARADIP,15,96.4,SEVERE,SYNTHETIC
2024-07-16,PARADIP,14,92.8,SEVERE,SYNTHETIC
2024-07-17,PARADIP,15,101.5,SEVERE,SYNTHETIC
2024-07-18,PARADIP,16,90.7,SEVERE,SYNTHETIC
2024-07-19,PARADIP,18,106.0,SEVERE,SYNTHETIC
2024-07-22,PARADIP,14,91.5,SEVERE,SYNTHETIC
2024-07-23,PARADIP,11,76.4,SEVERE,SYNTHETIC
2024-07-24,PARADIP,14,89.9,SEVERE,SYNTHETIC
2024-07-25,PARADIP,17,98.2,SEVERE,SYNTHETIC
2024-07-26,PARADIP,12,71.8,SEVERE,SYNTHETIC
2024-07-29,PARADIP,16,93.2,SEVERE,SYNTHETIC
2024-07-30,PARADIP,15,90.4,SEVERE,SYNTHETIC
2024-07-31,PARADIP,10,71.0,SEVERE,SYNTHETIC
2024-08-01,PARADIP,14,82.1,SEVERE,SYNTHETIC
2024-08-02,PARADIP,11,65.6,SEVERE,SYNTHETIC
2024-08-05,PARADIP,16,92.7,SEVERE,SYNTHETIC
2024-08-06,PARADIP,13,88.6,SEVERE,SYNTHETIC
2024-08-07,PARADIP,13,72.3,SEVERE,SYNTHETIC
2024-08-08,PARADIP,14,86.7,SEVERE,SYNTHETIC
2024-08-09,PARADIP,16,92.0,SEVERE,SYNTHETIC
2024-08-12,PARADIP,15,86.7,SEVERE,SYNTHETIC
2024-08-13,PARADIP,14,87.6,SEVERE,SYNTHETIC
2024-08-14,PARADIP,14,83.8,SEVERE,SYNTHETIC
2024-08-15,PARADIP,11,75.9,SEVERE,SYNTHETIC
2024-08-16,PARADIP,11,75.3,SEVERE,SYNTHETIC
2024-08-19,PARADIP,12,80.0,SEVERE,SYNTHETIC
2024-08-20,PARADIP,11,64.7,SEVERE,SYNTHETIC
2024-08-21,PARADIP,11,77.0,SEVERE,SYNTHETIC
2024-08-22,PARADIP,13,87.8,SEVERE,SYNTHETIC
2024-08-23,PARADIP,16,90.4,SEVERE,SYNTHETIC
2024-08-26,PARADIP,10,69.9,SEVERE,SYNTHETIC
2024-08-27,PARADIP,13,83.0,SEVERE,SYNTHETIC
2024-08-28,PARADIP,12,72.2,SEVERE,SYNTHETIC
2024-08-29,PARADIP,10,62.9,SEVERE,SYNTHETIC
2024-08-30,PARADIP,11,74.9,SEVERE,SYNTHETIC
2024-09-02,PARADIP,13,88.3,SEVERE,SYNTHETIC
2024-09-03,PARADIP,10,65.9,SEVERE,SYNTHETIC
2024-09-04,PARADIP,9,65.7,SEVERE,SYNTHETIC
2024-09-05,PARADIP,14,79.5,SEVERE,SYNTHETIC
2024-09-06,PARADIP,14,92.0,SEVERE,SYNTHETIC
2024-09-09,PARADIP,15,87.1,SEVERE,SYNTHETIC
2024-09-10,PARADIP,12,66.7,SEVERE,SYNTHETIC
2024-09-11,PARADIP,12,76.2,SEVERE,SYNTHETIC
2024-09-12,PARADIP,10,68.2,SEVERE,SYNTHETIC
2024-09-13,PARADIP,16,97.1,SEVERE,SYNTHETIC
2024-09-16,PARADIP,11,74.7,SEVERE,SYNTHETIC
2024-09-17,PARADIP,12,82.6,SEVERE,SYNTHETIC
2024-09-18,PARADIP,17,100.5,SEVERE,SYNTHETIC
2024-09-19,PARADIP,12,68.7,SEVERE,SYNTHETIC
2024-09-20,PARADIP,15,92.4,SEVERE,SYNTHETIC
2024-09-23,PARADIP,10,67.0,SEVERE,SYNTHETIC
2024-09-24,PARADIP,11,76.6,SEVERE,SYNTHETIC
2024-09-25,PARADIP,12,78.1,SEVERE,SYNTHETIC
2024-09-26,PARADIP,15,84.0,SEVERE,SYNTHETIC
2024-09-27,PARADIP,12,66.0,SEVERE,SYNTHETIC
2024-09-30,PARADIP,13,84.0,SEVERE,SYNTHETIC
2024-10-01,PARADIP,7,51.2,SEVERE,SYNTHETIC
2024-10-02,PARADIP,9,54.7,SEVERE,SYNTHETIC
2024-10-03,PARADIP,8,54.2,SEVERE,SYNTHETIC
2024-10-04,PARADIP,8,54.4,SEVERE,SYNTHETIC
2024-10-07,PARADIP,10,55.4,SEVERE,SYNTHETIC
2024-10-08,PARADIP,8,58.1,SEVERE,SYNTHETIC
2024-10-09,PARADIP,10,60.7,SEVERE,SYNTHETIC
2024-10-10,PARADIP,8,58.3,SEVERE,SYNTHETIC
2024-10-11,PARADIP,8,59.3,SEVERE,SYNTHETIC
2024-10-14,PARADIP,8,59.3,SEVERE,SYNTHETIC
2024-10-15,PARADIP,9,60.5,SEVERE,SYNTHETIC
2024-10-16,PARADIP,9,60.3,SEVERE,SYNTHETIC
2024-10-17,PARADIP,10,61.6,SEVERE,SYNTHETIC
2024-10-18,PARADIP,8,58.6,SEVERE,SYNTHETIC
2024-10-21,PARADIP,9,57.0,SEVERE,SYNTHETIC
2024-10-22,PARADIP,10,60.0,SEVERE,SYNTHETIC
2024-10-23,PARADIP,10,54.1,SEVERE,SYNTHETIC
2024-10-24,PARADIP,8,53.4,SEVERE,SYNTHETIC
2024-10-25,PARADIP,9,52.6,SEVERE,SYNTHETIC
2024-10-28,PARADIP,7,50.5,SEVERE,SYNTHETIC
2024-10-29,PARADIP,9,51.6,SEVERE,SYNTHETIC
2024-10-30,PARADIP,9,51.7,SEVERE,SYNTHETIC
2024-10-31,PARADIP,9,53.5,SEVERE,SYNTHETIC
2024-11-01,PARADIP,8,52.1,SEVERE,SYNTHETIC
2024-11-04,PARADIP,8,52.2,SEVERE,SYNTHETIC
2024-11-05,PARADIP,8,56.5,SEVERE,SYNTHETIC
2024-11-06,PARADIP,9,55.9,SEVERE,SYNTHETIC
2024-11-07,PARADIP,8,56.1,SEVERE,SYNTHETIC
2024-11-08,PARADIP,8,57.9,SEVERE,SYNTHETIC
2024-11-11,PARADIP,10,58.1,SEVERE,SYNTHETIC
2024-11-12,PARADIP,10,57.2,SEVERE,SYNTHETIC
2024-11-13,PARADIP,10,56.9,SEVERE,SYNTHETIC
2024-11-14,PARADIP,9,55.6,SEVERE,SYNTHETIC
2024-11-15,PARADIP,10,56.1,SEVERE,SYNTHETIC
2024-11-18,PARADIP,10,55.1,SEVERE,SYNTHETIC
2024-11-19,PARADIP,7,53.9,SEVERE,SYNTHETIC
2024-11-20,PARADIP,7,48.6,SEVERE,SYNTHETIC
2024-11-21,PARADIP,7,49.4,SEVERE,SYNTHETIC
2024-11-22,PARADIP,7,48.8,SEVERE,SYNTHETIC
2024-11-25,PARADIP,9,51.7,SEVERE,SYNTHETIC
2024-11-26,PARADIP,9,50.1,SEVERE,SYNTHETIC
2024-11-27,PARADIP,7,51.4,SEVERE,SYNTHETIC
2024-11-28,PARADIP,8,52.7,SEVERE,SYNTHETIC
2024-11-29,PARADIP,7,53.8,SEVERE,SYNTHETIC
2024-12-02,PARADIP,9,55.0,SEVERE,SYNTHETIC
2024-12-03,PARADIP,8,53.7,SEVERE,SYNTHETIC
2024-12-04,PARADIP,8,56.0,SEVERE,SYNTHETIC
2024-12-05,PARADIP,9,55.1,SEVERE,SYNTHETIC
2024-12-06,PARADIP,9,53.3,SEVERE,SYNTHETIC
2024-12-09,PARADIP,9,50.9,SEVERE,SYNTHETIC
2024-12-10,PARADIP,8,51.9,SEVERE,SYNTHETIC
2024-12-11,PARADIP,9,52.3,SEVERE,SYNTHETIC
2024-12-12,PARADIP,7,50.1,SEVERE,SYNTHETIC
2024-12-13,PARADIP,8,48.7,SEVERE,SYNTHETIC
2024-12-16,PARADIP,8,50.8,SEVERE,SYNTHETIC
2024-12-17,PARADIP,10,54.3,SEVERE,SYNTHETIC
2024-12-18,PARADIP,10,57.1,SEVERE,SYNTHETIC
2024-12-19,PARADIP,10,59.8,SEVERE,SYNTHETIC
2024-12-20,PARADIP,10,59.1,SEVERE,SYNTHETIC
2024-12-23,PARADIP,8,57.9,SEVERE,SYNTHETIC
2024-12-24,PARADIP,10,57.1,SEVERE,SYNTHETIC
2024-12-25,PARADIP,10,56.8,SEVERE,SYNTHETIC
2024-12-26,PARADIP,8,55.4,SEVERE,SYNTHETIC
2024-12-27,PARADIP,9,57.9,SEVERE,SYNTHETIC
2024-12-30,PARADIP,8,58.2,SEVERE,SYNTHETIC
2024-12-31,PARADIP,8,58.3,SEVERE,SYNTHETIC
2025-01-01,PARADIP,9,60.7,SEVERE,SYNTHETIC
2025-01-02,PARADIP,8,59.3,SEVERE,SYNTHETIC
2025-01-03,PARADIP,9,60.8,SEVERE,SYNTHETIC
2025-01-06,PARADIP,9,61.5,SEVERE,SYNTHETIC
2025-01-07,PARADIP,11,62.2,SEVERE,SYNTHETIC
2025-01-08,PARADIP,10,63.8,SEVERE,SYNTHETIC
2025-01-09,PARADIP,10,63.8,SEVERE,SYNTHETIC
2025-01-10,PARADIP,10,59.6,SEVERE,SYNTHETIC
2025-01-13,PARADIP,10,57.9,SEVERE,SYNTHETIC
2025-01-14,PARADIP,9,57.3,SEVERE,SYNTHETIC
2025-01-15,PARADIP,10,57.3,SEVERE,SYNTHETIC
2025-01-16,PARADIP,10,55.7,SEVERE,SYNTHETIC
2025-01-17,PARADIP,7,53.0,SEVERE,SYNTHETIC
2025-01-20,PARADIP,7,50.4,SEVERE,SYNTHETIC
2025-01-21,PARADIP,8,49.3,SEVERE,SYNTHETIC
2025-01-22,PARADIP,8,46.8,SEVERE,SYNTHETIC
2025-01-23,PARADIP,8,47.8,SEVERE,SYNTHETIC
2025-01-24,PARADIP,7,48.1,SEVERE,SYNTHETIC
2025-01-27,PARADIP,6,47.2,SEVERE,SYNTHETIC
2025-01-28,PARADIP,7,45.5,SEVERE,SYNTHETIC
2025-01-29,PARADIP,8,46.9,SEVERE,SYNTHETIC
2025-01-30,PARADIP,8,43.1,HIGH,SYNTHETIC
2025-01-31,PARADIP,7,46.1,SEVERE,SYNTHETIC
2025-02-03,PARADIP,6,41.3,HIGH,SYNTHETIC
2025-02-04,PARADIP,6,40.2,HIGH,SYNTHETIC
2025-02-05,PARADIP,6,37.5,HIGH,SYNTHETIC
2025-02-06,PARADIP,4,35.7,HIGH,SYNTHETIC
2025-02-07,PARADIP,4,33.1,HIGH,SYNTHETIC
2025-02-10,PARADIP,4,32.6,HIGH,SYNTHETIC
2025-02-11,PARADIP,6,33.0,HIGH,SYNTHETIC
2025-02-12,PARADIP,5,32.7,HIGH,SYNTHETIC
2025-02-13,PARADIP,4,33.0,HIGH,SYNTHETIC
2025-02-14,PARADIP,4,32.5,HIGH,SYNTHETIC
2025-02-17,PARADIP,4,34.6,HIGH,SYNTHETIC
2025-02-18,PARADIP,5,36.6,HIGH,SYNTHETIC
2025-02-19,PARADIP,6,38.2,HIGH,SYNTHETIC
2025-02-20,PARADIP,6,39.7,HIGH,SYNTHETIC
2025-02-21,PARADIP,6,40.1,HIGH,SYNTHETIC
2025-02-24,PARADIP,6,40.3,HIGH,SYNTHETIC
2025-02-25,PARADIP,8,42.4,HIGH,SYNTHETIC
2025-02-26,PARADIP,5,40.9,HIGH,SYNTHETIC
2025-02-27,PARADIP,8,42.3,HIGH,SYNTHETIC
2025-02-28,PARADIP,8,45.1,SEVERE,SYNTHETIC
2025-03-03,PARADIP,7,41.6,HIGH,SYNTHETIC
2025-03-04,PARADIP,8,44.5,HIGH,SYNTHETIC
2025-03-05,PARADIP,7,44.5,HIGH,SYNTHETIC
2025-03-06,PARADIP,6,43.7,HIGH,SYNTHETIC
2025-03-07,PARADIP,7,45.9,SEVERE,SYNTHETIC
2025-03-10,PARADIP,7,48.5,SEVERE,SYNTHETIC
2025-03-11,PARADIP,6,47.9,SEVERE,SYNTHETIC
2025-03-12,PARADIP,9,48.2,SEVERE,SYNTHETIC
2025-03-13,PARADIP,8,48.4,SEVERE,SYNTHETIC
2025-03-14,PARADIP,6,47.5,SEVERE,SYNTHETIC
2025-03-17,PARADIP,7,48.0,SEVERE,SYNTHETIC
2025-03-18,PARADIP,6,44.7,HIGH,SYNTHETIC
2025-03-19,PARADIP,8,44.0,HIGH,SYNTHETIC
2025-03-20,PARADIP,7,42.4,HIGH,SYNTHETIC
2025-03-21,PARADIP,5,42.0,HIGH,SYNTHETIC
2025-03-24,PARADIP,5,41.9,HIGH,SYNTHETIC
2025-03-25,PARADIP,6,41.5,HIGH,SYNTHETIC
2025-03-26,PARADIP,5,39.0,HIGH,SYNTHETIC
2025-03-27,PARADIP,6,39.1,HIGH,SYNTHETIC
2025-03-28,PARADIP,6,37.4,HIGH,SYNTHETIC
2025-03-31,PARADIP,4,35.5,HIGH,SYNTHETIC
2025-04-01,PARADIP,4,35.4,HIGH,SYNTHETIC
2025-04-02,PARADIP,6,35.4,HIGH,SYNTHETIC
2025-04-03,PARADIP,7,37.0,HIGH,SYNTHETIC
2025-04-04,PARADIP,6,37.5,HIGH,SYNTHETIC
2025-04-07,PARADIP,5,39.3,HIGH,SYNTHETIC
2025-04-08,PARADIP,6,39.6,HIGH,SYNTHETIC
2025-04-09,PARADIP,7,38.7,HIGH,SYNTHETIC
2025-04-10,PARADIP,5,38.8,HIGH,SYNTHETIC
2025-04-11,PARADIP,5,38.1,HIGH,SYNTHETIC
2025-04-14,PARADIP,6,39.0,HIGH,SYNTHETIC
2025-04-15,PARADIP,7,41.2,HIGH,SYNTHETIC
2025-04-16,PARADIP,6,40.6,HIGH,SYNTHETIC
2025-04-17,PARADIP,6,39.6,HIGH,SYNTHETIC
2025-04-18,PARADIP,5,37.9,HIGH,SYNTHETIC
2025-04-21,PARADIP,6,35.9,HIGH,SYNTHETIC
2025-04-22,PARADIP,6,34.9,HIGH,SYNTHETIC
2025-04-23,PARADIP,7,36.3,HIGH,SYNTHETIC
2025-04-24,PARADIP,6,36.8,HIGH,SYNTHETIC
2025-04-25,PARADIP,7,37.5,HIGH,SYNTHETIC
2025-04-28,PARADIP,7,39.3,HIGH,SYNTHETIC
2025-04-29,PARADIP,6,36.5,HIGH,SYNTHETIC
2025-04-30,PARADIP,5,38.6,HIGH,SYNTHETIC
2025-05-01,PARADIP,5,38.2,HIGH,SYNTHETIC
2025-05-02,PARADIP,5,36.9,HIGH,SYNTHETIC
2025-05-05,PARADIP,7,37.6,HIGH,SYNTHETIC
2025-05-06,PARADIP,6,34.0,HIGH,SYNTHETIC
2025-05-07,PARADIP,6,31.9,HIGH,SYNTHETIC
2025-05-08,PARADIP,4,29.7,HIGH,SYNTHETIC
2025-05-09,PARADIP,5,31.1,HIGH,SYNTHETIC
2025-05-12,PARADIP,5,31.8,HIGH,SYNTHETIC
2025-05-13,PARADIP,6,30.2,HIGH,SYNTHETIC
2025-05-14,PARADIP,5,29.3,HIGH,SYNTHETIC
2025-05-15,PARADIP,6,30.7,HIGH,SYNTHETIC
2025-05-16,PARADIP,5,29.0,HIGH,SYNTHETIC
2025-05-19,PARADIP,5,32.2,HIGH,SYNTHETIC
2025-05-20,PARADIP,3,28.7,HIGH,SYNTHETIC
2025-05-21,PARADIP,5,32.6,HIGH,SYNTHETIC
2025-05-22,PARADIP,5,35.2,HIGH,SYNTHETIC
2025-05-23,PARADIP,7,37.9,HIGH,SYNTHETIC
2025-05-26,PARADIP,6,39.6,HIGH,SYNTHETIC
2025-05-27,PARADIP,7,42.1,HIGH,SYNTHETIC
2025-05-28,PARADIP,6,40.5,HIGH,SYNTHETIC
2025-05-29,PARADIP,7,39.5,HIGH,SYNTHETIC
2025-05-30,PARADIP,5,37.6,HIGH,SYNTHETIC
2025-06-02,PARADIP,12,71.1,SEVERE,SYNTHETIC
2025-06-03,PARADIP,13,75.5,SEVERE,SYNTHETIC
2025-06-04,PARADIP,9,57.1,SEVERE,SYNTHETIC
2025-06-05,PARADIP,10,70.7,SEVERE,SYNTHETIC
2025-06-06,PARADIP,10,55.9,SEVERE,SYNTHETIC
2025-06-09,PARADIP,10,67.7,SEVERE,SYNTHETIC
2025-06-10,PARADIP,10,55.9,SEVERE,SYNTHETIC
2025-06-11,PARADIP,13,75.0,SEVERE,SYNTHETIC
2025-06-12,PARADIP,7,46.6,SEVERE,SYNTHETIC
2025-06-13,PARADIP,12,71.2,SEVERE,SYNTHETIC
2025-06-16,PARADIP,13,75.4,SEVERE,SYNTHETIC
2025-06-17,PARADIP,10,67.8,SEVERE,SYNTHETIC
2025-06-18,PARADIP,13,72.8,SEVERE,SYNTHETIC
2025-06-19,PARADIP,7,38.9,HIGH,SYNTHETIC
2025-06-20,PARADIP,8,52.1,SEVERE,SYNTHETIC
2025-06-23,PARADIP,7,39.2,HIGH,SYNTHETIC
2025-06-24,PARADIP,8,57.3,SEVERE,SYNTHETIC
2025-06-25,PARADIP,9,51.5,SEVERE,SYNTHETIC
2025-06-26,PARADIP,6,46.5,SEVERE,SYNTHETIC
2025-06-27,PARADIP,10,56.6,SEVERE,SYNTHETIC
2025-06-30,PARADIP,12,79.0,SEVERE,SYNTHETIC
2025-07-01,PARADIP,13,76.0,SEVERE,SYNTHETIC
2025-07-02,PARADIP,9,62.3,SEVERE,SYNTHETIC
2025-07-03,PARADIP,8,53.3,SEVERE,SYNTHETIC
2025-07-04,PARADIP,14,79.6,SEVERE,SYNTHETIC
2025-07-07,PARADIP,10,61.9,SEVERE,SYNTHETIC
2025-07-08,PARADIP,10,70.3,SEVERE,SYNTHETIC
2025-07-09,PARADIP,5,38.8,HIGH,SYNTHETIC
2025-07-10,PARADIP,10,60.9,SEVERE,SYNTHETIC
2025-07-11,PARADIP,8,53.7,SEVERE,SYNTHETIC
2025-07-14,PARADIP,12,73.8,SEVERE,SYNTHETIC
2025-07-15,PARADIP,5,40.0,HIGH,SYNTHETIC
2025-07-16,PARADIP,7,41.8,HIGH,SYNTHETIC
2025-07-17,PARADIP,8,58.9,SEVERE,SYNTHETIC
2025-07-18,PARADIP,9,62.3,SEVERE,SYNTHETIC
2025-07-21,PARADIP,10,65.5,SEVERE,SYNTHETIC
2025-07-22,PARADIP,6,43.9,HIGH,SYNTHETIC
2025-07-23,PARADIP,9,57.2,SEVERE,SYNTHETIC
2025-07-24,PARADIP,11,71.5,SEVERE,SYNTHETIC
2025-07-25,PARADIP,9,62.5,SEVERE,SYNTHETIC
2025-07-28,PARADIP,11,70.7,SEVERE,SYNTHETIC
2025-07-29,PARADIP,8,59.6,SEVERE,SYNTHETIC
2025-07-30,PARADIP,10,62.0,SEVERE,SYNTHETIC
2025-07-31,PARADIP,10,67.7,SEVERE,SYNTHETIC
2025-08-01,PARADIP,11,69.3,SEVERE,SYNTHETIC
2025-08-04,PARADIP,8,53.8,SEVERE,SYNTHETIC
2025-08-05,PARADIP,12,75.8,SEVERE,SYNTHETIC
2025-08-06,PARADIP,11,67.8,SEVERE,SYNTHETIC
2025-08-07,PARADIP,11,63.8,SEVERE,SYNTHETIC
2025-08-08,PARADIP,11,60.6,SEVERE,SYNTHETIC
2025-08-11,PARADIP,7,43.3,HIGH,SYNTHETIC
2025-08-12,PARADIP,10,54.8,SEVERE,SYNTHETIC
2025-08-13,PARADIP,6,36.4,HIGH,SYNTHETIC
2025-08-14,PARADIP,7,53.7,SEVERE,SYNTHETIC
2025-08-15,PARADIP,7,40.1,HIGH,SYNTHETIC
2025-08-18,PARADIP,9,52.3,SEVERE,SYNTHETIC
2025-08-19,PARADIP,10,59.5,SEVERE,SYNTHETIC
2025-08-20,PARADIP,11,67.5,SEVERE,SYNTHETIC
2025-08-21,PARADIP,12,69.6,SEVERE,SYNTHETIC
2025-08-22,PARADIP,9,54.9,SEVERE,SYNTHETIC
2025-08-25,PARADIP,5,40.4,HIGH,SYNTHETIC
2025-08-26,PARADIP,10,69.8,SEVERE,SYNTHETIC
2025-08-27,PARADIP,11,65.9,SEVERE,SYNTHETIC
2025-08-28,PARADIP,9,60.3,SEVERE,SYNTHETIC
2025-08-29,PARADIP,11,61.6,SEVERE,SYNTHETIC
2025-09-01,PARADIP,9,51.4,SEVERE,SYNTHETIC
2025-09-02,PARADIP,10,55.0,SEVERE,SYNTHETIC
2025-09-03,PARADIP,8,54.3,SEVERE,SYNTHETIC
2025-09-04,PARADIP,8,44.7,HIGH,SYNTHETIC
2025-09-05,PARADIP,9,59.0,SEVERE,SYNTHETIC
2025-09-08,PARADIP,9,56.9,SEVERE,SYNTHETIC
2025-09-09,PARADIP,9,51.0,SEVERE,SYNTHETIC
2025-09-10,PARADIP,5,25.4,ELEVATED,SYNTHETIC
2025-09-11,PARADIP,5,27.3,HIGH,SYNTHETIC
2025-09-12,PARADIP,6,35.5,HIGH,SYNTHETIC
2025-09-15,PARADIP,6,45.2,SEVERE,SYNTHETIC
2025-09-16,PARADIP,11,60.4,SEVERE,SYNTHETIC
2025-09-17,PARADIP,11,61.5,SEVERE,SYNTHETIC
2025-09-18,PARADIP,9,59.0,SEVERE,SYNTHETIC
2025-09-19,PARADIP,8,59.0,SEVERE,SYNTHETIC
2025-09-22,PARADIP,9,59.4,SEVERE,SYNTHETIC
2025-09-23,PARADIP,9,52.7,SEVERE,SYNTHETIC
2025-09-24,PARADIP,7,38.9,HIGH,SYNTHETIC
2025-09-25,PARADIP,10,58.0,SEVERE,SYNTHETIC
2025-09-26,PARADIP,5,36.7,HIGH,SYNTHETIC
2025-09-29,PARADIP,7,46.4,SEVERE,SYNTHETIC
2025-09-30,PARADIP,7,50.2,SEVERE,SYNTHETIC
2025-10-01,PARADIP,1,14.5,NORMAL,SYNTHETIC
2025-10-02,PARADIP,1,14.9,NORMAL,SYNTHETIC
2025-10-03,PARADIP,2,14.4,NORMAL,SYNTHETIC
2025-10-06,PARADIP,0,11.5,NORMAL,SYNTHETIC
2025-10-07,PARADIP,0,8.1,NORMAL,SYNTHETIC
2025-10-08,PARADIP,0,7.6,NORMAL,SYNTHETIC
2025-10-09,PARADIP,2,9.0,NORMAL,SYNTHETIC
2025-10-10,PARADIP,1,7.3,NORMAL,SYNTHETIC
2025-10-13,PARADIP,1,4.2,NORMAL,SYNTHETIC
2025-10-14,PARADIP,0,7.1,NORMAL,SYNTHETIC
2025-10-15,PARADIP,1,7.1,NORMAL,SYNTHETIC
2025-10-16,PARADIP,2,7.6,NORMAL,SYNTHETIC
2025-10-17,PARADIP,1,9.5,NORMAL,SYNTHETIC
2025-10-20,PARADIP,3,15.7,NORMAL,SYNTHETIC
2025-10-21,PARADIP,2,18.3,NORMAL,SYNTHETIC
2025-10-22,PARADIP,1,17.0,NORMAL,SYNTHETIC
2025-10-23,PARADIP,3,16.6,NORMAL,SYNTHETIC
2025-10-24,PARADIP,3,15.5,NORMAL,SYNTHETIC
2025-10-27,PARADIP,3,18.3,NORMAL,SYNTHETIC
2025-10-28,PARADIP,3,20.0,NORMAL,SYNTHETIC
2025-10-29,PARADIP,2,19.3,NORMAL,SYNTHETIC
2025-10-30,PARADIP,2,18.0,NORMAL,SYNTHETIC
2025-10-31,PARADIP,2,13.5,NORMAL,SYNTHETIC
2025-11-03,PARADIP,3,12.2,NORMAL,SYNTHETIC
2025-11-04,PARADIP,3,12.8,NORMAL,SYNTHETIC
2025-11-05,PARADIP,1,8.0,NORMAL,SYNTHETIC
2025-11-06,PARADIP,1,8.6,NORMAL,SYNTHETIC
2025-11-07,PARADIP,0,7.3,NORMAL,SYNTHETIC
2025-11-10,PARADIP,2,7.9,NORMAL,SYNTHETIC
2025-11-11,PARADIP,2,8.2,NORMAL,SYNTHETIC
2025-11-12,PARADIP,1,7.4,NORMAL,SYNTHETIC
2025-11-13,PARADIP,2,11.4,NORMAL,SYNTHETIC
2025-11-14,PARADIP,1,9.2,NORMAL,SYNTHETIC
2025-11-17,PARADIP,0,10.0,NORMAL,SYNTHETIC
2025-11-18,PARADIP,2,12.4,NORMAL,SYNTHETIC
2025-11-19,PARADIP,1,10.2,NORMAL,SYNTHETIC
2025-11-20,PARADIP,1,11.3,NORMAL,SYNTHETIC
2025-11-21,PARADIP,1,10.0,NORMAL,SYNTHETIC
2025-11-24,PARADIP,1,7.7,NORMAL,SYNTHETIC
2025-11-25,PARADIP,0,7.4,NORMAL,SYNTHETIC
2025-11-26,PARADIP,1,8.3,NORMAL,SYNTHETIC
2025-11-27,PARADIP,1,8.4,NORMAL,SYNTHETIC
2025-11-28,PARADIP,1,6.7,NORMAL,SYNTHETIC
2025-12-01,PARADIP,1,4.5,NORMAL,SYNTHETIC
2025-12-02,PARADIP,1,5.4,NORMAL,SYNTHETIC
2025-12-03,PARADIP,0,8.4,NORMAL,SYNTHETIC
2025-12-04,PARADIP,1,7.9,NORMAL,SYNTHETIC
2025-12-05,PARADIP,0,9.0,NORMAL,SYNTHETIC
2025-12-08,PARADIP,2,9.0,NORMAL,SYNTHETIC
2025-12-09,PARADIP,1,11.0,NORMAL,SYNTHETIC
2025-12-10,PARADIP,1,11.8,NORMAL,SYNTHETIC
2025-12-11,PARADIP,3,16.6,NORMAL,SYNTHETIC
2025-12-12,PARADIP,3,16.4,NORMAL,SYNTHETIC
2025-12-15,PARADIP,3,13.1,NORMAL,SYNTHETIC
2025-12-16,PARADIP,2,15.8,NORMAL,SYNTHETIC
2025-12-17,PARADIP,3,19.5,NORMAL,SYNTHETIC
2025-12-18,PARADIP,1,17.6,NORMAL,SYNTHETIC
2025-12-19,PARADIP,2,19.7,NORMAL,SYNTHETIC
2025-12-22,PARADIP,4,18.2,NORMAL,SYNTHETIC
2025-12-23,PARADIP,3,18.7,NORMAL,SYNTHETIC
2025-12-24,PARADIP,3,21.8,ELEVATED,SYNTHETIC
2025-12-25,PARADIP,3,22.2,ELEVATED,SYNTHETIC
2025-12-26,PARADIP,4,18.5,NORMAL,SYNTHETIC
2025-12-29,PARADIP,1,17.6,NORMAL,SYNTHETIC
2025-12-30,PARADIP,4,18.4,NORMAL,SYNTHETIC
2025-12-31,PARADIP,2,17.2,NORMAL,SYNTHETIC
2026-01-01,PARADIP,1,14.6,NORMAL,SYNTHETIC
2026-01-02,PARADIP,1,16.7,NORMAL,SYNTHETIC
2026-01-05,PARADIP,2,17.5,NORMAL,SYNTHETIC
2026-01-06,PARADIP,3,17.3,NORMAL,SYNTHETIC
2026-01-07,PARADIP,2,19.8,NORMAL,SYNTHETIC
2026-01-08,PARADIP,4,24.4,ELEVATED,SYNTHETIC
2026-01-09,PARADIP,3,27.1,HIGH,SYNTHETIC
2026-01-12,PARADIP,3,27.8,HIGH,SYNTHETIC
2026-01-13,PARADIP,4,26.1,ELEVATED,SYNTHETIC
2026-01-14,PARADIP,4,29.1,HIGH,SYNTHETIC
2026-01-15,PARADIP,4,32.3,HIGH,SYNTHETIC
2026-01-16,PARADIP,6,30.0,HIGH,SYNTHETIC
2026-01-19,PARADIP,6,31.1,HIGH,SYNTHETIC
2026-01-20,PARADIP,6,32.3,HIGH,SYNTHETIC
2026-01-21,PARADIP,6,33.0,HIGH,SYNTHETIC
2026-01-22,PARADIP,5,32.1,HIGH,SYNTHETIC
2026-01-23,PARADIP,6,30.7,HIGH,SYNTHETIC
2026-01-26,PARADIP,5,30.2,HIGH,SYNTHETIC
2026-01-27,PARADIP,5,31.4,HIGH,SYNTHETIC
2026-01-28,PARADIP,4,31.4,HIGH,SYNTHETIC
2026-01-29,PARADIP,4,33.4,HIGH,SYNTHETIC
2026-01-30,PARADIP,6,32.3,HIGH,SYNTHETIC
2026-02-02,PARADIP,4,27.6,HIGH,SYNTHETIC
2026-02-03,PARADIP,3,27.7,HIGH,SYNTHETIC
2026-02-04,PARADIP,5,30.1,HIGH,SYNTHETIC
2026-02-05,PARADIP,5,31.5,HIGH,SYNTHETIC
2026-02-06,PARADIP,7,36.5,HIGH,SYNTHETIC
2026-02-09,PARADIP,5,34.4,HIGH,SYNTHETIC
2026-02-10,PARADIP,6,34.3,HIGH,SYNTHETIC
2026-02-11,PARADIP,6,36.5,HIGH,SYNTHETIC
2026-02-12,PARADIP,4,34.0,HIGH,SYNTHETIC
2026-02-13,PARADIP,5,34.1,HIGH,SYNTHETIC
2026-02-16,PARADIP,6,35.4,HIGH,SYNTHETIC
2026-02-17,PARADIP,7,38.8,HIGH,SYNTHETIC
2026-02-18,PARADIP,6,43.1,HIGH,SYNTHETIC
2026-02-19,PARADIP,7,40.6,HIGH,SYNTHETIC
2026-02-20,PARADIP,6,38.8,HIGH,SYNTHETIC
2026-02-23,PARADIP,7,41.8,HIGH,SYNTHETIC
2026-02-24,PARADIP,6,42.4,HIGH,SYNTHETIC
2026-02-25,PARADIP,8,45.4,SEVERE,SYNTHETIC
2026-02-26,PARADIP,8,46.4,SEVERE,SYNTHETIC
2026-02-27,PARADIP,8,44.4,HIGH,SYNTHETIC
2026-03-02,PARADIP,6,45.8,SEVERE,SYNTHETIC
2026-03-03,PARADIP,7,45.7,SEVERE,SYNTHETIC
2026-03-04,PARADIP,5,41.9,HIGH,SYNTHETIC
2026-03-05,PARADIP,7,39.7,HIGH,SYNTHETIC
2026-03-06,PARADIP,7,40.5,HIGH,SYNTHETIC
2026-03-09,PARADIP,7,41.6,HIGH,SYNTHETIC
2026-03-10,PARADIP,7,42.7,HIGH,SYNTHETIC
2026-03-11,PARADIP,7,42.9,HIGH,SYNTHETIC
2026-03-12,PARADIP,7,44.0,HIGH,SYNTHETIC
2026-03-13,PARADIP,6,43.8,HIGH,SYNTHETIC
2026-03-16,PARADIP,6,42.7,HIGH,SYNTHETIC
2026-03-17,PARADIP,5,40.9,HIGH,SYNTHETIC
2026-03-18,PARADIP,7,36.6,HIGH,SYNTHETIC
2026-03-19,PARADIP,6,34.8,HIGH,SYNTHETIC
2026-03-20,PARADIP,6,33.0,HIGH,SYNTHETIC
2026-03-23,PARADIP,6,33.9,HIGH,SYNTHETIC
2026-03-24,PARADIP,6,35.8,HIGH,SYNTHETIC
2026-03-25,PARADIP,4,34.5,HIGH,SYNTHETIC
2026-03-26,PARADIP,6,32.5,HIGH,SYNTHETIC
2026-03-27,PARADIP,4,34.8,HIGH,SYNTHETIC
2026-03-30,PARADIP,6,35.4,HIGH,SYNTHETIC
2026-03-31,PARADIP,4,34.4,HIGH,SYNTHETIC
2026-04-01,PARADIP,4,32.4,HIGH,SYNTHETIC
2026-04-02,PARADIP,6,31.8,HIGH,SYNTHETIC
2026-04-03,PARADIP,4,33.4,HIGH,SYNTHETIC
2026-04-06,PARADIP,5,29.7,HIGH,SYNTHETIC
2026-04-07,PARADIP,3,29.1,HIGH,SYNTHETIC
2026-04-08,PARADIP,5,31.7,HIGH,SYNTHETIC
2026-04-09,PARADIP,4,34.1,HIGH,SYNTHETIC
2026-04-10,PARADIP,4,33.8,HIGH,SYNTHETIC
2026-04-13,PARADIP,4,30.8,HIGH,SYNTHETIC
2026-04-14,PARADIP,6,30.3,HIGH,SYNTHETIC
2026-04-15,PARADIP,4,30.9,HIGH,SYNTHETIC
2026-04-16,PARADIP,6,33.7,HIGH,SYNTHETIC
2026-04-17,PARADIP,5,37.4,HIGH,SYNTHETIC
2026-04-20,PARADIP,4,34.8,HIGH,SYNTHETIC
2026-04-21,PARADIP,4,34.2,HIGH,SYNTHETIC
2026-04-22,PARADIP,5,36.5,HIGH,SYNTHETIC
2026-04-23,PARADIP,6,37.4,HIGH,SYNTHETIC
2026-04-24,PARADIP,4,35.8,HIGH,SYNTHETIC
2026-04-27,PARADIP,5,37.6,HIGH,SYNTHETIC
2026-04-28,PARADIP,6,38.9,HIGH,SYNTHETIC
2026-04-29,PARADIP,5,39.6,HIGH,SYNTHETIC
2026-04-30,PARADIP,7,40.6,HIGH,SYNTHETIC
2026-05-01,PARADIP,5,38.5,HIGH,SYNTHETIC
2026-05-04,PARADIP,5,39.1,HIGH,SYNTHETIC
2026-05-05,PARADIP,7,37.1,HIGH,SYNTHETIC
2026-05-06,PARADIP,5,38.8,HIGH,SYNTHETIC
2026-05-07,PARADIP,7,40.7,HIGH,SYNTHETIC
2026-05-08,PARADIP,5,41.1,HIGH,SYNTHETIC
2026-05-11,PARADIP,7,38.4,HIGH,SYNTHETIC
2026-05-12,PARADIP,6,39.2,HIGH,SYNTHETIC
2026-05-13,PARADIP,5,40.1,HIGH,SYNTHETIC
2026-05-14,PARADIP,7,36.9,HIGH,SYNTHETIC
2026-05-15,PARADIP,6,36.1,HIGH,SYNTHETIC
2026-05-18,PARADIP,5,37.1,HIGH,SYNTHETIC
2026-05-19,PARADIP,6,35.8,HIGH,SYNTHETIC
2026-05-20,PARADIP,6,37.3,HIGH,SYNTHETIC
2026-05-21,PARADIP,6,34.5,HIGH,SYNTHETIC
2026-05-22,PARADIP,6,37.0,HIGH,SYNTHETIC
2026-05-25,PARADIP,6,35.1,HIGH,SYNTHETIC
2026-05-26,PARADIP,6,34.4,HIGH,SYNTHETIC
2026-05-27,PARADIP,7,36.1,HIGH,SYNTHETIC
2026-05-28,PARADIP,4,33.1,HIGH,SYNTHETIC
2026-05-29,PARADIP,4,32.4,HIGH,SYNTHETIC
2026-06-01,PARADIP,6,42.6,HIGH,SYNTHETIC
2026-06-02,PARADIP,6,46.1,SEVERE,SYNTHETIC
2026-06-03,PARADIP,10,68.6,SEVERE,SYNTHETIC
2026-06-04,PARADIP,11,67.1,SEVERE,SYNTHETIC
2026-06-05,PARADIP,10,57.9,SEVERE,SYNTHETIC
2026-06-08,PARADIP,8,48.0,SEVERE,SYNTHETIC
2026-06-09,PARADIP,5,36.3,HIGH,SYNTHETIC
2026-06-10,PARADIP,9,57.9,SEVERE,SYNTHETIC
2026-06-11,PARADIP,12,70.2,SEVERE,SYNTHETIC
2026-06-12,PARADIP,7,49.8,SEVERE,SYNTHETIC
2026-06-15,PARADIP,6,38.0,HIGH,SYNTHETIC
2026-06-16,PARADIP,8,56.3,SEVERE,SYNTHETIC
2026-06-17,PARADIP,11,72.4,SEVERE,SYNTHETIC
2026-06-18,PARADIP,8,46.2,SEVERE,SYNTHETIC
2026-06-19,PARADIP,11,67.2,SEVERE,SYNTHETIC
2026-06-22,PARADIP,4,34.4,HIGH,SYNTHETIC
2026-06-23,PARADIP,4,33.0,HIGH,SYNTHETIC
2026-06-24,PARADIP,9,48.1,SEVERE,SYNTHETIC
2026-06-25,PARADIP,10,56.3,SEVERE,SYNTHETIC
2026-06-26,PARADIP,6,44.7,HIGH,SYNTHETIC
2026-06-29,PARADIP,8,45.6,SEVERE,SYNTHETIC
2026-06-30,PARADIP,6,30.5,HIGH,SYNTHETIC
2026-07-01,PARADIP,4,33.2,HIGH,SYNTHETIC
2026-07-02,PARADIP,6,34.5,HIGH,SYNTHETIC
2026-07-03,PARADIP,9,65.3,SEVERE,SYNTHETIC
2026-07-06,PARADIP,8,52.1,SEVERE,SYNTHETIC
2026-07-07,PARADIP,8,43.3,HIGH,SYNTHETIC
2026-07-08,PARADIP,9,56.1,SEVERE,SYNTHETIC
2026-07-09,PARADIP,11,63.9,SEVERE,SYNTHETIC
2026-07-10,PARADIP,4,30.0,HIGH,SYNTHETIC
2026-07-13,PARADIP,10,65.5,SEVERE,SYNTHETIC
2026-07-14,PARADIP,4,32.6,HIGH,SYNTHETIC
2026-07-15,PARADIP,7,52.9,SEVERE,SYNTHETIC
2026-07-16,PARADIP,9,54.6,SEVERE,SYNTHETIC
2026-07-17,PARADIP,8,54.8,SEVERE,SYNTHETIC
2026-07-20,PARADIP,6,34.3,HIGH,SYNTHETIC
2026-07-21,PARADIP,7,46.8,SEVERE,SYNTHETIC
2026-07-22,PARADIP,9,55.0,SEVERE,SYNTHETIC
2026-07-23,PARADIP,8,58.4,SEVERE,SYNTHETIC
2026-07-24,PARADIP,6,42.8,HIGH,SYNTHETIC
2026-07-27,PARADIP,9,52.3,SEVERE,SYNTHETIC
2026-07-28,PARADIP,8,43.7,HIGH,SYNTHETIC
2026-07-29,PARADIP,11,67.0,SEVERE,SYNTHETIC
2026-07-30,PARADIP,5,35.9,HIGH,SYNTHETIC
2026-07-31,PARADIP,9,62.2,SEVERE,SYNTHETIC
2026-08-03,PARADIP,7,42.7,HIGH,SYNTHETIC
2026-08-04,PARADIP,10,64.9,SEVERE,SYNTHETIC
2026-08-05,PARADIP,7,48.2,SEVERE,SYNTHETIC
2026-08-06,PARADIP,12,71.6,SEVERE,SYNTHETIC
2026-08-07,PARADIP,10,56.3,SEVERE,SYNTHETIC
2026-08-08,PARADIP,9,52.9,SEVERE,SYNTHETIC
2026-08-10,PARADIP,8,43.8,HIGH,SYNTHETIC
2026-08-11,PARADIP,13,76.6,SEVERE,SYNTHETIC
2026-08-12,PARADIP,7,46.0,SEVERE,SYNTHETIC
2026-08-13,PARADIP,9,63.0,SEVERE,SYNTHETIC
2026-08-14,PARADIP,9,50.6,SEVERE,SYNTHETIC
2026-08-17,PARADIP,9,60.2,SEVERE,SYNTHETIC
2026-08-18,PARADIP,9,52.9,SEVERE,SYNTHETIC
2026-08-19,PARADIP,9,62.1,SEVERE,SYNTHETIC
2026-08-20,PARADIP,13,76.7,SEVERE,SYNTHETIC
2026-08-21,PARADIP,12,76.3,SEVERE,SYNTHETIC
2026-08-24,PARADIP,9,48.0,SEVERE,SYNTHETIC
2026-08-25,PARADIP,7,50.0,SEVERE,SYNTHETIC
2026-08-26,PARADIP,13,74.9,SEVERE,SYNTHETIC
2026-08-27,PARADIP,8,59.7,SEVERE,SYNTHETIC
2026-08-28,PARADIP,9,58.0,SEVERE,SYNTHETIC
2026-08-31,PARADIP,9,61.0,SEVERE,SYNTHETIC
2026-09-01,PARADIP,12,67.4,SEVERE,SYNTHETIC
2026-09-02,PARADIP,6,42.5,HIGH,SYNTHETIC
2026-09-03,PARADIP,10,64.1,SEVERE,SYNTHETIC
2026-09-04,PARADIP,7,42.2,HIGH,SYNTHETIC
2026-09-08,PARADIP,11,74.3,SEVERE,SYNTHETIC
2023-01-02,VIZAG,0,11.8,NORMAL,SYNTHETIC
2023-01-03,VIZAG,2,10.1,NORMAL,SYNTHETIC
2023-01-04,VIZAG,1,10.6,NORMAL,SYNTHETIC
2023-01-05,VIZAG,2,11.1,NORMAL,SYNTHETIC
2023-01-06,VIZAG,2,10.5,NORMAL,SYNTHETIC
2023-01-09,VIZAG,1,8.2,NORMAL,SYNTHETIC
2023-01-10,VIZAG,2,9.2,NORMAL,SYNTHETIC
2023-01-11,VIZAG,2,7.2,NORMAL,SYNTHETIC
2023-01-12,VIZAG,0,10.0,NORMAL,SYNTHETIC
2023-01-13,VIZAG,2,10.9,NORMAL,SYNTHETIC
2023-01-16,VIZAG,1,10.9,NORMAL,SYNTHETIC
2023-01-17,VIZAG,0,9.8,NORMAL,SYNTHETIC
2023-01-18,VIZAG,1,14.4,ELEVATED,SYNTHETIC
2023-01-19,VIZAG,1,16.0,ELEVATED,SYNTHETIC
2023-01-20,VIZAG,1,16.1,ELEVATED,SYNTHETIC
2023-01-23,VIZAG,3,15.2,ELEVATED,SYNTHETIC
2023-01-24,VIZAG,3,18.1,HIGH,SYNTHETIC
2023-01-25,VIZAG,1,17.8,ELEVATED,SYNTHETIC
2023-01-26,VIZAG,1,13.3,NORMAL,SYNTHETIC
2023-01-27,VIZAG,1,12.8,NORMAL,SYNTHETIC
2023-01-30,VIZAG,1,13.0,NORMAL,SYNTHETIC
2023-01-31,VIZAG,2,17.8,ELEVATED,SYNTHETIC
2023-02-01,VIZAG,2,16.2,ELEVATED,SYNTHETIC
2023-02-02,VIZAG,1,18.0,ELEVATED,SYNTHETIC
2023-02-03,VIZAG,1,18.0,ELEVATED,SYNTHETIC
2023-02-06,VIZAG,1,16.2,ELEVATED,SYNTHETIC
2023-02-07,VIZAG,2,15.6,ELEVATED,SYNTHETIC
2023-02-08,VIZAG,2,8.5,NORMAL,SYNTHETIC
2023-02-09,VIZAG,2,8.1,NORMAL,SYNTHETIC
2023-02-10,VIZAG,2,7.4,NORMAL,SYNTHETIC
2023-02-13,VIZAG,1,10.3,NORMAL,SYNTHETIC
2023-02-14,VIZAG,1,7.8,NORMAL,SYNTHETIC
2023-02-15,VIZAG,2,6.9,NORMAL,SYNTHETIC
2023-02-16,VIZAG,0,5.8,NORMAL,SYNTHETIC
2023-02-17,VIZAG,0,7.4,NORMAL,SYNTHETIC
2023-02-20,VIZAG,2,6.2,NORMAL,SYNTHETIC
2023-02-21,VIZAG,1,8.5,NORMAL,SYNTHETIC
2023-02-22,VIZAG,2,10.1,NORMAL,SYNTHETIC
2023-02-23,VIZAG,0,7.6,NORMAL,SYNTHETIC
2023-02-24,VIZAG,1,6.2,NORMAL,SYNTHETIC
2023-02-27,VIZAG,1,7.7,NORMAL,SYNTHETIC
2023-02-28,VIZAG,1,7.8,NORMAL,SYNTHETIC
2023-03-01,VIZAG,1,7.5,NORMAL,SYNTHETIC
2023-03-02,VIZAG,2,7.4,NORMAL,SYNTHETIC
2023-03-03,VIZAG,1,4.8,NORMAL,SYNTHETIC
2023-03-06,VIZAG,0,5.5,NORMAL,SYNTHETIC
2023-03-07,VIZAG,0,7.9,NORMAL,SYNTHETIC
2023-03-08,VIZAG,2,8.9,NORMAL,SYNTHETIC
2023-03-09,VIZAG,2,10.7,NORMAL,SYNTHETIC
2023-03-10,VIZAG,1,7.2,NORMAL,SYNTHETIC
2023-03-13,VIZAG,1,5.0,NORMAL,SYNTHETIC
2023-03-14,VIZAG,0,4.3,NORMAL,SYNTHETIC
2023-03-15,VIZAG,0,4.4,NORMAL,SYNTHETIC
2023-03-16,VIZAG,0,3.9,NORMAL,SYNTHETIC
2023-03-17,VIZAG,0,3.6,NORMAL,SYNTHETIC
2023-03-20,VIZAG,1,5.2,NORMAL,SYNTHETIC
2023-03-21,VIZAG,0,4.9,NORMAL,SYNTHETIC
2023-03-22,VIZAG,0,2.2,NORMAL,SYNTHETIC
2023-03-23,VIZAG,0,3.1,NORMAL,SYNTHETIC
2023-03-24,VIZAG,0,0.3,NORMAL,SYNTHETIC
2023-03-27,VIZAG,0,2.2,NORMAL,SYNTHETIC
2023-03-28,VIZAG,1,2.9,NORMAL,SYNTHETIC
2023-03-29,VIZAG,0,5.2,NORMAL,SYNTHETIC
2023-03-30,VIZAG,0,3.2,NORMAL,SYNTHETIC
2023-03-31,VIZAG,1,5.6,NORMAL,SYNTHETIC
2023-04-03,VIZAG,2,6.7,NORMAL,SYNTHETIC
2023-04-04,VIZAG,1,6.6,NORMAL,SYNTHETIC
2023-04-05,VIZAG,2,6.2,NORMAL,SYNTHETIC
2023-04-06,VIZAG,1,4.2,NORMAL,SYNTHETIC
2023-04-07,VIZAG,1,4.1,NORMAL,SYNTHETIC
2023-04-10,VIZAG,0,4.0,NORMAL,SYNTHETIC
2023-04-11,VIZAG,0,0.9,NORMAL,SYNTHETIC
2023-04-12,VIZAG,0,0.0,NORMAL,SYNTHETIC
2023-04-13,VIZAG,0,0.0,NORMAL,SYNTHETIC
2023-04-14,VIZAG,0,0.0,NORMAL,SYNTHETIC
2023-04-17,VIZAG,0,0.0,NORMAL,SYNTHETIC
2023-04-18,VIZAG,0,0.0,NORMAL,SYNTHETIC
2023-04-19,VIZAG,1,0.0,NORMAL,SYNTHETIC
2023-04-20,VIZAG,1,0.0,NORMAL,SYNTHETIC
2023-04-21,VIZAG,0,0.0,NORMAL,SYNTHETIC
2023-04-24,VIZAG,1,0.0,NORMAL,SYNTHETIC
2023-04-25,VIZAG,1,0.0,NORMAL,SYNTHETIC
2023-04-26,VIZAG,0,0.0,NORMAL,SYNTHETIC
2023-04-27,VIZAG,1,0.0,NORMAL,SYNTHETIC
2023-04-28,VIZAG,0,0.0,NORMAL,SYNTHETIC
2023-05-01,VIZAG,1,0.0,NORMAL,SYNTHETIC
2023-05-02,VIZAG,0,0.0,NORMAL,SYNTHETIC
2023-05-03,VIZAG,0,0.0,NORMAL,SYNTHETIC
2023-05-04,VIZAG,0,0.0,NORMAL,SYNTHETIC
2023-05-05,VIZAG,0,0.0,NORMAL,SYNTHETIC
2023-05-08,VIZAG,0,1.5,NORMAL,SYNTHETIC
2023-05-09,VIZAG,1,4.8,NORMAL,SYNTHETIC
2023-05-10,VIZAG,0,4.6,NORMAL,SYNTHETIC
2023-05-11,VIZAG,0,10.0,NORMAL,SYNTHETIC
2023-05-12,VIZAG,1,8.7,NORMAL,SYNTHETIC
2023-05-15,VIZAG,2,8.5,NORMAL,SYNTHETIC
2023-05-16,VIZAG,1,12.8,NORMAL,SYNTHETIC
2023-05-17,VIZAG,1,11.7,NORMAL,SYNTHETIC
2023-05-18,VIZAG,0,8.6,NORMAL,SYNTHETIC
2023-05-19,VIZAG,0,6.6,NORMAL,SYNTHETIC
2023-05-22,VIZAG,2,6.2,NORMAL,SYNTHETIC
2023-05-23,VIZAG,0,4.9,NORMAL,SYNTHETIC
2023-05-24,VIZAG,0,7.8,NORMAL,SYNTHETIC
2023-05-25,VIZAG,0,7.6,NORMAL,SYNTHETIC
2023-05-26,VIZAG,2,10.3,NORMAL,SYNTHETIC
2023-05-29,VIZAG,1,11.4,NORMAL,SYNTHETIC
2023-05-30,VIZAG,1,14.6,ELEVATED,SYNTHETIC
2023-05-31,VIZAG,1,13.9,NORMAL,SYNTHETIC
2023-06-01,VIZAG,5,38.5,SEVERE,SYNTHETIC
2023-06-02,VIZAG,8,55.3,SEVERE,SYNTHETIC
2023-06-05,VIZAG,5,38.1,SEVERE,SYNTHETIC
2023-06-06,VIZAG,6,41.1,SEVERE,SYNTHETIC
2023-06-07,VIZAG,8,55.3,SEVERE,SYNTHETIC
2023-06-08,VIZAG,7,52.0,SEVERE,SYNTHETIC
2023-06-09,VIZAG,10,58.6,SEVERE,SYNTHETIC
2023-06-12,VIZAG,7,47.1,SEVERE,SYNTHETIC
2023-06-13,VIZAG,5,41.2,SEVERE,SYNTHETIC
2023-06-14,VIZAG,9,51.8,SEVERE,SYNTHETIC
2023-06-15,VIZAG,8,54.5,SEVERE,SYNTHETIC
2023-06-16,VIZAG,7,49.5,SEVERE,SYNTHETIC
2023-06-19,VIZAG,11,64.8,SEVERE,SYNTHETIC
2023-06-20,VIZAG,6,45.9,SEVERE,SYNTHETIC
2023-06-21,VIZAG,12,71.8,SEVERE,SYNTHETIC
2023-06-22,VIZAG,9,62.7,SEVERE,SYNTHETIC
2023-06-23,VIZAG,8,51.7,SEVERE,SYNTHETIC
2023-06-26,VIZAG,10,70.6,SEVERE,SYNTHETIC
2023-06-27,VIZAG,7,49.8,SEVERE,SYNTHETIC
2023-06-28,VIZAG,9,50.6,SEVERE,SYNTHETIC
2023-06-29,VIZAG,8,45.0,SEVERE,SYNTHETIC
2023-06-30,VIZAG,9,55.8,SEVERE,SYNTHETIC
2023-07-03,VIZAG,11,65.5,SEVERE,SYNTHETIC
2023-07-04,VIZAG,6,42.2,SEVERE,SYNTHETIC
2023-07-05,VIZAG,12,68.3,SEVERE,SYNTHETIC
2023-07-06,VIZAG,8,53.0,SEVERE,SYNTHETIC
2023-07-07,VIZAG,7,48.6,SEVERE,SYNTHETIC
2023-07-10,VIZAG,8,52.8,SEVERE,SYNTHETIC
2023-07-11,VIZAG,9,60.6,SEVERE,SYNTHETIC
2023-07-12,VIZAG,13,76.0,SEVERE,SYNTHETIC
2023-07-13,VIZAG,13,72.0,SEVERE,SYNTHETIC
2023-07-14,VIZAG,9,50.0,SEVERE,SYNTHETIC
2023-07-17,VIZAG,10,60.2,SEVERE,SYNTHETIC
2023-07-18,VIZAG,10,58.9,SEVERE,SYNTHETIC
2023-07-19,VIZAG,7,47.0,SEVERE,SYNTHETIC
2023-07-20,VIZAG,8,49.5,SEVERE,SYNTHETIC
2023-07-21,VIZAG,8,54.9,SEVERE,SYNTHETIC
2023-07-24,VIZAG,10,63.1,SEVERE,SYNTHETIC
2023-07-25,VIZAG,12,71.0,SEVERE,SYNTHETIC
2023-07-26,VIZAG,8,44.3,SEVERE,SYNTHETIC
2023-07-27,VIZAG,10,63.8,SEVERE,SYNTHETIC
2023-07-28,VIZAG,13,84.1,SEVERE,SYNTHETIC
2023-07-31,VIZAG,11,70.6,SEVERE,SYNTHETIC
2023-08-01,VIZAG,9,64.1,SEVERE,SYNTHETIC
2023-08-02,VIZAG,12,67.6,SEVERE,SYNTHETIC
2023-08-03,VIZAG,8,53.4,SEVERE,SYNTHETIC
2023-08-04,VIZAG,11,70.5,SEVERE,SYNTHETIC
2023-08-07,VIZAG,10,62.2,SEVERE,SYNTHETIC
2023-08-08,VIZAG,10,57.2,SEVERE,SYNTHETIC
2023-08-09,VIZAG,8,58.9,SEVERE,SYNTHETIC
2023-08-10,VIZAG,12,78.7,SEVERE,SYNTHETIC
2023-08-11,VIZAG,9,56.0,SEVERE,SYNTHETIC
2023-08-14,VIZAG,10,66.7,SEVERE,SYNTHETIC
2023-08-15,VIZAG,9,60.5,SEVERE,SYNTHETIC
2023-08-16,VIZAG,11,65.4,SEVERE,SYNTHETIC
2023-08-17,VIZAG,15,86.7,SEVERE,SYNTHETIC
2023-08-18,VIZAG,13,87.7,SEVERE,SYNTHETIC
2023-08-21,VIZAG,13,74.6,SEVERE,SYNTHETIC
2023-08-22,VIZAG,14,84.7,SEVERE,SYNTHETIC
2023-08-23,VIZAG,11,70.0,SEVERE,SYNTHETIC
2023-08-24,VIZAG,13,84.7,SEVERE,SYNTHETIC
2023-08-25,VIZAG,14,85.9,SEVERE,SYNTHETIC
2023-08-28,VIZAG,8,57.3,SEVERE,SYNTHETIC
2023-08-29,VIZAG,8,50.0,SEVERE,SYNTHETIC
2023-08-30,VIZAG,13,74.5,SEVERE,SYNTHETIC
2023-08-31,VIZAG,14,78.6,SEVERE,SYNTHETIC
2023-09-01,VIZAG,11,62.4,SEVERE,SYNTHETIC
2023-09-04,VIZAG,9,53.3,SEVERE,SYNTHETIC
2023-09-05,VIZAG,12,82.6,SEVERE,SYNTHETIC
2023-09-06,VIZAG,10,61.4,SEVERE,SYNTHETIC
2023-09-07,VIZAG,8,56.3,SEVERE,SYNTHETIC
2023-09-08,VIZAG,10,59.1,SEVERE,SYNTHETIC
2023-09-11,VIZAG,11,61.0,SEVERE,SYNTHETIC
2023-09-12,VIZAG,11,68.3,SEVERE,SYNTHETIC
2023-09-13,VIZAG,9,56.7,SEVERE,SYNTHETIC
2023-09-14,VIZAG,10,66.7,SEVERE,SYNTHETIC
2023-09-15,VIZAG,11,61.5,SEVERE,SYNTHETIC
2023-09-18,VIZAG,8,57.0,SEVERE,SYNTHETIC
2023-09-19,VIZAG,8,57.2,SEVERE,SYNTHETIC
2023-09-20,VIZAG,12,74.1,SEVERE,SYNTHETIC
2023-09-21,VIZAG,11,67.3,SEVERE,SYNTHETIC
2023-09-22,VIZAG,14,80.9,SEVERE,SYNTHETIC
2023-09-25,VIZAG,11,75.1,SEVERE,SYNTHETIC
2023-09-26,VIZAG,11,63.5,SEVERE,SYNTHETIC
2023-09-27,VIZAG,9,54.4,SEVERE,SYNTHETIC
2023-09-28,VIZAG,11,77.3,SEVERE,SYNTHETIC
2023-09-29,VIZAG,8,54.2,SEVERE,SYNTHETIC
2023-10-02,VIZAG,5,32.1,SEVERE,SYNTHETIC
2023-10-03,VIZAG,6,34.9,SEVERE,SYNTHETIC
2023-10-04,VIZAG,4,30.2,SEVERE,SYNTHETIC
2023-10-05,VIZAG,4,24.9,HIGH,SYNTHETIC
2023-10-06,VIZAG,4,22.3,HIGH,SYNTHETIC
2023-10-09,VIZAG,3,23.6,HIGH,SYNTHETIC
2023-10-10,VIZAG,3,21.7,HIGH,SYNTHETIC
2023-10-11,VIZAG,4,21.8,HIGH,SYNTHETIC
2023-10-12,VIZAG,3,21.2,HIGH,SYNTHETIC
2023-10-13,VIZAG,2,22.0,HIGH,SYNTHETIC
2023-10-16,VIZAG,4,22.6,HIGH,SYNTHETIC
2023-10-17,VIZAG,3,19.5,HIGH,SYNTHETIC
2023-10-18,VIZAG,2,21.6,HIGH,SYNTHETIC
2023-10-19,VIZAG,3,22.8,HIGH,SYNTHETIC
2023-10-20,VIZAG,4,21.1,HIGH,SYNTHETIC
2023-10-23,VIZAG,2,22.7,HIGH,SYNTHETIC
2023-10-24,VIZAG,3,17.6,ELEVATED,SYNTHETIC
2023-10-25,VIZAG,2,20.3,HIGH,SYNTHETIC
2023-10-26,VIZAG,3,21.8,HIGH,SYNTHETIC
2023-10-27,VIZAG,2,20.4,HIGH,SYNTHETIC
2023-10-30,VIZAG,2,22.9,HIGH,SYNTHETIC
2023-10-31,VIZAG,5,25.9,HIGH,SYNTHETIC
2023-11-01,VIZAG,4,26.6,HIGH,SYNTHETIC
2023-11-02,VIZAG,4,26.9,HIGH,SYNTHETIC
2023-11-03,VIZAG,3,25.7,HIGH,SYNTHETIC
2023-11-06,VIZAG,4,28.1,HIGH,SYNTHETIC
2023-11-07,VIZAG,5,28.9,HIGH,SYNTHETIC
2023-11-08,VIZAG,4,31.9,SEVERE,SYNTHETIC
2023-11-09,VIZAG,6,32.0,SEVERE,SYNTHETIC
2023-11-10,VIZAG,5,31.1,SEVERE,SYNTHETIC
2023-11-13,VIZAG,6,31.7,SEVERE,SYNTHETIC
2023-11-14,VIZAG,6,31.9,SEVERE,SYNTHETIC
2023-11-15,VIZAG,5,30.0,HIGH,SYNTHETIC
2023-11-16,VIZAG,4,30.1,SEVERE,SYNTHETIC
2023-11-17,VIZAG,4,26.8,HIGH,SYNTHETIC
2023-11-20,VIZAG,5,26.8,HIGH,SYNTHETIC
2023-11-21,VIZAG,4,26.6,HIGH,SYNTHETIC
2023-11-22,VIZAG,3,27.6,HIGH,SYNTHETIC
2023-11-23,VIZAG,5,25.8,HIGH,SYNTHETIC
2023-11-24,VIZAG,2,23.9,HIGH,SYNTHETIC
2023-11-27,VIZAG,4,22.0,HIGH,SYNTHETIC
2023-11-28,VIZAG,4,22.8,HIGH,SYNTHETIC
2023-11-29,VIZAG,3,16.1,ELEVATED,SYNTHETIC
2023-11-30,VIZAG,2,16.6,ELEVATED,SYNTHETIC
2023-12-01,VIZAG,3,13.7,NORMAL,SYNTHETIC
2023-12-04,VIZAG,3,17.0,ELEVATED,SYNTHETIC
2023-12-05,VIZAG,2,12.3,NORMAL,SYNTHETIC
2023-12-06,VIZAG,3,13.0,NORMAL,SYNTHETIC
2023-12-07,VIZAG,2,13.5,NORMAL,SYNTHETIC
2023-12-08,VIZAG,3,12.0,NORMAL,SYNTHETIC
2023-12-11,VIZAG,0,11.7,NORMAL,SYNTHETIC
2023-12-12,VIZAG,1,13.5,NORMAL,SYNTHETIC
2023-12-13,VIZAG,2,12.0,NORMAL,SYNTHETIC
2023-12-14,VIZAG,1,13.7,NORMAL,SYNTHETIC
2023-12-15,VIZAG,1,14.0,NORMAL,SYNTHETIC
2023-12-18,VIZAG,3,14.1,NORMAL,SYNTHETIC
2023-12-19,VIZAG,2,11.4,NORMAL,SYNTHETIC
2023-12-20,VIZAG,2,10.9,NORMAL,SYNTHETIC
2023-12-21,VIZAG,2,10.6,NORMAL,SYNTHETIC
2023-12-22,VIZAG,1,9.9,NORMAL,SYNTHETIC
2023-12-25,VIZAG,0,10.3,NORMAL,SYNTHETIC
2023-12-26,VIZAG,0,10.7,NORMAL,SYNTHETIC
2023-12-27,VIZAG,2,12.1,NORMAL,SYNTHETIC
2023-12-28,VIZAG,1,11.9,NORMAL,SYNTHETIC
2023-12-29,VIZAG,2,9.9,NORMAL,SYNTHETIC
2024-01-01,VIZAG,1,11.0,NORMAL,SYNTHETIC
2024-01-02,VIZAG,1,13.7,NORMAL,SYNTHETIC
2024-01-03,VIZAG,2,12.8,NORMAL,SYNTHETIC
2024-01-04,VIZAG,1,12.9,NORMAL,SYNTHETIC
2024-01-05,VIZAG,3,13.5,NORMAL,SYNTHETIC
2024-01-08,VIZAG,3,13.5,NORMAL,SYNTHETIC
2024-01-09,VIZAG,2,9.0,NORMAL,SYNTHETIC
2024-01-10,VIZAG,2,8.0,NORMAL,SYNTHETIC
2024-01-11,VIZAG,0,10.6,NORMAL,SYNTHETIC
2024-01-12,VIZAG,2,11.5,NORMAL,SYNTHETIC
2024-01-15,VIZAG,1,9.4,NORMAL,SYNTHETIC
2024-01-16,VIZAG,0,9.5,NORMAL,SYNTHETIC
2024-01-17,VIZAG,0,7.5,NORMAL,SYNTHETIC
2024-01-18,VIZAG,1,6.6,NORMAL,SYNTHETIC
2024-01-19,VIZAG,0,8.9,NORMAL,SYNTHETIC
2024-01-22,VIZAG,2,10.3,NORMAL,SYNTHETIC
2024-01-23,VIZAG,2,9.9,NORMAL,SYNTHETIC
2024-01-24,VIZAG,1,10.1,NORMAL,SYNTHETIC
2024-01-25,VIZAG,1,9.0,NORMAL,SYNTHETIC
2024-01-26,VIZAG,1,5.7,NORMAL,SYNTHETIC
2024-01-29,VIZAG,0,5.9,NORMAL,SYNTHETIC
2024-01-30,VIZAG,2,6.2,NORMAL,SYNTHETIC
2024-01-31,VIZAG,1,8.3,NORMAL,SYNTHETIC
2024-02-01,VIZAG,0,8.1,NORMAL,SYNTHETIC
2024-02-02,VIZAG,2,7.9,NORMAL,SYNTHETIC
2024-02-05,VIZAG,2,6.6,NORMAL,SYNTHETIC
2024-02-06,VIZAG,0,10.0,NORMAL,SYNTHETIC
2024-02-07,VIZAG,2,7.1,NORMAL,SYNTHETIC
2024-02-08,VIZAG,1,5.5,NORMAL,SYNTHETIC
2024-02-09,VIZAG,1,5.7,NORMAL,SYNTHETIC
2024-02-12,VIZAG,0,4.3,NORMAL,SYNTHETIC
2024-02-13,VIZAG,1,5.7,NORMAL,SYNTHETIC
2024-02-14,VIZAG,2,8.2,NORMAL,SYNTHETIC
2024-02-15,VIZAG,0,9.9,NORMAL,SYNTHETIC
2024-02-16,VIZAG,1,9.2,NORMAL,SYNTHETIC
2024-02-19,VIZAG,1,8.4,NORMAL,SYNTHETIC
2024-02-20,VIZAG,2,6.9,NORMAL,SYNTHETIC
2024-02-21,VIZAG,1,6.2,NORMAL,SYNTHETIC
2024-02-22,VIZAG,0,6.8,NORMAL,SYNTHETIC
2024-02-23,VIZAG,0,3.9,NORMAL,SYNTHETIC
2024-02-26,VIZAG,0,4.5,NORMAL,SYNTHETIC
2024-02-27,VIZAG,0,2.7,NORMAL,SYNTHETIC
2024-02-28,VIZAG,0,3.1,NORMAL,SYNTHETIC
2024-02-29,VIZAG,0,3.9,NORMAL,SYNTHETIC
2024-03-01,VIZAG,1,5.3,NORMAL,SYNTHETIC
2024-03-04,VIZAG,2,8.4,NORMAL,SYNTHETIC
2024-03-05,VIZAG,2,10.4,NORMAL,SYNTHETIC
2024-03-06,VIZAG,2,13.5,NORMAL,SYNTHETIC
2024-03-07,VIZAG,1,11.7,NORMAL,SYNTHETIC
2024-03-08,VIZAG,0,9.2,NORMAL,SYNTHETIC
2024-03-11,VIZAG,0,10.0,NORMAL,SYNTHETIC
2024-03-12,VIZAG,0,8.2,NORMAL,SYNTHETIC
2024-03-13,VIZAG,2,7.0,NORMAL,SYNTHETIC
2024-03-14,VIZAG,1,6.2,NORMAL,SYNTHETIC
2024-03-15,VIZAG,0,9.1,NORMAL,SYNTHETIC
2024-03-18,VIZAG,1,6.2,NORMAL,SYNTHETIC
2024-03-19,VIZAG,0,2.8,NORMAL,SYNTHETIC
2024-03-20,VIZAG,0,0.0,NORMAL,SYNTHETIC
2024-03-21,VIZAG,1,0.1,NORMAL,SYNTHETIC
2024-03-22,VIZAG,0,1.5,NORMAL,SYNTHETIC
2024-03-25,VIZAG,0,5.2,NORMAL,SYNTHETIC
2024-03-26,VIZAG,1,4.7,NORMAL,SYNTHETIC
2024-03-27,VIZAG,0,3.6,NORMAL,SYNTHETIC
2024-03-28,VIZAG,1,4.9,NORMAL,SYNTHETIC
2024-03-29,VIZAG,0,4.7,NORMAL,SYNTHETIC
2024-04-01,VIZAG,1,6.9,NORMAL,SYNTHETIC
2024-04-02,VIZAG,1,2.3,NORMAL,SYNTHETIC
2024-04-03,VIZAG,0,5.5,NORMAL,SYNTHETIC
2024-04-04,VIZAG,2,8.6,NORMAL,SYNTHETIC
2024-04-05,VIZAG,1,7.6,NORMAL,SYNTHETIC
2024-04-08,VIZAG,2,7.8,NORMAL,SYNTHETIC
2024-04-09,VIZAG,2,8.4,NORMAL,SYNTHETIC
2024-04-10,VIZAG,0,11.9,NORMAL,SYNTHETIC
2024-04-11,VIZAG,0,6.9,NORMAL,SYNTHETIC
2024-04-12,VIZAG,2,6.7,NORMAL,SYNTHETIC
2024-04-15,VIZAG,0,5.8,NORMAL,SYNTHETIC
2024-04-16,VIZAG,0,5.9,NORMAL,SYNTHETIC
2024-04-17,VIZAG,2,8.0,NORMAL,SYNTHETIC
2024-04-18,VIZAG,1,8.0,NORMAL,SYNTHETIC
2024-04-19,VIZAG,1,6.6,NORMAL,SYNTHETIC
2024-04-22,VIZAG,1,4.1,NORMAL,SYNTHETIC
2024-04-23,VIZAG,0,4.4,NORMAL,SYNTHETIC
2024-04-24,VIZAG,1,2.8,NORMAL,SYNTHETIC
2024-04-25,VIZAG,0,2.1,NORMAL,SYNTHETIC
2024-04-26,VIZAG,1,1.1,NORMAL,SYNTHETIC
2024-04-29,VIZAG,0,1.5,NORMAL,SYNTHETIC
2024-04-30,VIZAG,1,1.4,NORMAL,SYNTHETIC
2024-05-01,VIZAG,1,2.1,NORMAL,SYNTHETIC
2024-05-02,VIZAG,0,0.0,NORMAL,SYNTHETIC
2024-05-03,VIZAG,0,0.0,NORMAL,SYNTHETIC
2024-05-06,VIZAG,0,0.0,NORMAL,SYNTHETIC
2024-05-07,VIZAG,0,0.0,NORMAL,SYNTHETIC
2024-05-08,VIZAG,0,0.0,NORMAL,SYNTHETIC
2024-05-09,VIZAG,0,0.0,NORMAL,SYNTHETIC
2024-05-10,VIZAG,1,0.0,NORMAL,SYNTHETIC
2024-05-13,VIZAG,1,0.0,NORMAL,SYNTHETIC
2024-05-14,VIZAG,0,0.0,NORMAL,SYNTHETIC
2024-05-15,VIZAG,0,0.0,NORMAL,SYNTHETIC
2024-05-16,VIZAG,0,0.0,NORMAL,SYNTHETIC
2024-05-17,VIZAG,0,0.0,NORMAL,SYNTHETIC
2024-05-20,VIZAG,1,0.0,NORMAL,SYNTHETIC
2024-05-21,VIZAG,0,0.0,NORMAL,SYNTHETIC
2024-05-22,VIZAG,0,0.0,NORMAL,SYNTHETIC
2024-05-23,VIZAG,0,2.5,NORMAL,SYNTHETIC
2024-05-24,VIZAG,1,6.4,NORMAL,SYNTHETIC
2024-05-27,VIZAG,0,5.0,NORMAL,SYNTHETIC
2024-05-28,VIZAG,0,4.3,NORMAL,SYNTHETIC
2024-05-29,VIZAG,0,5.3,NORMAL,SYNTHETIC
2024-05-30,VIZAG,0,4.3,NORMAL,SYNTHETIC
2024-05-31,VIZAG,0,7.9,NORMAL,SYNTHETIC
2024-06-03,VIZAG,10,54.0,SEVERE,SYNTHETIC
2024-06-04,VIZAG,7,50.0,SEVERE,SYNTHETIC
2024-06-05,VIZAG,8,44.9,SEVERE,SYNTHETIC
2024-06-06,VIZAG,4,26.4,HIGH,SYNTHETIC
2024-06-07,VIZAG,8,46.4,SEVERE,SYNTHETIC
2024-06-10,VIZAG,5,36.4,SEVERE,SYNTHETIC
2024-06-11,VIZAG,9,49.3,SEVERE,SYNTHETIC
2024-06-12,VIZAG,4,30.2,SEVERE,SYNTHETIC
2024-06-13,VIZAG,6,35.8,SEVERE,SYNTHETIC
2024-06-14,VIZAG,2,22.8,HIGH,SYNTHETIC
2024-06-17,VIZAG,5,28.9,HIGH,SYNTHETIC
2024-06-18,VIZAG,6,43.1,SEVERE,SYNTHETIC
2024-06-19,VIZAG,4,30.8,SEVERE,SYNTHETIC
2024-06-20,VIZAG,5,33.6,SEVERE,SYNTHETIC
2024-06-21,VIZAG,8,44.5,SEVERE,SYNTHETIC
2024-06-24,VIZAG,5,25.0,HIGH,SYNTHETIC
2024-06-25,VIZAG,7,40.1,SEVERE,SYNTHETIC
2024-06-26,VIZAG,5,28.1,HIGH,SYNTHETIC
2024-06-27,VIZAG,6,44.0,SEVERE,SYNTHETIC
2024-06-28,VIZAG,3,26.2,HIGH,SYNTHETIC
2024-07-01,VIZAG,5,37.0,SEVERE,SYNTHETIC
2024-07-02,VIZAG,3,16.6,ELEVATED,SYNTHETIC
2024-07-03,VIZAG,3,27.5,HIGH,SYNTHETIC
2024-07-04,VIZAG,5,29.9,HIGH,SYNTHETIC
2024-07-05,VIZAG,6,35.9,SEVERE,SYNTHETIC
2024-07-08,VIZAG,4,18.6,HIGH,SYNTHETIC
2024-07-09,VIZAG,5,33.9,SEVERE,SYNTHETIC
2024-07-10,VIZAG,5,37.8,SEVERE,SYNTHETIC
2024-07-11,VIZAG,4,18.6,HIGH,SYNTHETIC
2024-07-12,VIZAG,6,31.5,SEVERE,SYNTHETIC
2024-07-15,VIZAG,3,13.2,NORMAL,SYNTHETIC
2024-07-16,VIZAG,2,15.4,ELEVATED,SYNTHETIC
2024-07-17,VIZAG,4,21.4,HIGH,SYNTHETIC
2024-07-18,VIZAG,5,30.1,SEVERE,SYNTHETIC
2024-07-19,VIZAG,4,31.4,SEVERE,SYNTHETIC
2024-07-22,VIZAG,7,37.1,SEVERE,SYNTHETIC
2024-07-23,VIZAG,3,27.1,HIGH,SYNTHETIC
2024-07-24,VIZAG,3,27.2,HIGH,SYNTHETIC
2024-07-25,VIZAG,3,24.2,HIGH,SYNTHETIC
2024-07-26,VIZAG,5,31.8,SEVERE,SYNTHETIC
2024-07-29,VIZAG,2,21.6,HIGH,SYNTHETIC
2024-07-30,VIZAG,5,31.4,SEVERE,SYNTHETIC
2024-07-31,VIZAG,7,43.9,SEVERE,SYNTHETIC
2024-08-01,VIZAG,3,22.7,HIGH,SYNTHETIC
2024-08-02,VIZAG,6,42.6,SEVERE,SYNTHETIC
2024-08-05,VIZAG,6,46.8,SEVERE,SYNTHETIC
2024-08-06,VIZAG,6,36.3,SEVERE,SYNTHETIC
2024-08-07,VIZAG,5,27.1,HIGH,SYNTHETIC
2024-08-08,VIZAG,7,36.5,SEVERE,SYNTHETIC
2024-08-09,VIZAG,3,25.0,HIGH,SYNTHETIC
2024-08-12,VIZAG,2,14.3,NORMAL,SYNTHETIC
2024-08-13,VIZAG,5,42.0,SEVERE,SYNTHETIC
2024-08-14,VIZAG,4,20.5,HIGH,SYNTHETIC
2024-08-15,VIZAG,5,32.8,SEVERE,SYNTHETIC
2024-08-16,VIZAG,3,16.0,ELEVATED,SYNTHETIC
2024-08-19,VIZAG,6,33.1,SEVERE,SYNTHETIC
2024-08-20,VIZAG,3,28.2,HIGH,SYNTHETIC
2024-08-21,VIZAG,5,41.6,SEVERE,SYNTHETIC
2024-08-22,VIZAG,4,20.9,HIGH,SYNTHETIC
2024-08-23,VIZAG,5,30.7,SEVERE,SYNTHETIC
2024-08-26,VIZAG,4,30.6,SEVERE,SYNTHETIC
2024-08-27,VIZAG,8,49.6,SEVERE,SYNTHETIC
2024-08-28,VIZAG,3,22.6,HIGH,SYNTHETIC
2024-08-29,VIZAG,4,23.5,HIGH,SYNTHETIC
2024-08-30,VIZAG,5,36.5,SEVERE,SYNTHETIC
2024-09-02,VIZAG,5,24.0,HIGH,SYNTHETIC
2024-09-03,VIZAG,2,23.4,HIGH,SYNTHETIC
2024-09-04,VIZAG,7,50.4,SEVERE,SYNTHETIC
2024-09-05,VIZAG,4,25.0,HIGH,SYNTHETIC
2024-09-06,VIZAG,4,20.0,HIGH,SYNTHETIC
2024-09-09,VIZAG,4,31.2,SEVERE,SYNTHETIC
2024-09-10,VIZAG,4,22.2,HIGH,SYNTHETIC
2024-09-11,VIZAG,7,37.4,SEVERE,SYNTHETIC
2024-09-12,VIZAG,4,28.9,HIGH,SYNTHETIC
2024-09-13,VIZAG,8,55.2,SEVERE,SYNTHETIC
2024-09-16,VIZAG,9,49.2,SEVERE,SYNTHETIC
2024-09-17,VIZAG,8,47.5,SEVERE,SYNTHETIC
2024-09-18,VIZAG,6,44.1,SEVERE,SYNTHETIC
2024-09-19,VIZAG,5,28.3,HIGH,SYNTHETIC
2024-09-20,VIZAG,7,48.8,SEVERE,SYNTHETIC
2024-09-23,VIZAG,6,36.1,SEVERE,SYNTHETIC
2024-09-24,VIZAG,7,41.9,SEVERE,SYNTHETIC
2024-09-25,VIZAG,5,41.4,SEVERE,SYNTHETIC
2024-09-26,VIZAG,6,34.6,SEVERE,SYNTHETIC
2024-09-27,VIZAG,4,24.4,HIGH,SYNTHETIC
2024-09-30,VIZAG,7,37.9,SEVERE,SYNTHETIC
2024-10-01,VIZAG,0,8.9,NORMAL,SYNTHETIC
2024-10-02,VIZAG,1,7.8,NORMAL,SYNTHETIC
2024-10-03,VIZAG,0,8.0,NORMAL,SYNTHETIC
2024-10-04,VIZAG,1,8.3,NORMAL,SYNTHETIC
2024-10-07,VIZAG,2,9.7,NORMAL,SYNTHETIC
2024-10-08,VIZAG,0,10.5,NORMAL,SYNTHETIC
2024-10-09,VIZAG,1,9.5,NORMAL,SYNTHETIC
2024-10-10,VIZAG,3,12.4,NORMAL,SYNTHETIC
2024-10-11,VIZAG,2,12.4,NORMAL,SYNTHETIC
2024-10-14,VIZAG,2,11.7,NORMAL,SYNTHETIC
2024-10-15,VIZAG,2,12.0,NORMAL,SYNTHETIC
2024-10-16,VIZAG,0,7.5,NORMAL,SYNTHETIC
2024-10-17,VIZAG,2,6.1,NORMAL,SYNTHETIC
2024-10-18,VIZAG,0,9.5,NORMAL,SYNTHETIC
2024-10-21,VIZAG,2,8.8,NORMAL,SYNTHETIC
2024-10-22,VIZAG,2,9.1,NORMAL,SYNTHETIC
2024-10-23,VIZAG,3,13.7,NORMAL,SYNTHETIC
2024-10-24,VIZAG,2,12.1,NORMAL,SYNTHETIC
2024-10-25,VIZAG,2,10.6,NORMAL,SYNTHETIC
2024-10-28,VIZAG,0,10.3,NORMAL,SYNTHETIC
2024-10-29,VIZAG,0,10.7,NORMAL,SYNTHETIC
2024-10-30,VIZAG,1,12.3,NORMAL,SYNTHETIC
2024-10-31,VIZAG,2,15.7,ELEVATED,SYNTHETIC
2024-11-01,VIZAG,2,18.4,HIGH,SYNTHETIC
2024-11-04,VIZAG,1,17.6,ELEVATED,SYNTHETIC
2024-11-05,VIZAG,1,16.1,ELEVATED,SYNTHETIC
2024-11-06,VIZAG,3,15.1,ELEVATED,SYNTHETIC
2024-11-07,VIZAG,2,15.9,ELEVATED,SYNTHETIC
2024-11-08,VIZAG,2,17.0,ELEVATED,SYNTHETIC
2024-11-11,VIZAG,2,17.8,ELEVATED,SYNTHETIC
2024-11-12,VIZAG,3,20.7,HIGH,SYNTHETIC
2024-11-13,VIZAG,2,20.6,HIGH,SYNTHETIC
2024-11-14,VIZAG,4,18.1,HIGH,SYNTHETIC
2024-11-15,VIZAG,2,20.1,HIGH,SYNTHETIC
2024-11-18,VIZAG,4,18.0,HIGH,SYNTHETIC
2024-11-19,VIZAG,1,16.6,ELEVATED,SYNTHETIC
2024-11-20,VIZAG,1,16.9,ELEVATED,SYNTHETIC
2024-11-21,VIZAG,2,16.4,ELEVATED,SYNTHETIC
2024-11-22,VIZAG,3,15.0,ELEVATED,SYNTHETIC
2024-11-25,VIZAG,1,14.9,ELEVATED,SYNTHETIC
2024-11-26,VIZAG,2,15.9,ELEVATED,SYNTHETIC
2024-11-27,VIZAG,2,14.5,ELEVATED,SYNTHETIC
2024-11-28,VIZAG,3,12.6,NORMAL,SYNTHETIC
2024-11-29,VIZAG,3,12.3,NORMAL,SYNTHETIC
2024-12-02,VIZAG,3,13.9,NORMAL,SYNTHETIC
2024-12-03,VIZAG,3,13.4,NORMAL,SYNTHETIC
2024-12-04,VIZAG,3,14.1,NORMAL,SYNTHETIC
2024-12-05,VIZAG,2,16.3,ELEVATED,SYNTHETIC
2024-12-06,VIZAG,3,16.8,ELEVATED,SYNTHETIC
2024-12-09,VIZAG,4,18.8,HIGH,SYNTHETIC
2024-12-10,VIZAG,2,17.3,ELEVATED,SYNTHETIC
2024-12-11,VIZAG,2,19.6,HIGH,SYNTHETIC
2024-12-12,VIZAG,3,22.3,HIGH,SYNTHETIC
2024-12-13,VIZAG,2,22.8,HIGH,SYNTHETIC
2024-12-16,VIZAG,4,20.8,HIGH,SYNTHETIC
2024-12-17,VIZAG,2,19.4,HIGH,SYNTHETIC
2024-12-18,VIZAG,1,17.1,ELEVATED,SYNTHETIC
2024-12-19,VIZAG,4,18.7,HIGH,SYNTHETIC
2024-12-20,VIZAG,4,18.1,HIGH,SYNTHETIC
2024-12-23,VIZAG,2,18.8,HIGH,SYNTHETIC
2024-12-24,VIZAG,4,18.5,HIGH,SYNTHETIC
2024-12-25,VIZAG,3,16.9,ELEVATED,SYNTHETIC
2024-12-26,VIZAG,3,19.2,HIGH,SYNTHETIC
2024-12-27,VIZAG,2,21.1,HIGH,SYNTHETIC
2024-12-30,VIZAG,2,19.4,HIGH,SYNTHETIC
2024-12-31,VIZAG,3,20.5,HIGH,SYNTHETIC
2025-01-01,VIZAG,2,22.8,HIGH,SYNTHETIC
2025-01-02,VIZAG,3,23.0,HIGH,SYNTHETIC
2025-01-03,VIZAG,2,23.4,HIGH,SYNTHETIC
2025-01-06,VIZAG,3,24.3,HIGH,SYNTHETIC
2025-01-07,VIZAG,4,24.6,HIGH,SYNTHETIC
2025-01-08,VIZAG,5,25.3,HIGH,SYNTHETIC
2025-01-09,VIZAG,4,24.5,HIGH,SYNTHETIC
2025-01-10,VIZAG,4,22.1,HIGH,SYNTHETIC
2025-01-13,VIZAG,3,23.1,HIGH,SYNTHETIC
2025-01-14,VIZAG,5,24.0,HIGH,SYNTHETIC
2025-01-15,VIZAG,3,25.7,HIGH,SYNTHETIC
2025-01-16,VIZAG,2,21.4,HIGH,SYNTHETIC
2025-01-17,VIZAG,3,23.2,HIGH,SYNTHETIC
2025-01-20,VIZAG,5,24.7,HIGH,SYNTHETIC
2025-01-21,VIZAG,5,30.0,HIGH,SYNTHETIC
2025-01-22,VIZAG,5,28.0,HIGH,SYNTHETIC
2025-01-23,VIZAG,5,28.3,HIGH,SYNTHETIC
2025-01-24,VIZAG,4,27.9,HIGH,SYNTHETIC
2025-01-27,VIZAG,4,27.1,HIGH,SYNTHETIC
2025-01-28,VIZAG,3,26.7,HIGH,SYNTHETIC
2025-01-29,VIZAG,2,23.4,HIGH,SYNTHETIC
2025-01-30,VIZAG,4,20.2,HIGH,SYNTHETIC
2025-01-31,VIZAG,3,19.1,HIGH,SYNTHETIC
2025-02-03,VIZAG,3,22.3,HIGH,SYNTHETIC
2025-02-04,VIZAG,4,23.2,HIGH,SYNTHETIC
2025-02-05,VIZAG,4,23.7,HIGH,SYNTHETIC
2025-02-06,VIZAG,3,26.0,HIGH,SYNTHETIC
2025-02-07,VIZAG,4,26.6,HIGH,SYNTHETIC
2025-02-10,VIZAG,3,29.1,HIGH,SYNTHETIC
2025-02-11,VIZAG,5,27.8,HIGH,SYNTHETIC
2025-02-12,VIZAG,5,30.1,SEVERE,SYNTHETIC
2025-02-13,VIZAG,3,28.6,HIGH,SYNTHETIC
2025-02-14,VIZAG,3,28.3,HIGH,SYNTHETIC
2025-02-17,VIZAG,3,25.3,HIGH,SYNTHETIC
2025-02-18,VIZAG,4,27.6,HIGH,SYNTHETIC
2025-02-19,VIZAG,3,29.8,HIGH,SYNTHETIC
2025-02-20,VIZAG,4,31.6,SEVERE,SYNTHETIC
2025-02-21,VIZAG,4,29.8,HIGH,SYNTHETIC
2025-02-24,VIZAG,4,30.3,SEVERE,SYNTHETIC
2025-02-25,VIZAG,4,32.1,SEVERE,SYNTHETIC
2025-02-26,VIZAG,6,35.3,SEVERE,SYNTHETIC
2025-02-27,VIZAG,7,37.6,SEVERE,SYNTHETIC
2025-02-28,VIZAG,6,35.8,SEVERE,SYNTHETIC
2025-03-03,VIZAG,5,34.4,SEVERE,SYNTHETIC
2025-03-04,VIZAG,7,36.8,SEVERE,SYNTHETIC
2025-03-05,VIZAG,5,36.9,SEVERE,SYNTHETIC
2025-03-06,VIZAG,7,38.6,SEVERE,SYNTHETIC
2025-03-07,VIZAG,6,41.1,SEVERE,SYNTHETIC
2025-03-10,VIZAG,6,39.2,SEVERE,SYNTHETIC
2025-03-11,VIZAG,5,41.2,SEVERE,SYNTHETIC
2025-03-12,VIZAG,8,45.8,SEVERE,SYNTHETIC
2025-03-13,VIZAG,6,43.6,SEVERE,SYNTHETIC
2025-03-14,VIZAG,7,45.9,SEVERE,SYNTHETIC
2025-03-17,VIZAG,6,46.1,SEVERE,SYNTHETIC
2025-03-18,VIZAG,8,45.7,SEVERE,SYNTHETIC
2025-03-19,VIZAG,8,46.4,SEVERE,SYNTHETIC
2025-03-20,VIZAG,8,44.8,SEVERE,SYNTHETIC
2025-03-21,VIZAG,8,47.0,SEVERE,SYNTHETIC
2025-03-24,VIZAG,8,46.6,SEVERE,SYNTHETIC
2025-03-25,VIZAG,8,48.3,SEVERE,SYNTHETIC
2025-03-26,VIZAG,7,44.1,SEVERE,SYNTHETIC
2025-03-27,VIZAG,6,44.2,SEVERE,SYNTHETIC
2025-03-28,VIZAG,6,43.8,SEVERE,SYNTHETIC
2025-03-31,VIZAG,6,44.2,SEVERE,SYNTHETIC
2025-04-01,VIZAG,7,44.2,SEVERE,SYNTHETIC
2025-04-02,VIZAG,8,44.7,SEVERE,SYNTHETIC
2025-04-03,VIZAG,7,43.5,SEVERE,SYNTHETIC
2025-04-04,VIZAG,7,43.7,SEVERE,SYNTHETIC
2025-04-07,VIZAG,8,45.0,SEVERE,SYNTHETIC
2025-04-08,VIZAG,7,45.4,SEVERE,SYNTHETIC
2025-04-09,VIZAG,8,46.5,SEVERE,SYNTHETIC
2025-04-10,VIZAG,7,46.3,SEVERE,SYNTHETIC
2025-04-11,VIZAG,7,46.5,SEVERE,SYNTHETIC
2025-04-14,VIZAG,9,48.3,SEVERE,SYNTHETIC
2025-04-15,VIZAG,6,46.2,SEVERE,SYNTHETIC
2025-04-16,VIZAG,6,45.7,SEVERE,SYNTHETIC
2025-04-17,VIZAG,9,48.5,SEVERE,SYNTHETIC
2025-04-18,VIZAG,9,52.7,SEVERE,SYNTHETIC
2025-04-21,VIZAG,7,51.1,SEVERE,SYNTHETIC
2025-04-22,VIZAG,8,50.5,SEVERE,SYNTHETIC
2025-04-23,VIZAG,7,50.5,SEVERE,SYNTHETIC
2025-04-24,VIZAG,8,52.6,SEVERE,SYNTHETIC
2025-04-25,VIZAG,9,51.7,SEVERE,SYNTHETIC
2025-04-28,VIZAG,9,50.9,SEVERE,SYNTHETIC
2025-04-29,VIZAG,8,52.2,SEVERE,SYNTHETIC
2025-04-30,VIZAG,7,51.5,SEVERE,SYNTHETIC
2025-05-01,VIZAG,7,50.5,SEVERE,SYNTHETIC
2025-05-02,VIZAG,9,50.5,SEVERE,SYNTHETIC
2025-05-05,VIZAG,8,50.8,SEVERE,SYNTHETIC
2025-05-06,VIZAG,7,51.4,SEVERE,SYNTHETIC
2025-05-07,VIZAG,7,51.7,SEVERE,SYNTHETIC
2025-05-08,VIZAG,8,51.8,SEVERE,SYNTHETIC
2025-05-09,VIZAG,10,55.3,SEVERE,SYNTHETIC
2025-05-12,VIZAG,9,56.3,SEVERE,SYNTHETIC
2025-05-13,VIZAG,10,56.7,SEVERE,SYNTHETIC
2025-05-14,VIZAG,10,56.4,SEVERE,SYNTHETIC
2025-05-15,VIZAG,10,55.1,SEVERE,SYNTHETIC
2025-05-16,VIZAG,10,55.4,SEVERE,SYNTHETIC
2025-05-19,VIZAG,9,55.7,SEVERE,SYNTHETIC
2025-05-20,VIZAG,9,55.8,SEVERE,SYNTHETIC
2025-05-21,VIZAG,7,52.6,SEVERE,SYNTHETIC
2025-05-22,VIZAG,8,53.1,SEVERE,SYNTHETIC
2025-05-23,VIZAG,7,53.7,SEVERE,SYNTHETIC
2025-05-26,VIZAG,9,54.4,SEVERE,SYNTHETIC
2025-05-27,VIZAG,8,53.7,SEVERE,SYNTHETIC
2025-05-28,VIZAG,7,53.2,SEVERE,SYNTHETIC
2025-05-29,VIZAG,7,53.1,SEVERE,SYNTHETIC
2025-05-30,VIZAG,7,53.2,SEVERE,SYNTHETIC
2025-06-02,VIZAG,11,76.4,SEVERE,SYNTHETIC
2025-06-03,VIZAG,17,96.8,SEVERE,SYNTHETIC
2025-06-04,VIZAG,13,87.1,SEVERE,SYNTHETIC
2025-06-05,VIZAG,15,86.8,SEVERE,SYNTHETIC
2025-06-06,VIZAG,15,92.9,SEVERE,SYNTHETIC
2025-06-09,VIZAG,12,71.2,SEVERE,SYNTHETIC
2025-06-10,VIZAG,15,91.3,SEVERE,SYNTHETIC
2025-06-11,VIZAG,12,69.8,SEVERE,SYNTHETIC
2025-06-12,VIZAG,13,79.3,SEVERE,SYNTHETIC
2025-06-13,VIZAG,12,73.1,SEVERE,SYNTHETIC
2025-06-16,VIZAG,14,91.9,SEVERE,SYNTHETIC
2025-06-17,VIZAG,14,80.3,SEVERE,SYNTHETIC
2025-06-18,VIZAG,15,86.0,SEVERE,SYNTHETIC
2025-06-19,VIZAG,9,64.5,SEVERE,SYNTHETIC
2025-06-20,VIZAG,13,78.6,SEVERE,SYNTHETIC
2025-06-23,VIZAG,14,80.9,SEVERE,SYNTHETIC
2025-06-24,VIZAG,8,54.1,SEVERE,SYNTHETIC
2025-06-25,VIZAG,12,75.2,SEVERE,SYNTHETIC
2025-06-26,VIZAG,15,88.5,SEVERE,SYNTHETIC
2025-06-27,VIZAG,9,62.9,SEVERE,SYNTHETIC
2025-06-30,VIZAG,10,63.3,SEVERE,SYNTHETIC
2025-07-01,VIZAG,8,56.1,SEVERE,SYNTHETIC
2025-07-02,VIZAG,9,65.2,SEVERE,SYNTHETIC
2025-07-03,VIZAG,11,70.9,SEVERE,SYNTHETIC
2025-07-04,VIZAG,12,82.7,SEVERE,SYNTHETIC
2025-07-07,VIZAG,10,57.0,SEVERE,SYNTHETIC
2025-07-08,VIZAG,11,70.1,SEVERE,SYNTHETIC
2025-07-09,VIZAG,12,73.1,SEVERE,SYNTHETIC
2025-07-10,VIZAG,14,92.0,SEVERE,SYNTHETIC
2025-07-11,VIZAG,13,73.3,SEVERE,SYNTHETIC
2025-07-14,VIZAG,10,71.1,SEVERE,SYNTHETIC
2025-07-15,VIZAG,10,65.9,SEVERE,SYNTHETIC
2025-07-16,VIZAG,11,62.2,SEVERE,SYNTHETIC
2025-07-17,VIZAG,8,58.0,SEVERE,SYNTHETIC
2025-07-18,VIZAG,15,85.4,SEVERE,SYNTHETIC
2025-07-21,VIZAG,11,77.5,SEVERE,SYNTHETIC
2025-07-22,VIZAG,11,77.2,SEVERE,SYNTHETIC
2025-07-23,VIZAG,13,77.0,SEVERE,SYNTHETIC
2025-07-24,VIZAG,13,86.9,SEVERE,SYNTHETIC
2025-07-25,VIZAG,16,92.4,SEVERE,SYNTHETIC
2025-07-28,VIZAG,14,78.1,SEVERE,SYNTHETIC
2025-07-29,VIZAG,9,55.6,SEVERE,SYNTHETIC
2025-07-30,VIZAG,13,74.5,SEVERE,SYNTHETIC
2025-07-31,VIZAG,9,65.3,SEVERE,SYNTHETIC
2025-08-01,VIZAG,12,66.7,SEVERE,SYNTHETIC
2025-08-04,VIZAG,12,71.2,SEVERE,SYNTHETIC
2025-08-05,VIZAG,15,85.3,SEVERE,SYNTHETIC
2025-08-06,VIZAG,10,59.8,SEVERE,SYNTHETIC
2025-08-07,VIZAG,12,76.6,SEVERE,SYNTHETIC
2025-08-08,VIZAG,16,90.5,SEVERE,SYNTHETIC
2025-08-11,VIZAG,15,84.9,SEVERE,SYNTHETIC
2025-08-12,VIZAG,15,84.5,SEVERE,SYNTHETIC
2025-08-13,VIZAG,13,80.7,SEVERE,SYNTHETIC
2025-08-14,VIZAG,12,80.6,SEVERE,SYNTHETIC
2025-08-15,VIZAG,12,69.7,SEVERE,SYNTHETIC
2025-08-18,VIZAG,8,55.0,SEVERE,SYNTHETIC
2025-08-19,VIZAG,13,72.9,SEVERE,SYNTHETIC
2025-08-20,VIZAG,10,64.9,SEVERE,SYNTHETIC
2025-08-21,VIZAG,14,85.6,SEVERE,SYNTHETIC
2025-08-22,VIZAG,15,84.1,SEVERE,SYNTHETIC
2025-08-25,VIZAG,13,83.8,SEVERE,SYNTHETIC
2025-08-26,VIZAG,13,73.7,SEVERE,SYNTHETIC
2025-08-27,VIZAG,13,87.3,SEVERE,SYNTHETIC
2025-08-28,VIZAG,8,54.5,SEVERE,SYNTHETIC
2025-08-29,VIZAG,7,53.5,SEVERE,SYNTHETIC
2025-09-01,VIZAG,11,66.9,SEVERE,SYNTHETIC
2025-09-02,VIZAG,13,72.2,SEVERE,SYNTHETIC
2025-09-03,VIZAG,7,52.9,SEVERE,SYNTHETIC
2025-09-04,VIZAG,9,51.6,SEVERE,SYNTHETIC
2025-09-05,VIZAG,10,68.1,SEVERE,SYNTHETIC
2025-09-08,VIZAG,10,64.2,SEVERE,SYNTHETIC
2025-09-09,VIZAG,8,53.9,SEVERE,SYNTHETIC
2025-09-10,VIZAG,11,65.4,SEVERE,SYNTHETIC
2025-09-11,VIZAG,8,57.5,SEVERE,SYNTHETIC
2025-09-12,VIZAG,11,71.8,SEVERE,SYNTHETIC
2025-09-15,VIZAG,7,52.3,SEVERE,SYNTHETIC
2025-09-16,VIZAG,11,67.2,SEVERE,SYNTHETIC
2025-09-17,VIZAG,11,62.0,SEVERE,SYNTHETIC
2025-09-18,VIZAG,15,91.8,SEVERE,SYNTHETIC
2025-09-19,VIZAG,12,80.0,SEVERE,SYNTHETIC
2025-09-22,VIZAG,13,84.5,SEVERE,SYNTHETIC
2025-09-23,VIZAG,13,88.5,SEVERE,SYNTHETIC
2025-09-24,VIZAG,14,91.9,SEVERE,SYNTHETIC
2025-09-25,VIZAG,14,81.2,SEVERE,SYNTHETIC
2025-09-26,VIZAG,9,63.4,SEVERE,SYNTHETIC
2025-09-29,VIZAG,12,66.3,SEVERE,SYNTHETIC
2025-09-30,VIZAG,15,85.4,SEVERE,SYNTHETIC
2025-10-01,VIZAG,8,51.3,SEVERE,SYNTHETIC
2025-10-02,VIZAG,7,51.4,SEVERE,SYNTHETIC
2025-10-03,VIZAG,8,53.0,SEVERE,SYNTHETIC
2025-10-06,VIZAG,9,53.8,SEVERE,SYNTHETIC
2025-10-07,VIZAG,9,53.2,SEVERE,SYNTHETIC
2025-10-08,VIZAG,8,52.0,SEVERE,SYNTHETIC
2025-10-09,VIZAG,7,52.8,SEVERE,SYNTHETIC
2025-10-10,VIZAG,7,49.4,SEVERE,SYNTHETIC
2025-10-13,VIZAG,8,49.9,SEVERE,SYNTHETIC
2025-10-14,VIZAG,8,50.5,SEVERE,SYNTHETIC
2025-10-15,VIZAG,6,46.8,SEVERE,SYNTHETIC
2025-10-16,VIZAG,6,45.4,SEVERE,SYNTHETIC
2025-10-17,VIZAG,8,44.2,SEVERE,SYNTHETIC
2025-10-20,VIZAG,7,46.7,SEVERE,SYNTHETIC
2025-10-21,VIZAG,8,48.7,SEVERE,SYNTHETIC
2025-10-22,VIZAG,7,47.4,SEVERE,SYNTHETIC
2025-10-23,VIZAG,9,49.8,SEVERE,SYNTHETIC
2025-10-24,VIZAG,9,50.6,SEVERE,SYNTHETIC
2025-10-27,VIZAG,7,53.7,SEVERE,SYNTHETIC
2025-10-28,VIZAG,7,51.4,SEVERE,SYNTHETIC
2025-10-29,VIZAG,9,52.2,SEVERE,SYNTHETIC
2025-10-30,VIZAG,8,49.5,SEVERE,SYNTHETIC
2025-10-31,VIZAG,9,49.1,SEVERE,SYNTHETIC
2025-11-03,VIZAG,6,44.5,SEVERE,SYNTHETIC
2025-11-04,VIZAG,6,44.5,SEVERE,SYNTHETIC
2025-11-05,VIZAG,8,45.3,SEVERE,SYNTHETIC
2025-11-06,VIZAG,8,43.6,SEVERE,SYNTHETIC
2025-11-07,VIZAG,7,40.2,SEVERE,SYNTHETIC
2025-11-10,VIZAG,5,40.0,SEVERE,SYNTHETIC
2025-11-11,VIZAG,6,42.8,SEVERE,SYNTHETIC
2025-11-12,VIZAG,8,43.6,SEVERE,SYNTHETIC
2025-11-13,VIZAG,7,42.2,SEVERE,SYNTHETIC
2025-11-14,VIZAG,7,42.6,SEVERE,SYNTHETIC
2025-11-17,VIZAG,5,41.0,SEVERE,SYNTHETIC
2025-11-18,VIZAG,6,41.4,SEVERE,SYNTHETIC
2025-11-19,VIZAG,8,42.8,SEVERE,SYNTHETIC
2025-11-20,VIZAG,6,38.8,SEVERE,SYNTHETIC
2025-11-21,VIZAG,5,40.7,SEVERE,SYNTHETIC
2025-11-24,VIZAG,6,42.2,SEVERE,SYNTHETIC
2025-11-25,VIZAG,6,43.6,SEVERE,SYNTHETIC
2025-11-26,VIZAG,5,41.0,SEVERE,SYNTHETIC
2025-11-27,VIZAG,7,40.7,SEVERE,SYNTHETIC
2025-11-28,VIZAG,7,41.1,SEVERE,SYNTHETIC
2025-12-01,VIZAG,8,47.1,SEVERE,SYNTHETIC
2025-12-02,VIZAG,8,46.0,SEVERE,SYNTHETIC
2025-12-03,VIZAG,5,41.1,SEVERE,SYNTHETIC
2025-12-04,VIZAG,7,41.1,SEVERE,SYNTHETIC
2025-12-05,VIZAG,6,39.5,SEVERE,SYNTHETIC
2025-12-08,VIZAG,6,37.6,SEVERE,SYNTHETIC
2025-12-09,VIZAG,7,39.4,SEVERE,SYNTHETIC
2025-12-10,VIZAG,5,36.4,SEVERE,SYNTHETIC
2025-12-11,VIZAG,5,36.8,SEVERE,SYNTHETIC
2025-12-12,VIZAG,6,36.5,SEVERE,SYNTHETIC
2025-12-15,VIZAG,6,34.0,SEVERE,SYNTHETIC
2025-12-16,VIZAG,5,36.1,SEVERE,SYNTHETIC
2025-12-17,VIZAG,5,31.4,SEVERE,SYNTHETIC
2025-12-18,VIZAG,4,29.2,HIGH,SYNTHETIC
2025-12-19,VIZAG,5,29.3,HIGH,SYNTHETIC
2025-12-22,VIZAG,4,29.6,HIGH,SYNTHETIC
2025-12-23,VIZAG,4,31.0,SEVERE,SYNTHETIC
2025-12-24,VIZAG,4,33.5,SEVERE,SYNTHETIC
2025-12-25,VIZAG,4,29.7,HIGH,SYNTHETIC
2025-12-26,VIZAG,5,26.9,HIGH,SYNTHETIC
2025-12-29,VIZAG,5,30.0,HIGH,SYNTHETIC
2025-12-30,VIZAG,6,30.7,SEVERE,SYNTHETIC
2025-12-31,VIZAG,4,29.1,HIGH,SYNTHETIC
2026-01-01,VIZAG,5,30.6,SEVERE,SYNTHETIC
2026-01-02,VIZAG,4,30.1,SEVERE,SYNTHETIC
2026-01-05,VIZAG,5,30.1,SEVERE,SYNTHETIC
2026-01-06,VIZAG,6,31.2,SEVERE,SYNTHETIC
2026-01-07,VIZAG,6,30.9,SEVERE,SYNTHETIC
2026-01-08,VIZAG,6,33.2,SEVERE,SYNTHETIC
2026-01-09,VIZAG,5,31.5,SEVERE,SYNTHETIC
2026-01-12,VIZAG,4,30.5,SEVERE,SYNTHETIC
2026-01-13,VIZAG,5,31.2,SEVERE,SYNTHETIC
2026-01-14,VIZAG,5,33.9,SEVERE,SYNTHETIC
2026-01-15,VIZAG,4,31.0,SEVERE,SYNTHETIC
2026-01-16,VIZAG,4,28.9,HIGH,SYNTHETIC
2026-01-19,VIZAG,3,29.9,HIGH,SYNTHETIC
2026-01-20,VIZAG,5,27.9,HIGH,SYNTHETIC
2026-01-21,VIZAG,6,31.5,SEVERE,SYNTHETIC
2026-01-22,VIZAG,5,33.9,SEVERE,SYNTHETIC
2026-01-23,VIZAG,6,32.4,SEVERE,SYNTHETIC
2026-01-26,VIZAG,4,28.7,HIGH,SYNTHETIC
2026-01-27,VIZAG,5,33.2,SEVERE,SYNTHETIC
2026-01-28,VIZAG,4,31.1,SEVERE,SYNTHETIC
2026-01-29,VIZAG,5,30.7,SEVERE,SYNTHETIC
2026-01-30,VIZAG,6,32.1,SEVERE,SYNTHETIC
2026-02-02,VIZAG,4,33.3,SEVERE,SYNTHETIC
2026-02-03,VIZAG,5,36.0,SEVERE,SYNTHETIC
2026-02-04,VIZAG,7,36.7,SEVERE,SYNTHETIC
2026-02-05,VIZAG,6,36.6,SEVERE,SYNTHETIC
2026-02-06,VIZAG,7,37.9,SEVERE,SYNTHETIC
2026-02-09,VIZAG,5,37.6,SEVERE,SYNTHETIC
2026-02-10,VIZAG,6,38.5,SEVERE,SYNTHETIC
2026-02-11,VIZAG,7,39.5,SEVERE,SYNTHETIC
2026-02-12,VIZAG,7,39.9,SEVERE,SYNTHETIC
2026-02-13,VIZAG,7,39.9,SEVERE,SYNTHETIC
2026-02-16,VIZAG,5,41.6,SEVERE,SYNTHETIC
2026-02-17,VIZAG,6,43.3,SEVERE,SYNTHETIC
2026-02-18,VIZAG,7,46.3,SEVERE,SYNTHETIC
2026-02-19,VIZAG,7,44.0,SEVERE,SYNTHETIC
2026-02-20,VIZAG,7,41.5,SEVERE,SYNTHETIC
2026-02-23,VIZAG,7,40.1,SEVERE,SYNTHETIC
2026-02-24,VIZAG,5,40.9,SEVERE,SYNTHETIC
2026-02-25,VIZAG,8,45.4,SEVERE,SYNTHETIC
2026-02-26,VIZAG,8,46.0,SEVERE,SYNTHETIC
2026-02-27,VIZAG,7,47.7,SEVERE,SYNTHETIC
2026-03-02,VIZAG,6,46.4,SEVERE,SYNTHETIC
2026-03-03,VIZAG,8,47.5,SEVERE,SYNTHETIC
2026-03-04,VIZAG,8,45.6,SEVERE,SYNTHETIC
2026-03-05,VIZAG,8,45.0,SEVERE,SYNTHETIC
2026-03-06,VIZAG,8,46.0,SEVERE,SYNTHETIC
2026-03-09,VIZAG,7,48.7,SEVERE,SYNTHETIC
2026-03-10,VIZAG,9,49.3,SEVERE,SYNTHETIC
2026-03-11,VIZAG,7,52.2,SEVERE,SYNTHETIC
2026-03-12,VIZAG,8,50.6,SEVERE,SYNTHETIC
2026-03-13,VIZAG,7,50.2,SEVERE,SYNTHETIC
2026-03-16,VIZAG,9,52.1,SEVERE,SYNTHETIC
2026-03-17,VIZAG,9,50.4,SEVERE,SYNTHETIC
2026-03-18,VIZAG,8,54.7,SEVERE,SYNTHETIC
2026-03-19,VIZAG,7,54.0,SEVERE,SYNTHETIC
2026-03-20,VIZAG,7,53.9,SEVERE,SYNTHETIC
2026-03-23,VIZAG,9,54.4,SEVERE,SYNTHETIC
2026-03-24,VIZAG,9,50.0,SEVERE,SYNTHETIC
2026-03-25,VIZAG,8,52.1,SEVERE,SYNTHETIC
2026-03-26,VIZAG,8,50.5,SEVERE,SYNTHETIC
2026-03-27,VIZAG,7,48.8,SEVERE,SYNTHETIC
2026-03-30,VIZAG,9,49.5,SEVERE,SYNTHETIC
2026-03-31,VIZAG,6,47.5,SEVERE,SYNTHETIC
2026-04-01,VIZAG,7,48.4,SEVERE,SYNTHETIC
2026-04-02,VIZAG,7,49.1,SEVERE,SYNTHETIC
2026-04-03,VIZAG,9,51.4,SEVERE,SYNTHETIC
2026-04-06,VIZAG,8,49.1,SEVERE,SYNTHETIC
2026-04-07,VIZAG,8,49.0,SEVERE,SYNTHETIC
2026-04-08,VIZAG,7,52.3,SEVERE,SYNTHETIC
2026-04-09,VIZAG,9,51.6,SEVERE,SYNTHETIC
2026-04-10,VIZAG,9,50.2,SEVERE,SYNTHETIC
2026-04-13,VIZAG,8,48.6,SEVERE,SYNTHETIC
2026-04-14,VIZAG,7,46.2,SEVERE,SYNTHETIC
2026-04-15,VIZAG,8,42.7,SEVERE,SYNTHETIC
2026-04-16,VIZAG,6,41.0,SEVERE,SYNTHETIC
2026-04-17,VIZAG,5,41.5,SEVERE,SYNTHETIC
2026-04-20,VIZAG,7,44.1,SEVERE,SYNTHETIC
2026-04-21,VIZAG,7,44.7,SEVERE,SYNTHETIC
2026-04-22,VIZAG,8,44.9,SEVERE,SYNTHETIC
2026-04-23,VIZAG,6,43.6,SEVERE,SYNTHETIC
2026-04-24,VIZAG,8,43.1,SEVERE,SYNTHETIC
2026-04-27,VIZAG,7,42.9,SEVERE,SYNTHETIC
2026-04-28,VIZAG,5,41.5,SEVERE,SYNTHETIC
2026-04-29,VIZAG,6,40.2,SEVERE,SYNTHETIC
2026-04-30,VIZAG,6,40.7,SEVERE,SYNTHETIC
2026-05-01,VIZAG,7,43.7,SEVERE,SYNTHETIC
2026-05-04,VIZAG,6,42.5,SEVERE,SYNTHETIC
2026-05-05,VIZAG,8,42.0,SEVERE,SYNTHETIC
2026-05-06,VIZAG,7,41.7,SEVERE,SYNTHETIC
2026-05-07,VIZAG,8,43.4,SEVERE,SYNTHETIC
2026-05-08,VIZAG,7,47.1,SEVERE,SYNTHETIC
2026-05-11,VIZAG,8,46.9,SEVERE,SYNTHETIC
2026-05-12,VIZAG,7,44.1,SEVERE,SYNTHETIC
2026-05-13,VIZAG,6,44.7,SEVERE,SYNTHETIC
2026-05-14,VIZAG,7,43.2,SEVERE,SYNTHETIC
2026-05-15,VIZAG,6,45.2,SEVERE,SYNTHETIC
2026-05-18,VIZAG,8,46.2,SEVERE,SYNTHETIC
2026-05-19,VIZAG,7,47.9,SEVERE,SYNTHETIC
2026-05-20,VIZAG,6,46.7,SEVERE,SYNTHETIC
2026-05-21,VIZAG,8,47.5,SEVERE,SYNTHETIC
2026-05-22,VIZAG,7,48.6,SEVERE,SYNTHETIC
2026-05-25,VIZAG,6,47.0,SEVERE,SYNTHETIC
2026-05-26,VIZAG,7,47.4,SEVERE,SYNTHETIC
2026-05-27,VIZAG,8,49.4,SEVERE,SYNTHETIC
2026-05-28,VIZAG,7,51.6,SEVERE,SYNTHETIC
2026-05-29,VIZAG,7,51.5,SEVERE,SYNTHETIC
2026-06-01,VIZAG,13,82.8,SEVERE,SYNTHETIC
2026-06-02,VIZAG,10,61.5,SEVERE,SYNTHETIC
2026-06-03,VIZAG,12,77.9,SEVERE,SYNTHETIC
2026-06-04,VIZAG,11,65.3,SEVERE,SYNTHETIC
2026-06-05,VIZAG,13,73.1,SEVERE,SYNTHETIC
2026-06-08,VIZAG,10,66.1,SEVERE,SYNTHETIC
2026-06-09,VIZAG,10,59.8,SEVERE,SYNTHETIC
2026-06-10,VIZAG,9,59.8,SEVERE,SYNTHETIC
2026-06-11,VIZAG,9,59.0,SEVERE,SYNTHETIC
2026-06-12,VIZAG,9,63.9,SEVERE,SYNTHETIC
2026-06-15,VIZAG,7,52.0,SEVERE,SYNTHETIC
2026-06-16,VIZAG,13,83.1,SEVERE,SYNTHETIC
2026-06-17,VIZAG,9,63.6,SEVERE,SYNTHETIC
2026-06-18,VIZAG,14,89.2,SEVERE,SYNTHETIC
2026-06-19,VIZAG,12,79.8,SEVERE,SYNTHETIC
2026-06-22,VIZAG,15,84.1,SEVERE,SYNTHETIC
2026-06-23,VIZAG,12,71.7,SEVERE,SYNTHETIC
2026-06-24,VIZAG,11,72.5,SEVERE,SYNTHETIC
2026-06-25,VIZAG,14,85.1,SEVERE,SYNTHETIC
2026-06-26,VIZAG,14,86.2,SEVERE,SYNTHETIC
2026-06-29,VIZAG,12,69.7,SEVERE,SYNTHETIC
2026-06-30,VIZAG,11,73.3,SEVERE,SYNTHETIC
2026-07-01,VIZAG,12,83.3,SEVERE,SYNTHETIC
2026-07-02,VIZAG,13,77.8,SEVERE,SYNTHETIC
2026-07-03,VIZAG,13,83.5,SEVERE,SYNTHETIC
2026-07-06,VIZAG,14,94.6,SEVERE,SYNTHETIC
2026-07-07,VIZAG,14,87.9,SEVERE,SYNTHETIC
2026-07-08,VIZAG,15,94.1,SEVERE,SYNTHETIC
2026-07-09,VIZAG,11,77.2,SEVERE,SYNTHETIC
2026-07-10,VIZAG,16,101.2,SEVERE,SYNTHETIC
2026-07-13,VIZAG,13,87.9,SEVERE,SYNTHETIC
2026-07-14,VIZAG,12,81.2,SEVERE,SYNTHETIC
2026-07-15,VIZAG,14,85.2,SEVERE,SYNTHETIC
2026-07-16,VIZAG,13,89.9,SEVERE,SYNTHETIC
2026-07-17,VIZAG,14,91.8,SEVERE,SYNTHETIC
2026-07-20,VIZAG,14,89.3,SEVERE,SYNTHETIC
2026-07-21,VIZAG,13,86.9,SEVERE,SYNTHETIC
2026-07-22,VIZAG,11,70.7,SEVERE,SYNTHETIC
2026-07-23,VIZAG,14,92.2,SEVERE,SYNTHETIC
2026-07-24,VIZAG,15,88.2,SEVERE,SYNTHETIC
2026-07-27,VIZAG,10,58.9,SEVERE,SYNTHETIC
2026-07-28,VIZAG,12,67.1,SEVERE,SYNTHETIC
2026-07-29,VIZAG,11,60.3,SEVERE,SYNTHETIC
2026-07-30,VIZAG,13,76.7,SEVERE,SYNTHETIC
2026-07-31,VIZAG,14,85.9,SEVERE,SYNTHETIC
2026-08-03,VIZAG,11,77.1,SEVERE,SYNTHETIC
2026-08-04,VIZAG,16,91.2,SEVERE,SYNTHETIC
2026-08-05,VIZAG,11,74.4,SEVERE,SYNTHETIC
2026-08-06,VIZAG,14,79.2,SEVERE,SYNTHETIC
2026-08-07,VIZAG,14,88.1,SEVERE,SYNTHETIC
2026-08-08,VIZAG,12,74.7,SEVERE,SYNTHETIC
2026-08-10,VIZAG,10,63.7,SEVERE,SYNTHETIC
2026-08-11,VIZAG,15,85.1,SEVERE,SYNTHETIC
2026-08-12,VIZAG,10,62.4,SEVERE,SYNTHETIC
2026-08-13,VIZAG,15,94.6,SEVERE,SYNTHETIC
2026-08-14,VIZAG,12,76.1,SEVERE,SYNTHETIC
2026-08-17,VIZAG,15,93.2,SEVERE,SYNTHETIC
2026-08-18,VIZAG,15,99.9,SEVERE,SYNTHETIC
2026-08-19,VIZAG,11,75.8,SEVERE,SYNTHETIC
2026-08-20,VIZAG,10,68.0,SEVERE,SYNTHETIC
2026-08-21,VIZAG,15,95.3,SEVERE,SYNTHETIC
2026-08-24,VIZAG,13,87.4,SEVERE,SYNTHETIC
2026-08-25,VIZAG,14,78.5,SEVERE,SYNTHETIC
2026-08-26,VIZAG,10,69.0,SEVERE,SYNTHETIC
2026-08-27,VIZAG,13,82.5,SEVERE,SYNTHETIC
2026-08-28,VIZAG,11,65.9,SEVERE,SYNTHETIC
2026-08-31,VIZAG,11,71.6,SEVERE,SYNTHETIC
2026-09-01,VIZAG,11,69.3,SEVERE,SYNTHETIC
2026-09-02,VIZAG,12,76.8,SEVERE,SYNTHETIC
2026-09-03,VIZAG,14,91.0,SEVERE,SYNTHETIC
2026-09-04,VIZAG,11,63.8,SEVERE,SYNTHETIC
2026-09-08,VIZAG,7,53.6,SEVERE,SYNTHETIC
2023-01-02,HALDIA,7,39.3,NORMAL,SYNTHETIC
2023-01-03,HALDIA,7,40.6,NORMAL,SYNTHETIC
2023-01-04,HALDIA,6,41.3,NORMAL,SYNTHETIC
2023-01-05,HALDIA,5,40.6,NORMAL,SYNTHETIC
2023-01-06,HALDIA,7,43.1,NORMAL,SYNTHETIC
2023-01-09,HALDIA,5,41.3,NORMAL,SYNTHETIC
2023-01-10,HALDIA,8,42.2,NORMAL,SYNTHETIC
2023-01-11,HALDIA,6,41.3,NORMAL,SYNTHETIC
2023-01-12,HALDIA,6,40.9,NORMAL,SYNTHETIC
2023-01-13,HALDIA,5,41.7,NORMAL,SYNTHETIC
2023-01-16,HALDIA,6,43.1,NORMAL,SYNTHETIC
2023-01-17,HALDIA,6,42.1,NORMAL,SYNTHETIC
2023-01-18,HALDIA,7,42.5,NORMAL,SYNTHETIC
2023-01-19,HALDIA,8,43.0,NORMAL,SYNTHETIC
2023-01-20,HALDIA,7,41.9,NORMAL,SYNTHETIC
2023-01-23,HALDIA,5,41.1,NORMAL,SYNTHETIC
2023-01-24,HALDIA,7,40.7,NORMAL,SYNTHETIC
2023-01-25,HALDIA,6,43.1,NORMAL,SYNTHETIC
2023-01-26,HALDIA,7,43.8,ELEVATED,SYNTHETIC
2023-01-27,HALDIA,7,45.0,ELEVATED,SYNTHETIC
2023-01-30,HALDIA,8,43.4,ELEVATED,SYNTHETIC
2023-01-31,HALDIA,7,42.6,NORMAL,SYNTHETIC
2023-02-01,HALDIA,5,41.0,NORMAL,SYNTHETIC
2023-02-02,HALDIA,5,38.3,NORMAL,SYNTHETIC
2023-02-03,HALDIA,6,39.3,NORMAL,SYNTHETIC
2023-02-06,HALDIA,6,39.7,NORMAL,SYNTHETIC
2023-02-07,HALDIA,5,37.4,NORMAL,SYNTHETIC
2023-02-08,HALDIA,7,36.9,NORMAL,SYNTHETIC
2023-02-09,HALDIA,5,37.3,NORMAL,SYNTHETIC
2023-02-10,HALDIA,5,36.1,NORMAL,SYNTHETIC
2023-02-13,HALDIA,5,34.6,NORMAL,SYNTHETIC
2023-02-14,HALDIA,4,32.4,NORMAL,SYNTHETIC
2023-02-15,HALDIA,4,34.2,NORMAL,SYNTHETIC
2023-02-16,HALDIA,5,34.3,NORMAL,SYNTHETIC
2023-02-17,HALDIA,4,30.0,NORMAL,SYNTHETIC
2023-02-20,HALDIA,5,27.9,NORMAL,SYNTHETIC
2023-02-21,HALDIA,3,25.9,NORMAL,SYNTHETIC
2023-02-22,HALDIA,4,27.2,NORMAL,SYNTHETIC
2023-02-23,HALDIA,3,25.6,NORMAL,SYNTHETIC
2023-02-24,HALDIA,5,25.5,NORMAL,SYNTHETIC
2023-02-27,HALDIA,3,22.6,NORMAL,SYNTHETIC
2023-02-28,HALDIA,3,24.9,NORMAL,SYNTHETIC
2023-03-01,HALDIA,4,24.9,NORMAL,SYNTHETIC
2023-03-02,HALDIA,3,22.9,NORMAL,SYNTHETIC
2023-03-03,HALDIA,4,21.8,NORMAL,SYNTHETIC
2023-03-06,HALDIA,4,21.1,NORMAL,SYNTHETIC
2023-03-07,HALDIA,1,15.5,NORMAL,SYNTHETIC
2023-03-08,HALDIA,1,13.3,NORMAL,SYNTHETIC
2023-03-09,HALDIA,3,13.9,NORMAL,SYNTHETIC
2023-03-10,HALDIA,1,10.6,NORMAL,SYNTHETIC
2023-03-13,HALDIA,1,13.5,NORMAL,SYNTHETIC
2023-03-14,HALDIA,1,15.3,NORMAL,SYNTHETIC
2023-03-15,HALDIA,1,13.9,NORMAL,SYNTHETIC
2023-03-16,HALDIA,2,16.2,NORMAL,SYNTHETIC
2023-03-17,HALDIA,1,17.6,NORMAL,SYNTHETIC
2023-03-20,HALDIA,3,16.3,NORMAL,SYNTHETIC
2023-03-21,HALDIA,2,18.9,NORMAL,SYNTHETIC
2023-03-22,HALDIA,1,17.2,NORMAL,SYNTHETIC
2023-03-23,HALDIA,2,16.7,NORMAL,SYNTHETIC
2023-03-24,HALDIA,2,17.9,NORMAL,SYNTHETIC
2023-03-27,HALDIA,0,11.5,NORMAL,SYNTHETIC
2023-03-28,HALDIA,2,9.7,NORMAL,SYNTHETIC
2023-03-29,HALDIA,0,10.8,NORMAL,SYNTHETIC
2023-03-30,HALDIA,2,9.1,NORMAL,SYNTHETIC
2023-03-31,HALDIA,0,9.5,NORMAL,SYNTHETIC
2023-04-03,HALDIA,2,12.7,NORMAL,SYNTHETIC
2023-04-04,HALDIA,2,12.9,NORMAL,SYNTHETIC
2023-04-05,HALDIA,2,13.5,NORMAL,SYNTHETIC
2023-04-06,HALDIA,1,15.4,NORMAL,SYNTHETIC
2023-04-07,HALDIA,3,17.5,NORMAL,SYNTHETIC
2023-04-10,HALDIA,4,18.3,NORMAL,SYNTHETIC
2023-04-11,HALDIA,3,18.1,NORMAL,SYNTHETIC
2023-04-12,HALDIA,2,15.4,NORMAL,SYNTHETIC
2023-04-13,HALDIA,2,17.6,NORMAL,SYNTHETIC
2023-04-14,HALDIA,3,15.5,NORMAL,SYNTHETIC
2023-04-17,HALDIA,2,16.1,NORMAL,SYNTHETIC
2023-04-18,HALDIA,2,14.6,NORMAL,SYNTHETIC
2023-04-19,HALDIA,2,14.6,NORMAL,SYNTHETIC
2023-04-20,HALDIA,3,14.0,NORMAL,SYNTHETIC
2023-04-21,HALDIA,3,13.2,NORMAL,SYNTHETIC
2023-04-24,HALDIA,1,12.1,NORMAL,SYNTHETIC
2023-04-25,HALDIA,0,10.1,NORMAL,SYNTHETIC
2023-04-26,HALDIA,2,9.1,NORMAL,SYNTHETIC
2023-04-27,HALDIA,2,7.7,NORMAL,SYNTHETIC
2023-04-28,HALDIA,1,6.8,NORMAL,SYNTHETIC
2023-05-01,HALDIA,1,5.9,NORMAL,SYNTHETIC
2023-05-02,HALDIA,0,6.4,NORMAL,SYNTHETIC
2023-05-03,HALDIA,0,2.3,NORMAL,SYNTHETIC
2023-05-04,HALDIA,1,1.2,NORMAL,SYNTHETIC
2023-05-05,HALDIA,1,1.4,NORMAL,SYNTHETIC
2023-05-08,HALDIA,0,0.0,NORMAL,SYNTHETIC
2023-05-09,HALDIA,0,0.0,NORMAL,SYNTHETIC
2023-05-10,HALDIA,0,0.0,NORMAL,SYNTHETIC
2023-05-11,HALDIA,0,0.0,NORMAL,SYNTHETIC
2023-05-12,HALDIA,1,0.0,NORMAL,SYNTHETIC
2023-05-15,HALDIA,0,0.0,NORMAL,SYNTHETIC
2023-05-16,HALDIA,0,0.0,NORMAL,SYNTHETIC
2023-05-17,HALDIA,0,1.8,NORMAL,SYNTHETIC
2023-05-18,HALDIA,0,5.4,NORMAL,SYNTHETIC
2023-05-19,HALDIA,0,5.8,NORMAL,SYNTHETIC
2023-05-22,HALDIA,0,6.6,NORMAL,SYNTHETIC
2023-05-23,HALDIA,0,7.5,NORMAL,SYNTHETIC
2023-05-24,HALDIA,0,7.5,NORMAL,SYNTHETIC
2023-05-25,HALDIA,2,8.4,NORMAL,SYNTHETIC
2023-05-26,HALDIA,1,9.6,NORMAL,SYNTHETIC
2023-05-29,HALDIA,2,7.2,NORMAL,SYNTHETIC
2023-05-30,HALDIA,0,5.1,NORMAL,SYNTHETIC
2023-05-31,HALDIA,0,3.3,NORMAL,SYNTHETIC
2023-06-01,HALDIA,7,36.4,NORMAL,SYNTHETIC
2023-06-02,HALDIA,4,21.9,NORMAL,SYNTHETIC
2023-06-05,HALDIA,9,52.3,ELEVATED,SYNTHETIC
2023-06-06,HALDIA,7,49.3,ELEVATED,SYNTHETIC
2023-06-07,HALDIA,9,54.5,HIGH,SYNTHETIC
2023-06-08,HALDIA,8,46.7,ELEVATED,SYNTHETIC
2023-06-09,HALDIA,3,29.3,NORMAL,SYNTHETIC
2023-06-12,HALDIA,8,58.2,HIGH,SYNTHETIC
2023-06-13,HALDIA,6,42.6,NORMAL,SYNTHETIC
2023-06-14,HALDIA,11,61.9,HIGH,SYNTHETIC
2023-06-15,HALDIA,6,39.5,NORMAL,SYNTHETIC
2023-06-16,HALDIA,6,30.9,NORMAL,SYNTHETIC
2023-06-19,HALDIA,7,43.9,ELEVATED,SYNTHETIC
2023-06-20,HALDIA,5,39.4,NORMAL,SYNTHETIC
2023-06-21,HALDIA,4,32.2,NORMAL,SYNTHETIC
2023-06-22,HALDIA,9,52.9,ELEVATED,SYNTHETIC
2023-06-23,HALDIA,4,35.2,NORMAL,SYNTHETIC
2023-06-26,HALDIA,10,70.2,HIGH,SYNTHETIC
2023-06-27,HALDIA,6,46.6,ELEVATED,SYNTHETIC
2023-06-28,HALDIA,7,37.1,NORMAL,SYNTHETIC
2023-06-29,HALDIA,6,32.7,NORMAL,SYNTHETIC
2023-06-30,HALDIA,7,43.1,NORMAL,SYNTHETIC
2023-07-03,HALDIA,8,45.8,ELEVATED,SYNTHETIC
2023-07-04,HALDIA,6,39.6,NORMAL,SYNTHETIC
2023-07-05,HALDIA,8,55.3,HIGH,SYNTHETIC
2023-07-06,HALDIA,3,27.5,NORMAL,SYNTHETIC
2023-07-07,HALDIA,9,61.6,HIGH,SYNTHETIC
2023-07-10,HALDIA,8,47.5,ELEVATED,SYNTHETIC
2023-07-11,HALDIA,8,48.8,ELEVATED,SYNTHETIC
2023-07-12,HALDIA,6,36.9,NORMAL,SYNTHETIC
2023-07-13,HALDIA,6,40.9,NORMAL,SYNTHETIC
2023-07-14,HALDIA,9,57.9,HIGH,SYNTHETIC
2023-07-17,HALDIA,8,52.7,ELEVATED,SYNTHETIC
2023-07-18,HALDIA,8,55.9,HIGH,SYNTHETIC
2023-07-19,HALDIA,7,48.0,ELEVATED,SYNTHETIC
2023-07-20,HALDIA,8,58.1,HIGH,SYNTHETIC
2023-07-21,HALDIA,4,29.5,NORMAL,SYNTHETIC
2023-07-24,HALDIA,8,49.8,ELEVATED,SYNTHETIC
2023-07-25,HALDIA,9,63.0,HIGH,SYNTHETIC
2023-07-26,HALDIA,10,64.5,HIGH,SYNTHETIC
2023-07-27,HALDIA,11,60.4,HIGH,SYNTHETIC
2023-07-28,HALDIA,11,62.8,HIGH,SYNTHETIC
2023-07-31,HALDIA,4,31.7,NORMAL,SYNTHETIC
2023-08-01,HALDIA,9,52.3,ELEVATED,SYNTHETIC
2023-08-02,HALDIA,10,56.3,HIGH,SYNTHETIC
2023-08-03,HALDIA,5,35.2,NORMAL,SYNTHETIC
2023-08-04,HALDIA,6,44.2,ELEVATED,SYNTHETIC
2023-08-07,HALDIA,9,60.7,HIGH,SYNTHETIC
2023-08-08,HALDIA,6,33.7,NORMAL,SYNTHETIC
2023-08-09,HALDIA,8,45.2,ELEVATED,SYNTHETIC
2023-08-10,HALDIA,8,50.6,ELEVATED,SYNTHETIC
2023-08-11,HALDIA,9,58.8,HIGH,SYNTHETIC
2023-08-14,HALDIA,6,39.2,NORMAL,SYNTHETIC
2023-08-15,HALDIA,7,48.9,ELEVATED,SYNTHETIC
2023-08-16,HALDIA,7,49.8,ELEVATED,SYNTHETIC
2023-08-17,HALDIA,6,37.6,NORMAL,SYNTHETIC
2023-08-18,HALDIA,8,43.6,ELEVATED,SYNTHETIC
2023-08-21,HALDIA,7,53.0,ELEVATED,SYNTHETIC
2023-08-22,HALDIA,5,35.6,NORMAL,SYNTHETIC
2023-08-23,HALDIA,4,28.5,NORMAL,SYNTHETIC
2023-08-24,HALDIA,9,59.6,HIGH,SYNTHETIC
2023-08-25,HALDIA,9,50.9,ELEVATED,SYNTHETIC
2023-08-28,HALDIA,5,40.5,NORMAL,SYNTHETIC
2023-08-29,HALDIA,5,34.4,NORMAL,SYNTHETIC
2023-08-30,HALDIA,8,56.8,HIGH,SYNTHETIC
2023-08-31,HALDIA,9,62.8,HIGH,SYNTHETIC
2023-09-01,HALDIA,6,40.2,NORMAL,SYNTHETIC
2023-09-04,HALDIA,7,53.6,ELEVATED,SYNTHETIC
2023-09-05,HALDIA,7,45.8,ELEVATED,SYNTHETIC
2023-09-06,HALDIA,9,64.8,HIGH,SYNTHETIC
2023-09-07,HALDIA,4,31.7,NORMAL,SYNTHETIC
2023-09-08,HALDIA,8,54.3,HIGH,SYNTHETIC
2023-09-11,HALDIA,8,56.0,HIGH,SYNTHETIC
2023-09-12,HALDIA,10,65.9,HIGH,SYNTHETIC
2023-09-13,HALDIA,6,32.6,NORMAL,SYNTHETIC
2023-09-14,HALDIA,7,39.0,NORMAL,SYNTHETIC
2023-09-15,HALDIA,5,33.2,NORMAL,SYNTHETIC
2023-09-18,HALDIA,9,50.8,ELEVATED,SYNTHETIC
2023-09-19,HALDIA,6,32.6,NORMAL,SYNTHETIC
2023-09-20,HALDIA,9,64.3,HIGH,SYNTHETIC
2023-09-21,HALDIA,11,65.7,HIGH,SYNTHETIC
2023-09-22,HALDIA,5,37.4,NORMAL,SYNTHETIC
2023-09-25,HALDIA,8,47.0,ELEVATED,SYNTHETIC
2023-09-26,HALDIA,6,38.1,NORMAL,SYNTHETIC
2023-09-27,HALDIA,10,68.2,HIGH,SYNTHETIC
2023-09-28,HALDIA,5,34.8,NORMAL,SYNTHETIC
2023-09-29,HALDIA,5,33.4,NORMAL,SYNTHETIC
2023-10-02,HALDIA,2,19.7,NORMAL,SYNTHETIC
2023-10-03,HALDIA,3,18.5,NORMAL,SYNTHETIC
2023-10-04,HALDIA,4,19.2,NORMAL,SYNTHETIC
2023-10-05,HALDIA,2,18.9,NORMAL,SYNTHETIC
2023-10-06,HALDIA,2,17.0,NORMAL,SYNTHETIC
2023-10-09,HALDIA,1,14.0,NORMAL,SYNTHETIC
2023-10-10,HALDIA,1,12.3,NORMAL,SYNTHETIC
2023-10-11,HALDIA,2,11.0,NORMAL,SYNTHETIC
2023-10-12,HALDIA,0,9.3,NORMAL,SYNTHETIC
2023-10-13,HALDIA,2,10.9,NORMAL,SYNTHETIC
2023-10-16,HALDIA,0,11.3,NORMAL,SYNTHETIC
2023-10-17,HALDIA,1,10.1,NORMAL,SYNTHETIC
2023-10-18,HALDIA,1,9.5,NORMAL,SYNTHETIC
2023-10-19,HALDIA,0,12.0,NORMAL,SYNTHETIC
2023-10-20,HALDIA,0,10.6,NORMAL,SYNTHETIC
2023-10-23,HALDIA,1,13.2,NORMAL,SYNTHETIC
2023-10-24,HALDIA,3,12.5,NORMAL,SYNTHETIC
2023-10-25,HALDIA,3,12.6,NORMAL,SYNTHETIC
2023-10-26,HALDIA,1,11.0,NORMAL,SYNTHETIC
2023-10-27,HALDIA,1,10.9,NORMAL,SYNTHETIC
2023-10-30,HALDIA,0,10.0,NORMAL,SYNTHETIC
2023-10-31,HALDIA,1,11.7,NORMAL,SYNTHETIC
2023-11-01,HALDIA,3,14.4,NORMAL,SYNTHETIC
2023-11-02,HALDIA,2,16.7,NORMAL,SYNTHETIC
2023-11-03,HALDIA,1,15.3,NORMAL,SYNTHETIC
2023-11-06,HALDIA,1,15.6,NORMAL,SYNTHETIC
2023-11-07,HALDIA,1,15.3,NORMAL,SYNTHETIC
2023-11-08,HALDIA,2,16.1,NORMAL,SYNTHETIC
2023-11-09,HALDIA,1,17.1,NORMAL,SYNTHETIC
2023-11-10,HALDIA,2,13.4,NORMAL,SYNTHETIC
2023-11-13,HALDIA,2,16.2,NORMAL,SYNTHETIC
2023-11-14,HALDIA,3,15.8,NORMAL,SYNTHETIC
2023-11-15,HALDIA,3,18.2,NORMAL,SYNTHETIC
2023-11-16,HALDIA,1,14.3,NORMAL,SYNTHETIC
2023-11-17,HALDIA,3,15.3,NORMAL,SYNTHETIC
2023-11-20,HALDIA,2,14.3,NORMAL,SYNTHETIC
2023-11-21,HALDIA,2,16.4,NORMAL,SYNTHETIC
2023-11-22,HALDIA,2,18.7,NORMAL,SYNTHETIC
2023-11-23,HALDIA,3,16.9,NORMAL,SYNTHETIC
2023-11-24,HALDIA,4,19.2,NORMAL,SYNTHETIC
2023-11-27,HALDIA,4,20.0,NORMAL,SYNTHETIC
2023-11-28,HALDIA,3,20.2,NORMAL,SYNTHETIC
2023-11-29,HALDIA,4,21.3,NORMAL,SYNTHETIC
2023-11-30,HALDIA,3,21.1,NORMAL,SYNTHETIC
2023-12-01,HALDIA,3,19.4,NORMAL,SYNTHETIC
2023-12-04,HALDIA,3,15.3,NORMAL,SYNTHETIC
2023-12-05,HALDIA,2,16.1,NORMAL,SYNTHETIC
2023-12-06,HALDIA,1,15.2,NORMAL,SYNTHETIC
2023-12-07,HALDIA,3,17.1,NORMAL,SYNTHETIC
2023-12-08,HALDIA,2,21.6,NORMAL,SYNTHETIC
2023-12-11,HALDIA,3,21.6,NORMAL,SYNTHETIC
2023-12-12,HALDIA,3,24.9,NORMAL,SYNTHETIC
2023-12-13,HALDIA,4,27.6,NORMAL,SYNTHETIC
2023-12-14,HALDIA,5,27.6,NORMAL,SYNTHETIC
2023-12-15,HALDIA,5,31.8,NORMAL,SYNTHETIC
2023-12-18,HALDIA,5,32.6,NORMAL,SYNTHETIC
2023-12-19,HALDIA,7,38.5,NORMAL,SYNTHETIC
2023-12-20,HALDIA,6,39.8,NORMAL,SYNTHETIC
2023-12-21,HALDIA,7,42.9,NORMAL,SYNTHETIC
2023-12-22,HALDIA,8,43.5,ELEVATED,SYNTHETIC
2023-12-25,HALDIA,7,42.2,NORMAL,SYNTHETIC
2023-12-26,HALDIA,6,43.3,ELEVATED,SYNTHETIC
2023-12-27,HALDIA,7,44.3,ELEVATED,SYNTHETIC
2023-12-28,HALDIA,7,46.0,ELEVATED,SYNTHETIC
2023-12-29,HALDIA,6,45.4,ELEVATED,SYNTHETIC
2024-01-01,HALDIA,5,41.7,NORMAL,SYNTHETIC
2024-01-02,HALDIA,7,41.2,NORMAL,SYNTHETIC
2024-01-03,HALDIA,7,39.4,NORMAL,SYNTHETIC
2024-01-04,HALDIA,7,41.5,NORMAL,SYNTHETIC
2024-01-05,HALDIA,6,38.7,NORMAL,SYNTHETIC
2024-01-08,HALDIA,5,37.7,NORMAL,SYNTHETIC
2024-01-09,HALDIA,6,34.3,NORMAL,SYNTHETIC
2024-01-10,HALDIA,5,33.4,NORMAL,SYNTHETIC
2024-01-11,HALDIA,6,32.4,NORMAL,SYNTHETIC
2024-01-12,HALDIA,5,31.3,NORMAL,SYNTHETIC
2024-01-15,HALDIA,4,31.5,NORMAL,SYNTHETIC
2024-01-16,HALDIA,5,29.2,NORMAL,SYNTHETIC
2024-01-17,HALDIA,4,28.7,NORMAL,SYNTHETIC
2024-01-18,HALDIA,3,28.9,NORMAL,SYNTHETIC
2024-01-19,HALDIA,4,32.1,NORMAL,SYNTHETIC
2024-01-22,HALDIA,6,31.2,NORMAL,SYNTHETIC
2024-01-23,HALDIA,5,31.5,NORMAL,SYNTHETIC
2024-01-24,HALDIA,6,32.3,NORMAL,SYNTHETIC
2024-01-25,HALDIA,5,32.0,NORMAL,SYNTHETIC
2024-01-26,HALDIA,4,31.1,NORMAL,SYNTHETIC
2024-01-29,HALDIA,5,31.7,NORMAL,SYNTHETIC
2024-01-30,HALDIA,5,33.7,NORMAL,SYNTHETIC
2024-01-31,HALDIA,4,34.9,NORMAL,SYNTHETIC
2024-02-01,HALDIA,5,35.0,NORMAL,SYNTHETIC
2024-02-02,HALDIA,5,34.1,NORMAL,SYNTHETIC
2024-02-05,HALDIA,4,33.1,NORMAL,SYNTHETIC
2024-02-06,HALDIA,4,32.1,NORMAL,SYNTHETIC
2024-02-07,HALDIA,6,31.2,NORMAL,SYNTHETIC
2024-02-08,HALDIA,5,31.8,NORMAL,SYNTHETIC
2024-02-09,HALDIA,4,35.0,NORMAL,SYNTHETIC
2024-02-12,HALDIA,7,36.5,NORMAL,SYNTHETIC
2024-02-13,HALDIA,4,35.7,NORMAL,SYNTHETIC
2024-02-14,HALDIA,4,35.3,NORMAL,SYNTHETIC
2024-02-15,HALDIA,6,33.5,NORMAL,SYNTHETIC
2024-02-16,HALDIA,5,31.2,NORMAL,SYNTHETIC
2024-02-19,HALDIA,6,31.1,NORMAL,SYNTHETIC
2024-02-20,HALDIA,5,30.7,NORMAL,SYNTHETIC
2024-02-21,HALDIA,6,31.5,NORMAL,SYNTHETIC
2024-02-22,HALDIA,5,29.5,NORMAL,SYNTHETIC
2024-02-23,HALDIA,6,30.7,NORMAL,SYNTHETIC
2024-02-26,HALDIA,4,32.6,NORMAL,SYNTHETIC
2024-02-27,HALDIA,4,31.2,NORMAL,SYNTHETIC
2024-02-28,HALDIA,6,30.6,NORMAL,SYNTHETIC
2024-02-29,HALDIA,4,29.8,NORMAL,SYNTHETIC
2024-03-01,HALDIA,5,26.8,NORMAL,SYNTHETIC
2024-03-04,HALDIA,3,28.1,NORMAL,SYNTHETIC
2024-03-05,HALDIA,3,24.4,NORMAL,SYNTHETIC
2024-03-06,HALDIA,3,24.7,NORMAL,SYNTHETIC
2024-03-07,HALDIA,5,27.5,NORMAL,SYNTHETIC
2024-03-08,HALDIA,4,29.6,NORMAL,SYNTHETIC
2024-03-11,HALDIA,5,28.2,NORMAL,SYNTHETIC
2024-03-12,HALDIA,5,29.6,NORMAL,SYNTHETIC
2024-03-13,HALDIA,5,32.8,NORMAL,SYNTHETIC
2024-03-14,HALDIA,5,35.2,NORMAL,SYNTHETIC
2024-03-15,HALDIA,4,34.9,NORMAL,SYNTHETIC
2024-03-18,HALDIA,5,36.8,NORMAL,SYNTHETIC
2024-03-19,HALDIA,5,37.3,NORMAL,SYNTHETIC
2024-03-20,HALDIA,6,40.3,NORMAL,SYNTHETIC
2024-03-21,HALDIA,6,37.8,NORMAL,SYNTHETIC
2024-03-22,HALDIA,4,34.8,NORMAL,SYNTHETIC
2024-03-25,HALDIA,5,32.5,NORMAL,SYNTHETIC
2024-03-26,HALDIA,6,30.7,NORMAL,SYNTHETIC
2024-03-27,HALDIA,4,33.9,NORMAL,SYNTHETIC
2024-03-28,HALDIA,6,33.9,NORMAL,SYNTHETIC
2024-03-29,HALDIA,5,33.0,NORMAL,SYNTHETIC
2024-04-01,HALDIA,5,30.0,NORMAL,SYNTHETIC
2024-04-02,HALDIA,3,28.4,NORMAL,SYNTHETIC
2024-04-03,HALDIA,3,26.3,NORMAL,SYNTHETIC
2024-04-04,HALDIA,5,28.4,NORMAL,SYNTHETIC
2024-04-05,HALDIA,4,30.4,NORMAL,SYNTHETIC
2024-04-08,HALDIA,5,31.1,NORMAL,SYNTHETIC
2024-04-09,HALDIA,4,30.8,NORMAL,SYNTHETIC
2024-04-10,HALDIA,5,30.3,NORMAL,SYNTHETIC
2024-04-11,HALDIA,4,31.1,NORMAL,SYNTHETIC
2024-04-12,HALDIA,6,33.4,NORMAL,SYNTHETIC
2024-04-15,HALDIA,4,33.8,NORMAL,SYNTHETIC
2024-04-16,HALDIA,6,33.3,NORMAL,SYNTHETIC
2024-04-17,HALDIA,5,33.9,NORMAL,SYNTHETIC
2024-04-18,HALDIA,5,31.9,NORMAL,SYNTHETIC
2024-04-19,HALDIA,6,33.0,NORMAL,SYNTHETIC
2024-04-22,HALDIA,5,31.5,NORMAL,SYNTHETIC
2024-04-23,HALDIA,5,31.4,NORMAL,SYNTHETIC
2024-04-24,HALDIA,5,34.2,NORMAL,SYNTHETIC
2024-04-25,HALDIA,4,34.1,NORMAL,SYNTHETIC
2024-04-26,HALDIA,5,33.3,NORMAL,SYNTHETIC
2024-04-29,HALDIA,4,32.5,NORMAL,SYNTHETIC
2024-04-30,HALDIA,4,30.5,NORMAL,SYNTHETIC
2024-05-01,HALDIA,4,33.3,NORMAL,SYNTHETIC
2024-05-02,HALDIA,4,34.5,NORMAL,SYNTHETIC
2024-05-03,HALDIA,6,33.8,NORMAL,SYNTHETIC
2024-05-06,HALDIA,6,31.4,NORMAL,SYNTHETIC
2024-05-07,HALDIA,5,31.9,NORMAL,SYNTHETIC
2024-05-08,HALDIA,6,36.1,NORMAL,SYNTHETIC
2024-05-09,HALDIA,5,38.2,NORMAL,SYNTHETIC
2024-05-10,HALDIA,5,37.8,NORMAL,SYNTHETIC
2024-05-13,HALDIA,6,38.0,NORMAL,SYNTHETIC
2024-05-14,HALDIA,7,39.0,NORMAL,SYNTHETIC
2024-05-15,HALDIA,7,43.1,NORMAL,SYNTHETIC
2024-05-16,HALDIA,7,40.4,NORMAL,SYNTHETIC
2024-05-17,HALDIA,6,38.3,NORMAL,SYNTHETIC
2024-05-20,HALDIA,5,37.4,NORMAL,SYNTHETIC
2024-05-21,HALDIA,6,38.2,NORMAL,SYNTHETIC
2024-05-22,HALDIA,7,36.1,NORMAL,SYNTHETIC
2024-05-23,HALDIA,6,37.5,NORMAL,SYNTHETIC
2024-05-24,HALDIA,7,39.4,NORMAL,SYNTHETIC
2024-05-27,HALDIA,6,42.6,NORMAL,SYNTHETIC
2024-05-28,HALDIA,7,39.8,NORMAL,SYNTHETIC
2024-05-29,HALDIA,6,38.5,NORMAL,SYNTHETIC
2024-05-30,HALDIA,4,35.6,NORMAL,SYNTHETIC
2024-05-31,HALDIA,5,32.0,NORMAL,SYNTHETIC
2024-06-03,HALDIA,9,60.1,HIGH,SYNTHETIC
2024-06-04,HALDIA,13,81.5,HIGH,SYNTHETIC
2024-06-05,HALDIA,14,81.8,HIGH,SYNTHETIC
2024-06-06,HALDIA,7,52.1,ELEVATED,SYNTHETIC
2024-06-07,HALDIA,15,85.8,HIGH,SYNTHETIC
2024-06-10,HALDIA,12,69.8,HIGH,SYNTHETIC
2024-06-11,HALDIA,13,76.2,HIGH,SYNTHETIC
2024-06-12,HALDIA,10,56.6,HIGH,SYNTHETIC
2024-06-13,HALDIA,13,78.6,HIGH,SYNTHETIC
2024-06-14,HALDIA,11,77.1,HIGH,SYNTHETIC
2024-06-17,HALDIA,8,55.4,HIGH,SYNTHETIC
2024-06-18,HALDIA,9,53.4,ELEVATED,SYNTHETIC
2024-06-19,HALDIA,11,70.2,HIGH,SYNTHETIC
2024-06-20,HALDIA,8,53.4,ELEVATED,SYNTHETIC
2024-06-21,HALDIA,7,45.1,ELEVATED,SYNTHETIC
2024-06-24,HALDIA,10,54.4,HIGH,SYNTHETIC
2024-06-25,HALDIA,6,43.8,ELEVATED,SYNTHETIC
2024-06-26,HALDIA,8,57.1,HIGH,SYNTHETIC
2024-06-27,HALDIA,10,63.3,HIGH,SYNTHETIC
2024-06-28,HALDIA,9,52.8,ELEVATED,SYNTHETIC
2024-07-01,HALDIA,12,79.7,HIGH,SYNTHETIC
2024-07-02,HALDIA,13,80.7,HIGH,SYNTHETIC
2024-07-03,HALDIA,8,58.8,HIGH,SYNTHETIC
2024-07-04,HALDIA,10,63.9,HIGH,SYNTHETIC
2024-07-05,HALDIA,9,59.6,HIGH,SYNTHETIC
2024-07-08,HALDIA,11,73.0,HIGH,SYNTHETIC
2024-07-09,HALDIA,11,70.8,HIGH,SYNTHETIC
2024-07-10,HALDIA,10,62.3,HIGH,SYNTHETIC
2024-07-11,HALDIA,10,71.6,HIGH,SYNTHETIC
2024-07-12,HALDIA,14,79.6,HIGH,SYNTHETIC
2024-07-15,HALDIA,10,63.8,HIGH,SYNTHETIC
2024-07-16,HALDIA,14,81.5,HIGH,SYNTHETIC
2024-07-17,HALDIA,14,78.5,HIGH,SYNTHETIC
2024-07-18,HALDIA,12,76.0,HIGH,SYNTHETIC
2024-07-19,HALDIA,16,100.8,SEVERE,SYNTHETIC
2024-07-22,HALDIA,12,76.1,HIGH,SYNTHETIC
2024-07-23,HALDIA,11,71.7,HIGH,SYNTHETIC
2024-07-24,HALDIA,12,75.1,HIGH,SYNTHETIC
2024-07-25,HALDIA,10,69.4,HIGH,SYNTHETIC
2024-07-26,HALDIA,12,71.8,HIGH,SYNTHETIC
2024-07-29,HALDIA,11,74.1,HIGH,SYNTHETIC
2024-07-30,HALDIA,13,90.0,HIGH,SYNTHETIC
2024-07-31,HALDIA,12,83.5,HIGH,SYNTHETIC
2024-08-01,HALDIA,14,89.6,HIGH,SYNTHETIC
2024-08-02,HALDIA,14,93.1,SEVERE,SYNTHETIC
2024-08-05,HALDIA,14,87.8,HIGH,SYNTHETIC
2024-08-06,HALDIA,18,105.4,SEVERE,SYNTHETIC
2024-08-07,HALDIA,16,98.4,SEVERE,SYNTHETIC
2024-08-08,HALDIA,14,86.9,HIGH,SYNTHETIC
2024-08-09,HALDIA,17,97.1,SEVERE,SYNTHETIC
2024-08-12,HALDIA,13,80.3,HIGH,SYNTHETIC
2024-08-13,HALDIA,12,75.4,HIGH,SYNTHETIC
2024-08-14,HALDIA,14,87.2,HIGH,SYNTHETIC
2024-08-15,HALDIA,17,100.3,SEVERE,SYNTHETIC
2024-08-16,HALDIA,15,93.4,SEVERE,SYNTHETIC
2024-08-19,HALDIA,12,83.9,HIGH,SYNTHETIC
2024-08-20,HALDIA,15,85.8,HIGH,SYNTHETIC
2024-08-21,HALDIA,18,105.9,SEVERE,SYNTHETIC
2024-08-22,HALDIA,15,88.7,HIGH,SYNTHETIC
2024-08-23,HALDIA,13,78.2,HIGH,SYNTHETIC
2024-08-26,HALDIA,16,100.5,SEVERE,SYNTHETIC
2024-08-27,HALDIA,16,98.1,SEVERE,SYNTHETIC
2024-08-28,HALDIA,16,93.6,SEVERE,SYNTHETIC
2024-08-29,HALDIA,20,115.0,SEVERE,SYNTHETIC
2024-08-30,HALDIA,20,114.4,SEVERE,SYNTHETIC
2024-09-02,HALDIA,19,111.3,SEVERE,SYNTHETIC
2024-09-03,HALDIA,17,110.8,SEVERE,SYNTHETIC
2024-09-04,HALDIA,19,110.8,SEVERE,SYNTHETIC
2024-09-05,HALDIA,20,122.3,SEVERE,SYNTHETIC
2024-09-06,HALDIA,18,102.8,SEVERE,SYNTHETIC
2024-09-09,HALDIA,15,100.2,SEVERE,SYNTHETIC
2024-09-10,HALDIA,16,101.5,SEVERE,SYNTHETIC
2024-09-11,HALDIA,18,105.5,SEVERE,SYNTHETIC
2024-09-12,HALDIA,17,101.5,SEVERE,SYNTHETIC
2024-09-13,HALDIA,17,106.0,SEVERE,SYNTHETIC
2024-09-16,HALDIA,15,99.3,SEVERE,SYNTHETIC
2024-09-17,HALDIA,17,105.8,SEVERE,SYNTHETIC
2024-09-18,HALDIA,15,92.1,SEVERE,SYNTHETIC
2024-09-19,HALDIA,16,93.2,SEVERE,SYNTHETIC
2024-09-20,HALDIA,16,91.2,SEVERE,SYNTHETIC
2024-09-23,HALDIA,17,112.5,SEVERE,SYNTHETIC
2024-09-24,HALDIA,21,129.0,SEVERE,SYNTHETIC
2024-09-25,HALDIA,20,123.6,SEVERE,SYNTHETIC
2024-09-26,HALDIA,19,125.8,SEVERE,SYNTHETIC
2024-09-27,HALDIA,17,113.0,SEVERE,SYNTHETIC
2024-09-30,HALDIA,16,93.2,SEVERE,SYNTHETIC
2024-10-01,HALDIA,13,82.5,HIGH,SYNTHETIC
2024-10-02,HALDIA,15,84.8,HIGH,SYNTHETIC
2024-10-03,HALDIA,14,86.4,HIGH,SYNTHETIC
2024-10-04,HALDIA,12,83.1,HIGH,SYNTHETIC
2024-10-07,HALDIA,12,80.9,HIGH,SYNTHETIC
2024-10-08,HALDIA,12,80.7,HIGH,SYNTHETIC
2024-10-09,HALDIA,14,78.5,HIGH,SYNTHETIC
2024-10-10,HALDIA,12,80.9,HIGH,SYNTHETIC
2024-10-11,HALDIA,12,81.0,HIGH,SYNTHETIC
2024-10-14,HALDIA,14,82.5,HIGH,SYNTHETIC
2024-10-15,HALDIA,12,82.4,HIGH,SYNTHETIC
2024-10-16,HALDIA,13,83.8,HIGH,SYNTHETIC
2024-10-17,HALDIA,12,80.8,HIGH,SYNTHETIC
2024-10-18,HALDIA,13,82.8,HIGH,SYNTHETIC
2024-10-21,HALDIA,14,82.1,HIGH,SYNTHETIC
2024-10-22,HALDIA,14,84.1,HIGH,SYNTHETIC
2024-10-23,HALDIA,12,80.6,HIGH,SYNTHETIC
2024-10-24,HALDIA,12,79.6,HIGH,SYNTHETIC
2024-10-25,HALDIA,14,82.6,HIGH,SYNTHETIC
2024-10-28,HALDIA,14,84.6,HIGH,SYNTHETIC
2024-10-29,HALDIA,14,82.7,HIGH,SYNTHETIC
2024-10-30,HALDIA,13,82.8,HIGH,SYNTHETIC
2024-10-31,HALDIA,12,79.5,HIGH,SYNTHETIC
2024-11-01,HALDIA,13,77.8,HIGH,SYNTHETIC
2024-11-04,HALDIA,13,75.8,HIGH,SYNTHETIC
2024-11-05,HALDIA,13,74.5,HIGH,SYNTHETIC
2024-11-06,HALDIA,13,76.6,HIGH,SYNTHETIC
2024-11-07,HALDIA,14,78.4,HIGH,SYNTHETIC
2024-11-08,HALDIA,11,77.6,HIGH,SYNTHETIC
2024-11-11,HALDIA,12,79.3,HIGH,SYNTHETIC
2024-11-12,HALDIA,13,79.1,HIGH,SYNTHETIC
2024-11-13,HALDIA,13,77.3,HIGH,SYNTHETIC
2024-11-14,HALDIA,13,75.6,HIGH,SYNTHETIC
2024-11-15,HALDIA,11,71.0,HIGH,SYNTHETIC
2024-11-18,HALDIA,12,71.0,HIGH,SYNTHETIC
2024-11-19,HALDIA,10,69.7,HIGH,SYNTHETIC
2024-11-20,HALDIA,11,73.3,HIGH,SYNTHETIC
2024-11-21,HALDIA,12,72.8,HIGH,SYNTHETIC
2024-11-22,HALDIA,13,73.7,HIGH,SYNTHETIC
2024-11-25,HALDIA,13,72.9,HIGH,SYNTHETIC
2024-11-26,HALDIA,12,69.4,HIGH,SYNTHETIC
2024-11-27,HALDIA,11,68.9,HIGH,SYNTHETIC
2024-11-28,HALDIA,11,69.7,HIGH,SYNTHETIC
2024-11-29,HALDIA,12,71.5,HIGH,SYNTHETIC
2024-12-02,HALDIA,12,73.8,HIGH,SYNTHETIC
2024-12-03,HALDIA,10,71.1,HIGH,SYNTHETIC
2024-12-04,HALDIA,12,69.8,HIGH,SYNTHETIC
2024-12-05,HALDIA,12,68.3,HIGH,SYNTHETIC
2024-12-06,HALDIA,10,69.6,HIGH,SYNTHETIC
2024-12-09,HALDIA,12,70.9,HIGH,SYNTHETIC
2024-12-10,HALDIA,11,71.4,HIGH,SYNTHETIC
2024-12-11,HALDIA,12,70.3,HIGH,SYNTHETIC
2024-12-12,HALDIA,11,71.6,HIGH,SYNTHETIC
2024-12-13,HALDIA,12,73.0,HIGH,SYNTHETIC
2024-12-16,HALDIA,11,76.3,HIGH,SYNTHETIC
2024-12-17,HALDIA,10,71.9,HIGH,SYNTHETIC
2024-12-18,HALDIA,11,71.3,HIGH,SYNTHETIC
2024-12-19,HALDIA,11,73.4,HIGH,SYNTHETIC
2024-12-20,HALDIA,13,74.5,HIGH,SYNTHETIC
2024-12-23,HALDIA,11,75.6,HIGH,SYNTHETIC
2024-12-24,HALDIA,11,75.7,HIGH,SYNTHETIC
2024-12-25,HALDIA,13,78.3,HIGH,SYNTHETIC
2024-12-26,HALDIA,14,79.6,HIGH,SYNTHETIC
2024-12-27,HALDIA,12,77.5,HIGH,SYNTHETIC
2024-12-30,HALDIA,11,78.0,HIGH,SYNTHETIC
2024-12-31,HALDIA,11,77.1,HIGH,SYNTHETIC
2025-01-01,HALDIA,13,78.0,HIGH,SYNTHETIC
2025-01-02,HALDIA,13,76.1,HIGH,SYNTHETIC
2025-01-03,HALDIA,13,78.6,HIGH,SYNTHETIC
2025-01-06,HALDIA,14,79.5,HIGH,SYNTHETIC
2025-01-07,HALDIA,13,80.4,HIGH,SYNTHETIC
2025-01-08,HALDIA,13,83.8,HIGH,SYNTHETIC
2025-01-09,HALDIA,13,82.4,HIGH,SYNTHETIC
2025-01-10,HALDIA,15,85.7,HIGH,SYNTHETIC
2025-01-13,HALDIA,13,85.6,HIGH,SYNTHETIC
2025-01-14,HALDIA,13,87.7,HIGH,SYNTHETIC
2025-01-15,HALDIA,13,87.7,HIGH,SYNTHETIC
2025-01-16,HALDIA,14,90.8,SEVERE,SYNTHETIC
2025-01-17,HALDIA,13,89.4,HIGH,SYNTHETIC
2025-01-20,HALDIA,14,89.6,HIGH,SYNTHETIC
2025-01-21,HALDIA,15,91.1,SEVERE,SYNTHETIC
2025-01-22,HALDIA,14,89.5,HIGH,SYNTHETIC
2025-01-23,HALDIA,15,92.9,SEVERE,SYNTHETIC
2025-01-24,HALDIA,16,90.8,SEVERE,SYNTHETIC
2025-01-27,HALDIA,13,89.3,HIGH,SYNTHETIC
2025-01-28,HALDIA,13,87.3,HIGH,SYNTHETIC
2025-01-29,HALDIA,14,85.3,HIGH,SYNTHETIC
2025-01-30,HALDIA,13,85.4,HIGH,SYNTHETIC
2025-01-31,HALDIA,14,85.4,HIGH,SYNTHETIC
2025-02-03,HALDIA,15,86.1,HIGH,SYNTHETIC
2025-02-04,HALDIA,14,85.8,HIGH,SYNTHETIC
2025-02-05,HALDIA,15,85.3,HIGH,SYNTHETIC
2025-02-06,HALDIA,15,86.4,HIGH,SYNTHETIC
2025-02-07,HALDIA,15,87.7,HIGH,SYNTHETIC
2025-02-10,HALDIA,15,87.1,HIGH,SYNTHETIC
2025-02-11,HALDIA,13,84.9,HIGH,SYNTHETIC
2025-02-12,HALDIA,13,82.7,HIGH,SYNTHETIC
2025-02-13,HALDIA,13,82.1,HIGH,SYNTHETIC
2025-02-14,HALDIA,14,80.5,HIGH,SYNTHETIC
2025-02-17,HALDIA,12,77.8,HIGH,SYNTHETIC
2025-02-18,HALDIA,13,80.2,HIGH,SYNTHETIC
2025-02-19,HALDIA,15,84.5,HIGH,SYNTHETIC
2025-02-20,HALDIA,13,83.4,HIGH,SYNTHETIC
2025-02-21,HALDIA,15,84.1,HIGH,SYNTHETIC
2025-02-24,HALDIA,14,83.4,HIGH,SYNTHETIC
2025-02-25,HALDIA,14,85.8,HIGH,SYNTHETIC
2025-02-26,HALDIA,15,87.7,HIGH,SYNTHETIC
2025-02-27,HALDIA,15,87.7,HIGH,SYNTHETIC
2025-02-28,HALDIA,14,84.5,HIGH,SYNTHETIC
2025-03-03,HALDIA,14,84.0,HIGH,SYNTHETIC
2025-03-04,HALDIA,14,82.9,HIGH,SYNTHETIC
2025-03-05,HALDIA,14,84.1,HIGH,SYNTHETIC
2025-03-06,HALDIA,14,84.7,HIGH,SYNTHETIC
2025-03-07,HALDIA,13,86.1,HIGH,SYNTHETIC
2025-03-10,HALDIA,14,90.4,SEVERE,SYNTHETIC
2025-03-11,HALDIA,15,90.6,SEVERE,SYNTHETIC
2025-03-12,HALDIA,14,91.6,SEVERE,SYNTHETIC
2025-03-13,HALDIA,16,92.7,SEVERE,SYNTHETIC
2025-03-14,HALDIA,16,91.1,SEVERE,SYNTHETIC
2025-03-17,HALDIA,14,90.1,SEVERE,SYNTHETIC
2025-03-18,HALDIA,14,89.2,HIGH,SYNTHETIC
2025-03-19,HALDIA,13,88.7,HIGH,SYNTHETIC
2025-03-20,HALDIA,13,83.8,HIGH,SYNTHETIC
2025-03-21,HALDIA,13,86.9,HIGH,SYNTHETIC
2025-03-24,HALDIA,13,89.5,HIGH,SYNTHETIC
2025-03-25,HALDIA,13,89.6,HIGH,SYNTHETIC
2025-03-26,HALDIA,15,89.2,HIGH,SYNTHETIC
2025-03-27,HALDIA,14,89.0,HIGH,SYNTHETIC
2025-03-28,HALDIA,16,92.7,SEVERE,SYNTHETIC
2025-03-31,HALDIA,14,95.7,SEVERE,SYNTHETIC
2025-04-01,HALDIA,14,92.8,SEVERE,SYNTHETIC
2025-04-02,HALDIA,14,92.6,SEVERE,SYNTHETIC
2025-04-03,HALDIA,15,94.7,SEVERE,SYNTHETIC
2025-04-04,HALDIA,14,92.2,SEVERE,SYNTHETIC
2025-04-07,HALDIA,14,93.1,SEVERE,SYNTHETIC
2025-04-08,HALDIA,14,91.8,SEVERE,SYNTHETIC
2025-04-09,HALDIA,16,91.9,SEVERE,SYNTHETIC
2025-04-10,HALDIA,15,93.2,SEVERE,SYNTHETIC
2025-04-11,HALDIA,14,95.8,SEVERE,SYNTHETIC
2025-04-14,HALDIA,16,95.0,SEVERE,SYNTHETIC
2025-04-15,HALDIA,16,93.1,SEVERE,SYNTHETIC
2025-04-16,HALDIA,14,95.1,SEVERE,SYNTHETIC
2025-04-17,HALDIA,14,94.8,SEVERE,SYNTHETIC
2025-04-18,HALDIA,16,96.9,SEVERE,SYNTHETIC
2025-04-21,HALDIA,16,97.3,SEVERE,SYNTHETIC
2025-04-22,HALDIA,15,98.0,SEVERE,SYNTHETIC
2025-04-23,HALDIA,16,98.6,SEVERE,SYNTHETIC
2025-04-24,HALDIA,16,94.7,SEVERE,SYNTHETIC
2025-04-25,HALDIA,17,97.0,SEVERE,SYNTHETIC
2025-04-28,HALDIA,16,96.4,SEVERE,SYNTHETIC
2025-04-29,HALDIA,16,96.3,SEVERE,SYNTHETIC
2025-04-30,HALDIA,16,94.3,SEVERE,SYNTHETIC
2025-05-01,HALDIA,14,94.5,SEVERE,SYNTHETIC
2025-05-02,HALDIA,16,94.2,SEVERE,SYNTHETIC
2025-05-05,HALDIA,16,92.3,SEVERE,SYNTHETIC
2025-05-06,HALDIA,13,89.2,HIGH,SYNTHETIC
2025-05-07,HALDIA,13,87.2,HIGH,SYNTHETIC
2025-05-08,HALDIA,15,89.8,HIGH,SYNTHETIC
2025-05-09,HALDIA,16,91.0,SEVERE,SYNTHETIC
2025-05-12,HALDIA,16,91.3,SEVERE,SYNTHETIC
2025-05-13,HALDIA,16,92.3,SEVERE,SYNTHETIC
2025-05-14,HALDIA,14,93.7,SEVERE,SYNTHETIC
2025-05-15,HALDIA,16,91.4,SEVERE,SYNTHETIC
2025-05-16,HALDIA,14,89.9,HIGH,SYNTHETIC
2025-05-19,HALDIA,16,91.4,SEVERE,SYNTHETIC
2025-05-20,HALDIA,15,92.6,SEVERE,SYNTHETIC
2025-05-21,HALDIA,17,98.3,SEVERE,SYNTHETIC
2025-05-22,HALDIA,15,99.6,SEVERE,SYNTHETIC
2025-05-23,HALDIA,15,101.0,SEVERE,SYNTHETIC
2025-05-26,HALDIA,17,99.8,SEVERE,SYNTHETIC
2025-05-27,HALDIA,17,100.0,SEVERE,SYNTHETIC
2025-05-28,HALDIA,17,97.5,SEVERE,SYNTHETIC
2025-05-29,HALDIA,16,98.3,SEVERE,SYNTHETIC
2025-05-30,HALDIA,17,101.3,SEVERE,SYNTHETIC
2025-06-02,HALDIA,23,140.8,SEVERE,SYNTHETIC
2025-06-03,HALDIA,24,145.5,SEVERE,SYNTHETIC
2025-06-04,HALDIA,20,126.5,SEVERE,SYNTHETIC
2025-06-05,HALDIA,19,120.9,SEVERE,SYNTHETIC
2025-06-06,HALDIA,21,128.6,SEVERE,SYNTHETIC
2025-06-09,HALDIA,22,135.3,SEVERE,SYNTHETIC
2025-06-10,HALDIA,20,121.1,SEVERE,SYNTHETIC
2025-06-11,HALDIA,23,134.5,SEVERE,SYNTHETIC
2025-06-12,HALDIA,24,149.9,SEVERE,SYNTHETIC
2025-06-13,HALDIA,23,148.8,SEVERE,SYNTHETIC
2025-06-16,HALDIA,19,115.9,SEVERE,SYNTHETIC
2025-06-17,HALDIA,21,131.8,SEVERE,SYNTHETIC
2025-06-18,HALDIA,20,131.6,SEVERE,SYNTHETIC
2025-06-19,HALDIA,21,126.7,SEVERE,SYNTHETIC
2025-06-20,HALDIA,21,128.6,SEVERE,SYNTHETIC
2025-06-23,HALDIA,21,125.0,SEVERE,SYNTHETIC
2025-06-24,HALDIA,23,149.1,SEVERE,SYNTHETIC
2025-06-25,HALDIA,21,130.1,SEVERE,SYNTHETIC
2025-06-26,HALDIA,23,142.4,SEVERE,SYNTHETIC
2025-06-27,HALDIA,25,146.7,SEVERE,SYNTHETIC
2025-06-30,HALDIA,20,125.0,SEVERE,SYNTHETIC
2025-07-01,HALDIA,19,124.1,SEVERE,SYNTHETIC
2025-07-02,HALDIA,23,144.0,SEVERE,SYNTHETIC
2025-07-03,HALDIA,22,131.6,SEVERE,SYNTHETIC
2025-07-04,HALDIA,21,131.4,SEVERE,SYNTHETIC
2025-07-07,HALDIA,22,126.2,SEVERE,SYNTHETIC
2025-07-08,HALDIA,20,115.4,SEVERE,SYNTHETIC
2025-07-09,HALDIA,23,138.1,SEVERE,SYNTHETIC
2025-07-10,HALDIA,19,125.3,SEVERE,SYNTHETIC
2025-07-11,HALDIA,22,136.9,SEVERE,SYNTHETIC
2025-07-14,HALDIA,19,108.3,SEVERE,SYNTHETIC
2025-07-15,HALDIA,18,105.1,SEVERE,SYNTHETIC
2025-07-16,HALDIA,16,107.5,SEVERE,SYNTHETIC
2025-07-17,HALDIA,16,105.3,SEVERE,SYNTHETIC
2025-07-18,HALDIA,20,127.0,SEVERE,SYNTHETIC
2025-07-21,HALDIA,21,120.9,SEVERE,SYNTHETIC
2025-07-22,HALDIA,19,117.9,SEVERE,SYNTHETIC
2025-07-23,HALDIA,19,118.6,SEVERE,SYNTHETIC
2025-07-24,HALDIA,21,135.0,SEVERE,SYNTHETIC
2025-07-25,HALDIA,19,118.0,SEVERE,SYNTHETIC
2025-07-28,HALDIA,21,129.4,SEVERE,SYNTHETIC
2025-07-29,HALDIA,16,107.6,SEVERE,SYNTHETIC
2025-07-30,HALDIA,21,122.0,SEVERE,SYNTHETIC
2025-07-31,HALDIA,23,141.0,SEVERE,SYNTHETIC
2025-08-01,HALDIA,21,128.2,SEVERE,SYNTHETIC
2025-08-04,HALDIA,21,121.0,SEVERE,SYNTHETIC
2025-08-05,HALDIA,18,107.7,SEVERE,SYNTHETIC
2025-08-06,HALDIA,24,138.5,SEVERE,SYNTHETIC
2025-08-07,HALDIA,23,132.7,SEVERE,SYNTHETIC
2025-08-08,HALDIA,19,118.7,SEVERE,SYNTHETIC
2025-08-11,HALDIA,18,112.6,SEVERE,SYNTHETIC
2025-08-12,HALDIA,20,124.1,SEVERE,SYNTHETIC
2025-08-13,HALDIA,19,124.5,SEVERE,SYNTHETIC
2025-08-14,HALDIA,26,151.5,SEVERE,SYNTHETIC
2025-08-15,HALDIA,23,142.9,SEVERE,SYNTHETIC
2025-08-18,HALDIA,24,147.7,SEVERE,SYNTHETIC
2025-08-19,HALDIA,24,150.2,SEVERE,SYNTHETIC
2025-08-20,HALDIA,19,118.5,SEVERE,SYNTHETIC
2025-08-21,HALDIA,25,146.8,SEVERE,SYNTHETIC
2025-08-22,HALDIA,22,129.6,SEVERE,SYNTHETIC
2025-08-25,HALDIA,23,132.6,SEVERE,SYNTHETIC
2025-08-26,HALDIA,21,127.3,SEVERE,SYNTHETIC
2025-08-27,HALDIA,23,137.0,SEVERE,SYNTHETIC
2025-08-28,HALDIA,20,128.6,SEVERE,SYNTHETIC
2025-08-29,HALDIA,18,113.2,SEVERE,SYNTHETIC
2025-09-01,HALDIA,21,130.6,SEVERE,SYNTHETIC
2025-09-02,HALDIA,21,131.3,SEVERE,SYNTHETIC
2025-09-03,HALDIA,22,132.2,SEVERE,SYNTHETIC
2025-09-04,HALDIA,21,131.6,SEVERE,SYNTHETIC
2025-09-05,HALDIA,20,122.9,SEVERE,SYNTHETIC
2025-09-08,HALDIA,18,119.0,SEVERE,SYNTHETIC
2025-09-09,HALDIA,17,108.6,SEVERE,SYNTHETIC
2025-09-10,HALDIA,23,142.6,SEVERE,SYNTHETIC
2025-09-11,HALDIA,19,116.5,SEVERE,SYNTHETIC
2025-09-12,HALDIA,19,118.0,SEVERE,SYNTHETIC
2025-09-15,HALDIA,19,114.5,SEVERE,SYNTHETIC
2025-09-16,HALDIA,22,127.9,SEVERE,SYNTHETIC
2025-09-17,HALDIA,22,134.5,SEVERE,SYNTHETIC
2025-09-18,HALDIA,21,120.6,SEVERE,SYNTHETIC
2025-09-19,HALDIA,20,118.8,SEVERE,SYNTHETIC
2025-09-22,HALDIA,18,114.3,SEVERE,SYNTHETIC
2025-09-23,HALDIA,18,107.9,SEVERE,SYNTHETIC
2025-09-24,HALDIA,24,138.4,SEVERE,SYNTHETIC
2025-09-25,HALDIA,19,122.4,SEVERE,SYNTHETIC
2025-09-26,HALDIA,18,115.1,SEVERE,SYNTHETIC
2025-09-29,HALDIA,16,105.3,SEVERE,SYNTHETIC
2025-09-30,HALDIA,18,110.8,SEVERE,SYNTHETIC
2025-10-01,HALDIA,16,94.4,SEVERE,SYNTHETIC
2025-10-02,HALDIA,14,94.7,SEVERE,SYNTHETIC
2025-10-03,HALDIA,15,91.1,SEVERE,SYNTHETIC
2025-10-06,HALDIA,14,90.4,SEVERE,SYNTHETIC
2025-10-07,HALDIA,13,88.9,HIGH,SYNTHETIC
2025-10-08,HALDIA,13,88.4,HIGH,SYNTHETIC
2025-10-09,HALDIA,15,87.6,HIGH,SYNTHETIC
2025-10-10,HALDIA,13,90.0,HIGH,SYNTHETIC
2025-10-13,HALDIA,13,87.6,HIGH,SYNTHETIC
2025-10-14,HALDIA,16,90.5,SEVERE,SYNTHETIC
2025-10-15,HALDIA,15,88.5,HIGH,SYNTHETIC
2025-10-16,HALDIA,14,87.1,HIGH,SYNTHETIC
2025-10-17,HALDIA,14,86.6,HIGH,SYNTHETIC
2025-10-20,HALDIA,12,83.9,HIGH,SYNTHETIC
2025-10-21,HALDIA,15,88.6,HIGH,SYNTHETIC
2025-10-22,HALDIA,15,88.2,HIGH,SYNTHETIC
2025-10-23,HALDIA,14,87.4,HIGH,SYNTHETIC
2025-10-24,HALDIA,15,87.5,HIGH,SYNTHETIC
2025-10-27,HALDIA,15,93.1,SEVERE,SYNTHETIC
2025-10-28,HALDIA,15,94.0,SEVERE,SYNTHETIC
2025-10-29,HALDIA,14,95.2,SEVERE,SYNTHETIC
2025-10-30,HALDIA,14,93.9,SEVERE,SYNTHETIC
2025-10-31,HALDIA,16,90.7,SEVERE,SYNTHETIC
2025-11-03,HALDIA,14,90.7,SEVERE,SYNTHETIC
2025-11-04,HALDIA,15,92.5,SEVERE,SYNTHETIC
2025-11-05,HALDIA,14,93.6,SEVERE,SYNTHETIC
2025-11-06,HALDIA,15,94.4,SEVERE,SYNTHETIC
2025-11-07,HALDIA,15,94.7,SEVERE,SYNTHETIC
2025-11-10,HALDIA,14,95.4,SEVERE,SYNTHETIC
2025-11-11,HALDIA,17,97.8,SEVERE,SYNTHETIC
2025-11-12,HALDIA,17,97.2,SEVERE,SYNTHETIC
2025-11-13,HALDIA,16,96.3,SEVERE,SYNTHETIC
2025-11-14,HALDIA,15,96.5,SEVERE,SYNTHETIC
2025-11-17,HALDIA,16,96.9,SEVERE,SYNTHETIC
2025-11-18,HALDIA,17,97.8,SEVERE,SYNTHETIC
2025-11-19,HALDIA,16,101.0,SEVERE,SYNTHETIC
2025-11-20,HALDIA,16,101.8,SEVERE,SYNTHETIC
2025-11-21,HALDIA,15,101.3,SEVERE,SYNTHETIC
2025-11-24,HALDIA,15,100.9,SEVERE,SYNTHETIC
2025-11-25,HALDIA,17,99.5,SEVERE,SYNTHETIC
2025-11-26,HALDIA,16,102.4,SEVERE,SYNTHETIC
2025-11-27,HALDIA,18,102.3,SEVERE,SYNTHETIC
2025-11-28,HALDIA,17,98.6,SEVERE,SYNTHETIC
2025-12-01,HALDIA,17,98.8,SEVERE,SYNTHETIC
2025-12-02,HALDIA,14,94.1,SEVERE,SYNTHETIC
2025-12-03,HALDIA,14,93.1,SEVERE,SYNTHETIC
2025-12-04,HALDIA,14,92.6,SEVERE,SYNTHETIC
2025-12-05,HALDIA,14,91.9,SEVERE,SYNTHETIC
2025-12-08,HALDIA,15,93.7,SEVERE,SYNTHETIC
2025-12-09,HALDIA,16,94.4,SEVERE,SYNTHETIC
2025-12-10,HALDIA,14,92.4,SEVERE,SYNTHETIC
2025-12-11,HALDIA,15,90.1,SEVERE,SYNTHETIC
2025-12-12,HALDIA,14,86.0,HIGH,SYNTHETIC
2025-12-15,HALDIA,14,86.7,HIGH,SYNTHETIC
2025-12-16,HALDIA,15,86.4,HIGH,SYNTHETIC
2025-12-17,HALDIA,14,88.1,HIGH,SYNTHETIC
2025-12-18,HALDIA,14,86.2,HIGH,SYNTHETIC
2025-12-19,HALDIA,15,88.8,HIGH,SYNTHETIC
2025-12-22,HALDIA,15,90.1,SEVERE,SYNTHETIC
2025-12-23,HALDIA,14,87.3,HIGH,SYNTHETIC
2025-12-24,HALDIA,15,88.1,HIGH,SYNTHETIC
2025-12-25,HALDIA,15,88.9,HIGH,SYNTHETIC
2025-12-26,HALDIA,15,84.1,HIGH,SYNTHETIC
2025-12-29,HALDIA,15,84.1,HIGH,SYNTHETIC
2025-12-30,HALDIA,13,82.3,HIGH,SYNTHETIC
2025-12-31,HALDIA,14,78.2,HIGH,SYNTHETIC
2026-01-01,HALDIA,13,77.2,HIGH,SYNTHETIC
2026-01-02,HALDIA,12,79.0,HIGH,SYNTHETIC
2026-01-05,HALDIA,13,80.2,HIGH,SYNTHETIC
2026-01-06,HALDIA,14,80.2,HIGH,SYNTHETIC
2026-01-07,HALDIA,13,79.9,HIGH,SYNTHETIC
2026-01-08,HALDIA,12,80.5,HIGH,SYNTHETIC
2026-01-09,HALDIA,14,82.5,HIGH,SYNTHETIC
2026-01-12,HALDIA,12,82.9,HIGH,SYNTHETIC
2026-01-13,HALDIA,13,81.6,HIGH,SYNTHETIC
2026-01-14,HALDIA,12,79.2,HIGH,SYNTHETIC
2026-01-15,HALDIA,13,77.4,HIGH,SYNTHETIC
2026-01-16,HALDIA,13,74.0,HIGH,SYNTHETIC
2026-01-19,HALDIA,11,72.6,HIGH,SYNTHETIC
2026-01-20,HALDIA,12,73.1,HIGH,SYNTHETIC
2026-01-21,HALDIA,13,74.0,HIGH,SYNTHETIC
2026-01-22,HALDIA,12,75.6,HIGH,SYNTHETIC
2026-01-23,HALDIA,12,76.4,HIGH,SYNTHETIC
2026-01-26,HALDIA,11,75.1,HIGH,SYNTHETIC
2026-01-27,HALDIA,13,73.2,HIGH,SYNTHETIC
2026-01-28,HALDIA,13,77.0,HIGH,SYNTHETIC
2026-01-29,HALDIA,13,75.3,HIGH,SYNTHETIC
2026-01-30,HALDIA,11,75.5,HIGH,SYNTHETIC
2026-02-02,HALDIA,12,77.0,HIGH,SYNTHETIC
2026-02-03,HALDIA,11,76.5,HIGH,SYNTHETIC
2026-02-04,HALDIA,13,80.1,HIGH,SYNTHETIC
2026-02-05,HALDIA,13,79.3,HIGH,SYNTHETIC
2026-02-06,HALDIA,14,78.7,HIGH,SYNTHETIC
2026-02-09,HALDIA,14,79.1,HIGH,SYNTHETIC
2026-02-10,HALDIA,12,79.9,HIGH,SYNTHETIC
2026-02-11,HALDIA,12,80.9,HIGH,SYNTHETIC
2026-02-12,HALDIA,13,78.7,HIGH,SYNTHETIC
2026-02-13,HALDIA,13,80.5,HIGH,SYNTHETIC
2026-02-16,HALDIA,13,78.6,HIGH,SYNTHETIC
2026-02-17,HALDIA,14,79.9,HIGH,SYNTHETIC
2026-02-18,HALDIA,13,80.0,HIGH,SYNTHETIC
2026-02-19,HALDIA,12,75.7,HIGH,SYNTHETIC
2026-02-20,HALDIA,12,73.3,HIGH,SYNTHETIC
2026-02-23,HALDIA,10,69.8,HIGH,SYNTHETIC
2026-02-24,HALDIA,12,70.5,HIGH,SYNTHETIC
2026-02-25,HALDIA,13,73.4,HIGH,SYNTHETIC
2026-02-26,HALDIA,12,73.8,HIGH,SYNTHETIC
2026-02-27,HALDIA,13,73.4,HIGH,SYNTHETIC
2026-03-02,HALDIA,12,74.9,HIGH,SYNTHETIC
2026-03-03,HALDIA,11,77.4,HIGH,SYNTHETIC
2026-03-04,HALDIA,13,76.3,HIGH,SYNTHETIC
2026-03-05,HALDIA,14,78.9,HIGH,SYNTHETIC
2026-03-06,HALDIA,13,78.8,HIGH,SYNTHETIC
2026-03-09,HALDIA,14,79.3,HIGH,SYNTHETIC
2026-03-10,HALDIA,14,81.2,HIGH,SYNTHETIC
2026-03-11,HALDIA,15,85.0,HIGH,SYNTHETIC
2026-03-12,HALDIA,12,82.3,HIGH,SYNTHETIC
2026-03-13,HALDIA,14,80.8,HIGH,SYNTHETIC
2026-03-16,HALDIA,14,82.3,HIGH,SYNTHETIC
2026-03-17,HALDIA,14,83.5,HIGH,SYNTHETIC
2026-03-18,HALDIA,15,84.2,HIGH,SYNTHETIC
2026-03-19,HALDIA,15,88.1,HIGH,SYNTHETIC
2026-03-20,HALDIA,16,90.8,SEVERE,SYNTHETIC
2026-03-23,HALDIA,16,90.6,SEVERE,SYNTHETIC
2026-03-24,HALDIA,15,90.6,SEVERE,SYNTHETIC
2026-03-25,HALDIA,16,90.7,SEVERE,SYNTHETIC
2026-03-26,HALDIA,15,90.7,SEVERE,SYNTHETIC
2026-03-27,HALDIA,14,92.4,SEVERE,SYNTHETIC
2026-03-30,HALDIA,16,91.8,SEVERE,SYNTHETIC
2026-03-31,HALDIA,15,89.8,HIGH,SYNTHETIC
2026-04-01,HALDIA,13,89.1,HIGH,SYNTHETIC
2026-04-02,HALDIA,14,90.3,SEVERE,SYNTHETIC
2026-04-03,HALDIA,13,86.5,HIGH,SYNTHETIC
2026-04-06,HALDIA,13,88.6,HIGH,SYNTHETIC
2026-04-07,HALDIA,13,88.7,HIGH,SYNTHETIC
2026-04-08,HALDIA,14,87.8,HIGH,SYNTHETIC
2026-04-09,HALDIA,15,90.9,SEVERE,SYNTHETIC
2026-04-10,HALDIA,14,92.7,SEVERE,SYNTHETIC
2026-04-13,HALDIA,15,93.5,SEVERE,SYNTHETIC
2026-04-14,HALDIA,16,94.0,SEVERE,SYNTHETIC
2026-04-15,HALDIA,16,94.0,SEVERE,SYNTHETIC
2026-04-16,HALDIA,14,93.8,SEVERE,SYNTHETIC
2026-04-17,HALDIA,15,95.8,SEVERE,SYNTHETIC
2026-04-20,HALDIA,16,96.2,SEVERE,SYNTHETIC
2026-04-21,HALDIA,16,98.2,SEVERE,SYNTHETIC
2026-04-22,HALDIA,14,95.8,SEVERE,SYNTHETIC
2026-04-23,HALDIA,16,92.9,SEVERE,SYNTHETIC
2026-04-24,HALDIA,14,92.8,SEVERE,SYNTHETIC
2026-04-27,HALDIA,16,94.9,SEVERE,SYNTHETIC
2026-04-28,HALDIA,17,96.7,SEVERE,SYNTHETIC
2026-04-29,HALDIA,15,94.5,SEVERE,SYNTHETIC
2026-04-30,HALDIA,16,93.9,SEVERE,SYNTHETIC
2026-05-01,HALDIA,14,94.2,SEVERE,SYNTHETIC
2026-05-04,HALDIA,14,93.6,SEVERE,SYNTHETIC
2026-05-05,HALDIA,15,95.3,SEVERE,SYNTHETIC
2026-05-06,HALDIA,17,97.6,SEVERE,SYNTHETIC
2026-05-07,HALDIA,17,98.6,SEVERE,SYNTHETIC
2026-05-08,HALDIA,16,98.7,SEVERE,SYNTHETIC
2026-05-11,HALDIA,14,94.5,SEVERE,SYNTHETIC
2026-05-12,HALDIA,16,97.5,SEVERE,SYNTHETIC
2026-05-13,HALDIA,16,97.5,SEVERE,SYNTHETIC
2026-05-14,HALDIA,16,98.2,SEVERE,SYNTHETIC
2026-05-15,HALDIA,17,96.7,SEVERE,SYNTHETIC
2026-05-18,HALDIA,16,97.1,SEVERE,SYNTHETIC
2026-05-19,HALDIA,16,94.8,SEVERE,SYNTHETIC
2026-05-20,HALDIA,16,95.8,SEVERE,SYNTHETIC
2026-05-21,HALDIA,17,96.8,SEVERE,SYNTHETIC
2026-05-22,HALDIA,14,94.8,SEVERE,SYNTHETIC
2026-05-25,HALDIA,15,96.7,SEVERE,SYNTHETIC
2026-05-26,HALDIA,15,97.3,SEVERE,SYNTHETIC
2026-05-27,HALDIA,17,98.6,SEVERE,SYNTHETIC
2026-05-28,HALDIA,15,98.7,SEVERE,SYNTHETIC
2026-05-29,HALDIA,17,97.1,SEVERE,SYNTHETIC
2026-06-01,HALDIA,17,112.5,SEVERE,SYNTHETIC
2026-06-02,HALDIA,20,126.4,SEVERE,SYNTHETIC
2026-06-03,HALDIA,21,124.5,SEVERE,SYNTHETIC
2026-06-04,HALDIA,20,122.2,SEVERE,SYNTHETIC
2026-06-05,HALDIA,17,109.4,SEVERE,SYNTHETIC
2026-06-08,HALDIA,19,117.5,SEVERE,SYNTHETIC
2026-06-09,HALDIA,20,132.0,SEVERE,SYNTHETIC
2026-06-10,HALDIA,24,138.1,SEVERE,SYNTHETIC
2026-06-11,HALDIA,21,129.6,SEVERE,SYNTHETIC
2026-06-12,HALDIA,19,117.5,SEVERE,SYNTHETIC
2026-06-15,HALDIA,18,117.4,SEVERE,SYNTHETIC
2026-06-16,HALDIA,23,143.8,SEVERE,SYNTHETIC
2026-06-17,HALDIA,22,138.6,SEVERE,SYNTHETIC
2026-06-18,HALDIA,20,118.2,SEVERE,SYNTHETIC
2026-06-19,HALDIA,19,116.2,SEVERE,SYNTHETIC
2026-06-22,HALDIA,17,113.6,SEVERE,SYNTHETIC
2026-06-23,HALDIA,19,125.7,SEVERE,SYNTHETIC
2026-06-24,HALDIA,19,120.7,SEVERE,SYNTHETIC
2026-06-25,HALDIA,26,151.8,SEVERE,SYNTHETIC
2026-06-26,HALDIA,25,148.7,SEVERE,SYNTHETIC
2026-06-29,HALDIA,22,128.4,SEVERE,SYNTHETIC
2026-06-30,HALDIA,22,134.5,SEVERE,SYNTHETIC
2026-07-01,HALDIA,20,125.2,SEVERE,SYNTHETIC
2026-07-02,HALDIA,23,145.6,SEVERE,SYNTHETIC
2026-07-03,HALDIA,23,145.8,SEVERE,SYNTHETIC
2026-07-06,HALDIA,22,133.9,SEVERE,SYNTHETIC
2026-07-07,HALDIA,24,152.1,SEVERE,SYNTHETIC
2026-07-08,HALDIA,25,152.3,SEVERE,SYNTHETIC
2026-07-09,HALDIA,21,130.0,SEVERE,SYNTHETIC
2026-07-10,HALDIA,20,126.0,SEVERE,SYNTHETIC
2026-07-13,HALDIA,23,143.0,SEVERE,SYNTHETIC
2026-07-14,HALDIA,24,138.4,SEVERE,SYNTHETIC
2026-07-15,HALDIA,24,138.2,SEVERE,SYNTHETIC
2026-07-16,HALDIA,20,127.8,SEVERE,SYNTHETIC
2026-07-17,HALDIA,20,127.0,SEVERE,SYNTHETIC
2026-07-20,HALDIA,25,147.6,SEVERE,SYNTHETIC
2026-07-21,HALDIA,22,139.2,SEVERE,SYNTHETIC
2026-07-22,HALDIA,22,128.5,SEVERE,SYNTHETIC
2026-07-23,HALDIA,23,143.7,SEVERE,SYNTHETIC
2026-07-24,HALDIA,25,144.5,SEVERE,SYNTHETIC
2026-07-27,HALDIA,24,153.4,SEVERE,SYNTHETIC
2026-07-28,HALDIA,21,126.8,SEVERE,SYNTHETIC
2026-07-29,HALDIA,19,120.0,SEVERE,SYNTHETIC
2026-07-30,HALDIA,18,119.3,SEVERE,SYNTHETIC
2026-07-31,HALDIA,24,154.0,SEVERE,SYNTHETIC
2026-08-03,HALDIA,21,126.8,SEVERE,SYNTHETIC
2026-08-04,HALDIA,20,118.7,SEVERE,SYNTHETIC
2026-08-05,HALDIA,24,151.0,SEVERE,SYNTHETIC
2026-08-06,HALDIA,24,148.6,SEVERE,SYNTHETIC
2026-08-07,HALDIA,24,145.7,SEVERE,SYNTHETIC
2026-08-08,HALDIA,23,136.0,SEVERE,SYNTHETIC
2026-08-10,HALDIA,22,132.5,SEVERE,SYNTHETIC
2026-08-11,HALDIA,24,138.9,SEVERE,SYNTHETIC
2026-08-12,HALDIA,22,133.6,SEVERE,SYNTHETIC
2026-08-13,HALDIA,25,147.6,SEVERE,SYNTHETIC
2026-08-14,HALDIA,23,140.3,SEVERE,SYNTHETIC
2026-08-17,HALDIA,24,141.7,SEVERE,SYNTHETIC
2026-08-18,HALDIA,22,139.9,SEVERE,SYNTHETIC
2026-08-19,HALDIA,22,133.0,SEVERE,SYNTHETIC
2026-08-20,HALDIA,20,124.2,SEVERE,SYNTHETIC
2026-08-21,HALDIA,24,140.9,SEVERE,SYNTHETIC
2026-08-24,HALDIA,19,117.6,SEVERE,SYNTHETIC
2026-08-25,HALDIA,18,114.6,SEVERE,SYNTHETIC
2026-08-26,HALDIA,21,120.2,SEVERE,SYNTHETIC
2026-08-27,HALDIA,23,135.8,SEVERE,SYNTHETIC
2026-08-28,HALDIA,20,117.8,SEVERE,SYNTHETIC
2026-08-31,HALDIA,23,146.3,SEVERE,SYNTHETIC
2026-09-01,HALDIA,25,149.7,SEVERE,SYNTHETIC
2026-09-02,HALDIA,22,130.4,SEVERE,SYNTHETIC
2026-09-03,HALDIA,22,132.2,SEVERE,SYNTHETIC
2026-09-04,HALDIA,17,107.3,SEVERE,SYNTHETIC
2026-09-08,HALDIA,22,142.9,SEVERE,SYNTHETIC
2023-01-02,GANGAVARAM,0,10.9,NORMAL,SYNTHETIC
2023-01-03,GANGAVARAM,2,9.3,NORMAL,SYNTHETIC
2023-01-04,GANGAVARAM,2,12.0,NORMAL,SYNTHETIC
2023-01-05,GANGAVARAM,2,10.0,NORMAL,SYNTHETIC
2023-01-06,GANGAVARAM,2,11.1,NORMAL,SYNTHETIC
2023-01-09,GANGAVARAM,1,8.9,NORMAL,SYNTHETIC
2023-01-10,GANGAVARAM,0,9.2,NORMAL,SYNTHETIC
2023-01-11,GANGAVARAM,2,10.2,NORMAL,SYNTHETIC
2023-01-12,GANGAVARAM,2,8.1,NORMAL,SYNTHETIC
2023-01-13,GANGAVARAM,1,7.8,NORMAL,SYNTHETIC
2023-01-16,GANGAVARAM,0,9.3,NORMAL,SYNTHETIC
2023-01-17,GANGAVARAM,1,10.4,NORMAL,SYNTHETIC
2023-01-18,GANGAVARAM,2,7.6,NORMAL,SYNTHETIC
2023-01-19,GANGAVARAM,1,5.6,NORMAL,SYNTHETIC
2023-01-20,GANGAVARAM,0,5.5,NORMAL,SYNTHETIC
2023-01-23,GANGAVARAM,0,1.3,NORMAL,SYNTHETIC
2023-01-24,GANGAVARAM,0,0.0,NORMAL,SYNTHETIC
2023-01-25,GANGAVARAM,0,0.0,NORMAL,SYNTHETIC
2023-01-26,GANGAVARAM,1,0.0,NORMAL,SYNTHETIC
2023-01-27,GANGAVARAM,0,0.0,NORMAL,SYNTHETIC
2023-01-30,GANGAVARAM,0,0.0,NORMAL,SYNTHETIC
2023-01-31,GANGAVARAM,0,0.0,NORMAL,SYNTHETIC
2023-02-01,GANGAVARAM,1,1.0,NORMAL,SYNTHETIC
2023-02-02,GANGAVARAM,0,0.0,NORMAL,SYNTHETIC
2023-02-03,GANGAVARAM,0,3.0,NORMAL,SYNTHETIC
2023-02-06,GANGAVARAM,0,0.0,NORMAL,SYNTHETIC
2023-02-07,GANGAVARAM,0,0.0,NORMAL,SYNTHETIC
2023-02-08,GANGAVARAM,0,0.0,NORMAL,SYNTHETIC
2023-02-09,GANGAVARAM,0,0.0,NORMAL,SYNTHETIC
2023-02-10,GANGAVARAM,1,0.0,NORMAL,SYNTHETIC
2023-02-13,GANGAVARAM,0,0.0,NORMAL,SYNTHETIC
2023-02-14,GANGAVARAM,0,0.0,NORMAL,SYNTHETIC
2023-02-15,GANGAVARAM,0,0.5,NORMAL,SYNTHETIC
2023-02-16,GANGAVARAM,1,0.0,NORMAL,SYNTHETIC
2023-02-17,GANGAVARAM,0,1.3,NORMAL,SYNTHETIC
2023-02-20,GANGAVARAM,0,1.1,NORMAL,SYNTHETIC
2023-02-21,GANGAVARAM,0,0.0,NORMAL,SYNTHETIC
2023-02-22,GANGAVARAM,1,3.5,NORMAL,SYNTHETIC
2023-02-23,GANGAVARAM,0,1.0,NORMAL,SYNTHETIC
2023-02-24,GANGAVARAM,0,5.4,NORMAL,SYNTHETIC
2023-02-27,GANGAVARAM,0,5.1,NORMAL,SYNTHETIC
2023-02-28,GANGAVARAM,0,0.0,NORMAL,SYNTHETIC
2023-03-01,GANGAVARAM,1,0.1,NORMAL,SYNTHETIC
2023-03-02,GANGAVARAM,0,0.8,NORMAL,SYNTHETIC
2023-03-03,GANGAVARAM,0,0.0,NORMAL,SYNTHETIC
2023-03-06,GANGAVARAM,1,0.0,NORMAL,SYNTHETIC
2023-03-07,GANGAVARAM,0,0.0,NORMAL,SYNTHETIC
2023-03-08,GANGAVARAM,0,0.0,NORMAL,SYNTHETIC
2023-03-09,GANGAVARAM,0,0.0,NORMAL,SYNTHETIC
2023-03-10,GANGAVARAM,0,0.8,NORMAL,SYNTHETIC
2023-03-13,GANGAVARAM,0,0.0,NORMAL,SYNTHETIC
2023-03-14,GANGAVARAM,0,0.0,NORMAL,SYNTHETIC
2023-03-15,GANGAVARAM,1,0.0,NORMAL,SYNTHETIC
2023-03-16,GANGAVARAM,0,0.0,NORMAL,SYNTHETIC
2023-03-17,GANGAVARAM,0,0.6,NORMAL,SYNTHETIC
2023-03-20,GANGAVARAM,0,0.0,NORMAL,SYNTHETIC
2023-03-21,GANGAVARAM,0,0.0,NORMAL,SYNTHETIC
2023-03-22,GANGAVARAM,0,0.0,NORMAL,SYNTHETIC
2023-03-23,GANGAVARAM,1,2.6,NORMAL,SYNTHETIC
2023-03-24,GANGAVARAM,0,1.0,NORMAL,SYNTHETIC
2023-03-27,GANGAVARAM,0,2.8,NORMAL,SYNTHETIC
2023-03-28,GANGAVARAM,0,7.2,NORMAL,SYNTHETIC
2023-03-29,GANGAVARAM,0,1.3,NORMAL,SYNTHETIC
2023-03-30,GANGAVARAM,0,4.0,NORMAL,SYNTHETIC
2023-03-31,GANGAVARAM,0,4.0,NORMAL,SYNTHETIC
2023-04-03,GANGAVARAM,1,4.6,NORMAL,SYNTHETIC
2023-04-04,GANGAVARAM,0,6.0,NORMAL,SYNTHETIC
2023-04-05,GANGAVARAM,0,9.3,NORMAL,SYNTHETIC
2023-04-06,GANGAVARAM,1,9.8,NORMAL,SYNTHETIC
2023-04-07,GANGAVARAM,2,9.6,NORMAL,SYNTHETIC
2023-04-10,GANGAVARAM,1,11.2,NORMAL,SYNTHETIC
2023-04-11,GANGAVARAM,1,14.5,ELEVATED,SYNTHETIC
2023-04-12,GANGAVARAM,1,13.5,NORMAL,SYNTHETIC
2023-04-13,GANGAVARAM,2,13.8,NORMAL,SYNTHETIC
2023-04-14,GANGAVARAM,3,13.2,NORMAL,SYNTHETIC
2023-04-17,GANGAVARAM,3,13.7,NORMAL,SYNTHETIC
2023-04-18,GANGAVARAM,2,11.3,NORMAL,SYNTHETIC
2023-04-19,GANGAVARAM,0,10.2,NORMAL,SYNTHETIC
2023-04-20,GANGAVARAM,0,10.3,NORMAL,SYNTHETIC
2023-04-21,GANGAVARAM,1,7.9,NORMAL,SYNTHETIC
2023-04-24,GANGAVARAM,1,4.7,NORMAL,SYNTHETIC
2023-04-25,GANGAVARAM,0,3.2,NORMAL,SYNTHETIC
2023-04-26,GANGAVARAM,0,6.7,NORMAL,SYNTHETIC
2023-04-27,GANGAVARAM,0,7.0,NORMAL,SYNTHETIC
2023-04-28,GANGAVARAM,0,2.2,NORMAL,SYNTHETIC
2023-05-01,GANGAVARAM,0,0.0,NORMAL,SYNTHETIC
2023-05-02,GANGAVARAM,0,0.0,NORMAL,SYNTHETIC
2023-05-03,GANGAVARAM,0,0.0,NORMAL,SYNTHETIC
2023-05-04,GANGAVARAM,0,0.0,NORMAL,SYNTHETIC
2023-05-05,GANGAVARAM,1,0.0,NORMAL,SYNTHETIC
2023-05-08,GANGAVARAM,1,0.0,NORMAL,SYNTHETIC
2023-05-09,GANGAVARAM,1,0.0,NORMAL,SYNTHETIC
2023-05-10,GANGAVARAM,0,0.0,NORMAL,SYNTHETIC
2023-05-11,GANGAVARAM,0,0.0,NORMAL,SYNTHETIC
2023-05-12,GANGAVARAM,0,0.0,NORMAL,SYNTHETIC
2023-05-15,GANGAVARAM,0,0.0,NORMAL,SYNTHETIC
2023-05-16,GANGAVARAM,0,0.0,NORMAL,SYNTHETIC
2023-05-17,GANGAVARAM,0,0.0,NORMAL,SYNTHETIC
2023-05-18,GANGAVARAM,0,0.0,NORMAL,SYNTHETIC
2023-05-19,GANGAVARAM,1,0.0,NORMAL,SYNTHETIC
2023-05-22,GANGAVARAM,0,0.0,NORMAL,SYNTHETIC
2023-05-23,GANGAVARAM,0,0.0,NORMAL,SYNTHETIC
2023-05-24,GANGAVARAM,1,0.0,NORMAL,SYNTHETIC
2023-05-25,GANGAVARAM,1,0.0,NORMAL,SYNTHETIC
2023-05-26,GANGAVARAM,0,0.0,NORMAL,SYNTHETIC
2023-05-29,GANGAVARAM,0,0.0,NORMAL,SYNTHETIC
2023-05-30,GANGAVARAM,0,0.0,NORMAL,SYNTHETIC
2023-05-31,GANGAVARAM,0,0.0,NORMAL,SYNTHETIC
2023-06-01,GANGAVARAM,7,37.3,SEVERE,SYNTHETIC
2023-06-02,GANGAVARAM,3,20.7,HIGH,SYNTHETIC
2023-06-05,GANGAVARAM,4,24.4,HIGH,SYNTHETIC
2023-06-06,GANGAVARAM,2,8.4,NORMAL,SYNTHETIC
2023-06-07,GANGAVARAM,1,16.8,ELEVATED,SYNTHETIC
2023-06-08,GANGAVARAM,4,31.6,SEVERE,SYNTHETIC
2023-06-09,GANGAVARAM,5,38.2,SEVERE,SYNTHETIC
2023-06-12,GANGAVARAM,5,38.6,SEVERE,SYNTHETIC
2023-06-13,GANGAVARAM,4,35.4,SEVERE,SYNTHETIC
2023-06-14,GANGAVARAM,0,6.6,NORMAL,SYNTHETIC
2023-06-15,GANGAVARAM,2,21.5,HIGH,SYNTHETIC
2023-06-16,GANGAVARAM,5,35.5,SEVERE,SYNTHETIC
2023-06-19,GANGAVARAM,2,11.3,NORMAL,SYNTHETIC
2023-06-20,GANGAVARAM,0,9.5,NORMAL,SYNTHETIC
2023-06-21,GANGAVARAM,1,14.2,NORMAL,SYNTHETIC
2023-06-22,GANGAVARAM,4,21.1,HIGH,SYNTHETIC
2023-06-23,GANGAVARAM,7,39.4,SEVERE,SYNTHETIC
2023-06-26,GANGAVARAM,6,33.8,SEVERE,SYNTHETIC
2023-06-27,GANGAVARAM,4,21.5,HIGH,SYNTHETIC
2023-06-28,GANGAVARAM,3,25.1,HIGH,SYNTHETIC
2023-06-29,GANGAVARAM,4,19.4,HIGH,SYNTHETIC
2023-06-30,GANGAVARAM,0,10.0,NORMAL,SYNTHETIC
2023-07-03,GANGAVARAM,3,18.4,HIGH,SYNTHETIC
2023-07-04,GANGAVARAM,1,6.7,NORMAL,SYNTHETIC
2023-07-05,GANGAVARAM,5,30.7,SEVERE,SYNTHETIC
2023-07-06,GANGAVARAM,2,22.5,HIGH,SYNTHETIC
2023-07-07,GANGAVARAM,5,34.5,SEVERE,SYNTHETIC
2023-07-10,GANGAVARAM,4,29.2,HIGH,SYNTHETIC
2023-07-11,GANGAVARAM,6,45.7,SEVERE,SYNTHETIC
2023-07-12,GANGAVARAM,7,40.9,SEVERE,SYNTHETIC
2023-07-13,GANGAVARAM,7,42.1,SEVERE,SYNTHETIC
2023-07-14,GANGAVARAM,5,25.7,HIGH,SYNTHETIC
2023-07-17,GANGAVARAM,7,48.7,SEVERE,SYNTHETIC
2023-07-18,GANGAVARAM,7,39.2,SEVERE,SYNTHETIC
2023-07-19,GANGAVARAM,5,35.1,SEVERE,SYNTHETIC
2023-07-20,GANGAVARAM,4,24.8,HIGH,SYNTHETIC
2023-07-21,GANGAVARAM,1,13.9,NORMAL,SYNTHETIC
2023-07-24,GANGAVARAM,2,23.9,HIGH,SYNTHETIC
2023-07-25,GANGAVARAM,1,17.6,ELEVATED,SYNTHETIC
2023-07-26,GANGAVARAM,8,42.0,SEVERE,SYNTHETIC
2023-07-27,GANGAVARAM,1,17.7,ELEVATED,SYNTHETIC
2023-07-28,GANGAVARAM,6,30.9,SEVERE,SYNTHETIC
2023-07-31,GANGAVARAM,5,33.4,SEVERE,SYNTHETIC
2023-08-01,GANGAVARAM,4,26.5,HIGH,SYNTHETIC
2023-08-02,GANGAVARAM,4,32.5,SEVERE,SYNTHETIC
2023-08-03,GANGAVARAM,4,20.3,HIGH,SYNTHETIC
2023-08-04,GANGAVARAM,1,14.6,ELEVATED,SYNTHETIC
2023-08-07,GANGAVARAM,6,44.9,SEVERE,SYNTHETIC
2023-08-08,GANGAVARAM,4,25.5,HIGH,SYNTHETIC
2023-08-09,GANGAVARAM,6,39.5,SEVERE,SYNTHETIC
2023-08-10,GANGAVARAM,10,55.6,SEVERE,SYNTHETIC
2023-08-11,GANGAVARAM,4,34.0,SEVERE,SYNTHETIC
2023-08-14,GANGAVARAM,4,22.4,HIGH,SYNTHETIC
2023-08-15,GANGAVARAM,7,43.7,SEVERE,SYNTHETIC
2023-08-16,GANGAVARAM,2,21.3,HIGH,SYNTHETIC
2023-08-17,GANGAVARAM,9,53.6,SEVERE,SYNTHETIC
2023-08-18,GANGAVARAM,9,57.3,SEVERE,SYNTHETIC
2023-08-21,GANGAVARAM,5,26.5,HIGH,SYNTHETIC
2023-08-22,GANGAVARAM,9,52.5,SEVERE,SYNTHETIC
2023-08-23,GANGAVARAM,6,41.1,SEVERE,SYNTHETIC
2023-08-24,GANGAVARAM,6,42.2,SEVERE,SYNTHETIC
2023-08-25,GANGAVARAM,6,38.1,SEVERE,SYNTHETIC
2023-08-28,GANGAVARAM,8,49.0,SEVERE,SYNTHETIC
2023-08-29,GANGAVARAM,8,45.1,SEVERE,SYNTHETIC
2023-08-30,GANGAVARAM,5,38.9,SEVERE,SYNTHETIC
2023-08-31,GANGAVARAM,6,38.9,SEVERE,SYNTHETIC
2023-09-01,GANGAVARAM,7,41.4,SEVERE,SYNTHETIC
2023-09-04,GANGAVARAM,6,39.7,SEVERE,SYNTHETIC
2023-09-05,GANGAVARAM,7,50.5,SEVERE,SYNTHETIC
2023-09-06,GANGAVARAM,9,61.9,SEVERE,SYNTHETIC
2023-09-07,GANGAVARAM,3,21.5,HIGH,SYNTHETIC
2023-09-08,GANGAVARAM,7,48.5,SEVERE,SYNTHETIC
2023-09-11,GANGAVARAM,3,30.0,HIGH,SYNTHETIC
2023-09-12,GANGAVARAM,2,18.9,HIGH,SYNTHETIC
2023-09-13,GANGAVARAM,6,32.1,SEVERE,SYNTHETIC
2023-09-14,GANGAVARAM,5,27.4,HIGH,SYNTHETIC
2023-09-15,GANGAVARAM,9,49.7,SEVERE,SYNTHETIC
2023-09-18,GANGAVARAM,7,48.0,SEVERE,SYNTHETIC
2023-09-19,GANGAVARAM,8,52.1,SEVERE,SYNTHETIC
2023-09-20,GANGAVARAM,3,27.1,HIGH,SYNTHETIC
2023-09-21,GANGAVARAM,8,55.8,SEVERE,SYNTHETIC
2023-09-22,GANGAVARAM,6,33.2,SEVERE,SYNTHETIC
2023-09-25,GANGAVARAM,4,24.4,HIGH,SYNTHETIC
2023-09-26,GANGAVARAM,6,47.3,SEVERE,SYNTHETIC
2023-09-27,GANGAVARAM,5,28.9,HIGH,SYNTHETIC
2023-09-28,GANGAVARAM,8,58.1,SEVERE,SYNTHETIC
2023-09-29,GANGAVARAM,6,35.5,SEVERE,SYNTHETIC
2023-10-02,GANGAVARAM,0,7.8,NORMAL,SYNTHETIC
2023-10-03,GANGAVARAM,2,6.6,NORMAL,SYNTHETIC
2023-10-04,GANGAVARAM,1,7.4,NORMAL,SYNTHETIC
2023-10-05,GANGAVARAM,2,8.3,NORMAL,SYNTHETIC
2023-10-06,GANGAVARAM,0,6.9,NORMAL,SYNTHETIC
2023-10-09,GANGAVARAM,1,8.2,NORMAL,SYNTHETIC
2023-10-10,GANGAVARAM,1,10.5,NORMAL,SYNTHETIC
2023-10-11,GANGAVARAM,2,11.8,NORMAL,SYNTHETIC
2023-10-12,GANGAVARAM,0,11.9,NORMAL,SYNTHETIC
2023-10-13,GANGAVARAM,0,9.7,NORMAL,SYNTHETIC
2023-10-16,GANGAVARAM,0,11.1,NORMAL,SYNTHETIC
2023-10-17,GANGAVARAM,0,11.1,NORMAL,SYNTHETIC
2023-10-18,GANGAVARAM,1,11.1,NORMAL,SYNTHETIC
2023-10-19,GANGAVARAM,0,10.8,NORMAL,SYNTHETIC
2023-10-20,GANGAVARAM,0,12.0,NORMAL,SYNTHETIC
2023-10-23,GANGAVARAM,0,11.9,NORMAL,SYNTHETIC
2023-10-24,GANGAVARAM,1,12.0,NORMAL,SYNTHETIC
2023-10-25,GANGAVARAM,1,14.8,ELEVATED,SYNTHETIC
2023-10-26,GANGAVARAM,4,18.6,HIGH,SYNTHETIC
2023-10-27,GANGAVARAM,3,20.7,HIGH,SYNTHETIC
2023-10-30,GANGAVARAM,3,21.5,HIGH,SYNTHETIC
2023-10-31,GANGAVARAM,3,18.8,HIGH,SYNTHETIC
2023-11-01,GANGAVARAM,2,16.9,ELEVATED,SYNTHETIC
2023-11-02,GANGAVARAM,4,18.2,HIGH,SYNTHETIC
2023-11-03,GANGAVARAM,4,19.7,HIGH,SYNTHETIC
2023-11-06,GANGAVARAM,2,19.5,HIGH,SYNTHETIC
2023-11-07,GANGAVARAM,2,18.9,HIGH,SYNTHETIC
2023-11-08,GANGAVARAM,1,17.3,ELEVATED,SYNTHETIC
2023-11-09,GANGAVARAM,2,14.7,ELEVATED,SYNTHETIC
2023-11-10,GANGAVARAM,1,12.0,NORMAL,SYNTHETIC
2023-11-13,GANGAVARAM,3,12.2,NORMAL,SYNTHETIC
2023-11-14,GANGAVARAM,1,13.0,NORMAL,SYNTHETIC
2023-11-15,GANGAVARAM,1,15.6,ELEVATED,SYNTHETIC
2023-11-16,GANGAVARAM,2,16.7,ELEVATED,SYNTHETIC
2023-11-17,GANGAVARAM,3,18.5,HIGH,SYNTHETIC
2023-11-20,GANGAVARAM,1,16.6,ELEVATED,SYNTHETIC
2023-11-21,GANGAVARAM,3,19.0,HIGH,SYNTHETIC
2023-11-22,GANGAVARAM,2,16.2,ELEVATED,SYNTHETIC
2023-11-23,GANGAVARAM,3,13.8,NORMAL,SYNTHETIC
2023-11-24,GANGAVARAM,2,14.8,ELEVATED,SYNTHETIC
2023-11-27,GANGAVARAM,1,14.5,ELEVATED,SYNTHETIC
2023-11-28,GANGAVARAM,3,13.7,NORMAL,SYNTHETIC
2023-11-29,GANGAVARAM,2,14.3,NORMAL,SYNTHETIC
2023-11-30,GANGAVARAM,3,16.8,ELEVATED,SYNTHETIC
2023-12-01,GANGAVARAM,2,18.9,HIGH,SYNTHETIC
2023-12-04,GANGAVARAM,3,16.2,ELEVATED,SYNTHETIC
2023-12-05,GANGAVARAM,3,14.6,ELEVATED,SYNTHETIC
2023-12-06,GANGAVARAM,1,14.4,ELEVATED,SYNTHETIC
2023-12-07,GANGAVARAM,1,14.1,NORMAL,SYNTHETIC
2023-12-08,GANGAVARAM,1,10.6,NORMAL,SYNTHETIC
2023-12-11,GANGAVARAM,1,11.5,NORMAL,SYNTHETIC
2023-12-12,GANGAVARAM,2,14.2,NORMAL,SYNTHETIC
2023-12-13,GANGAVARAM,3,13.4,NORMAL,SYNTHETIC
2023-12-14,GANGAVARAM,2,14.2,NORMAL,SYNTHETIC
2023-12-15,GANGAVARAM,2,14.2,NORMAL,SYNTHETIC
2023-12-18,GANGAVARAM,3,16.0,ELEVATED,SYNTHETIC
2023-12-19,GANGAVARAM,2,20.0,HIGH,SYNTHETIC
2023-12-20,GANGAVARAM,3,19.7,HIGH,SYNTHETIC
2023-12-21,GANGAVARAM,1,15.7,ELEVATED,SYNTHETIC
2023-12-22,GANGAVARAM,3,13.3,NORMAL,SYNTHETIC
2023-12-25,GANGAVARAM,1,14.9,ELEVATED,SYNTHETIC
2023-12-26,GANGAVARAM,1,17.4,ELEVATED,SYNTHETIC
2023-12-27,GANGAVARAM,4,20.5,HIGH,SYNTHETIC
2023-12-28,GANGAVARAM,4,20.9,HIGH,SYNTHETIC
2023-12-29,GANGAVARAM,2,22.3,HIGH,SYNTHETIC
2024-01-01,GANGAVARAM,5,25.7,HIGH,SYNTHETIC
2024-01-02,GANGAVARAM,3,26.9,HIGH,SYNTHETIC
2024-01-03,GANGAVARAM,2,23.8,HIGH,SYNTHETIC
2024-01-04,GANGAVARAM,4,22.2,HIGH,SYNTHETIC
2024-01-05,GANGAVARAM,3,23.4,HIGH,SYNTHETIC
2024-01-08,GANGAVARAM,4,23.8,HIGH,SYNTHETIC
2024-01-09,GANGAVARAM,3,21.7,HIGH,SYNTHETIC
2024-01-10,GANGAVARAM,2,21.6,HIGH,SYNTHETIC
2024-01-11,GANGAVARAM,2,20.6,HIGH,SYNTHETIC
2024-01-12,GANGAVARAM,3,20.9,HIGH,SYNTHETIC
2024-01-15,GANGAVARAM,3,21.6,HIGH,SYNTHETIC
2024-01-16,GANGAVARAM,3,18.9,HIGH,SYNTHETIC
2024-01-17,GANGAVARAM,4,22.6,HIGH,SYNTHETIC
2024-01-18,GANGAVARAM,5,24.1,HIGH,SYNTHETIC
2024-01-19,GANGAVARAM,3,25.1,HIGH,SYNTHETIC
2024-01-22,GANGAVARAM,5,25.0,HIGH,SYNTHETIC
2024-01-23,GANGAVARAM,4,22.9,HIGH,SYNTHETIC
2024-01-24,GANGAVARAM,3,22.8,HIGH,SYNTHETIC
2024-01-25,GANGAVARAM,2,22.9,HIGH,SYNTHETIC
2024-01-26,GANGAVARAM,5,26.9,HIGH,SYNTHETIC
2024-01-29,GANGAVARAM,3,27.0,HIGH,SYNTHETIC
2024-01-30,GANGAVARAM,3,27.1,HIGH,SYNTHETIC
2024-01-31,GANGAVARAM,5,30.2,SEVERE,SYNTHETIC
2024-02-01,GANGAVARAM,6,32.7,SEVERE,SYNTHETIC
2024-02-02,GANGAVARAM,4,34.4,SEVERE,SYNTHETIC
2024-02-05,GANGAVARAM,4,34.4,SEVERE,SYNTHETIC
2024-02-06,GANGAVARAM,7,38.1,SEVERE,SYNTHETIC
2024-02-07,GANGAVARAM,6,31.7,SEVERE,SYNTHETIC
2024-02-08,GANGAVARAM,4,35.7,SEVERE,SYNTHETIC
2024-02-09,GANGAVARAM,7,37.1,SEVERE,SYNTHETIC
2024-02-12,GANGAVARAM,6,39.2,SEVERE,SYNTHETIC
2024-02-13,GANGAVARAM,5,38.7,SEVERE,SYNTHETIC
2024-02-14,GANGAVARAM,7,38.3,SEVERE,SYNTHETIC
2024-02-15,GANGAVARAM,7,41.5,SEVERE,SYNTHETIC
2024-02-16,GANGAVARAM,7,41.5,SEVERE,SYNTHETIC
2024-02-19,GANGAVARAM,5,41.4,SEVERE,SYNTHETIC
2024-02-20,GANGAVARAM,7,39.8,SEVERE,SYNTHETIC
2024-02-21,GANGAVARAM,6,38.4,SEVERE,SYNTHETIC
2024-02-22,GANGAVARAM,4,34.5,SEVERE,SYNTHETIC
2024-02-23,GANGAVARAM,5,32.7,SEVERE,SYNTHETIC
2024-02-26,GANGAVARAM,4,32.9,SEVERE,SYNTHETIC
2024-02-27,GANGAVARAM,5,32.5,SEVERE,SYNTHETIC
2024-02-28,GANGAVARAM,4,31.5,SEVERE,SYNTHETIC
2024-02-29,GANGAVARAM,5,33.4,SEVERE,SYNTHETIC
2024-03-01,GANGAVARAM,4,33.7,SEVERE,SYNTHETIC
2024-03-04,GANGAVARAM,5,32.4,SEVERE,SYNTHETIC
2024-03-05,GANGAVARAM,6,33.5,SEVERE,SYNTHETIC
2024-03-06,GANGAVARAM,4,35.3,SEVERE,SYNTHETIC
2024-03-07,GANGAVARAM,5,37.0,SEVERE,SYNTHETIC
2024-03-08,GANGAVARAM,4,32.6,SEVERE,SYNTHETIC
2024-03-11,GANGAVARAM,6,32.9,SEVERE,SYNTHETIC
2024-03-12,GANGAVARAM,4,32.7,SEVERE,SYNTHETIC
2024-03-13,GANGAVARAM,4,31.8,SEVERE,SYNTHETIC
2024-03-14,GANGAVARAM,4,30.2,SEVERE,SYNTHETIC
2024-03-15,GANGAVARAM,5,26.1,HIGH,SYNTHETIC
2024-03-18,GANGAVARAM,5,29.5,HIGH,SYNTHETIC
2024-03-19,GANGAVARAM,5,31.4,SEVERE,SYNTHETIC
2024-03-20,GANGAVARAM,5,33.1,SEVERE,SYNTHETIC
2024-03-21,GANGAVARAM,6,36.3,SEVERE,SYNTHETIC
2024-03-22,GANGAVARAM,5,33.8,SEVERE,SYNTHETIC
2024-03-25,GANGAVARAM,6,31.7,SEVERE,SYNTHETIC
2024-03-26,GANGAVARAM,4,33.5,SEVERE,SYNTHETIC
2024-03-27,GANGAVARAM,4,34.3,SEVERE,SYNTHETIC
2024-03-28,GANGAVARAM,5,35.2,SEVERE,SYNTHETIC
2024-03-29,GANGAVARAM,6,35.2,SEVERE,SYNTHETIC
2024-04-01,GANGAVARAM,6,36.1,SEVERE,SYNTHETIC
2024-04-02,GANGAVARAM,6,35.0,SEVERE,SYNTHETIC
2024-04-03,GANGAVARAM,6,34.4,SEVERE,SYNTHETIC
2024-04-04,GANGAVARAM,4,34.0,SEVERE,SYNTHETIC
2024-04-05,GANGAVARAM,6,33.1,SEVERE,SYNTHETIC
2024-04-08,GANGAVARAM,5,35.7,SEVERE,SYNTHETIC
2024-04-09,GANGAVARAM,7,37.3,SEVERE,SYNTHETIC
2024-04-10,GANGAVARAM,5,35.8,SEVERE,SYNTHETIC
2024-04-11,GANGAVARAM,5,32.8,SEVERE,SYNTHETIC
2024-04-12,GANGAVARAM,3,29.6,HIGH,SYNTHETIC
2024-04-15,GANGAVARAM,5,31.1,SEVERE,SYNTHETIC
2024-04-16,GANGAVARAM,6,31.1,SEVERE,SYNTHETIC
2024-04-17,GANGAVARAM,5,31.0,SEVERE,SYNTHETIC
2024-04-18,GANGAVARAM,4,31.1,SEVERE,SYNTHETIC
2024-04-19,GANGAVARAM,4,30.7,SEVERE,SYNTHETIC
2024-04-22,GANGAVARAM,5,30.0,HIGH,SYNTHETIC
2024-04-23,GANGAVARAM,4,32.7,SEVERE,SYNTHETIC
2024-04-24,GANGAVARAM,5,30.0,SEVERE,SYNTHETIC
2024-04-25,GANGAVARAM,4,34.4,SEVERE,SYNTHETIC
2024-04-26,GANGAVARAM,5,32.0,SEVERE,SYNTHETIC
2024-04-29,GANGAVARAM,6,32.8,SEVERE,SYNTHETIC
2024-04-30,GANGAVARAM,6,31.7,SEVERE,SYNTHETIC
2024-05-01,GANGAVARAM,4,31.5,SEVERE,SYNTHETIC
2024-05-02,GANGAVARAM,7,37.8,SEVERE,SYNTHETIC
2024-05-03,GANGAVARAM,6,38.4,SEVERE,SYNTHETIC
2024-05-06,GANGAVARAM,6,38.5,SEVERE,SYNTHETIC
2024-05-07,GANGAVARAM,7,40.4,SEVERE,SYNTHETIC
2024-05-08,GANGAVARAM,6,38.4,SEVERE,SYNTHETIC
2024-05-09,GANGAVARAM,4,35.3,SEVERE,SYNTHETIC
2024-05-10,GANGAVARAM,4,34.3,SEVERE,SYNTHETIC
2024-05-13,GANGAVARAM,5,33.2,SEVERE,SYNTHETIC
2024-05-14,GANGAVARAM,4,30.7,SEVERE,SYNTHETIC
2024-05-15,GANGAVARAM,6,33.5,SEVERE,SYNTHETIC
2024-05-16,GANGAVARAM,5,31.7,SEVERE,SYNTHETIC
2024-05-17,GANGAVARAM,5,28.3,HIGH,SYNTHETIC
2024-05-20,GANGAVARAM,5,27.3,HIGH,SYNTHETIC
2024-05-21,GANGAVARAM,5,25.3,HIGH,SYNTHETIC
2024-05-22,GANGAVARAM,3,27.5,HIGH,SYNTHETIC
2024-05-23,GANGAVARAM,5,26.6,HIGH,SYNTHETIC
2024-05-24,GANGAVARAM,5,25.0,HIGH,SYNTHETIC
2024-05-27,GANGAVARAM,5,24.2,HIGH,SYNTHETIC
2024-05-28,GANGAVARAM,4,23.6,HIGH,SYNTHETIC
2024-05-29,GANGAVARAM,4,22.8,HIGH,SYNTHETIC
2024-05-30,GANGAVARAM,4,24.4,HIGH,SYNTHETIC
2024-05-31,GANGAVARAM,4,26.8,HIGH,SYNTHETIC
2024-06-03,GANGAVARAM,6,45.2,SEVERE,SYNTHETIC
2024-06-04,GANGAVARAM,5,34.6,SEVERE,SYNTHETIC
2024-06-05,GANGAVARAM,9,55.2,SEVERE,SYNTHETIC
2024-06-06,GANGAVARAM,6,44.2,SEVERE,SYNTHETIC
2024-06-07,GANGAVARAM,10,56.2,SEVERE,SYNTHETIC
2024-06-10,GANGAVARAM,7,51.3,SEVERE,SYNTHETIC
2024-06-11,GANGAVARAM,6,39.0,SEVERE,SYNTHETIC
2024-06-12,GANGAVARAM,7,45.9,SEVERE,SYNTHETIC
2024-06-13,GANGAVARAM,8,44.1,SEVERE,SYNTHETIC
2024-06-14,GANGAVARAM,4,32.7,SEVERE,SYNTHETIC
2024-06-17,GANGAVARAM,7,42.1,SEVERE,SYNTHETIC
2024-06-18,GANGAVARAM,8,44.7,SEVERE,SYNTHETIC
2024-06-19,GANGAVARAM,10,59.3,SEVERE,SYNTHETIC
2024-06-20,GANGAVARAM,7,38.7,SEVERE,SYNTHETIC
2024-06-21,GANGAVARAM,6,43.5,SEVERE,SYNTHETIC
2024-06-24,GANGAVARAM,6,39.7,SEVERE,SYNTHETIC
2024-06-25,GANGAVARAM,6,40.0,SEVERE,SYNTHETIC
2024-06-26,GANGAVARAM,6,40.0,SEVERE,SYNTHETIC
2024-06-27,GANGAVARAM,11,74.8,SEVERE,SYNTHETIC
2024-06-28,GANGAVARAM,8,54.0,SEVERE,SYNTHETIC
2024-07-01,GANGAVARAM,6,34.3,SEVERE,SYNTHETIC
2024-07-02,GANGAVARAM,8,59.4,SEVERE,SYNTHETIC
2024-07-03,GANGAVARAM,6,31.2,SEVERE,SYNTHETIC
2024-07-04,GANGAVARAM,6,35.7,SEVERE,SYNTHETIC
2024-07-05,GANGAVARAM,4,29.2,HIGH,SYNTHETIC
2024-07-08,GANGAVARAM,6,44.5,SEVERE,SYNTHETIC
2024-07-09,GANGAVARAM,7,49.3,SEVERE,SYNTHETIC
2024-07-10,GANGAVARAM,9,51.6,SEVERE,SYNTHETIC
2024-07-11,GANGAVARAM,9,64.5,SEVERE,SYNTHETIC
2024-07-12,GANGAVARAM,11,66.0,SEVERE,SYNTHETIC
2024-07-15,GANGAVARAM,8,51.6,SEVERE,SYNTHETIC
2024-07-16,GANGAVARAM,6,41.9,SEVERE,SYNTHETIC
2024-07-17,GANGAVARAM,10,68.3,SEVERE,SYNTHETIC
2024-07-18,GANGAVARAM,5,40.3,SEVERE,SYNTHETIC
2024-07-19,GANGAVARAM,9,65.4,SEVERE,SYNTHETIC
2024-07-22,GANGAVARAM,5,36.3,SEVERE,SYNTHETIC
2024-07-23,GANGAVARAM,10,63.1,SEVERE,SYNTHETIC
2024-07-24,GANGAVARAM,11,62.1,SEVERE,SYNTHETIC
2024-07-25,GANGAVARAM,10,56.0,SEVERE,SYNTHETIC
2024-07-26,GANGAVARAM,7,39.5,SEVERE,SYNTHETIC
2024-07-29,GANGAVARAM,8,51.9,SEVERE,SYNTHETIC
2024-07-30,GANGAVARAM,9,56.0,SEVERE,SYNTHETIC
2024-07-31,GANGAVARAM,8,55.4,SEVERE,SYNTHETIC
2024-08-01,GANGAVARAM,5,30.9,SEVERE,SYNTHETIC
2024-08-02,GANGAVARAM,10,56.2,SEVERE,SYNTHETIC
2024-08-05,GANGAVARAM,8,45.9,SEVERE,SYNTHETIC
2024-08-06,GANGAVARAM,8,55.6,SEVERE,SYNTHETIC
2024-08-07,GANGAVARAM,11,65.7,SEVERE,SYNTHETIC
2024-08-08,GANGAVARAM,9,48.6,SEVERE,SYNTHETIC
2024-08-09,GANGAVARAM,8,44.5,SEVERE,SYNTHETIC
2024-08-12,GANGAVARAM,10,68.3,SEVERE,SYNTHETIC
2024-08-13,GANGAVARAM,12,66.6,SEVERE,SYNTHETIC
2024-08-14,GANGAVARAM,6,40.4,SEVERE,SYNTHETIC
2024-08-15,GANGAVARAM,9,57.4,SEVERE,SYNTHETIC
2024-08-16,GANGAVARAM,11,61.4,SEVERE,SYNTHETIC
2024-08-19,GANGAVARAM,7,51.7,SEVERE,SYNTHETIC
2024-08-20,GANGAVARAM,8,58.1,SEVERE,SYNTHETIC
2024-08-21,GANGAVARAM,12,71.6,SEVERE,SYNTHETIC
2024-08-22,GANGAVARAM,8,54.9,SEVERE,SYNTHETIC
2024-08-23,GANGAVARAM,14,79.4,SEVERE,SYNTHETIC
2024-08-26,GANGAVARAM,8,57.1,SEVERE,SYNTHETIC
2024-08-27,GANGAVARAM,12,70.7,SEVERE,SYNTHETIC
2024-08-28,GANGAVARAM,14,82.8,SEVERE,SYNTHETIC
2024-08-29,GANGAVARAM,14,83.7,SEVERE,SYNTHETIC
2024-08-30,GANGAVARAM,15,84.5,SEVERE,SYNTHETIC
2024-09-02,GANGAVARAM,10,63.3,SEVERE,SYNTHETIC
2024-09-03,GANGAVARAM,10,65.8,SEVERE,SYNTHETIC
2024-09-04,GANGAVARAM,11,78.0,SEVERE,SYNTHETIC
2024-09-05,GANGAVARAM,10,61.1,SEVERE,SYNTHETIC
2024-09-06,GANGAVARAM,13,82.7,SEVERE,SYNTHETIC
2024-09-09,GANGAVARAM,10,68.7,SEVERE,SYNTHETIC
2024-09-10,GANGAVARAM,14,89.3,SEVERE,SYNTHETIC
2024-09-11,GANGAVARAM,14,81.0,SEVERE,SYNTHETIC
2024-09-12,GANGAVARAM,12,70.1,SEVERE,SYNTHETIC
2024-09-13,GANGAVARAM,15,88.9,SEVERE,SYNTHETIC
2024-09-16,GANGAVARAM,11,60.8,SEVERE,SYNTHETIC
2024-09-17,GANGAVARAM,11,64.3,SEVERE,SYNTHETIC
2024-09-18,GANGAVARAM,13,79.7,SEVERE,SYNTHETIC
2024-09-19,GANGAVARAM,11,63.4,SEVERE,SYNTHETIC
2024-09-20,GANGAVARAM,13,72.6,SEVERE,SYNTHETIC
2024-09-23,GANGAVARAM,11,71.1,SEVERE,SYNTHETIC
2024-09-24,GANGAVARAM,13,80.5,SEVERE,SYNTHETIC
2024-09-25,GANGAVARAM,14,94.4,SEVERE,SYNTHETIC
2024-09-26,GANGAVARAM,12,73.1,SEVERE,SYNTHETIC
2024-09-27,GANGAVARAM,14,81.9,SEVERE,SYNTHETIC
2024-09-30,GANGAVARAM,14,93.4,SEVERE,SYNTHETIC
2024-10-01,GANGAVARAM,8,48.7,SEVERE,SYNTHETIC
2024-10-02,GANGAVARAM,6,45.5,SEVERE,SYNTHETIC
2024-10-03,GANGAVARAM,7,40.5,SEVERE,SYNTHETIC
2024-10-04,GANGAVARAM,6,40.1,SEVERE,SYNTHETIC
2024-10-07,GANGAVARAM,5,40.0,SEVERE,SYNTHETIC
2024-10-08,GANGAVARAM,5,40.8,SEVERE,SYNTHETIC
2024-10-09,GANGAVARAM,7,39.6,SEVERE,SYNTHETIC
2024-10-10,GANGAVARAM,5,39.1,SEVERE,SYNTHETIC
2024-10-11,GANGAVARAM,5,37.0,SEVERE,SYNTHETIC
2024-10-14,GANGAVARAM,4,34.2,SEVERE,SYNTHETIC
2024-10-15,GANGAVARAM,5,35.1,SEVERE,SYNTHETIC
2024-10-16,GANGAVARAM,4,34.2,SEVERE,SYNTHETIC
2024-10-17,GANGAVARAM,6,31.3,SEVERE,SYNTHETIC
2024-10-18,GANGAVARAM,5,26.6,HIGH,SYNTHETIC
2024-10-21,GANGAVARAM,3,22.5,HIGH,SYNTHETIC
2024-10-22,GANGAVARAM,2,23.9,HIGH,SYNTHETIC
2024-10-23,GANGAVARAM,4,24.6,HIGH,SYNTHETIC
2024-10-24,GANGAVARAM,4,24.4,HIGH,SYNTHETIC
2024-10-25,GANGAVARAM,3,24.3,HIGH,SYNTHETIC
2024-10-28,GANGAVARAM,3,24.0,HIGH,SYNTHETIC
2024-10-29,GANGAVARAM,3,21.1,HIGH,SYNTHETIC
2024-10-30,GANGAVARAM,4,22.9,HIGH,SYNTHETIC
2024-10-31,GANGAVARAM,3,24.6,HIGH,SYNTHETIC
2024-11-01,GANGAVARAM,4,26.2,HIGH,SYNTHETIC
2024-11-04,GANGAVARAM,3,24.1,HIGH,SYNTHETIC
2024-11-05,GANGAVARAM,2,23.0,HIGH,SYNTHETIC
2024-11-06,GANGAVARAM,2,23.8,HIGH,SYNTHETIC
2024-11-07,GANGAVARAM,4,23.2,HIGH,SYNTHETIC
2024-11-08,GANGAVARAM,3,21.5,HIGH,SYNTHETIC
2024-11-11,GANGAVARAM,4,20.7,HIGH,SYNTHETIC
2024-11-12,GANGAVARAM,3,22.0,HIGH,SYNTHETIC
2024-11-13,GANGAVARAM,2,22.7,HIGH,SYNTHETIC
2024-11-14,GANGAVARAM,4,26.0,HIGH,SYNTHETIC
2024-11-15,GANGAVARAM,4,27.0,HIGH,SYNTHETIC
2024-11-18,GANGAVARAM,5,28.7,HIGH,SYNTHETIC
2024-11-19,GANGAVARAM,5,27.1,HIGH,SYNTHETIC
2024-11-20,GANGAVARAM,4,28.4,HIGH,SYNTHETIC
2024-11-21,GANGAVARAM,4,29.1,HIGH,SYNTHETIC
2024-11-22,GANGAVARAM,5,28.0,HIGH,SYNTHETIC
2024-11-25,GANGAVARAM,4,27.2,HIGH,SYNTHETIC
2024-11-26,GANGAVARAM,3,24.7,HIGH,SYNTHETIC
2024-11-27,GANGAVARAM,5,24.0,HIGH,SYNTHETIC
2024-11-28,GANGAVARAM,2,22.7,HIGH,SYNTHETIC
2024-11-29,GANGAVARAM,3,22.7,HIGH,SYNTHETIC
2024-12-02,GANGAVARAM,2,23.5,HIGH,SYNTHETIC
2024-12-03,GANGAVARAM,4,26.0,HIGH,SYNTHETIC
2024-12-04,GANGAVARAM,3,26.5,HIGH,SYNTHETIC
2024-12-05,GANGAVARAM,4,26.7,HIGH,SYNTHETIC
2024-12-06,GANGAVARAM,5,25.1,HIGH,SYNTHETIC
2024-12-09,GANGAVARAM,4,25.0,HIGH,SYNTHETIC
2024-12-10,GANGAVARAM,3,25.4,HIGH,SYNTHETIC
2024-12-11,GANGAVARAM,3,26.8,HIGH,SYNTHETIC
2024-12-12,GANGAVARAM,4,25.0,HIGH,SYNTHETIC
2024-12-13,GANGAVARAM,3,27.6,HIGH,SYNTHETIC
2024-12-16,GANGAVARAM,5,27.6,HIGH,SYNTHETIC
2024-12-17,GANGAVARAM,3,27.9,HIGH,SYNTHETIC
2024-12-18,GANGAVARAM,4,27.3,HIGH,SYNTHETIC
2024-12-19,GANGAVARAM,5,26.7,HIGH,SYNTHETIC
2024-12-20,GANGAVARAM,4,24.4,HIGH,SYNTHETIC
2024-12-23,GANGAVARAM,2,22.9,HIGH,SYNTHETIC
2024-12-24,GANGAVARAM,2,21.8,HIGH,SYNTHETIC
2024-12-25,GANGAVARAM,4,19.0,HIGH,SYNTHETIC
2024-12-26,GANGAVARAM,3,19.0,HIGH,SYNTHETIC
2024-12-27,GANGAVARAM,3,18.6,HIGH,SYNTHETIC
2024-12-30,GANGAVARAM,2,17.8,ELEVATED,SYNTHETIC
2024-12-31,GANGAVARAM,4,19.6,HIGH,SYNTHETIC
2025-01-01,GANGAVARAM,3,20.0,HIGH,SYNTHETIC
2025-01-02,GANGAVARAM,2,15.6,ELEVATED,SYNTHETIC
2025-01-03,GANGAVARAM,1,14.5,ELEVATED,SYNTHETIC
2025-01-06,GANGAVARAM,2,17.1,ELEVATED,SYNTHETIC
2025-01-07,GANGAVARAM,3,22.1,HIGH,SYNTHETIC
2025-01-08,GANGAVARAM,3,22.6,HIGH,SYNTHETIC
2025-01-09,GANGAVARAM,2,20.9,HIGH,SYNTHETIC
2025-01-10,GANGAVARAM,2,23.1,HIGH,SYNTHETIC
2025-01-13,GANGAVARAM,4,20.2,HIGH,SYNTHETIC
2025-01-14,GANGAVARAM,4,19.9,HIGH,SYNTHETIC
2025-01-15,GANGAVARAM,2,23.1,HIGH,SYNTHETIC
2025-01-16,GANGAVARAM,3,24.3,HIGH,SYNTHETIC
2025-01-17,GANGAVARAM,5,25.1,HIGH,SYNTHETIC
2025-01-20,GANGAVARAM,3,24.8,HIGH,SYNTHETIC
2025-01-21,GANGAVARAM,4,23.2,HIGH,SYNTHETIC
2025-01-22,GANGAVARAM,2,22.3,HIGH,SYNTHETIC
2025-01-23,GANGAVARAM,4,21.7,HIGH,SYNTHETIC
2025-01-24,GANGAVARAM,4,20.5,HIGH,SYNTHETIC
2025-01-27,GANGAVARAM,3,20.1,HIGH,SYNTHETIC
2025-01-28,GANGAVARAM,3,21.8,HIGH,SYNTHETIC
2025-01-29,GANGAVARAM,3,20.7,HIGH,SYNTHETIC
2025-01-30,GANGAVARAM,4,21.2,HIGH,SYNTHETIC
2025-01-31,GANGAVARAM,1,16.8,ELEVATED,SYNTHETIC
2025-02-03,GANGAVARAM,1,16.7,ELEVATED,SYNTHETIC
2025-02-04,GANGAVARAM,1,15.8,ELEVATED,SYNTHETIC
2025-02-05,GANGAVARAM,1,13.8,NORMAL,SYNTHETIC
2025-02-06,GANGAVARAM,3,13.4,NORMAL,SYNTHETIC
2025-02-07,GANGAVARAM,2,12.9,NORMAL,SYNTHETIC
2025-02-10,GANGAVARAM,1,14.5,ELEVATED,SYNTHETIC
2025-02-11,GANGAVARAM,2,13.9,NORMAL,SYNTHETIC
2025-02-12,GANGAVARAM,3,12.5,NORMAL,SYNTHETIC
2025-02-13,GANGAVARAM,2,12.6,NORMAL,SYNTHETIC
2025-02-14,GANGAVARAM,1,12.5,NORMAL,SYNTHETIC
2025-02-17,GANGAVARAM,0,10.8,NORMAL,SYNTHETIC
2025-02-18,GANGAVARAM,2,10.6,NORMAL,SYNTHETIC
2025-02-19,GANGAVARAM,1,12.3,NORMAL,SYNTHETIC
2025-02-20,GANGAVARAM,0,10.0,NORMAL,SYNTHETIC
2025-02-21,GANGAVARAM,3,12.1,NORMAL,SYNTHETIC
2025-02-24,GANGAVARAM,3,12.5,NORMAL,SYNTHETIC
2025-02-25,GANGAVARAM,2,11.6,NORMAL,SYNTHETIC
2025-02-26,GANGAVARAM,2,10.5,NORMAL,SYNTHETIC
2025-02-27,GANGAVARAM,2,11.4,NORMAL,SYNTHETIC
2025-02-28,GANGAVARAM,3,12.7,NORMAL,SYNTHETIC
2025-03-03,GANGAVARAM,3,12.6,NORMAL,SYNTHETIC
2025-03-04,GANGAVARAM,1,13.0,NORMAL,SYNTHETIC
2025-03-05,GANGAVARAM,3,12.6,NORMAL,SYNTHETIC
2025-03-06,GANGAVARAM,1,10.1,NORMAL,SYNTHETIC
2025-03-07,GANGAVARAM,1,11.9,NORMAL,SYNTHETIC
2025-03-10,GANGAVARAM,3,13.3,NORMAL,SYNTHETIC
2025-03-11,GANGAVARAM,3,14.3,NORMAL,SYNTHETIC
2025-03-12,GANGAVARAM,2,14.2,NORMAL,SYNTHETIC
2025-03-13,GANGAVARAM,4,19.1,HIGH,SYNTHETIC
2025-03-14,GANGAVARAM,1,14.7,ELEVATED,SYNTHETIC
2025-03-17,GANGAVARAM,2,12.0,NORMAL,SYNTHETIC
2025-03-18,GANGAVARAM,1,12.5,NORMAL,SYNTHETIC
2025-03-19,GANGAVARAM,2,9.2,NORMAL,SYNTHETIC
2025-03-20,GANGAVARAM,1,7.0,NORMAL,SYNTHETIC
2025-03-21,GANGAVARAM,0,5.7,NORMAL,SYNTHETIC
2025-03-24,GANGAVARAM,0,8.9,NORMAL,SYNTHETIC
2025-03-25,GANGAVARAM,1,10.3,NORMAL,SYNTHETIC
2025-03-26,GANGAVARAM,0,9.9,NORMAL,SYNTHETIC
2025-03-27,GANGAVARAM,2,6.2,NORMAL,SYNTHETIC
2025-03-28,GANGAVARAM,2,7.6,NORMAL,SYNTHETIC
2025-03-31,GANGAVARAM,0,4.2,NORMAL,SYNTHETIC
2025-04-01,GANGAVARAM,1,7.2,NORMAL,SYNTHETIC
2025-04-02,GANGAVARAM,0,7.6,NORMAL,SYNTHETIC
2025-04-03,GANGAVARAM,1,7.8,NORMAL,SYNTHETIC
2025-04-04,GANGAVARAM,2,11.4,NORMAL,SYNTHETIC
2025-04-07,GANGAVARAM,0,7.2,NORMAL,SYNTHETIC
2025-04-08,GANGAVARAM,2,7.1,NORMAL,SYNTHETIC
2025-04-09,GANGAVARAM,1,8.2,NORMAL,SYNTHETIC
2025-04-10,GANGAVARAM,0,7.1,NORMAL,SYNTHETIC
2025-04-11,GANGAVARAM,0,4.4,NORMAL,SYNTHETIC
2025-04-14,GANGAVARAM,1,6.1,NORMAL,SYNTHETIC
2025-04-15,GANGAVARAM,1,7.1,NORMAL,SYNTHETIC
2025-04-16,GANGAVARAM,0,5.7,NORMAL,SYNTHETIC
2025-04-17,GANGAVARAM,1,3.7,NORMAL,SYNTHETIC
2025-04-18,GANGAVARAM,1,3.5,NORMAL,SYNTHETIC
2025-04-21,GANGAVARAM,0,3.2,NORMAL,SYNTHETIC
2025-04-22,GANGAVARAM,2,6.5,NORMAL,SYNTHETIC
2025-04-23,GANGAVARAM,0,4.6,NORMAL,SYNTHETIC
2025-04-24,GANGAVARAM,0,4.8,NORMAL,SYNTHETIC
2025-04-25,GANGAVARAM,1,2.9,NORMAL,SYNTHETIC
2025-04-28,GANGAVARAM,0,4.0,NORMAL,SYNTHETIC
2025-04-29,GANGAVARAM,0,5.6,NORMAL,SYNTHETIC
2025-04-30,GANGAVARAM,0,5.0,NORMAL,SYNTHETIC
2025-05-01,GANGAVARAM,0,5.2,NORMAL,SYNTHETIC
2025-05-02,GANGAVARAM,0,3.0,NORMAL,SYNTHETIC
2025-05-05,GANGAVARAM,0,3.1,NORMAL,SYNTHETIC
2025-05-06,GANGAVARAM,0,2.4,NORMAL,SYNTHETIC
2025-05-07,GANGAVARAM,1,2.5,NORMAL,SYNTHETIC
2025-05-08,GANGAVARAM,0,5.3,NORMAL,SYNTHETIC
2025-05-09,GANGAVARAM,0,6.0,NORMAL,SYNTHETIC
2025-05-12,GANGAVARAM,0,7.9,NORMAL,SYNTHETIC
2025-05-13,GANGAVARAM,0,6.3,NORMAL,SYNTHETIC
2025-05-14,GANGAVARAM,1,6.3,NORMAL,SYNTHETIC
2025-05-15,GANGAVARAM,2,9.4,NORMAL,SYNTHETIC
2025-05-16,GANGAVARAM,0,11.3,NORMAL,SYNTHETIC
2025-05-19,GANGAVARAM,1,13.7,NORMAL,SYNTHETIC
2025-05-20,GANGAVARAM,1,14.4,ELEVATED,SYNTHETIC
2025-05-21,GANGAVARAM,1,17.7,ELEVATED,SYNTHETIC
2025-05-22,GANGAVARAM,2,19.3,HIGH,SYNTHETIC
2025-05-23,GANGAVARAM,3,21.8,HIGH,SYNTHETIC
2025-05-26,GANGAVARAM,2,21.7,HIGH,SYNTHETIC
2025-05-27,GANGAVARAM,2,22.2,HIGH,SYNTHETIC
2025-05-28,GANGAVARAM,4,20.2,HIGH,SYNTHETIC
2025-05-29,GANGAVARAM,4,19.0,HIGH,SYNTHETIC
2025-05-30,GANGAVARAM,3,18.2,HIGH,SYNTHETIC
2025-06-02,GANGAVARAM,8,53.5,SEVERE,SYNTHETIC
2025-06-03,GANGAVARAM,7,51.8,SEVERE,SYNTHETIC
2025-06-04,GANGAVARAM,5,37.1,SEVERE,SYNTHETIC
2025-06-05,GANGAVARAM,9,57.7,SEVERE,SYNTHETIC
2025-06-06,GANGAVARAM,6,37.3,SEVERE,SYNTHETIC
2025-06-09,GANGAVARAM,8,48.1,SEVERE,SYNTHETIC
2025-06-10,GANGAVARAM,6,46.5,SEVERE,SYNTHETIC
2025-06-11,GANGAVARAM,7,45.1,SEVERE,SYNTHETIC
2025-06-12,GANGAVARAM,7,46.0,SEVERE,SYNTHETIC
2025-06-13,GANGAVARAM,5,30.0,HIGH,SYNTHETIC
2025-06-16,GANGAVARAM,6,39.4,SEVERE,SYNTHETIC
2025-06-17,GANGAVARAM,8,45.5,SEVERE,SYNTHETIC
2025-06-18,GANGAVARAM,4,33.7,SEVERE,SYNTHETIC
2025-06-19,GANGAVARAM,7,48.8,SEVERE,SYNTHETIC
2025-06-20,GANGAVARAM,5,36.4,SEVERE,SYNTHETIC
2025-06-23,GANGAVARAM,2,16.2,ELEVATED,SYNTHETIC
2025-06-24,GANGAVARAM,6,31.7,SEVERE,SYNTHETIC
2025-06-25,GANGAVARAM,6,40.5,SEVERE,SYNTHETIC
2025-06-26,GANGAVARAM,2,13.4,NORMAL,SYNTHETIC
2025-06-27,GANGAVARAM,2,11.7,NORMAL,SYNTHETIC
2025-06-30,GANGAVARAM,4,33.9,SEVERE,SYNTHETIC
2025-07-01,GANGAVARAM,0,5.5,NORMAL,SYNTHETIC
2025-07-02,GANGAVARAM,5,29.5,HIGH,SYNTHETIC
2025-07-03,GANGAVARAM,2,14.0,NORMAL,SYNTHETIC
2025-07-04,GANGAVARAM,1,14.4,NORMAL,SYNTHETIC
2025-07-07,GANGAVARAM,4,32.2,SEVERE,SYNTHETIC
2025-07-08,GANGAVARAM,3,13.5,NORMAL,SYNTHETIC
2025-07-09,GANGAVARAM,4,29.6,HIGH,SYNTHETIC
2025-07-10,GANGAVARAM,0,5.4,NORMAL,SYNTHETIC
2025-07-11,GANGAVARAM,4,30.7,SEVERE,SYNTHETIC
2025-07-14,GANGAVARAM,5,28.8,HIGH,SYNTHETIC
2025-07-15,GANGAVARAM,0,0.0,NORMAL,SYNTHETIC
2025-07-16,GANGAVARAM,0,0.0,NORMAL,SYNTHETIC
2025-07-17,GANGAVARAM,5,24.1,HIGH,SYNTHETIC
2025-07-18,GANGAVARAM,0,0.0,NORMAL,SYNTHETIC
2025-07-21,GANGAVARAM,0,9.2,NORMAL,SYNTHETIC
2025-07-22,GANGAVARAM,1,2.9,NORMAL,SYNTHETIC
2025-07-23,GANGAVARAM,1,17.8,ELEVATED,SYNTHETIC
2025-07-24,GANGAVARAM,0,0.9,NORMAL,SYNTHETIC
2025-07-25,GANGAVARAM,2,11.6,NORMAL,SYNTHETIC
2025-07-28,GANGAVARAM,3,23.7,HIGH,SYNTHETIC
2025-07-29,GANGAVARAM,0,1.6,NORMAL,SYNTHETIC
2025-07-30,GANGAVARAM,0,7.9,NORMAL,SYNTHETIC
2025-07-31,GANGAVARAM,1,0.0,NORMAL,SYNTHETIC
2025-08-01,GANGAVARAM,4,20.6,HIGH,SYNTHETIC
2025-08-04,GANGAVARAM,0,0.1,NORMAL,SYNTHETIC
2025-08-05,GANGAVARAM,0,0.2,NORMAL,SYNTHETIC
2025-08-06,GANGAVARAM,2,15.8,ELEVATED,SYNTHETIC
2025-08-07,GANGAVARAM,0,3.0,NORMAL,SYNTHETIC
2025-08-08,GANGAVARAM,3,25.4,HIGH,SYNTHETIC
2025-08-11,GANGAVARAM,2,21.8,HIGH,SYNTHETIC
2025-08-12,GANGAVARAM,0,0.8,NORMAL,SYNTHETIC
2025-08-13,GANGAVARAM,3,29.7,HIGH,SYNTHETIC
2025-08-14,GANGAVARAM,1,0.9,NORMAL,SYNTHETIC
2025-08-15,GANGAVARAM,5,27.8,HIGH,SYNTHETIC
2025-08-18,GANGAVARAM,2,12.7,NORMAL,SYNTHETIC
2025-08-19,GANGAVARAM,1,0.0,NORMAL,SYNTHETIC
2025-08-20,GANGAVARAM,5,24.7,HIGH,SYNTHETIC
2025-08-21,GANGAVARAM,2,7.9,NORMAL,SYNTHETIC
2025-08-22,GANGAVARAM,3,14.2,NORMAL,SYNTHETIC
2025-08-25,GANGAVARAM,2,15.4,ELEVATED,SYNTHETIC
2025-08-26,GANGAVARAM,2,8.2,NORMAL,SYNTHETIC
2025-08-27,GANGAVARAM,1,0.0,NORMAL,SYNTHETIC
2025-08-28,GANGAVARAM,1,5.5,NORMAL,SYNTHETIC
2025-08-29,GANGAVARAM,1,5.3,NORMAL,SYNTHETIC
2025-09-01,GANGAVARAM,3,22.3,HIGH,SYNTHETIC
2025-09-02,GANGAVARAM,1,0.0,NORMAL,SYNTHETIC
2025-09-03,GANGAVARAM,0,1.2,NORMAL,SYNTHETIC
2025-09-04,GANGAVARAM,4,18.9,HIGH,SYNTHETIC
2025-09-05,GANGAVARAM,1,0.0,NORMAL,SYNTHETIC
2025-09-08,GANGAVARAM,1,12.7,NORMAL,SYNTHETIC
2025-09-09,GANGAVARAM,3,14.1,NORMAL,SYNTHETIC
2025-09-10,GANGAVARAM,0,0.0,NORMAL,SYNTHETIC
2025-09-11,GANGAVARAM,3,18.9,HIGH,SYNTHETIC
2025-09-12,GANGAVARAM,5,24.5,HIGH,SYNTHETIC
2025-09-15,GANGAVARAM,3,24.3,HIGH,SYNTHETIC
2025-09-16,GANGAVARAM,4,24.3,HIGH,SYNTHETIC
2025-09-17,GANGAVARAM,0,0.0,NORMAL,SYNTHETIC
2025-09-18,GANGAVARAM,0,0.0,NORMAL,SYNTHETIC
2025-09-19,GANGAVARAM,2,15.6,ELEVATED,SYNTHETIC
2025-09-22,GANGAVARAM,0,0.0,NORMAL,SYNTHETIC
2025-09-23,GANGAVARAM,0,0.0,NORMAL,SYNTHETIC
2025-09-24,GANGAVARAM,3,18.8,HIGH,SYNTHETIC
2025-09-25,GANGAVARAM,1,4.4,NORMAL,SYNTHETIC
2025-09-26,GANGAVARAM,0,0.0,NORMAL,SYNTHETIC
2025-09-29,GANGAVARAM,1,8.4,NORMAL,SYNTHETIC
2025-09-30,GANGAVARAM,0,5.8,NORMAL,SYNTHETIC
2025-10-01,GANGAVARAM,0,0.0,NORMAL,SYNTHETIC
2025-10-02,GANGAVARAM,1,0.0,NORMAL,SYNTHETIC
2025-10-03,GANGAVARAM,0,0.0,NORMAL,SYNTHETIC
2025-10-06,GANGAVARAM,0,0.0,NORMAL,SYNTHETIC
2025-10-07,GANGAVARAM,0,0.0,NORMAL,SYNTHETIC
2025-10-08,GANGAVARAM,0,0.0,NORMAL,SYNTHETIC
2025-10-09,GANGAVARAM,1,0.0,NORMAL,SYNTHETIC
2025-10-10,GANGAVARAM,0,0.0,NORMAL,SYNTHETIC
2025-10-13,GANGAVARAM,1,0.0,NORMAL,SYNTHETIC
2025-10-14,GANGAVARAM,1,0.0,NORMAL,SYNTHETIC
2025-10-15,GANGAVARAM,0,0.0,NORMAL,SYNTHETIC
2025-10-16,GANGAVARAM,0,0.0,NORMAL,SYNTHETIC
2025-10-17,GANGAVARAM,0,0.0,NORMAL,SYNTHETIC
2025-10-20,GANGAVARAM,0,0.0,NORMAL,SYNTHETIC
2025-10-21,GANGAVARAM,0,0.0,NORMAL,SYNTHETIC
2025-10-22,GANGAVARAM,1,0.0,NORMAL,SYNTHETIC
2025-10-23,GANGAVARAM,0,0.0,NORMAL,SYNTHETIC
2025-10-24,GANGAVARAM,0,0.0,NORMAL,SYNTHETIC
2025-10-27,GANGAVARAM,0,0.0,NORMAL,SYNTHETIC
2025-10-28,GANGAVARAM,0,0.0,NORMAL,SYNTHETIC
2025-10-29,GANGAVARAM,0,0.0,NORMAL,SYNTHETIC
2025-10-30,GANGAVARAM,0,0.0,NORMAL,SYNTHETIC
2025-10-31,GANGAVARAM,1,0.0,NORMAL,SYNTHETIC
2025-11-03,GANGAVARAM,1,0.0,NORMAL,SYNTHETIC
2025-11-04,GANGAVARAM,0,0.0,NORMAL,SYNTHETIC
2025-11-05,GANGAVARAM,0,0.0,NORMAL,SYNTHETIC
2025-11-06,GANGAVARAM,0,0.0,NORMAL,SYNTHETIC
2025-11-07,GANGAVARAM,1,0.0,NORMAL,SYNTHETIC
2025-11-10,GANGAVARAM,1,0.0,NORMAL,SYNTHETIC
2025-11-11,GANGAVARAM,1,0.0,NORMAL,SYNTHETIC
2025-11-12,GANGAVARAM,0,0.0,NORMAL,SYNTHETIC
2025-11-13,GANGAVARAM,0,0.0,NORMAL,SYNTHETIC
2025-11-14,GANGAVARAM,0,0.0,NORMAL,SYNTHETIC
2025-11-17,GANGAVARAM,1,0.0,NORMAL,SYNTHETIC
2025-11-18,GANGAVARAM,0,0.0,NORMAL,SYNTHETIC
2025-11-19,GANGAVARAM,0,0.0,NORMAL,SYNTHETIC
2025-11-20,GANGAVARAM,0,0.0,NORMAL,SYNTHETIC
2025-11-21,GANGAVARAM,1,0.0,NORMAL,SYNTHETIC
2025-11-24,GANGAVARAM,1,0.0,NORMAL,SYNTHETIC
2025-11-25,GANGAVARAM,0,0.0,NORMAL,SYNTHETIC
2025-11-26,GANGAVARAM,0,0.0,NORMAL,SYNTHETIC
2025-11-27,GANGAVARAM,0,0.0,NORMAL,SYNTHETIC
2025-11-28,GANGAVARAM,0,0.0,NORMAL,SYNTHETIC
2025-12-01,GANGAVARAM,1,0.0,NORMAL,SYNTHETIC
2025-12-02,GANGAVARAM,0,0.0,NORMAL,SYNTHETIC
2025-12-03,GANGAVARAM,1,0.0,NORMAL,SYNTHETIC
2025-12-04,GANGAVARAM,1,0.0,NORMAL,SYNTHETIC
2025-12-05,GANGAVARAM,0,0.0,NORMAL,SYNTHETIC
2025-12-08,GANGAVARAM,0,0.0,NORMAL,SYNTHETIC
2025-12-09,GANGAVARAM,0,0.0,NORMAL,SYNTHETIC
2025-12-10,GANGAVARAM,0,0.0,NORMAL,SYNTHETIC
2025-12-11,GANGAVARAM,1,0.0,NORMAL,SYNTHETIC
2025-12-12,GANGAVARAM,0,0.0,NORMAL,SYNTHETIC
2025-12-15,GANGAVARAM,0,0.0,NORMAL,SYNTHETIC
2025-12-16,GANGAVARAM,1,0.0,NORMAL,SYNTHETIC
2025-12-17,GANGAVARAM,0,0.0,NORMAL,SYNTHETIC
2025-12-18,GANGAVARAM,0,0.0,NORMAL,SYNTHETIC
2025-12-19,GANGAVARAM,1,0.0,NORMAL,SYNTHETIC
2025-12-22,GANGAVARAM,0,0.0,NORMAL,SYNTHETIC
2025-12-23,GANGAVARAM,0,0.0,NORMAL,SYNTHETIC
2025-12-24,GANGAVARAM,1,0.0,NORMAL,SYNTHETIC
2025-12-25,GANGAVARAM,0,0.0,NORMAL,SYNTHETIC
2025-12-26,GANGAVARAM,1,0.0,NORMAL,SYNTHETIC
2025-12-29,GANGAVARAM,0,0.0,NORMAL,SYNTHETIC
2025-12-30,GANGAVARAM,0,0.0,NORMAL,SYNTHETIC
2025-12-31,GANGAVARAM,0,0.0,NORMAL,SYNTHETIC
2026-01-01,GANGAVARAM,1,0.0,NORMAL,SYNTHETIC
2026-01-02,GANGAVARAM,1,0.0,NORMAL,SYNTHETIC
2026-01-05,GANGAVARAM,0,0.0,NORMAL,SYNTHETIC
2026-01-06,GANGAVARAM,0,0.0,NORMAL,SYNTHETIC
2026-01-07,GANGAVARAM,1,0.0,NORMAL,SYNTHETIC
2026-01-08,GANGAVARAM,1,0.0,NORMAL,SYNTHETIC
2026-01-09,GANGAVARAM,1,0.0,NORMAL,SYNTHETIC
2026-01-12,GANGAVARAM,0,0.0,NORMAL,SYNTHETIC
2026-01-13,GANGAVARAM,0,0.0,NORMAL,SYNTHETIC
2026-01-14,GANGAVARAM,1,3.1,NORMAL,SYNTHETIC
2026-01-15,GANGAVARAM,0,3.5,NORMAL,SYNTHETIC
2026-01-16,GANGAVARAM,1,8.1,NORMAL,SYNTHETIC
2026-01-19,GANGAVARAM,0,9.7,NORMAL,SYNTHETIC
2026-01-20,GANGAVARAM,2,9.9,NORMAL,SYNTHETIC
2026-01-21,GANGAVARAM,2,10.6,NORMAL,SYNTHETIC
2026-01-22,GANGAVARAM,1,13.3,NORMAL,SYNTHETIC
2026-01-23,GANGAVARAM,2,11.2,NORMAL,SYNTHETIC
2026-01-26,GANGAVARAM,0,10.5,NORMAL,SYNTHETIC
2026-01-27,GANGAVARAM,1,9.2,NORMAL,SYNTHETIC
2026-01-28,GANGAVARAM,1,6.8,NORMAL,SYNTHETIC
2026-01-29,GANGAVARAM,1,3.3,NORMAL,SYNTHETIC
2026-01-30,GANGAVARAM,1,4.7,NORMAL,SYNTHETIC
2026-02-02,GANGAVARAM,0,6.1,NORMAL,SYNTHETIC
2026-02-03,GANGAVARAM,1,9.6,NORMAL,SYNTHETIC
2026-02-04,GANGAVARAM,1,11.7,NORMAL,SYNTHETIC
2026-02-05,GANGAVARAM,2,11.6,NORMAL,SYNTHETIC
2026-02-06,GANGAVARAM,3,13.4,NORMAL,SYNTHETIC
2026-02-09,GANGAVARAM,0,11.7,NORMAL,SYNTHETIC
2026-02-10,GANGAVARAM,1,11.4,NORMAL,SYNTHETIC
2026-02-11,GANGAVARAM,1,11.9,NORMAL,SYNTHETIC
2026-02-12,GANGAVARAM,2,17.5,ELEVATED,SYNTHETIC
2026-02-13,GANGAVARAM,1,17.2,ELEVATED,SYNTHETIC
2026-02-16,GANGAVARAM,3,15.0,ELEVATED,SYNTHETIC
2026-02-17,GANGAVARAM,1,10.7,NORMAL,SYNTHETIC
2026-02-18,GANGAVARAM,2,9.3,NORMAL,SYNTHETIC
2026-02-19,GANGAVARAM,0,8.1,NORMAL,SYNTHETIC
2026-02-20,GANGAVARAM,1,10.8,NORMAL,SYNTHETIC
2026-02-23,GANGAVARAM,1,9.2,NORMAL,SYNTHETIC
2026-02-24,GANGAVARAM,0,11.6,NORMAL,SYNTHETIC
2026-02-25,GANGAVARAM,1,14.9,ELEVATED,SYNTHETIC
2026-02-26,GANGAVARAM,2,13.7,NORMAL,SYNTHETIC
2026-02-27,GANGAVARAM,1,12.9,NORMAL,SYNTHETIC
2026-03-02,GANGAVARAM,2,13.9,NORMAL,SYNTHETIC
2026-03-03,GANGAVARAM,1,12.0,NORMAL,SYNTHETIC
2026-03-04,GANGAVARAM,1,9.8,NORMAL,SYNTHETIC
2026-03-05,GANGAVARAM,0,10.5,NORMAL,SYNTHETIC
2026-03-06,GANGAVARAM,1,7.0,NORMAL,SYNTHETIC
2026-03-09,GANGAVARAM,1,6.3,NORMAL,SYNTHETIC
2026-03-10,GANGAVARAM,1,8.3,NORMAL,SYNTHETIC
2026-03-11,GANGAVARAM,1,9.2,NORMAL,SYNTHETIC
2026-03-12,GANGAVARAM,2,8.8,NORMAL,SYNTHETIC
2026-03-13,GANGAVARAM,0,9.1,NORMAL,SYNTHETIC
2026-03-16,GANGAVARAM,1,9.5,NORMAL,SYNTHETIC
2026-03-17,GANGAVARAM,1,10.2,NORMAL,SYNTHETIC
2026-03-18,GANGAVARAM,2,7.4,NORMAL,SYNTHETIC
2026-03-19,GANGAVARAM,0,5.4,NORMAL,SYNTHETIC
2026-03-20,GANGAVARAM,0,2.3,NORMAL,SYNTHETIC
2026-03-23,GANGAVARAM,0,3.2,NORMAL,SYNTHETIC
2026-03-24,GANGAVARAM,0,1.3,NORMAL,SYNTHETIC
2026-03-25,GANGAVARAM,0,0.0,NORMAL,SYNTHETIC
2026-03-26,GANGAVARAM,1,0.0,NORMAL,SYNTHETIC
2026-03-27,GANGAVARAM,0,0.0,NORMAL,SYNTHETIC
2026-03-30,GANGAVARAM,0,2.0,NORMAL,SYNTHETIC
2026-03-31,GANGAVARAM,0,0.3,NORMAL,SYNTHETIC
2026-04-01,GANGAVARAM,0,1.8,NORMAL,SYNTHETIC
2026-04-02,GANGAVARAM,1,0.0,NORMAL,SYNTHETIC
2026-04-03,GANGAVARAM,1,1.0,NORMAL,SYNTHETIC
2026-04-06,GANGAVARAM,1,0.4,NORMAL,SYNTHETIC
2026-04-07,GANGAVARAM,0,0.0,NORMAL,SYNTHETIC
2026-04-08,GANGAVARAM,1,0.9,NORMAL,SYNTHETIC
2026-04-09,GANGAVARAM,1,0.0,NORMAL,SYNTHETIC
2026-04-10,GANGAVARAM,1,0.0,NORMAL,SYNTHETIC
2026-04-13,GANGAVARAM,0,0.2,NORMAL,SYNTHETIC
2026-04-14,GANGAVARAM,1,2.2,NORMAL,SYNTHETIC
2026-04-15,GANGAVARAM,0,0.1,NORMAL,SYNTHETIC
2026-04-16,GANGAVARAM,0,3.3,NORMAL,SYNTHETIC
2026-04-17,GANGAVARAM,1,4.5,NORMAL,SYNTHETIC
2026-04-20,GANGAVARAM,1,3.7,NORMAL,SYNTHETIC
2026-04-21,GANGAVARAM,1,4.1,NORMAL,SYNTHETIC
2026-04-22,GANGAVARAM,1,7.1,NORMAL,SYNTHETIC
2026-04-23,GANGAVARAM,0,8.3,NORMAL,SYNTHETIC
2026-04-24,GANGAVARAM,2,9.2,NORMAL,SYNTHETIC
2026-04-27,GANGAVARAM,2,12.2,NORMAL,SYNTHETIC
2026-04-28,GANGAVARAM,3,12.9,NORMAL,SYNTHETIC
2026-04-29,GANGAVARAM,2,14.5,ELEVATED,SYNTHETIC
2026-04-30,GANGAVARAM,1,13.6,NORMAL,SYNTHETIC
2026-05-01,GANGAVARAM,1,15.2,ELEVATED,SYNTHETIC
2026-05-04,GANGAVARAM,1,14.7,ELEVATED,SYNTHETIC
2026-05-05,GANGAVARAM,0,9.9,NORMAL,SYNTHETIC
2026-05-06,GANGAVARAM,0,9.1,NORMAL,SYNTHETIC
2026-05-07,GANGAVARAM,2,8.8,NORMAL,SYNTHETIC
2026-05-08,GANGAVARAM,0,5.4,NORMAL,SYNTHETIC
2026-05-11,GANGAVARAM,0,4.6,NORMAL,SYNTHETIC
2026-05-12,GANGAVARAM,0,3.2,NORMAL,SYNTHETIC
2026-05-13,GANGAVARAM,0,5.0,NORMAL,SYNTHETIC
2026-05-14,GANGAVARAM,1,5.9,NORMAL,SYNTHETIC
2026-05-15,GANGAVARAM,1,5.1,NORMAL,SYNTHETIC
2026-05-18,GANGAVARAM,1,6.2,NORMAL,SYNTHETIC
2026-05-19,GANGAVARAM,1,7.7,NORMAL,SYNTHETIC
2026-05-20,GANGAVARAM,1,10.5,NORMAL,SYNTHETIC
2026-05-21,GANGAVARAM,0,10.4,NORMAL,SYNTHETIC
2026-05-22,GANGAVARAM,1,12.4,NORMAL,SYNTHETIC
2026-05-25,GANGAVARAM,0,8.6,NORMAL,SYNTHETIC
2026-05-26,GANGAVARAM,1,10.0,NORMAL,SYNTHETIC
2026-05-27,GANGAVARAM,2,7.0,NORMAL,SYNTHETIC
2026-05-28,GANGAVARAM,0,6.6,NORMAL,SYNTHETIC
2026-05-29,GANGAVARAM,1,8.8,NORMAL,SYNTHETIC
2026-06-01,GANGAVARAM,7,48.9,SEVERE,SYNTHETIC
2026-06-02,GANGAVARAM,5,30.7,SEVERE,SYNTHETIC
2026-06-03,GANGAVARAM,4,31.1,SEVERE,SYNTHETIC
2026-06-04,GANGAVARAM,10,56.1,SEVERE,SYNTHETIC
2026-06-05,GANGAVARAM,4,22.8,HIGH,SYNTHETIC
2026-06-08,GANGAVARAM,8,51.4,SEVERE,SYNTHETIC
2026-06-09,GANGAVARAM,10,54.4,SEVERE,SYNTHETIC
2026-06-10,GANGAVARAM,4,31.5,SEVERE,SYNTHETIC
2026-06-11,GANGAVARAM,6,43.1,SEVERE,SYNTHETIC
2026-06-12,GANGAVARAM,11,61.0,SEVERE,SYNTHETIC
2026-06-15,GANGAVARAM,9,64.6,SEVERE,SYNTHETIC
2026-06-16,GANGAVARAM,11,64.5,SEVERE,SYNTHETIC
2026-06-17,GANGAVARAM,10,56.2,SEVERE,SYNTHETIC
2026-06-18,GANGAVARAM,8,52.8,SEVERE,SYNTHETIC
2026-06-19,GANGAVARAM,9,49.8,SEVERE,SYNTHETIC
2026-06-22,GANGAVARAM,9,60.0,SEVERE,SYNTHETIC
2026-06-23,GANGAVARAM,5,37.5,SEVERE,SYNTHETIC
2026-06-24,GANGAVARAM,5,40.3,SEVERE,SYNTHETIC
2026-06-25,GANGAVARAM,7,44.4,SEVERE,SYNTHETIC
2026-06-26,GANGAVARAM,7,39.9,SEVERE,SYNTHETIC
2026-06-29,GANGAVARAM,8,53.0,SEVERE,SYNTHETIC
2026-06-30,GANGAVARAM,5,35.5,SEVERE,SYNTHETIC
2026-07-01,GANGAVARAM,8,57.9,SEVERE,SYNTHETIC
2026-07-02,GANGAVARAM,6,32.1,SEVERE,SYNTHETIC
2026-07-03,GANGAVARAM,4,28.6,HIGH,SYNTHETIC
2026-07-06,GANGAVARAM,8,53.7,SEVERE,SYNTHETIC
2026-07-07,GANGAVARAM,6,31.5,SEVERE,SYNTHETIC
2026-07-08,GANGAVARAM,6,42.0,SEVERE,SYNTHETIC
2026-07-09,GANGAVARAM,8,53.3,SEVERE,SYNTHETIC
2026-07-10,GANGAVARAM,7,47.2,SEVERE,SYNTHETIC
2026-07-13,GANGAVARAM,11,60.2,SEVERE,SYNTHETIC
2026-07-14,GANGAVARAM,4,27.8,HIGH,SYNTHETIC
2026-07-15,GANGAVARAM,9,49.7,SEVERE,SYNTHETIC
2026-07-16,GANGAVARAM,9,48.0,SEVERE,SYNTHETIC
2026-07-17,GANGAVARAM,7,46.9,SEVERE,SYNTHETIC
2026-07-20,GANGAVARAM,2,23.4,HIGH,SYNTHETIC
2026-07-21,GANGAVARAM,11,60.3,SEVERE,SYNTHETIC
2026-07-22,GANGAVARAM,9,61.3,SEVERE,SYNTHETIC
2026-07-23,GANGAVARAM,3,26.0,HIGH,SYNTHETIC
2026-07-24,GANGAVARAM,7,43.6,SEVERE,SYNTHETIC
2026-07-27,GANGAVARAM,10,62.9,SEVERE,SYNTHETIC
2026-07-28,GANGAVARAM,9,55.8,SEVERE,SYNTHETIC
2026-07-29,GANGAVARAM,7,44.4,SEVERE,SYNTHETIC
2026-07-30,GANGAVARAM,6,41.0,SEVERE,SYNTHETIC
2026-07-31,GANGAVARAM,10,67.3,SEVERE,SYNTHETIC
2026-08-03,GANGAVARAM,5,41.4,SEVERE,SYNTHETIC
2026-08-04,GANGAVARAM,7,46.6,SEVERE,SYNTHETIC
2026-08-05,GANGAVARAM,12,66.7,SEVERE,SYNTHETIC
2026-08-06,GANGAVARAM,13,74.9,SEVERE,SYNTHETIC
2026-08-07,GANGAVARAM,10,62.8,SEVERE,SYNTHETIC
2026-08-08,GANGAVARAM,7,43.6,SEVERE,SYNTHETIC
2026-08-10,GANGAVARAM,7,49.2,SEVERE,SYNTHETIC
2026-08-11,GANGAVARAM,8,52.1,SEVERE,SYNTHETIC
2026-08-12,GANGAVARAM,5,37.3,SEVERE,SYNTHETIC
2026-08-13,GANGAVARAM,12,69.8,SEVERE,SYNTHETIC
2026-08-14,GANGAVARAM,7,43.8,SEVERE,SYNTHETIC
2026-08-17,GANGAVARAM,9,56.6,SEVERE,SYNTHETIC
2026-08-18,GANGAVARAM,4,32.7,SEVERE,SYNTHETIC
2026-08-19,GANGAVARAM,7,51.1,SEVERE,SYNTHETIC
2026-08-20,GANGAVARAM,5,39.4,SEVERE,SYNTHETIC
2026-08-21,GANGAVARAM,8,52.8,SEVERE,SYNTHETIC
2026-08-24,GANGAVARAM,10,61.4,SEVERE,SYNTHETIC
2026-08-25,GANGAVARAM,9,59.8,SEVERE,SYNTHETIC
2026-08-26,GANGAVARAM,8,52.4,SEVERE,SYNTHETIC
2026-08-27,GANGAVARAM,5,36.8,SEVERE,SYNTHETIC
2026-08-28,GANGAVARAM,8,46.6,SEVERE,SYNTHETIC
2026-08-31,GANGAVARAM,5,28.8,HIGH,SYNTHETIC
2026-09-01,GANGAVARAM,7,49.1,SEVERE,SYNTHETIC
2026-09-02,GANGAVARAM,4,32.5,SEVERE,SYNTHETIC
2026-09-03,GANGAVARAM,8,57.2,SEVERE,SYNTHETIC
2026-09-04,GANGAVARAM,4,30.8,SEVERE,SYNTHETIC
2026-09-08,GANGAVARAM,8,58.8,SEVERE,SYNTHETIC
2023-01-02,GOPALPUR,2,17.9,NORMAL,SYNTHETIC
2023-01-03,GOPALPUR,2,19.2,NORMAL,SYNTHETIC
2023-01-04,GOPALPUR,2,18.8,NORMAL,SYNTHETIC
2023-01-05,GOPALPUR,2,21.3,NORMAL,SYNTHETIC
2023-01-06,GOPALPUR,3,23.5,ELEVATED,SYNTHETIC
2023-01-09,GOPALPUR,4,24.3,ELEVATED,SYNTHETIC
2023-01-10,GOPALPUR,3,21.6,NORMAL,SYNTHETIC
2023-01-11,GOPALPUR,4,22.3,ELEVATED,SYNTHETIC
2023-01-12,GOPALPUR,4,21.6,ELEVATED,SYNTHETIC
2023-01-13,GOPALPUR,2,18.9,NORMAL,SYNTHETIC
2023-01-16,GOPALPUR,2,16.4,NORMAL,SYNTHETIC
2023-01-17,GOPALPUR,2,18.2,NORMAL,SYNTHETIC
2023-01-18,GOPALPUR,2,23.0,ELEVATED,SYNTHETIC
2023-01-19,GOPALPUR,2,23.7,ELEVATED,SYNTHETIC
2023-01-20,GOPALPUR,4,23.5,ELEVATED,SYNTHETIC
2023-01-23,GOPALPUR,3,26.1,ELEVATED,SYNTHETIC
2023-01-24,GOPALPUR,4,26.6,ELEVATED,SYNTHETIC
2023-01-25,GOPALPUR,5,25.2,ELEVATED,SYNTHETIC
2023-01-26,GOPALPUR,3,25.2,ELEVATED,SYNTHETIC
2023-01-27,GOPALPUR,4,23.5,ELEVATED,SYNTHETIC
2023-01-30,GOPALPUR,4,23.9,ELEVATED,SYNTHETIC
2023-01-31,GOPALPUR,5,25.2,ELEVATED,SYNTHETIC
2023-02-01,GOPALPUR,5,27.6,HIGH,SYNTHETIC
2023-02-02,GOPALPUR,5,24.8,ELEVATED,SYNTHETIC
2023-02-03,GOPALPUR,5,27.4,HIGH,SYNTHETIC
2023-02-06,GOPALPUR,3,27.8,HIGH,SYNTHETIC
2023-02-07,GOPALPUR,5,27.6,HIGH,SYNTHETIC
2023-02-08,GOPALPUR,4,26.8,ELEVATED,SYNTHETIC
2023-02-09,GOPALPUR,5,26.7,ELEVATED,SYNTHETIC
2023-02-10,GOPALPUR,4,26.6,ELEVATED,SYNTHETIC
2023-02-13,GOPALPUR,5,25.8,ELEVATED,SYNTHETIC
2023-02-14,GOPALPUR,5,26.1,ELEVATED,SYNTHETIC
2023-02-15,GOPALPUR,4,26.9,ELEVATED,SYNTHETIC
2023-02-16,GOPALPUR,3,26.4,ELEVATED,SYNTHETIC
2023-02-17,GOPALPUR,4,27.8,HIGH,SYNTHETIC
2023-02-20,GOPALPUR,4,26.4,ELEVATED,SYNTHETIC
2023-02-21,GOPALPUR,3,20.9,NORMAL,SYNTHETIC
2023-02-22,GOPALPUR,2,18.8,NORMAL,SYNTHETIC
2023-02-23,GOPALPUR,4,18.5,NORMAL,SYNTHETIC
2023-02-24,GOPALPUR,3,18.7,NORMAL,SYNTHETIC
2023-02-27,GOPALPUR,2,20.4,NORMAL,SYNTHETIC
2023-02-28,GOPALPUR,4,21.5,NORMAL,SYNTHETIC
2023-03-01,GOPALPUR,3,20.4,NORMAL,SYNTHETIC
2023-03-02,GOPALPUR,4,21.4,NORMAL,SYNTHETIC
2023-03-03,GOPALPUR,3,18.9,NORMAL,SYNTHETIC
2023-03-06,GOPALPUR,3,18.1,NORMAL,SYNTHETIC
2023-03-07,GOPALPUR,3,17.0,NORMAL,SYNTHETIC
2023-03-08,GOPALPUR,3,18.4,NORMAL,SYNTHETIC
2023-03-09,GOPALPUR,2,15.1,NORMAL,SYNTHETIC
2023-03-10,GOPALPUR,2,17.5,NORMAL,SYNTHETIC
2023-03-13,GOPALPUR,3,15.0,NORMAL,SYNTHETIC
2023-03-14,GOPALPUR,2,17.4,NORMAL,SYNTHETIC
2023-03-15,GOPALPUR,2,15.7,NORMAL,SYNTHETIC
2023-03-16,GOPALPUR,3,12.9,NORMAL,SYNTHETIC
2023-03-17,GOPALPUR,3,15.2,NORMAL,SYNTHETIC
2023-03-20,GOPALPUR,3,15.2,NORMAL,SYNTHETIC
2023-03-21,GOPALPUR,2,11.2,NORMAL,SYNTHETIC
2023-03-22,GOPALPUR,2,9.2,NORMAL,SYNTHETIC
2023-03-23,GOPALPUR,0,10.3,NORMAL,SYNTHETIC
2023-03-24,GOPALPUR,2,9.3,NORMAL,SYNTHETIC
2023-03-27,GOPALPUR,0,5.4,NORMAL,SYNTHETIC
2023-03-28,GOPALPUR,1,9.5,NORMAL,SYNTHETIC
2023-03-29,GOPALPUR,0,9.2,NORMAL,SYNTHETIC
2023-03-30,GOPALPUR,0,5.3,NORMAL,SYNTHETIC
2023-03-31,GOPALPUR,0,3.4,NORMAL,SYNTHETIC
2023-04-03,GOPALPUR,1,1.1,NORMAL,SYNTHETIC
2023-04-04,GOPALPUR,1,0.2,NORMAL,SYNTHETIC
2023-04-05,GOPALPUR,1,0.0,NORMAL,SYNTHETIC
2023-04-06,GOPALPUR,0,0.0,NORMAL,SYNTHETIC
2023-04-07,GOPALPUR,0,0.0,NORMAL,SYNTHETIC
2023-04-10,GOPALPUR,1,0.0,NORMAL,SYNTHETIC
2023-04-11,GOPALPUR,0,0.0,NORMAL,SYNTHETIC
2023-04-12,GOPALPUR,1,0.0,NORMAL,SYNTHETIC
2023-04-13,GOPALPUR,0,0.3,NORMAL,SYNTHETIC
2023-04-14,GOPALPUR,0,2.5,NORMAL,SYNTHETIC
2023-04-17,GOPALPUR,0,0.0,NORMAL,SYNTHETIC
2023-04-18,GOPALPUR,0,0.4,NORMAL,SYNTHETIC
2023-04-19,GOPALPUR,0,1.0,NORMAL,SYNTHETIC
2023-04-20,GOPALPUR,0,0.2,NORMAL,SYNTHETIC
2023-04-21,GOPALPUR,0,1.2,NORMAL,SYNTHETIC
2023-04-24,GOPALPUR,0,3.1,NORMAL,SYNTHETIC
2023-04-25,GOPALPUR,0,1.4,NORMAL,SYNTHETIC
2023-04-26,GOPALPUR,0,3.2,NORMAL,SYNTHETIC
2023-04-27,GOPALPUR,0,2.8,NORMAL,SYNTHETIC
2023-04-28,GOPALPUR,0,1.0,NORMAL,SYNTHETIC
2023-05-01,GOPALPUR,1,1.5,NORMAL,SYNTHETIC
2023-05-02,GOPALPUR,0,2.7,NORMAL,SYNTHETIC
2023-05-03,GOPALPUR,0,0.0,NORMAL,SYNTHETIC
2023-05-04,GOPALPUR,1,0.0,NORMAL,SYNTHETIC
2023-05-05,GOPALPUR,0,0.0,NORMAL,SYNTHETIC
2023-05-08,GOPALPUR,0,0.0,NORMAL,SYNTHETIC
2023-05-09,GOPALPUR,0,0.0,NORMAL,SYNTHETIC
2023-05-10,GOPALPUR,0,0.0,NORMAL,SYNTHETIC
2023-05-11,GOPALPUR,0,0.0,NORMAL,SYNTHETIC
2023-05-12,GOPALPUR,1,1.3,NORMAL,SYNTHETIC
2023-05-15,GOPALPUR,0,2.5,NORMAL,SYNTHETIC
2023-05-16,GOPALPUR,0,4.8,NORMAL,SYNTHETIC
2023-05-17,GOPALPUR,1,5.9,NORMAL,SYNTHETIC
2023-05-18,GOPALPUR,1,6.5,NORMAL,SYNTHETIC
2023-05-19,GOPALPUR,2,6.9,NORMAL,SYNTHETIC
2023-05-22,GOPALPUR,0,5.2,NORMAL,SYNTHETIC
2023-05-23,GOPALPUR,0,2.7,NORMAL,SYNTHETIC
2023-05-24,GOPALPUR,0,0.0,NORMAL,SYNTHETIC
2023-05-25,GOPALPUR,1,4.3,NORMAL,SYNTHETIC
2023-05-26,GOPALPUR,1,1.4,NORMAL,SYNTHETIC
2023-05-29,GOPALPUR,0,3.2,NORMAL,SYNTHETIC
2023-05-30,GOPALPUR,1,0.6,NORMAL,SYNTHETIC
2023-05-31,GOPALPUR,0,2.8,NORMAL,SYNTHETIC
2023-06-01,GOPALPUR,5,24.6,ELEVATED,SYNTHETIC
2023-06-02,GOPALPUR,8,51.1,SEVERE,SYNTHETIC
2023-06-05,GOPALPUR,6,35.9,HIGH,SYNTHETIC
2023-06-06,GOPALPUR,6,37.7,HIGH,SYNTHETIC
2023-06-07,GOPALPUR,8,43.6,HIGH,SYNTHETIC
2023-06-08,GOPALPUR,4,35.4,HIGH,SYNTHETIC
2023-06-09,GOPALPUR,4,25.7,ELEVATED,SYNTHETIC
2023-06-12,GOPALPUR,4,26.6,ELEVATED,SYNTHETIC
2023-06-13,GOPALPUR,5,35.9,HIGH,SYNTHETIC
2023-06-14,GOPALPUR,6,45.8,SEVERE,SYNTHETIC
2023-06-15,GOPALPUR,7,50.1,SEVERE,SYNTHETIC
2023-06-16,GOPALPUR,8,43.9,HIGH,SYNTHETIC
2023-06-19,GOPALPUR,7,42.0,HIGH,SYNTHETIC
2023-06-20,GOPALPUR,5,40.7,HIGH,SYNTHETIC
2023-06-21,GOPALPUR,3,27.0,HIGH,SYNTHETIC
2023-06-22,GOPALPUR,7,41.4,HIGH,SYNTHETIC
2023-06-23,GOPALPUR,6,33.0,HIGH,SYNTHETIC
2023-06-26,GOPALPUR,3,20.4,NORMAL,SYNTHETIC
2023-06-27,GOPALPUR,5,26.9,ELEVATED,SYNTHETIC
2023-06-28,GOPALPUR,5,32.2,HIGH,SYNTHETIC
2023-06-29,GOPALPUR,8,47.9,SEVERE,SYNTHETIC
2023-06-30,GOPALPUR,3,25.4,ELEVATED,SYNTHETIC
2023-07-03,GOPALPUR,6,35.2,HIGH,SYNTHETIC
2023-07-04,GOPALPUR,5,41.2,HIGH,SYNTHETIC
2023-07-05,GOPALPUR,7,45.1,SEVERE,SYNTHETIC
2023-07-06,GOPALPUR,9,49.2,SEVERE,SYNTHETIC
2023-07-07,GOPALPUR,6,46.5,SEVERE,SYNTHETIC
2023-07-10,GOPALPUR,4,32.5,HIGH,SYNTHETIC
2023-07-11,GOPALPUR,8,46.6,SEVERE,SYNTHETIC
2023-07-12,GOPALPUR,5,26.9,ELEVATED,SYNTHETIC
2023-07-13,GOPALPUR,3,23.0,ELEVATED,SYNTHETIC
2023-07-14,GOPALPUR,4,21.6,ELEVATED,SYNTHETIC
2023-07-17,GOPALPUR,3,22.8,ELEVATED,SYNTHETIC
2023-07-18,GOPALPUR,8,57.8,SEVERE,SYNTHETIC
2023-07-19,GOPALPUR,5,33.0,HIGH,SYNTHETIC
2023-07-20,GOPALPUR,5,40.6,HIGH,SYNTHETIC
2023-07-21,GOPALPUR,7,44.8,HIGH,SYNTHETIC
2023-07-24,GOPALPUR,4,27.8,HIGH,SYNTHETIC
2023-07-25,GOPALPUR,7,36.9,HIGH,SYNTHETIC
2023-07-26,GOPALPUR,10,56.8,SEVERE,SYNTHETIC
2023-07-27,GOPALPUR,4,22.4,ELEVATED,SYNTHETIC
2023-07-28,GOPALPUR,9,49.1,SEVERE,SYNTHETIC
2023-07-31,GOPALPUR,8,46.7,SEVERE,SYNTHETIC
2023-08-01,GOPALPUR,9,51.2,SEVERE,SYNTHETIC
2023-08-02,GOPALPUR,7,49.4,SEVERE,SYNTHETIC
2023-08-03,GOPALPUR,4,32.7,HIGH,SYNTHETIC
2023-08-04,GOPALPUR,6,32.7,HIGH,SYNTHETIC
2023-08-07,GOPALPUR,6,34.8,HIGH,SYNTHETIC
2023-08-08,GOPALPUR,8,50.8,SEVERE,SYNTHETIC
2023-08-09,GOPALPUR,4,34.1,HIGH,SYNTHETIC
2023-08-10,GOPALPUR,9,50.9,SEVERE,SYNTHETIC
2023-08-11,GOPALPUR,4,35.4,HIGH,SYNTHETIC
2023-08-14,GOPALPUR,9,48.9,SEVERE,SYNTHETIC
2023-08-15,GOPALPUR,3,21.0,NORMAL,SYNTHETIC
2023-08-16,GOPALPUR,4,31.7,HIGH,SYNTHETIC
2023-08-17,GOPALPUR,6,37.5,HIGH,SYNTHETIC
2023-08-18,GOPALPUR,2,17.7,NORMAL,SYNTHETIC
2023-08-21,GOPALPUR,0,9.7,NORMAL,SYNTHETIC
2023-08-22,GOPALPUR,5,31.1,HIGH,SYNTHETIC
2023-08-23,GOPALPUR,0,11.0,NORMAL,SYNTHETIC
2023-08-24,GOPALPUR,6,34.1,HIGH,SYNTHETIC
2023-08-25,GOPALPUR,6,42.9,HIGH,SYNTHETIC
2023-08-28,GOPALPUR,4,20.3,NORMAL,SYNTHETIC
2023-08-29,GOPALPUR,3,18.7,NORMAL,SYNTHETIC
2023-08-30,GOPALPUR,3,12.8,NORMAL,SYNTHETIC
2023-08-31,GOPALPUR,5,34.2,HIGH,SYNTHETIC
2023-09-01,GOPALPUR,1,17.9,NORMAL,SYNTHETIC
2023-09-04,GOPALPUR,3,26.9,ELEVATED,SYNTHETIC
2023-09-05,GOPALPUR,2,6.4,NORMAL,SYNTHETIC
2023-09-06,GOPALPUR,0,5.1,NORMAL,SYNTHETIC
2023-09-07,GOPALPUR,5,24.2,ELEVATED,SYNTHETIC
2023-09-08,GOPALPUR,5,26.9,ELEVATED,SYNTHETIC
2023-09-11,GOPALPUR,1,16.8,NORMAL,SYNTHETIC
2023-09-12,GOPALPUR,1,15.7,NORMAL,SYNTHETIC
2023-09-13,GOPALPUR,5,40.7,HIGH,SYNTHETIC
2023-09-14,GOPALPUR,5,26.3,ELEVATED,SYNTHETIC
2023-09-15,GOPALPUR,3,17.6,NORMAL,SYNTHETIC
2023-09-18,GOPALPUR,6,41.5,HIGH,SYNTHETIC
2023-09-19,GOPALPUR,7,42.4,HIGH,SYNTHETIC
2023-09-20,GOPALPUR,4,26.9,ELEVATED,SYNTHETIC
2023-09-21,GOPALPUR,3,20.1,NORMAL,SYNTHETIC
2023-09-22,GOPALPUR,2,15.7,NORMAL,SYNTHETIC
2023-09-25,GOPALPUR,4,25.6,ELEVATED,SYNTHETIC
2023-09-26,GOPALPUR,7,51.5,SEVERE,SYNTHETIC
2023-09-27,GOPALPUR,4,20.7,NORMAL,SYNTHETIC
2023-09-28,GOPALPUR,7,36.4,HIGH,SYNTHETIC
2023-09-29,GOPALPUR,6,36.7,HIGH,SYNTHETIC
2023-10-02,GOPALPUR,1,7.9,NORMAL,SYNTHETIC
2023-10-03,GOPALPUR,2,6.2,NORMAL,SYNTHETIC
2023-10-04,GOPALPUR,0,2.4,NORMAL,SYNTHETIC
2023-10-05,GOPALPUR,0,3.6,NORMAL,SYNTHETIC
2023-10-06,GOPALPUR,1,4.5,NORMAL,SYNTHETIC
2023-10-09,GOPALPUR,0,0.0,NORMAL,SYNTHETIC
2023-10-10,GOPALPUR,0,0.0,NORMAL,SYNTHETIC
2023-10-11,GOPALPUR,0,0.0,NORMAL,SYNTHETIC
2023-10-12,GOPALPUR,1,0.0,NORMAL,SYNTHETIC
2023-10-13,GOPALPUR,1,0.0,NORMAL,SYNTHETIC
2023-10-16,GOPALPUR,1,0.0,NORMAL,SYNTHETIC
2023-10-17,GOPALPUR,1,0.0,NORMAL,SYNTHETIC
2023-10-18,GOPALPUR,1,0.0,NORMAL,SYNTHETIC
2023-10-19,GOPALPUR,0,0.0,NORMAL,SYNTHETIC
2023-10-20,GOPALPUR,0,0.9,NORMAL,SYNTHETIC
2023-10-23,GOPALPUR,1,3.1,NORMAL,SYNTHETIC
2023-10-24,GOPALPUR,0,3.8,NORMAL,SYNTHETIC
2023-10-25,GOPALPUR,0,3.7,NORMAL,SYNTHETIC
2023-10-26,GOPALPUR,0,0.9,NORMAL,SYNTHETIC
2023-10-27,GOPALPUR,0,0.8,NORMAL,SYNTHETIC
2023-10-30,GOPALPUR,0,2.5,NORMAL,SYNTHETIC
2023-10-31,GOPALPUR,0,2.4,NORMAL,SYNTHETIC
2023-11-01,GOPALPUR,0,0.0,NORMAL,SYNTHETIC
2023-11-02,GOPALPUR,0,0.0,NORMAL,SYNTHETIC
2023-11-03,GOPALPUR,0,0.0,NORMAL,SYNTHETIC
2023-11-06,GOPALPUR,1,0.0,NORMAL,SYNTHETIC
2023-11-07,GOPALPUR,1,0.0,NORMAL,SYNTHETIC
2023-11-08,GOPALPUR,1,0.0,NORMAL,SYNTHETIC
2023-11-09,GOPALPUR,1,0.0,NORMAL,SYNTHETIC
2023-11-10,GOPALPUR,0,0.0,NORMAL,SYNTHETIC
2023-11-13,GOPALPUR,1,0.9,NORMAL,SYNTHETIC
2023-11-14,GOPALPUR,1,2.5,NORMAL,SYNTHETIC
2023-11-15,GOPALPUR,1,2.8,NORMAL,SYNTHETIC
2023-11-16,GOPALPUR,0,0.4,NORMAL,SYNTHETIC
2023-11-17,GOPALPUR,1,0.0,NORMAL,SYNTHETIC
2023-11-20,GOPALPUR,0,0.0,NORMAL,SYNTHETIC
2023-11-21,GOPALPUR,0,0.0,NORMAL,SYNTHETIC
2023-11-22,GOPALPUR,0,0.2,NORMAL,SYNTHETIC
2023-11-23,GOPALPUR,0,0.0,NORMAL,SYNTHETIC
2023-11-24,GOPALPUR,1,1.4,NORMAL,SYNTHETIC
2023-11-27,GOPALPUR,1,0.8,NORMAL,SYNTHETIC
2023-11-28,GOPALPUR,0,2.8,NORMAL,SYNTHETIC
2023-11-29,GOPALPUR,0,5.7,NORMAL,SYNTHETIC
2023-11-30,GOPALPUR,0,3.5,NORMAL,SYNTHETIC
2023-12-01,GOPALPUR,0,3.8,NORMAL,SYNTHETIC
2023-12-04,GOPALPUR,0,2.3,NORMAL,SYNTHETIC
2023-12-05,GOPALPUR,0,2.0,NORMAL,SYNTHETIC
2023-12-06,GOPALPUR,0,0.0,NORMAL,SYNTHETIC
2023-12-07,GOPALPUR,0,0.0,NORMAL,SYNTHETIC
2023-12-08,GOPALPUR,0,0.0,NORMAL,SYNTHETIC
2023-12-11,GOPALPUR,0,3.7,NORMAL,SYNTHETIC
2023-12-12,GOPALPUR,0,2.8,NORMAL,SYNTHETIC
2023-12-13,GOPALPUR,1,2.2,NORMAL,SYNTHETIC
2023-12-14,GOPALPUR,0,5.0,NORMAL,SYNTHETIC
2023-12-15,GOPALPUR,0,3.5,NORMAL,SYNTHETIC
2023-12-18,GOPALPUR,0,5.3,NORMAL,SYNTHETIC
2023-12-19,GOPALPUR,0,6.3,NORMAL,SYNTHETIC
2023-12-20,GOPALPUR,0,6.9,NORMAL,SYNTHETIC
2023-12-21,GOPALPUR,2,8.8,NORMAL,SYNTHETIC
2023-12-22,GOPALPUR,0,8.5,NORMAL,SYNTHETIC
2023-12-25,GOPALPUR,1,7.7,NORMAL,SYNTHETIC
2023-12-26,GOPALPUR,0,6.1,NORMAL,SYNTHETIC
2023-12-27,GOPALPUR,2,6.7,NORMAL,SYNTHETIC
2023-12-28,GOPALPUR,0,4.9,NORMAL,SYNTHETIC
2023-12-29,GOPALPUR,0,4.0,NORMAL,SYNTHETIC
2024-01-01,GOPALPUR,0,2.4,NORMAL,SYNTHETIC
2024-01-02,GOPALPUR,0,4.9,NORMAL,SYNTHETIC
2024-01-03,GOPALPUR,0,5.1,NORMAL,SYNTHETIC
2024-01-04,GOPALPUR,0,3.9,NORMAL,SYNTHETIC
2024-01-05,GOPALPUR,0,4.1,NORMAL,SYNTHETIC
2024-01-08,GOPALPUR,0,2.8,NORMAL,SYNTHETIC
2024-01-09,GOPALPUR,0,3.2,NORMAL,SYNTHETIC
2024-01-10,GOPALPUR,0,1.4,NORMAL,SYNTHETIC
2024-01-11,GOPALPUR,0,4.0,NORMAL,SYNTHETIC
2024-01-12,GOPALPUR,1,7.7,NORMAL,SYNTHETIC
2024-01-15,GOPALPUR,1,9.4,NORMAL,SYNTHETIC
2024-01-16,GOPALPUR,2,7.2,NORMAL,SYNTHETIC
2024-01-17,GOPALPUR,1,10.4,NORMAL,SYNTHETIC
2024-01-18,GOPALPUR,2,9.7,NORMAL,SYNTHETIC
2024-01-19,GOPALPUR,0,9.7,NORMAL,SYNTHETIC
2024-01-22,GOPALPUR,3,12.7,NORMAL,SYNTHETIC
2024-01-23,GOPALPUR,1,10.4,NORMAL,SYNTHETIC
2024-01-24,GOPALPUR,1,8.4,NORMAL,SYNTHETIC
2024-01-25,GOPALPUR,1,10.7,NORMAL,SYNTHETIC
2024-01-26,GOPALPUR,0,11.8,NORMAL,SYNTHETIC
2024-01-29,GOPALPUR,2,9.5,NORMAL,SYNTHETIC
2024-01-30,GOPALPUR,0,8.9,NORMAL,SYNTHETIC
2024-01-31,GOPALPUR,2,7.9,NORMAL,SYNTHETIC
2024-02-01,GOPALPUR,2,8.1,NORMAL,SYNTHETIC
2024-02-02,GOPALPUR,0,10.1,NORMAL,SYNTHETIC
2024-02-05,GOPALPUR,1,8.0,NORMAL,SYNTHETIC
2024-02-06,GOPALPUR,2,8.5,NORMAL,SYNTHETIC
2024-02-07,GOPALPUR,2,8.8,NORMAL,SYNTHETIC
2024-02-08,GOPALPUR,0,7.6,NORMAL,SYNTHETIC
2024-02-09,GOPALPUR,1,9.3,NORMAL,SYNTHETIC
2024-02-12,GOPALPUR,1,8.6,NORMAL,SYNTHETIC
2024-02-13,GOPALPUR,1,4.7,NORMAL,SYNTHETIC
2024-02-14,GOPALPUR,0,2.2,NORMAL,SYNTHETIC
2024-02-15,GOPALPUR,0,3.7,NORMAL,SYNTHETIC
2024-02-16,GOPALPUR,2,6.9,NORMAL,SYNTHETIC
2024-02-19,GOPALPUR,2,9.6,NORMAL,SYNTHETIC
2024-02-20,GOPALPUR,0,11.1,NORMAL,SYNTHETIC
2024-02-21,GOPALPUR,1,9.7,NORMAL,SYNTHETIC
2024-02-22,GOPALPUR,2,8.5,NORMAL,SYNTHETIC
2024-02-23,GOPALPUR,2,12.0,NORMAL,SYNTHETIC
2024-02-26,GOPALPUR,2,14.7,NORMAL,SYNTHETIC
2024-02-27,GOPALPUR,1,11.6,NORMAL,SYNTHETIC
2024-02-28,GOPALPUR,1,12.4,NORMAL,SYNTHETIC
2024-02-29,GOPALPUR,1,9.9,NORMAL,SYNTHETIC
2024-03-01,GOPALPUR,1,9.5,NORMAL,SYNTHETIC
2024-03-04,GOPALPUR,0,10.6,NORMAL,SYNTHETIC
2024-03-05,GOPALPUR,1,9.2,NORMAL,SYNTHETIC
2024-03-06,GOPALPUR,0,9.8,NORMAL,SYNTHETIC
2024-03-07,GOPALPUR,1,11.7,NORMAL,SYNTHETIC
2024-03-08,GOPALPUR,2,12.4,NORMAL,SYNTHETIC
2024-03-11,GOPALPUR,2,13.2,NORMAL,SYNTHETIC
2024-03-12,GOPALPUR,2,10.6,NORMAL,SYNTHETIC
2024-03-13,GOPALPUR,1,10.3,NORMAL,SYNTHETIC
2024-03-14,GOPALPUR,2,12.8,NORMAL,SYNTHETIC
2024-03-15,GOPALPUR,2,13.4,NORMAL,SYNTHETIC
2024-03-18,GOPALPUR,3,15.5,NORMAL,SYNTHETIC
2024-03-19,GOPALPUR,3,12.7,NORMAL,SYNTHETIC
2024-03-20,GOPALPUR,3,15.4,NORMAL,SYNTHETIC
2024-03-21,GOPALPUR,4,19.0,NORMAL,SYNTHETIC
2024-03-22,GOPALPUR,2,17.6,NORMAL,SYNTHETIC
2024-03-25,GOPALPUR,2,17.5,NORMAL,SYNTHETIC
2024-03-26,GOPALPUR,2,17.2,NORMAL,SYNTHETIC
2024-03-27,GOPALPUR,3,17.9,NORMAL,SYNTHETIC
2024-03-28,GOPALPUR,2,19.9,NORMAL,SYNTHETIC
2024-03-29,GOPALPUR,2,17.0,NORMAL,SYNTHETIC
2024-04-01,GOPALPUR,3,18.8,NORMAL,SYNTHETIC
2024-04-02,GOPALPUR,4,18.1,NORMAL,SYNTHETIC
2024-04-03,GOPALPUR,2,20.4,NORMAL,SYNTHETIC
2024-04-04,GOPALPUR,2,19.5,NORMAL,SYNTHETIC
2024-04-05,GOPALPUR,3,19.3,NORMAL,SYNTHETIC
2024-04-08,GOPALPUR,3,19.4,NORMAL,SYNTHETIC
2024-04-09,GOPALPUR,4,20.4,NORMAL,SYNTHETIC
2024-04-10,GOPALPUR,2,19.5,NORMAL,SYNTHETIC
2024-04-11,GOPALPUR,2,17.4,NORMAL,SYNTHETIC
2024-04-12,GOPALPUR,2,16.7,NORMAL,SYNTHETIC
2024-04-15,GOPALPUR,1,15.2,NORMAL,SYNTHETIC
2024-04-16,GOPALPUR,3,12.1,NORMAL,SYNTHETIC
2024-04-17,GOPALPUR,1,9.4,NORMAL,SYNTHETIC
2024-04-18,GOPALPUR,1,11.9,NORMAL,SYNTHETIC
2024-04-19,GOPALPUR,2,10.9,NORMAL,SYNTHETIC
2024-04-22,GOPALPUR,0,10.6,NORMAL,SYNTHETIC
2024-04-23,GOPALPUR,2,11.2,NORMAL,SYNTHETIC
2024-04-24,GOPALPUR,3,12.3,NORMAL,SYNTHETIC
2024-04-25,GOPALPUR,2,14.9,NORMAL,SYNTHETIC
2024-04-26,GOPALPUR,3,13.3,NORMAL,SYNTHETIC
2024-04-29,GOPALPUR,2,9.4,NORMAL,SYNTHETIC
2024-04-30,GOPALPUR,1,8.2,NORMAL,SYNTHETIC
2024-05-01,GOPALPUR,0,5.3,NORMAL,SYNTHETIC
2024-05-02,GOPALPUR,2,6.5,NORMAL,SYNTHETIC
2024-05-03,GOPALPUR,0,7.3,NORMAL,SYNTHETIC
2024-05-06,GOPALPUR,1,9.2,NORMAL,SYNTHETIC
2024-05-07,GOPALPUR,0,11.3,NORMAL,SYNTHETIC
2024-05-08,GOPALPUR,3,14.8,NORMAL,SYNTHETIC
2024-05-09,GOPALPUR,1,13.1,NORMAL,SYNTHETIC
2024-05-10,GOPALPUR,3,16.9,NORMAL,SYNTHETIC
2024-05-13,GOPALPUR,2,15.7,NORMAL,SYNTHETIC
2024-05-14,GOPALPUR,1,17.8,NORMAL,SYNTHETIC
2024-05-15,GOPALPUR,4,19.6,NORMAL,SYNTHETIC
2024-05-16,GOPALPUR,3,19.6,NORMAL,SYNTHETIC
2024-05-17,GOPALPUR,4,21.3,NORMAL,SYNTHETIC
2024-05-20,GOPALPUR,4,21.4,NORMAL,SYNTHETIC
2024-05-21,GOPALPUR,3,15.4,NORMAL,SYNTHETIC
2024-05-22,GOPALPUR,1,14.3,NORMAL,SYNTHETIC
2024-05-23,GOPALPUR,3,17.6,NORMAL,SYNTHETIC
2024-05-24,GOPALPUR,4,23.3,ELEVATED,SYNTHETIC
2024-05-27,GOPALPUR,4,22.7,ELEVATED,SYNTHETIC
2024-05-28,GOPALPUR,3,25.4,ELEVATED,SYNTHETIC
2024-05-29,GOPALPUR,5,24.0,ELEVATED,SYNTHETIC
2024-05-30,GOPALPUR,5,24.1,ELEVATED,SYNTHETIC
2024-05-31,GOPALPUR,3,22.6,ELEVATED,SYNTHETIC
2024-06-03,GOPALPUR,5,36.6,HIGH,SYNTHETIC
2024-06-04,GOPALPUR,8,48.3,SEVERE,SYNTHETIC
2024-06-05,GOPALPUR,9,51.4,SEVERE,SYNTHETIC
2024-06-06,GOPALPUR,9,65.1,SEVERE,SYNTHETIC
2024-06-07,GOPALPUR,10,58.6,SEVERE,SYNTHETIC
2024-06-10,GOPALPUR,11,64.1,SEVERE,SYNTHETIC
2024-06-11,GOPALPUR,7,50.3,SEVERE,SYNTHETIC
2024-06-12,GOPALPUR,10,58.5,SEVERE,SYNTHETIC
2024-06-13,GOPALPUR,6,43.2,HIGH,SYNTHETIC
2024-06-14,GOPALPUR,9,59.3,SEVERE,SYNTHETIC
2024-06-17,GOPALPUR,4,32.3,HIGH,SYNTHETIC
2024-06-18,GOPALPUR,3,29.4,HIGH,SYNTHETIC
2024-06-19,GOPALPUR,5,29.9,HIGH,SYNTHETIC
2024-06-20,GOPALPUR,10,56.2,SEVERE,SYNTHETIC
2024-06-21,GOPALPUR,10,56.3,SEVERE,SYNTHETIC
2024-06-24,GOPALPUR,7,45.1,SEVERE,SYNTHETIC
2024-06-25,GOPALPUR,8,42.8,HIGH,SYNTHETIC
2024-06-26,GOPALPUR,9,61.0,SEVERE,SYNTHETIC
2024-06-27,GOPALPUR,5,41.4,HIGH,SYNTHETIC
2024-06-28,GOPALPUR,9,50.6,SEVERE,SYNTHETIC
2024-07-01,GOPALPUR,8,54.2,SEVERE,SYNTHETIC
2024-07-02,GOPALPUR,6,30.9,HIGH,SYNTHETIC
2024-07-03,GOPALPUR,5,36.2,HIGH,SYNTHETIC
2024-07-04,GOPALPUR,7,44.1,HIGH,SYNTHETIC
2024-07-05,GOPALPUR,8,47.0,SEVERE,SYNTHETIC
2024-07-08,GOPALPUR,7,38.1,HIGH,SYNTHETIC
2024-07-09,GOPALPUR,5,34.6,HIGH,SYNTHETIC
2024-07-10,GOPALPUR,7,43.0,HIGH,SYNTHETIC
2024-07-11,GOPALPUR,8,43.0,HIGH,SYNTHETIC
2024-07-12,GOPALPUR,10,60.1,SEVERE,SYNTHETIC
2024-07-15,GOPALPUR,7,37.9,HIGH,SYNTHETIC
2024-07-16,GOPALPUR,8,53.6,SEVERE,SYNTHETIC
2024-07-17,GOPALPUR,3,29.5,HIGH,SYNTHETIC
2024-07-18,GOPALPUR,8,54.9,SEVERE,SYNTHETIC
2024-07-19,GOPALPUR,8,49.4,SEVERE,SYNTHETIC
2024-07-22,GOPALPUR,10,62.8,SEVERE,SYNTHETIC
2024-07-23,GOPALPUR,9,59.2,SEVERE,SYNTHETIC
2024-07-24,GOPALPUR,4,31.6,HIGH,SYNTHETIC
2024-07-25,GOPALPUR,4,30.1,HIGH,SYNTHETIC
2024-07-26,GOPALPUR,3,25.8,ELEVATED,SYNTHETIC
2024-07-29,GOPALPUR,8,50.9,SEVERE,SYNTHETIC
2024-07-30,GOPALPUR,4,27.7,HIGH,SYNTHETIC
2024-07-31,GOPALPUR,4,24.5,ELEVATED,SYNTHETIC
2024-08-01,GOPALPUR,8,53.7,SEVERE,SYNTHETIC
2024-08-02,GOPALPUR,7,47.3,SEVERE,SYNTHETIC
2024-08-05,GOPALPUR,8,52.0,SEVERE,SYNTHETIC
2024-08-06,GOPALPUR,6,47.4,SEVERE,SYNTHETIC
2024-08-07,GOPALPUR,6,35.9,HIGH,SYNTHETIC
2024-08-08,GOPALPUR,8,44.1,HIGH,SYNTHETIC
2024-08-09,GOPALPUR,9,51.1,SEVERE,SYNTHETIC
2024-08-12,GOPALPUR,11,68.0,SEVERE,SYNTHETIC
2024-08-13,GOPALPUR,10,61.2,SEVERE,SYNTHETIC
2024-08-14,GOPALPUR,8,53.0,SEVERE,SYNTHETIC
2024-08-15,GOPALPUR,8,57.5,SEVERE,SYNTHETIC
2024-08-16,GOPALPUR,8,58.0,SEVERE,SYNTHETIC
2024-08-19,GOPALPUR,7,52.2,SEVERE,SYNTHETIC
2024-08-20,GOPALPUR,6,40.1,HIGH,SYNTHETIC
2024-08-21,GOPALPUR,10,57.6,SEVERE,SYNTHETIC
2024-08-22,GOPALPUR,6,33.6,HIGH,SYNTHETIC
2024-08-23,GOPALPUR,10,55.1,SEVERE,SYNTHETIC
2024-08-26,GOPALPUR,7,45.1,SEVERE,SYNTHETIC
2024-08-27,GOPALPUR,8,51.8,SEVERE,SYNTHETIC
2024-08-28,GOPALPUR,10,62.2,SEVERE,SYNTHETIC
2024-08-29,GOPALPUR,7,45.2,SEVERE,SYNTHETIC
2024-08-30,GOPALPUR,8,50.8,SEVERE,SYNTHETIC
2024-09-02,GOPALPUR,9,52.6,SEVERE,SYNTHETIC
2024-09-03,GOPALPUR,9,57.2,SEVERE,SYNTHETIC
2024-09-04,GOPALPUR,5,35.0,HIGH,SYNTHETIC
2024-09-05,GOPALPUR,7,41.3,HIGH,SYNTHETIC
2024-09-06,GOPALPUR,7,49.4,SEVERE,SYNTHETIC
2024-09-09,GOPALPUR,7,49.0,SEVERE,SYNTHETIC
2024-09-10,GOPALPUR,8,52.4,SEVERE,SYNTHETIC
2024-09-11,GOPALPUR,7,46.2,SEVERE,SYNTHETIC
2024-09-12,GOPALPUR,7,41.4,HIGH,SYNTHETIC
2024-09-13,GOPALPUR,4,33.3,HIGH,SYNTHETIC
2024-09-16,GOPALPUR,9,51.3,SEVERE,SYNTHETIC
2024-09-17,GOPALPUR,7,41.4,HIGH,SYNTHETIC
2024-09-18,GOPALPUR,11,63.4,SEVERE,SYNTHETIC
2024-09-19,GOPALPUR,6,32.8,HIGH,SYNTHETIC
2024-09-20,GOPALPUR,4,29.5,HIGH,SYNTHETIC
2024-09-23,GOPALPUR,6,40.9,HIGH,SYNTHETIC
2024-09-24,GOPALPUR,7,44.6,HIGH,SYNTHETIC
2024-09-25,GOPALPUR,6,36.5,HIGH,SYNTHETIC
2024-09-26,GOPALPUR,8,44.1,HIGH,SYNTHETIC
2024-09-27,GOPALPUR,5,38.4,HIGH,SYNTHETIC
2024-09-30,GOPALPUR,6,43.8,HIGH,SYNTHETIC
2024-10-01,GOPALPUR,3,19.0,NORMAL,SYNTHETIC
2024-10-02,GOPALPUR,4,18.5,NORMAL,SYNTHETIC
2024-10-03,GOPALPUR,2,17.4,NORMAL,SYNTHETIC
2024-10-04,GOPALPUR,1,16.2,NORMAL,SYNTHETIC
2024-10-07,GOPALPUR,3,16.8,NORMAL,SYNTHETIC
2024-10-08,GOPALPUR,3,15.5,NORMAL,SYNTHETIC
2024-10-09,GOPALPUR,1,14.6,NORMAL,SYNTHETIC
2024-10-10,GOPALPUR,1,12.9,NORMAL,SYNTHETIC
2024-10-11,GOPALPUR,0,9.4,NORMAL,SYNTHETIC
2024-10-14,GOPALPUR,0,8.7,NORMAL,SYNTHETIC
2024-10-15,GOPALPUR,0,8.8,NORMAL,SYNTHETIC
2024-10-16,GOPALPUR,0,9.7,NORMAL,SYNTHETIC
2024-10-17,GOPALPUR,2,10.3,NORMAL,SYNTHETIC
2024-10-18,GOPALPUR,0,10.1,NORMAL,SYNTHETIC
2024-10-21,GOPALPUR,3,13.9,NORMAL,SYNTHETIC
2024-10-22,GOPALPUR,3,16.8,NORMAL,SYNTHETIC
2024-10-23,GOPALPUR,3,16.6,NORMAL,SYNTHETIC
2024-10-24,GOPALPUR,2,16.9,NORMAL,SYNTHETIC
2024-10-25,GOPALPUR,1,15.7,NORMAL,SYNTHETIC
2024-10-28,GOPALPUR,2,15.5,NORMAL,SYNTHETIC
2024-10-29,GOPALPUR,2,15.5,NORMAL,SYNTHETIC
2024-10-30,GOPALPUR,3,12.4,NORMAL,SYNTHETIC
2024-10-31,GOPALPUR,1,13.3,NORMAL,SYNTHETIC
2024-11-01,GOPALPUR,2,11.8,NORMAL,SYNTHETIC
2024-11-04,GOPALPUR,1,9.3,NORMAL,SYNTHETIC
2024-11-05,GOPALPUR,3,14.2,NORMAL,SYNTHETIC
2024-11-06,GOPALPUR,3,14.6,NORMAL,SYNTHETIC
2024-11-07,GOPALPUR,3,15.0,NORMAL,SYNTHETIC
2024-11-08,GOPALPUR,1,15.8,NORMAL,SYNTHETIC
2024-11-11,GOPALPUR,3,14.3,NORMAL,SYNTHETIC
2024-11-12,GOPALPUR,2,12.3,NORMAL,SYNTHETIC
2024-11-13,GOPALPUR,3,12.5,NORMAL,SYNTHETIC
2024-11-14,GOPALPUR,3,12.1,NORMAL,SYNTHETIC
2024-11-15,GOPALPUR,0,9.3,NORMAL,SYNTHETIC
2024-11-18,GOPALPUR,1,9.3,NORMAL,SYNTHETIC
2024-11-19,GOPALPUR,1,9.6,NORMAL,SYNTHETIC
2024-11-20,GOPALPUR,3,13.9,NORMAL,SYNTHETIC
2024-11-21,GOPALPUR,1,12.6,NORMAL,SYNTHETIC
2024-11-22,GOPALPUR,3,14.4,NORMAL,SYNTHETIC
2024-11-25,GOPALPUR,1,13.9,NORMAL,SYNTHETIC
2024-11-26,GOPALPUR,1,12.9,NORMAL,SYNTHETIC
2024-11-27,GOPALPUR,2,14.8,NORMAL,SYNTHETIC
2024-11-28,GOPALPUR,2,14.5,NORMAL,SYNTHETIC
2024-11-29,GOPALPUR,1,11.0,NORMAL,SYNTHETIC
2024-12-02,GOPALPUR,2,11.4,NORMAL,SYNTHETIC
2024-12-03,GOPALPUR,3,13.6,NORMAL,SYNTHETIC
2024-12-04,GOPALPUR,1,12.7,NORMAL,SYNTHETIC
2024-12-05,GOPALPUR,2,11.8,NORMAL,SYNTHETIC
2024-12-06,GOPALPUR,3,13.2,NORMAL,SYNTHETIC
2024-12-09,GOPALPUR,2,10.5,NORMAL,SYNTHETIC
2024-12-10,GOPALPUR,2,8.6,NORMAL,SYNTHETIC
2024-12-11,GOPALPUR,1,8.8,NORMAL,SYNTHETIC
2024-12-12,GOPALPUR,1,6.7,NORMAL,SYNTHETIC
2024-12-13,GOPALPUR,0,3.1,NORMAL,SYNTHETIC
2024-12-16,GOPALPUR,0,1.9,NORMAL,SYNTHETIC
2024-12-17,GOPALPUR,1,3.7,NORMAL,SYNTHETIC
2024-12-18,GOPALPUR,0,2.3,NORMAL,SYNTHETIC
2024-12-19,GOPALPUR,0,0.5,NORMAL,SYNTHETIC
2024-12-20,GOPALPUR,1,0.0,NORMAL,SYNTHETIC
2024-12-23,GOPALPUR,0,0.8,NORMAL,SYNTHETIC
2024-12-24,GOPALPUR,1,0.0,NORMAL,SYNTHETIC
2024-12-25,GOPALPUR,0,0.0,NORMAL,SYNTHETIC
2024-12-26,GOPALPUR,0,0.8,NORMAL,SYNTHETIC
2024-12-27,GOPALPUR,0,0.2,NORMAL,SYNTHETIC
2024-12-30,GOPALPUR,0,2.2,NORMAL,SYNTHETIC
2024-12-31,GOPALPUR,0,2.7,NORMAL,SYNTHETIC
2025-01-01,GOPALPUR,0,1.2,NORMAL,SYNTHETIC
2025-01-02,GOPALPUR,0,0.0,NORMAL,SYNTHETIC
2025-01-03,GOPALPUR,0,0.3,NORMAL,SYNTHETIC
2025-01-06,GOPALPUR,1,2.5,NORMAL,SYNTHETIC
2025-01-07,GOPALPUR,0,1.1,NORMAL,SYNTHETIC
2025-01-08,GOPALPUR,0,1.4,NORMAL,SYNTHETIC
2025-01-09,GOPALPUR,0,0.5,NORMAL,SYNTHETIC
2025-01-10,GOPALPUR,0,3.7,NORMAL,SYNTHETIC
2025-01-13,GOPALPUR,1,3.5,NORMAL,SYNTHETIC
2025-01-14,GOPALPUR,1,9.8,NORMAL,SYNTHETIC
2025-01-15,GOPALPUR,1,12.5,NORMAL,SYNTHETIC
2025-01-16,GOPALPUR,3,14.3,NORMAL,SYNTHETIC
2025-01-17,GOPALPUR,3,13.5,NORMAL,SYNTHETIC
2025-01-20,GOPALPUR,2,13.8,NORMAL,SYNTHETIC
2025-01-21,GOPALPUR,3,13.8,NORMAL,SYNTHETIC
2025-01-22,GOPALPUR,1,13.6,NORMAL,SYNTHETIC
2025-01-23,GOPALPUR,2,9.6,NORMAL,SYNTHETIC
2025-01-24,GOPALPUR,2,12.7,NORMAL,SYNTHETIC
2025-01-27,GOPALPUR,3,16.0,NORMAL,SYNTHETIC
2025-01-28,GOPALPUR,3,18.4,NORMAL,SYNTHETIC
2025-01-29,GOPALPUR,1,16.6,NORMAL,SYNTHETIC
2025-01-30,GOPALPUR,1,15.8,NORMAL,SYNTHETIC
2025-01-31,GOPALPUR,3,16.8,NORMAL,SYNTHETIC
2025-02-03,GOPALPUR,1,17.4,NORMAL,SYNTHETIC
2025-02-04,GOPALPUR,2,17.2,NORMAL,SYNTHETIC
2025-02-05,GOPALPUR,2,16.4,NORMAL,SYNTHETIC
2025-02-06,GOPALPUR,2,14.6,NORMAL,SYNTHETIC
2025-02-07,GOPALPUR,1,11.7,NORMAL,SYNTHETIC
2025-02-10,GOPALPUR,1,12.5,NORMAL,SYNTHETIC
2025-02-11,GOPALPUR,3,12.3,NORMAL,SYNTHETIC
2025-02-12,GOPALPUR,1,11.7,NORMAL,SYNTHETIC
2025-02-13,GOPALPUR,2,12.0,NORMAL,SYNTHETIC
2025-02-14,GOPALPUR,2,12.8,NORMAL,SYNTHETIC
2025-02-17,GOPALPUR,0,11.5,NORMAL,SYNTHETIC
2025-02-18,GOPALPUR,3,12.8,NORMAL,SYNTHETIC
2025-02-19,GOPALPUR,3,14.1,NORMAL,SYNTHETIC
2025-02-20,GOPALPUR,1,16.0,NORMAL,SYNTHETIC
2025-02-21,GOPALPUR,2,16.8,NORMAL,SYNTHETIC
2025-02-24,GOPALPUR,3,16.3,NORMAL,SYNTHETIC
2025-02-25,GOPALPUR,3,17.0,NORMAL,SYNTHETIC
2025-02-26,GOPALPUR,3,19.9,NORMAL,SYNTHETIC
2025-02-27,GOPALPUR,1,17.8,NORMAL,SYNTHETIC
2025-02-28,GOPALPUR,3,16.9,NORMAL,SYNTHETIC
2025-03-03,GOPALPUR,2,16.0,NORMAL,SYNTHETIC
2025-03-04,GOPALPUR,1,13.6,NORMAL,SYNTHETIC
2025-03-05,GOPALPUR,2,15.6,NORMAL,SYNTHETIC
2025-03-06,GOPALPUR,3,19.6,NORMAL,SYNTHETIC
2025-03-07,GOPALPUR,4,21.5,NORMAL,SYNTHETIC
2025-03-10,GOPALPUR,4,20.2,NORMAL,SYNTHETIC
2025-03-11,GOPALPUR,2,17.3,NORMAL,SYNTHETIC
2025-03-12,GOPALPUR,1,15.1,NORMAL,SYNTHETIC
2025-03-13,GOPALPUR,2,19.5,NORMAL,SYNTHETIC
2025-03-14,GOPALPUR,4,21.7,ELEVATED,SYNTHETIC
2025-03-17,GOPALPUR,4,19.4,NORMAL,SYNTHETIC
2025-03-18,GOPALPUR,3,21.0,NORMAL,SYNTHETIC
2025-03-19,GOPALPUR,4,20.7,NORMAL,SYNTHETIC
2025-03-20,GOPALPUR,3,20.3,NORMAL,SYNTHETIC
2025-03-21,GOPALPUR,2,19.6,NORMAL,SYNTHETIC
2025-03-24,GOPALPUR,2,18.4,NORMAL,SYNTHETIC
2025-03-25,GOPALPUR,2,15.9,NORMAL,SYNTHETIC
2025-03-26,GOPALPUR,3,15.4,NORMAL,SYNTHETIC
2025-03-27,GOPALPUR,3,13.3,NORMAL,SYNTHETIC
2025-03-28,GOPALPUR,1,12.2,NORMAL,SYNTHETIC
2025-03-31,GOPALPUR,1,10.4,NORMAL,SYNTHETIC
2025-04-01,GOPALPUR,2,11.5,NORMAL,SYNTHETIC
2025-04-02,GOPALPUR,1,14.3,NORMAL,SYNTHETIC
2025-04-03,GOPALPUR,2,14.2,NORMAL,SYNTHETIC
2025-04-04,GOPALPUR,1,14.4,NORMAL,SYNTHETIC
2025-04-07,GOPALPUR,2,12.9,NORMAL,SYNTHETIC
2025-04-08,GOPALPUR,3,13.4,NORMAL,SYNTHETIC
2025-04-09,GOPALPUR,2,12.7,NORMAL,SYNTHETIC
2025-04-10,GOPALPUR,3,15.1,NORMAL,SYNTHETIC
2025-04-11,GOPALPUR,1,13.0,NORMAL,SYNTHETIC
2025-04-14,GOPALPUR,2,17.2,NORMAL,SYNTHETIC
2025-04-15,GOPALPUR,2,14.6,NORMAL,SYNTHETIC
2025-04-16,GOPALPUR,2,14.8,NORMAL,SYNTHETIC
2025-04-17,GOPALPUR,2,17.6,NORMAL,SYNTHETIC
2025-04-18,GOPALPUR,1,17.4,NORMAL,SYNTHETIC
2025-04-21,GOPALPUR,4,18.6,NORMAL,SYNTHETIC
2025-04-22,GOPALPUR,2,15.8,NORMAL,SYNTHETIC
2025-04-23,GOPALPUR,1,16.2,NORMAL,SYNTHETIC
2025-04-24,GOPALPUR,3,16.6,NORMAL,SYNTHETIC
2025-04-25,GOPALPUR,3,19.2,NORMAL,SYNTHETIC
2025-04-28,GOPALPUR,2,16.5,NORMAL,SYNTHETIC
2025-04-29,GOPALPUR,2,19.0,NORMAL,SYNTHETIC
2025-04-30,GOPALPUR,4,19.4,NORMAL,SYNTHETIC
2025-05-01,GOPALPUR,2,20.3,NORMAL,SYNTHETIC
2025-05-02,GOPALPUR,2,21.1,NORMAL,SYNTHETIC
2025-05-05,GOPALPUR,4,20.6,NORMAL,SYNTHETIC
2025-05-06,GOPALPUR,3,23.9,ELEVATED,SYNTHETIC
2025-05-07,GOPALPUR,5,25.7,ELEVATED,SYNTHETIC
2025-05-08,GOPALPUR,2,23.4,ELEVATED,SYNTHETIC
2025-05-09,GOPALPUR,2,21.0,NORMAL,SYNTHETIC
2025-05-12,GOPALPUR,2,16.4,NORMAL,SYNTHETIC
2025-05-13,GOPALPUR,1,17.5,NORMAL,SYNTHETIC
2025-05-14,GOPALPUR,1,13.3,NORMAL,SYNTHETIC
2025-05-15,GOPALPUR,1,12.2,NORMAL,SYNTHETIC
2025-05-16,GOPALPUR,1,11.2,NORMAL,SYNTHETIC
2025-05-19,GOPALPUR,1,9.2,NORMAL,SYNTHETIC
2025-05-20,GOPALPUR,2,8.9,NORMAL,SYNTHETIC
2025-05-21,GOPALPUR,2,6.4,NORMAL,SYNTHETIC
2025-05-22,GOPALPUR,2,6.1,NORMAL,SYNTHETIC
2025-05-23,GOPALPUR,1,7.9,NORMAL,SYNTHETIC
2025-05-26,GOPALPUR,2,8.4,NORMAL,SYNTHETIC
2025-05-27,GOPALPUR,2,6.2,NORMAL,SYNTHETIC
2025-05-28,GOPALPUR,2,7.8,NORMAL,SYNTHETIC
2025-05-29,GOPALPUR,0,5.3,NORMAL,SYNTHETIC
2025-05-30,GOPALPUR,2,6.0,NORMAL,SYNTHETIC
2025-06-02,GOPALPUR,3,26.7,ELEVATED,SYNTHETIC
2025-06-03,GOPALPUR,9,54.8,SEVERE,SYNTHETIC
2025-06-04,GOPALPUR,10,58.0,SEVERE,SYNTHETIC
2025-06-05,GOPALPUR,6,32.0,HIGH,SYNTHETIC
2025-06-06,GOPALPUR,4,23.8,ELEVATED,SYNTHETIC
2025-06-09,GOPALPUR,3,23.7,ELEVATED,SYNTHETIC
2025-06-10,GOPALPUR,5,40.3,HIGH,SYNTHETIC
2025-06-11,GOPALPUR,9,54.6,SEVERE,SYNTHETIC
2025-06-12,GOPALPUR,10,59.5,SEVERE,SYNTHETIC
2025-06-13,GOPALPUR,7,41.5,HIGH,SYNTHETIC
2025-06-16,GOPALPUR,6,45.7,SEVERE,SYNTHETIC
2025-06-17,GOPALPUR,8,53.1,SEVERE,SYNTHETIC
2025-06-18,GOPALPUR,9,56.6,SEVERE,SYNTHETIC
2025-06-19,GOPALPUR,7,50.1,SEVERE,SYNTHETIC
2025-06-20,GOPALPUR,6,43.9,HIGH,SYNTHETIC
2025-06-23,GOPALPUR,8,58.8,SEVERE,SYNTHETIC
2025-06-24,GOPALPUR,10,54.5,SEVERE,SYNTHETIC
2025-06-25,GOPALPUR,10,61.2,SEVERE,SYNTHETIC
2025-06-26,GOPALPUR,10,59.1,SEVERE,SYNTHETIC
2025-06-27,GOPALPUR,6,40.5,HIGH,SYNTHETIC
2025-06-30,GOPALPUR,11,63.0,SEVERE,SYNTHETIC
2025-07-01,GOPALPUR,10,59.8,SEVERE,SYNTHETIC
2025-07-02,GOPALPUR,5,37.7,HIGH,SYNTHETIC
2025-07-03,GOPALPUR,8,52.6,SEVERE,SYNTHETIC
2025-07-04,GOPALPUR,11,63.4,SEVERE,SYNTHETIC
2025-07-07,GOPALPUR,7,39.9,HIGH,SYNTHETIC
2025-07-08,GOPALPUR,8,49.4,SEVERE,SYNTHETIC
2025-07-09,GOPALPUR,8,54.0,SEVERE,SYNTHETIC
2025-07-10,GOPALPUR,8,52.8,SEVERE,SYNTHETIC
2025-07-11,GOPALPUR,4,30.0,HIGH,SYNTHETIC
2025-07-14,GOPALPUR,9,49.8,SEVERE,SYNTHETIC
2025-07-15,GOPALPUR,5,33.2,HIGH,SYNTHETIC
2025-07-16,GOPALPUR,8,54.4,SEVERE,SYNTHETIC
2025-07-17,GOPALPUR,9,55.5,SEVERE,SYNTHETIC
2025-07-18,GOPALPUR,5,30.3,HIGH,SYNTHETIC
2025-07-21,GOPALPUR,8,46.6,SEVERE,SYNTHETIC
2025-07-22,GOPALPUR,9,55.5,SEVERE,SYNTHETIC
2025-07-23,GOPALPUR,10,57.2,SEVERE,SYNTHETIC
2025-07-24,GOPALPUR,9,57.9,SEVERE,SYNTHETIC
2025-07-25,GOPALPUR,8,58.1,SEVERE,SYNTHETIC
2025-07-28,GOPALPUR,8,59.7,SEVERE,SYNTHETIC
2025-07-29,GOPALPUR,8,51.6,SEVERE,SYNTHETIC
2025-07-30,GOPALPUR,6,39.1,HIGH,SYNTHETIC
2025-07-31,GOPALPUR,7,45.5,SEVERE,SYNTHETIC
2025-08-01,GOPALPUR,8,42.1,HIGH,SYNTHETIC
2025-08-04,GOPALPUR,5,35.5,HIGH,SYNTHETIC
2025-08-05,GOPALPUR,9,53.1,SEVERE,SYNTHETIC
2025-08-06,GOPALPUR,8,57.8,SEVERE,SYNTHETIC
2025-08-07,GOPALPUR,7,41.2,HIGH,SYNTHETIC
2025-08-08,GOPALPUR,12,69.7,SEVERE,SYNTHETIC
2025-08-11,GOPALPUR,8,51.9,SEVERE,SYNTHETIC
2025-08-12,GOPALPUR,13,72.1,SEVERE,SYNTHETIC
2025-08-13,GOPALPUR,9,52.5,SEVERE,SYNTHETIC
2025-08-14,GOPALPUR,7,41.6,HIGH,SYNTHETIC
2025-08-15,GOPALPUR,8,59.1,SEVERE,SYNTHETIC
2025-08-18,GOPALPUR,9,54.5,SEVERE,SYNTHETIC
2025-08-19,GOPALPUR,10,68.6,SEVERE,SYNTHETIC
2025-08-20,GOPALPUR,10,56.0,SEVERE,SYNTHETIC
2025-08-21,GOPALPUR,9,62.4,SEVERE,SYNTHETIC
2025-08-22,GOPALPUR,11,77.2,SEVERE,SYNTHETIC
2025-08-25,GOPALPUR,8,49.9,SEVERE,SYNTHETIC
2025-08-26,GOPALPUR,8,58.7,SEVERE,SYNTHETIC
2025-08-27,GOPALPUR,8,55.0,SEVERE,SYNTHETIC
2025-08-28,GOPALPUR,11,66.7,SEVERE,SYNTHETIC
2025-08-29,GOPALPUR,11,77.2,SEVERE,SYNTHETIC
2025-09-01,GOPALPUR,6,47.0,SEVERE,SYNTHETIC
2025-09-02,GOPALPUR,6,45.1,SEVERE,SYNTHETIC
2025-09-03,GOPALPUR,9,59.9,SEVERE,SYNTHETIC
2025-09-04,GOPALPUR,12,68.5,SEVERE,SYNTHETIC
2025-09-05,GOPALPUR,8,46.2,SEVERE,SYNTHETIC
2025-09-08,GOPALPUR,11,72.2,SEVERE,SYNTHETIC
2025-09-09,GOPALPUR,14,82.1,SEVERE,SYNTHETIC
2025-09-10,GOPALPUR,7,51.4,SEVERE,SYNTHETIC
2025-09-11,GOPALPUR,10,59.3,SEVERE,SYNTHETIC
2025-09-12,GOPALPUR,10,62.4,SEVERE,SYNTHETIC
2025-09-15,GOPALPUR,11,73.0,SEVERE,SYNTHETIC
2025-09-16,GOPALPUR,10,70.2,SEVERE,SYNTHETIC
2025-09-17,GOPALPUR,12,75.3,SEVERE,SYNTHETIC
2025-09-18,GOPALPUR,11,66.8,SEVERE,SYNTHETIC
2025-09-19,GOPALPUR,11,65.6,SEVERE,SYNTHETIC
2025-09-22,GOPALPUR,12,72.4,SEVERE,SYNTHETIC
2025-09-23,GOPALPUR,10,69.1,SEVERE,SYNTHETIC
2025-09-24,GOPALPUR,12,76.7,SEVERE,SYNTHETIC
2025-09-25,GOPALPUR,14,78.4,SEVERE,SYNTHETIC
2025-09-26,GOPALPUR,9,59.8,SEVERE,SYNTHETIC
2025-09-29,GOPALPUR,13,80.3,SEVERE,SYNTHETIC
2025-09-30,GOPALPUR,11,65.7,SEVERE,SYNTHETIC
2025-10-01,GOPALPUR,6,43.3,HIGH,SYNTHETIC
2025-10-02,GOPALPUR,6,41.5,HIGH,SYNTHETIC
2025-10-03,GOPALPUR,5,38.4,HIGH,SYNTHETIC
2025-10-06,GOPALPUR,7,37.0,HIGH,SYNTHETIC
2025-10-07,GOPALPUR,6,35.3,HIGH,SYNTHETIC
2025-10-08,GOPALPUR,6,37.9,HIGH,SYNTHETIC
2025-10-09,GOPALPUR,5,41.0,HIGH,SYNTHETIC
2025-10-10,GOPALPUR,6,41.3,HIGH,SYNTHETIC
2025-10-13,GOPALPUR,7,41.2,HIGH,SYNTHETIC
2025-10-14,GOPALPUR,8,43.5,HIGH,SYNTHETIC
2025-10-15,GOPALPUR,5,41.2,HIGH,SYNTHETIC
2025-10-16,GOPALPUR,7,41.2,HIGH,SYNTHETIC
2025-10-17,GOPALPUR,5,41.4,HIGH,SYNTHETIC
2025-10-20,GOPALPUR,5,36.4,HIGH,SYNTHETIC
2025-10-21,GOPALPUR,6,32.6,HIGH,SYNTHETIC
2025-10-22,GOPALPUR,5,33.5,HIGH,SYNTHETIC
2025-10-23,GOPALPUR,5,30.6,HIGH,SYNTHETIC
2025-10-24,GOPALPUR,5,30.6,HIGH,SYNTHETIC
2025-10-27,GOPALPUR,5,30.7,HIGH,SYNTHETIC
2025-10-28,GOPALPUR,4,34.7,HIGH,SYNTHETIC
2025-10-29,GOPALPUR,5,38.5,HIGH,SYNTHETIC
2025-10-30,GOPALPUR,7,39.7,HIGH,SYNTHETIC
2025-10-31,GOPALPUR,5,37.6,HIGH,SYNTHETIC
2025-11-03,GOPALPUR,6,39.6,HIGH,SYNTHETIC
2025-11-04,GOPALPUR,6,41.4,HIGH,SYNTHETIC
2025-11-05,GOPALPUR,8,42.7,HIGH,SYNTHETIC
2025-11-06,GOPALPUR,6,37.5,HIGH,SYNTHETIC
2025-11-07,GOPALPUR,4,35.1,HIGH,SYNTHETIC
2025-11-10,GOPALPUR,4,33.7,HIGH,SYNTHETIC
2025-11-11,GOPALPUR,4,33.0,HIGH,SYNTHETIC
2025-11-12,GOPALPUR,5,33.4,HIGH,SYNTHETIC
2025-11-13,GOPALPUR,5,33.8,HIGH,SYNTHETIC
2025-11-14,GOPALPUR,6,34.2,HIGH,SYNTHETIC
2025-11-17,GOPALPUR,6,31.2,HIGH,SYNTHETIC
2025-11-18,GOPALPUR,5,33.5,HIGH,SYNTHETIC
2025-11-19,GOPALPUR,4,32.0,HIGH,SYNTHETIC
2025-11-20,GOPALPUR,5,31.4,HIGH,SYNTHETIC
2025-11-21,GOPALPUR,5,26.7,ELEVATED,SYNTHETIC
2025-11-24,GOPALPUR,3,28.2,HIGH,SYNTHETIC
2025-11-25,GOPALPUR,5,28.2,HIGH,SYNTHETIC
2025-11-26,GOPALPUR,4,28.9,HIGH,SYNTHETIC
2025-11-27,GOPALPUR,6,31.6,HIGH,SYNTHETIC
2025-11-28,GOPALPUR,4,30.2,HIGH,SYNTHETIC
2025-12-01,GOPALPUR,4,31.3,HIGH,SYNTHETIC
2025-12-02,GOPALPUR,4,28.7,HIGH,SYNTHETIC
2025-12-03,GOPALPUR,4,28.5,HIGH,SYNTHETIC
2025-12-04,GOPALPUR,3,29.7,HIGH,SYNTHETIC
2025-12-05,GOPALPUR,3,27.3,HIGH,SYNTHETIC
2025-12-08,GOPALPUR,2,23.8,ELEVATED,SYNTHETIC
2025-12-09,GOPALPUR,4,25.0,ELEVATED,SYNTHETIC
2025-12-10,GOPALPUR,3,24.1,ELEVATED,SYNTHETIC
2025-12-11,GOPALPUR,4,25.4,ELEVATED,SYNTHETIC
2025-12-12,GOPALPUR,3,25.3,ELEVATED,SYNTHETIC
2025-12-15,GOPALPUR,3,26.7,ELEVATED,SYNTHETIC
2025-12-16,GOPALPUR,3,26.1,ELEVATED,SYNTHETIC
2025-12-17,GOPALPUR,4,26.5,ELEVATED,SYNTHETIC
2025-12-18,GOPALPUR,3,23.2,ELEVATED,SYNTHETIC
2025-12-19,GOPALPUR,2,20.9,NORMAL,SYNTHETIC
2025-12-22,GOPALPUR,2,22.8,ELEVATED,SYNTHETIC
2025-12-23,GOPALPUR,4,20.2,NORMAL,SYNTHETIC
2025-12-24,GOPALPUR,3,18.8,NORMAL,SYNTHETIC
2025-12-25,GOPALPUR,2,19.8,NORMAL,SYNTHETIC
2025-12-26,GOPALPUR,3,19.3,NORMAL,SYNTHETIC
2025-12-29,GOPALPUR,2,20.6,NORMAL,SYNTHETIC
2025-12-30,GOPALPUR,3,18.0,NORMAL,SYNTHETIC
2025-12-31,GOPALPUR,4,19.6,NORMAL,SYNTHETIC
2026-01-01,GOPALPUR,4,22.3,ELEVATED,SYNTHETIC
2026-01-02,GOPALPUR,2,20.0,NORMAL,SYNTHETIC
2026-01-05,GOPALPUR,3,16.2,NORMAL,SYNTHETIC
2026-01-06,GOPALPUR,2,14.2,NORMAL,SYNTHETIC
2026-01-07,GOPALPUR,2,18.0,NORMAL,SYNTHETIC
2026-01-08,GOPALPUR,2,17.3,NORMAL,SYNTHETIC
2026-01-09,GOPALPUR,2,13.2,NORMAL,SYNTHETIC
2026-01-12,GOPALPUR,1,14.3,NORMAL,SYNTHETIC
2026-01-13,GOPALPUR,3,17.6,NORMAL,SYNTHETIC
2026-01-14,GOPALPUR,2,18.9,NORMAL,SYNTHETIC
2026-01-15,GOPALPUR,4,19.0,NORMAL,SYNTHETIC
2026-01-16,GOPALPUR,3,18.3,NORMAL,SYNTHETIC
2026-01-19,GOPALPUR,3,20.7,NORMAL,SYNTHETIC
2026-01-20,GOPALPUR,3,16.7,NORMAL,SYNTHETIC
2026-01-21,GOPALPUR,4,21.9,ELEVATED,SYNTHETIC
2026-01-22,GOPALPUR,2,22.4,ELEVATED,SYNTHETIC
2026-01-23,GOPALPUR,5,24.0,ELEVATED,SYNTHETIC
2026-01-26,GOPALPUR,2,21.5,NORMAL,SYNTHETIC
2026-01-27,GOPALPUR,3,20.1,NORMAL,SYNTHETIC
2026-01-28,GOPALPUR,3,22.3,ELEVATED,SYNTHETIC
2026-01-29,GOPALPUR,4,23.1,ELEVATED,SYNTHETIC
2026-01-30,GOPALPUR,4,21.4,NORMAL,SYNTHETIC
2026-02-02,GOPALPUR,2,20.2,NORMAL,SYNTHETIC
2026-02-03,GOPALPUR,3,19.9,NORMAL,SYNTHETIC
2026-02-04,GOPALPUR,3,20.7,NORMAL,SYNTHETIC
2026-02-05,GOPALPUR,2,18.6,NORMAL,SYNTHETIC
2026-02-06,GOPALPUR,3,19.9,NORMAL,SYNTHETIC
2026-02-09,GOPALPUR,2,20.2,NORMAL,SYNTHETIC
2026-02-10,GOPALPUR,2,21.5,NORMAL,SYNTHETIC
2026-02-11,GOPALPUR,4,22.6,ELEVATED,SYNTHETIC
2026-02-12,GOPALPUR,3,24.2,ELEVATED,SYNTHETIC
2026-02-13,GOPALPUR,3,27.0,ELEVATED,SYNTHETIC
2026-02-16,GOPALPUR,5,26.5,ELEVATED,SYNTHETIC
2026-02-17,GOPALPUR,4,24.2,ELEVATED,SYNTHETIC
2026-02-18,GOPALPUR,4,27.5,HIGH,SYNTHETIC
2026-02-19,GOPALPUR,3,29.3,HIGH,SYNTHETIC
2026-02-20,GOPALPUR,4,32.2,HIGH,SYNTHETIC
2026-02-23,GOPALPUR,5,31.8,HIGH,SYNTHETIC
2026-02-24,GOPALPUR,6,33.1,HIGH,SYNTHETIC
2026-02-25,GOPALPUR,6,30.4,HIGH,SYNTHETIC
2026-02-26,GOPALPUR,3,29.2,HIGH,SYNTHETIC
2026-02-27,GOPALPUR,5,31.1,HIGH,SYNTHETIC
2026-03-02,GOPALPUR,3,28.9,HIGH,SYNTHETIC
2026-03-03,GOPALPUR,5,31.5,HIGH,SYNTHETIC
2026-03-04,GOPALPUR,5,31.2,HIGH,SYNTHETIC
2026-03-05,GOPALPUR,5,29.4,HIGH,SYNTHETIC
2026-03-06,GOPALPUR,4,28.2,HIGH,SYNTHETIC
2026-03-09,GOPALPUR,5,27.3,HIGH,SYNTHETIC
2026-03-10,GOPALPUR,4,26.4,ELEVATED,SYNTHETIC
2026-03-11,GOPALPUR,5,27.9,HIGH,SYNTHETIC
2026-03-12,GOPALPUR,5,26.9,ELEVATED,SYNTHETIC
2026-03-13,GOPALPUR,4,27.9,HIGH,SYNTHETIC
2026-03-16,GOPALPUR,5,28.7,HIGH,SYNTHETIC
2026-03-17,GOPALPUR,4,28.9,HIGH,SYNTHETIC
2026-03-18,GOPALPUR,6,31.3,HIGH,SYNTHETIC
2026-03-19,GOPALPUR,5,35.1,HIGH,SYNTHETIC
2026-03-20,GOPALPUR,5,35.5,HIGH,SYNTHETIC
2026-03-23,GOPALPUR,6,39.2,HIGH,SYNTHETIC
2026-03-24,GOPALPUR,5,38.5,HIGH,SYNTHETIC
2026-03-25,GOPALPUR,5,37.4,HIGH,SYNTHETIC
2026-03-26,GOPALPUR,6,39.0,HIGH,SYNTHETIC
2026-03-27,GOPALPUR,7,40.4,HIGH,SYNTHETIC
2026-03-30,GOPALPUR,6,42.7,HIGH,SYNTHETIC
2026-03-31,GOPALPUR,5,41.8,HIGH,SYNTHETIC
2026-04-01,GOPALPUR,6,46.2,SEVERE,SYNTHETIC
2026-04-02,GOPALPUR,8,45.1,SEVERE,SYNTHETIC
2026-04-03,GOPALPUR,8,46.1,SEVERE,SYNTHETIC
2026-04-06,GOPALPUR,7,46.1,SEVERE,SYNTHETIC
2026-04-07,GOPALPUR,6,44.8,HIGH,SYNTHETIC
2026-04-08,GOPALPUR,7,44.2,HIGH,SYNTHETIC
2026-04-09,GOPALPUR,7,43.6,HIGH,SYNTHETIC
2026-04-10,GOPALPUR,6,43.9,HIGH,SYNTHETIC
2026-04-13,GOPALPUR,7,43.4,HIGH,SYNTHETIC
2026-04-14,GOPALPUR,6,44.4,HIGH,SYNTHETIC
2026-04-15,GOPALPUR,8,46.7,SEVERE,SYNTHETIC
2026-04-16,GOPALPUR,7,45.3,SEVERE,SYNTHETIC
2026-04-17,GOPALPUR,8,45.3,SEVERE,SYNTHETIC
2026-04-20,GOPALPUR,6,45.0,HIGH,SYNTHETIC
2026-04-21,GOPALPUR,6,46.9,SEVERE,SYNTHETIC
2026-04-22,GOPALPUR,8,44.3,HIGH,SYNTHETIC
2026-04-23,GOPALPUR,7,45.6,SEVERE,SYNTHETIC
2026-04-24,GOPALPUR,8,45.1,SEVERE,SYNTHETIC
2026-04-27,GOPALPUR,8,45.5,SEVERE,SYNTHETIC
2026-04-28,GOPALPUR,8,46.1,SEVERE,SYNTHETIC
2026-04-29,GOPALPUR,8,45.2,SEVERE,SYNTHETIC
2026-04-30,GOPALPUR,7,45.2,SEVERE,SYNTHETIC
2026-05-01,GOPALPUR,6,45.0,SEVERE,SYNTHETIC
2026-05-04,GOPALPUR,8,43.7,HIGH,SYNTHETIC
2026-05-05,GOPALPUR,7,41.0,HIGH,SYNTHETIC
2026-05-06,GOPALPUR,6,43.7,HIGH,SYNTHETIC
2026-05-07,GOPALPUR,7,43.3,HIGH,SYNTHETIC
2026-05-08,GOPALPUR,7,42.4,HIGH,SYNTHETIC
2026-05-11,GOPALPUR,7,44.8,HIGH,SYNTHETIC
2026-05-12,GOPALPUR,8,42.9,HIGH,SYNTHETIC
2026-05-13,GOPALPUR,5,41.9,HIGH,SYNTHETIC
2026-05-14,GOPALPUR,6,43.0,HIGH,SYNTHETIC
2026-05-15,GOPALPUR,6,41.5,HIGH,SYNTHETIC
2026-05-18,GOPALPUR,7,41.7,HIGH,SYNTHETIC
2026-05-19,GOPALPUR,8,43.7,HIGH,SYNTHETIC
2026-05-20,GOPALPUR,7,43.9,HIGH,SYNTHETIC
2026-05-21,GOPALPUR,7,42.7,HIGH,SYNTHETIC
2026-05-22,GOPALPUR,6,42.8,HIGH,SYNTHETIC
2026-05-25,GOPALPUR,8,43.3,HIGH,SYNTHETIC
2026-05-26,GOPALPUR,8,43.3,HIGH,SYNTHETIC
2026-05-27,GOPALPUR,6,42.0,HIGH,SYNTHETIC
2026-05-28,GOPALPUR,8,44.2,HIGH,SYNTHETIC
2026-05-29,GOPALPUR,7,46.0,SEVERE,SYNTHETIC
2026-06-01,GOPALPUR,15,95.5,SEVERE,SYNTHETIC
2026-06-02,GOPALPUR,13,86.9,SEVERE,SYNTHETIC
2026-06-03,GOPALPUR,16,98.3,SEVERE,SYNTHETIC
2026-06-04,GOPALPUR,13,77.9,SEVERE,SYNTHETIC
2026-06-05,GOPALPUR,16,90.5,SEVERE,SYNTHETIC
2026-06-08,GOPALPUR,12,71.4,SEVERE,SYNTHETIC
2026-06-09,GOPALPUR,12,79.4,SEVERE,SYNTHETIC
2026-06-10,GOPALPUR,15,90.8,SEVERE,SYNTHETIC
2026-06-11,GOPALPUR,11,72.0,SEVERE,SYNTHETIC
2026-06-12,GOPALPUR,16,95.3,SEVERE,SYNTHETIC
2026-06-15,GOPALPUR,15,85.5,SEVERE,SYNTHETIC
2026-06-16,GOPALPUR,11,74.6,SEVERE,SYNTHETIC
2026-06-17,GOPALPUR,9,64.3,SEVERE,SYNTHETIC
2026-06-18,GOPALPUR,11,63.8,SEVERE,SYNTHETIC
2026-06-19,GOPALPUR,11,65.7,SEVERE,SYNTHETIC
2026-06-22,GOPALPUR,12,72.0,SEVERE,SYNTHETIC
2026-06-23,GOPALPUR,12,67.1,SEVERE,SYNTHETIC
2026-06-24,GOPALPUR,11,71.1,SEVERE,SYNTHETIC
2026-06-25,GOPALPUR,11,67.3,SEVERE,SYNTHETIC
2026-06-26,GOPALPUR,15,98.7,SEVERE,SYNTHETIC
2026-06-29,GOPALPUR,15,87.7,SEVERE,SYNTHETIC
2026-06-30,GOPALPUR,16,93.6,SEVERE,SYNTHETIC
2026-07-01,GOPALPUR,16,96.1,SEVERE,SYNTHETIC
2026-07-02,GOPALPUR,15,88.7,SEVERE,SYNTHETIC
2026-07-03,GOPALPUR,15,98.0,SEVERE,SYNTHETIC
2026-07-06,GOPALPUR,11,76.9,SEVERE,SYNTHETIC
2026-07-07,GOPALPUR,12,68.3,SEVERE,SYNTHETIC
2026-07-08,GOPALPUR,15,85.2,SEVERE,SYNTHETIC
2026-07-09,GOPALPUR,16,94.7,SEVERE,SYNTHETIC
2026-07-10,GOPALPUR,17,102.1,SEVERE,SYNTHETIC
2026-07-13,GOPALPUR,10,66.0,SEVERE,SYNTHETIC
2026-07-14,GOPALPUR,12,76.3,SEVERE,SYNTHETIC
2026-07-15,GOPALPUR,17,97.8,SEVERE,SYNTHETIC
2026-07-16,GOPALPUR,15,84.0,SEVERE,SYNTHETIC
2026-07-17,GOPALPUR,14,93.7,SEVERE,SYNTHETIC
2026-07-20,GOPALPUR,10,63.9,SEVERE,SYNTHETIC
2026-07-21,GOPALPUR,15,93.0,SEVERE,SYNTHETIC
2026-07-22,GOPALPUR,13,79.9,SEVERE,SYNTHETIC
2026-07-23,GOPALPUR,11,68.3,SEVERE,SYNTHETIC
2026-07-24,GOPALPUR,15,89.7,SEVERE,SYNTHETIC
2026-07-27,GOPALPUR,11,69.7,SEVERE,SYNTHETIC
2026-07-28,GOPALPUR,11,68.3,SEVERE,SYNTHETIC
2026-07-29,GOPALPUR,11,75.8,SEVERE,SYNTHETIC
2026-07-30,GOPALPUR,13,81.1,SEVERE,SYNTHETIC
2026-07-31,GOPALPUR,12,76.5,SEVERE,SYNTHETIC
2026-08-03,GOPALPUR,10,65.2,SEVERE,SYNTHETIC
2026-08-04,GOPALPUR,13,78.2,SEVERE,SYNTHETIC
2026-08-05,GOPALPUR,12,67.0,SEVERE,SYNTHETIC
2026-08-06,GOPALPUR,14,91.8,SEVERE,SYNTHETIC
2026-08-07,GOPALPUR,13,76.4,SEVERE,SYNTHETIC
2026-08-08,GOPALPUR,11,64.9,SEVERE,SYNTHETIC
2026-08-10,GOPALPUR,10,63.9,SEVERE,SYNTHETIC
2026-08-11,GOPALPUR,12,77.2,SEVERE,SYNTHETIC
2026-08-12,GOPALPUR,10,63.0,SEVERE,SYNTHETIC
2026-08-13,GOPALPUR,12,69.5,SEVERE,SYNTHETIC
2026-08-14,GOPALPUR,11,72.0,SEVERE,SYNTHETIC
2026-08-17,GOPALPUR,9,54.9,SEVERE,SYNTHETIC
2026-08-18,GOPALPUR,13,80.7,SEVERE,SYNTHETIC
2026-08-19,GOPALPUR,10,71.5,SEVERE,SYNTHETIC
2026-08-20,GOPALPUR,13,76.5,SEVERE,SYNTHETIC
2026-08-21,GOPALPUR,13,75.2,SEVERE,SYNTHETIC
2026-08-24,GOPALPUR,11,60.5,SEVERE,SYNTHETIC
2026-08-25,GOPALPUR,11,76.6,SEVERE,SYNTHETIC
2026-08-26,GOPALPUR,11,65.0,SEVERE,SYNTHETIC
2026-08-27,GOPALPUR,11,76.8,SEVERE,SYNTHETIC
2026-08-28,GOPALPUR,8,47.8,SEVERE,SYNTHETIC
2026-08-31,GOPALPUR,11,61.9,SEVERE,SYNTHETIC
2026-09-01,GOPALPUR,13,79.2,SEVERE,SYNTHETIC
2026-09-02,GOPALPUR,11,69.2,SEVERE,SYNTHETIC
2026-09-03,GOPALPUR,9,55.7,SEVERE,SYNTHETIC
2026-09-04,GOPALPUR,13,75.1,SEVERE,SYNTHETIC
2026-09-08,GOPALPUR,10,65.9,SEVERE,SYNTHETIC
2023-01-02,DHAMRA,1,12.5,NORMAL,SYNTHETIC
2023-01-03,DHAMRA,1,12.4,NORMAL,SYNTHETIC
2023-01-04,DHAMRA,0,8.9,NORMAL,SYNTHETIC
2023-01-05,DHAMRA,2,6.3,NORMAL,SYNTHETIC
2023-01-06,DHAMRA,0,8.9,NORMAL,SYNTHETIC
2023-01-09,DHAMRA,1,10.8,NORMAL,SYNTHETIC
2023-01-10,DHAMRA,2,12.2,NORMAL,SYNTHETIC
2023-01-11,DHAMRA,1,10.4,NORMAL,SYNTHETIC
2023-01-12,DHAMRA,0,11.2,NORMAL,SYNTHETIC
2023-01-13,DHAMRA,3,12.6,NORMAL,SYNTHETIC
2023-01-16,DHAMRA,2,10.8,NORMAL,SYNTHETIC
2023-01-17,DHAMRA,2,10.7,NORMAL,SYNTHETIC
2023-01-18,DHAMRA,0,11.2,NORMAL,SYNTHETIC
2023-01-19,DHAMRA,0,11.6,NORMAL,SYNTHETIC
2023-01-20,DHAMRA,2,12.4,NORMAL,SYNTHETIC
2023-01-23,DHAMRA,3,14.2,NORMAL,SYNTHETIC
2023-01-24,DHAMRA,1,13.3,NORMAL,SYNTHETIC
2023-01-25,DHAMRA,2,16.4,ELEVATED,SYNTHETIC
2023-01-26,DHAMRA,3,14.9,ELEVATED,SYNTHETIC
2023-01-27,DHAMRA,2,13.7,NORMAL,SYNTHETIC
2023-01-30,DHAMRA,3,13.8,NORMAL,SYNTHETIC
2023-01-31,DHAMRA,2,15.4,ELEVATED,SYNTHETIC
2023-02-01,DHAMRA,2,18.1,HIGH,SYNTHETIC
2023-02-02,DHAMRA,2,16.2,ELEVATED,SYNTHETIC
2023-02-03,DHAMRA,2,16.6,ELEVATED,SYNTHETIC
2023-02-06,DHAMRA,4,19.5,HIGH,SYNTHETIC
2023-02-07,DHAMRA,3,18.8,HIGH,SYNTHETIC
2023-02-08,DHAMRA,1,16.3,ELEVATED,SYNTHETIC
2023-02-09,DHAMRA,1,11.8,NORMAL,SYNTHETIC
2023-02-10,DHAMRA,2,11.6,NORMAL,SYNTHETIC
2023-02-13,DHAMRA,0,9.7,NORMAL,SYNTHETIC
2023-02-14,DHAMRA,2,9.9,NORMAL,SYNTHETIC
2023-02-15,DHAMRA,2,8.5,NORMAL,SYNTHETIC
2023-02-16,DHAMRA,2,10.4,NORMAL,SYNTHETIC
2023-02-17,DHAMRA,2,9.5,NORMAL,SYNTHETIC
2023-02-20,DHAMRA,2,12.7,NORMAL,SYNTHETIC
2023-02-21,DHAMRA,2,10.5,NORMAL,SYNTHETIC
2023-02-22,DHAMRA,1,9.4,NORMAL,SYNTHETIC
2023-02-23,DHAMRA,1,8.5,NORMAL,SYNTHETIC
2023-02-24,DHAMRA,1,7.2,NORMAL,SYNTHETIC
2023-02-27,DHAMRA,0,5.7,NORMAL,SYNTHETIC
2023-02-28,DHAMRA,0,3.6,NORMAL,SYNTHETIC
2023-03-01,DHAMRA,0,5.0,NORMAL,SYNTHETIC
2023-03-02,DHAMRA,2,6.7,NORMAL,SYNTHETIC
2023-03-03,DHAMRA,0,9.6,NORMAL,SYNTHETIC
2023-03-06,DHAMRA,2,9.8,NORMAL,SYNTHETIC
2023-03-07,DHAMRA,2,11.1,NORMAL,SYNTHETIC
2023-03-08,DHAMRA,1,10.3,NORMAL,SYNTHETIC
2023-03-09,DHAMRA,2,9.3,NORMAL,SYNTHETIC
2023-03-10,DHAMRA,1,10.3,NORMAL,SYNTHETIC
2023-03-13,DHAMRA,0,6.4,NORMAL,SYNTHETIC
2023-03-14,DHAMRA,0,6.2,NORMAL,SYNTHETIC
2023-03-15,DHAMRA,1,3.4,NORMAL,SYNTHETIC
2023-03-16,DHAMRA,1,2.2,NORMAL,SYNTHETIC
2023-03-17,DHAMRA,1,0.2,NORMAL,SYNTHETIC
2023-03-20,DHAMRA,0,1.3,NORMAL,SYNTHETIC
2023-03-21,DHAMRA,0,0.0,NORMAL,SYNTHETIC
2023-03-22,DHAMRA,1,0.0,NORMAL,SYNTHETIC
2023-03-23,DHAMRA,0,0.0,NORMAL,SYNTHETIC
2023-03-24,DHAMRA,0,0.0,NORMAL,SYNTHETIC
2023-03-27,DHAMRA,1,0.0,NORMAL,SYNTHETIC
2023-03-28,DHAMRA,0,0.0,NORMAL,SYNTHETIC
2023-03-29,DHAMRA,0,0.0,NORMAL,SYNTHETIC
2023-03-30,DHAMRA,0,0.0,NORMAL,SYNTHETIC
2023-03-31,DHAMRA,1,0.0,NORMAL,SYNTHETIC
2023-04-03,DHAMRA,0,0.0,NORMAL,SYNTHETIC
2023-04-04,DHAMRA,0,0.0,NORMAL,SYNTHETIC
2023-04-05,DHAMRA,1,0.0,NORMAL,SYNTHETIC
2023-04-06,DHAMRA,0,0.0,NORMAL,SYNTHETIC
2023-04-07,DHAMRA,0,0.0,NORMAL,SYNTHETIC
2023-04-10,DHAMRA,1,0.0,NORMAL,SYNTHETIC
2023-04-11,DHAMRA,0,0.0,NORMAL,SYNTHETIC
2023-04-12,DHAMRA,0,0.0,NORMAL,SYNTHETIC
2023-04-13,DHAMRA,0,0.0,NORMAL,SYNTHETIC
2023-04-14,DHAMRA,0,0.0,NORMAL,SYNTHETIC
2023-04-17,DHAMRA,0,0.0,NORMAL,SYNTHETIC
2023-04-18,DHAMRA,0,0.0,NORMAL,SYNTHETIC
2023-04-19,DHAMRA,1,0.0,NORMAL,SYNTHETIC
2023-04-20,DHAMRA,0,0.0,NORMAL,SYNTHETIC
2023-04-21,DHAMRA,0,0.0,NORMAL,SYNTHETIC
2023-04-24,DHAMRA,0,0.0,NORMAL,SYNTHETIC
2023-04-25,DHAMRA,0,0.0,NORMAL,SYNTHETIC
2023-04-26,DHAMRA,0,0.0,NORMAL,SYNTHETIC
2023-04-27,DHAMRA,0,0.0,NORMAL,SYNTHETIC
2023-04-28,DHAMRA,0,0.0,NORMAL,SYNTHETIC
2023-05-01,DHAMRA,0,0.0,NORMAL,SYNTHETIC
2023-05-02,DHAMRA,0,0.0,NORMAL,SYNTHETIC
2023-05-03,DHAMRA,1,0.0,NORMAL,SYNTHETIC
2023-05-04,DHAMRA,1,0.0,NORMAL,SYNTHETIC
2023-05-05,DHAMRA,0,0.0,NORMAL,SYNTHETIC
2023-05-08,DHAMRA,0,0.0,NORMAL,SYNTHETIC
2023-05-09,DHAMRA,1,0.0,NORMAL,SYNTHETIC
2023-05-10,DHAMRA,0,0.0,NORMAL,SYNTHETIC
2023-05-11,DHAMRA,0,0.0,NORMAL,SYNTHETIC
2023-05-12,DHAMRA,0,0.0,NORMAL,SYNTHETIC
2023-05-15,DHAMRA,0,0.0,NORMAL,SYNTHETIC
2023-05-16,DHAMRA,0,0.0,NORMAL,SYNTHETIC
2023-05-17,DHAMRA,1,0.0,NORMAL,SYNTHETIC
2023-05-18,DHAMRA,0,0.0,NORMAL,SYNTHETIC
2023-05-19,DHAMRA,1,0.0,NORMAL,SYNTHETIC
2023-05-22,DHAMRA,0,0.0,NORMAL,SYNTHETIC
2023-05-23,DHAMRA,0,0.0,NORMAL,SYNTHETIC
2023-05-24,DHAMRA,0,0.0,NORMAL,SYNTHETIC
2023-05-25,DHAMRA,1,0.0,NORMAL,SYNTHETIC
2023-05-26,DHAMRA,1,0.0,NORMAL,SYNTHETIC
2023-05-29,DHAMRA,1,0.0,NORMAL,SYNTHETIC
2023-05-30,DHAMRA,0,0.0,NORMAL,SYNTHETIC
2023-05-31,DHAMRA,1,0.0,NORMAL,SYNTHETIC
2023-06-01,DHAMRA,1,0.0,NORMAL,SYNTHETIC
2023-06-02,DHAMRA,5,32.8,SEVERE,SYNTHETIC
2023-06-05,DHAMRA,2,20.4,HIGH,SYNTHETIC
2023-06-06,DHAMRA,2,16.7,ELEVATED,SYNTHETIC
2023-06-07,DHAMRA,0,7.2,NORMAL,SYNTHETIC
2023-06-08,DHAMRA,2,17.6,ELEVATED,SYNTHETIC
2023-06-09,DHAMRA,5,26.3,HIGH,SYNTHETIC
2023-06-12,DHAMRA,1,4.4,NORMAL,SYNTHETIC
2023-06-13,DHAMRA,3,16.5,ELEVATED,SYNTHETIC
2023-06-14,DHAMRA,1,0.9,NORMAL,SYNTHETIC
2023-06-15,DHAMRA,4,25.9,HIGH,SYNTHETIC
2023-06-16,DHAMRA,1,5.8,NORMAL,SYNTHETIC
2023-06-19,DHAMRA,3,29.4,HIGH,SYNTHETIC
2023-06-20,DHAMRA,4,20.0,HIGH,SYNTHETIC
2023-06-21,DHAMRA,3,26.9,HIGH,SYNTHETIC
2023-06-22,DHAMRA,2,20.3,HIGH,SYNTHETIC
2023-06-23,DHAMRA,0,11.0,NORMAL,SYNTHETIC
2023-06-26,DHAMRA,1,0.0,NORMAL,SYNTHETIC
2023-06-27,DHAMRA,3,18.8,HIGH,SYNTHETIC
2023-06-28,DHAMRA,0,0.0,NORMAL,SYNTHETIC
2023-06-29,DHAMRA,0,0.0,NORMAL,SYNTHETIC
2023-06-30,DHAMRA,0,8.2,NORMAL,SYNTHETIC
2023-07-03,DHAMRA,5,25.8,HIGH,SYNTHETIC
2023-07-04,DHAMRA,1,0.0,NORMAL,SYNTHETIC
2023-07-05,DHAMRA,1,5.8,NORMAL,SYNTHETIC
2023-07-06,DHAMRA,0,0.0,NORMAL,SYNTHETIC
2023-07-07,DHAMRA,1,3.5,NORMAL,SYNTHETIC
2023-07-10,DHAMRA,0,9.2,NORMAL,SYNTHETIC
2023-07-11,DHAMRA,3,27.3,HIGH,SYNTHETIC
2023-07-12,DHAMRA,5,26.3,HIGH,SYNTHETIC
2023-07-13,DHAMRA,1,6.5,NORMAL,SYNTHETIC
2023-07-14,DHAMRA,5,33.7,SEVERE,SYNTHETIC
2023-07-17,DHAMRA,3,14.4,NORMAL,SYNTHETIC
2023-07-18,DHAMRA,0,3.0,NORMAL,SYNTHETIC
2023-07-19,DHAMRA,4,29.6,HIGH,SYNTHETIC
2023-07-20,DHAMRA,3,12.4,NORMAL,SYNTHETIC
2023-07-21,DHAMRA,5,27.0,HIGH,SYNTHETIC
2023-07-24,DHAMRA,3,12.8,NORMAL,SYNTHETIC
2023-07-25,DHAMRA,2,18.5,HIGH,SYNTHETIC
2023-07-26,DHAMRA,6,39.3,SEVERE,SYNTHETIC
2023-07-27,DHAMRA,3,12.5,NORMAL,SYNTHETIC
2023-07-28,DHAMRA,5,31.5,SEVERE,SYNTHETIC
2023-07-31,DHAMRA,3,29.1,HIGH,SYNTHETIC
2023-08-01,DHAMRA,5,38.1,SEVERE,SYNTHETIC
2023-08-02,DHAMRA,4,24.0,HIGH,SYNTHETIC
2023-08-03,DHAMRA,5,27.5,HIGH,SYNTHETIC
2023-08-04,DHAMRA,6,36.7,SEVERE,SYNTHETIC
2023-08-07,DHAMRA,8,43.5,SEVERE,SYNTHETIC
2023-08-08,DHAMRA,6,31.4,SEVERE,SYNTHETIC
2023-08-09,DHAMRA,6,45.7,SEVERE,SYNTHETIC
2023-08-10,DHAMRA,3,20.5,HIGH,SYNTHETIC
2023-08-11,DHAMRA,4,31.8,SEVERE,SYNTHETIC
2023-08-14,DHAMRA,3,26.5,HIGH,SYNTHETIC
2023-08-15,DHAMRA,5,26.2,HIGH,SYNTHETIC
2023-08-16,DHAMRA,4,28.2,HIGH,SYNTHETIC
2023-08-17,DHAMRA,4,19.2,HIGH,SYNTHETIC
2023-08-18,DHAMRA,2,23.2,HIGH,SYNTHETIC
2023-08-21,DHAMRA,5,26.8,HIGH,SYNTHETIC
2023-08-22,DHAMRA,4,24.1,HIGH,SYNTHETIC
2023-08-23,DHAMRA,7,42.8,SEVERE,SYNTHETIC
2023-08-24,DHAMRA,4,29.2,HIGH,SYNTHETIC
2023-08-25,DHAMRA,3,29.1,HIGH,SYNTHETIC
2023-08-28,DHAMRA,1,13.1,NORMAL,SYNTHETIC
2023-08-29,DHAMRA,4,24.4,HIGH,SYNTHETIC
2023-08-30,DHAMRA,5,37.0,SEVERE,SYNTHETIC
2023-08-31,DHAMRA,4,19.7,HIGH,SYNTHETIC
2023-09-01,DHAMRA,3,27.0,HIGH,SYNTHETIC
2023-09-04,DHAMRA,2,16.0,ELEVATED,SYNTHETIC
2023-09-05,DHAMRA,2,22.7,HIGH,SYNTHETIC
2023-09-06,DHAMRA,7,36.4,SEVERE,SYNTHETIC
2023-09-07,DHAMRA,6,45.3,SEVERE,SYNTHETIC
2023-09-08,DHAMRA,1,16.3,ELEVATED,SYNTHETIC
2023-09-11,DHAMRA,7,41.0,SEVERE,SYNTHETIC
2023-09-12,DHAMRA,3,13.7,NORMAL,SYNTHETIC
2023-09-13,DHAMRA,5,34.1,SEVERE,SYNTHETIC
2023-09-14,DHAMRA,6,30.2,SEVERE,SYNTHETIC
2023-09-15,DHAMRA,2,18.2,HIGH,SYNTHETIC
2023-09-18,DHAMRA,5,25.7,HIGH,SYNTHETIC
2023-09-19,DHAMRA,2,21.9,HIGH,SYNTHETIC
2023-09-20,DHAMRA,5,39.7,SEVERE,SYNTHETIC
2023-09-21,DHAMRA,2,7.5,NORMAL,SYNTHETIC
2023-09-22,DHAMRA,5,29.0,HIGH,SYNTHETIC
2023-09-25,DHAMRA,1,8.0,NORMAL,SYNTHETIC
2023-09-26,DHAMRA,1,15.8,ELEVATED,SYNTHETIC
2023-09-27,DHAMRA,4,28.8,HIGH,SYNTHETIC
2023-09-28,DHAMRA,5,29.0,HIGH,SYNTHETIC
2023-09-29,DHAMRA,6,30.7,SEVERE,SYNTHETIC
2023-10-02,DHAMRA,0,0.0,NORMAL,SYNTHETIC
2023-10-03,DHAMRA,0,0.0,NORMAL,SYNTHETIC
2023-10-04,DHAMRA,0,0.0,NORMAL,SYNTHETIC
2023-10-05,DHAMRA,0,0.0,NORMAL,SYNTHETIC
2023-10-06,DHAMRA,1,0.0,NORMAL,SYNTHETIC
2023-10-09,DHAMRA,0,0.0,NORMAL,SYNTHETIC
2023-10-10,DHAMRA,0,0.0,NORMAL,SYNTHETIC
2023-10-11,DHAMRA,1,0.0,NORMAL,SYNTHETIC
2023-10-12,DHAMRA,1,0.0,NORMAL,SYNTHETIC
2023-10-13,DHAMRA,0,0.0,NORMAL,SYNTHETIC
2023-10-16,DHAMRA,0,0.0,NORMAL,SYNTHETIC
2023-10-17,DHAMRA,1,0.0,NORMAL,SYNTHETIC
2023-10-18,DHAMRA,1,0.0,NORMAL,SYNTHETIC
2023-10-19,DHAMRA,1,0.0,NORMAL,SYNTHETIC
2023-10-20,DHAMRA,0,0.0,NORMAL,SYNTHETIC
2023-10-23,DHAMRA,0,0.0,NORMAL,SYNTHETIC
2023-10-24,DHAMRA,0,0.0,NORMAL,SYNTHETIC
2023-10-25,DHAMRA,0,0.0,NORMAL,SYNTHETIC
2023-10-26,DHAMRA,0,0.0,NORMAL,SYNTHETIC
2023-10-27,DHAMRA,0,0.0,NORMAL,SYNTHETIC
2023-10-30,DHAMRA,0,0.0,NORMAL,SYNTHETIC
2023-10-31,DHAMRA,0,0.0,NORMAL,SYNTHETIC
2023-11-01,DHAMRA,0,0.0,NORMAL,SYNTHETIC
2023-11-02,DHAMRA,1,0.0,NORMAL,SYNTHETIC
2023-11-03,DHAMRA,0,0.0,NORMAL,SYNTHETIC
2023-11-06,DHAMRA,1,0.0,NORMAL,SYNTHETIC
2023-11-07,DHAMRA,0,0.0,NORMAL,SYNTHETIC
2023-11-08,DHAMRA,0,0.0,NORMAL,SYNTHETIC
2023-11-09,DHAMRA,0,0.0,NORMAL,SYNTHETIC
2023-11-10,DHAMRA,1,0.0,NORMAL,SYNTHETIC
2023-11-13,DHAMRA,0,0.0,NORMAL,SYNTHETIC
2023-11-14,DHAMRA,0,0.0,NORMAL,SYNTHETIC
2023-11-15,DHAMRA,0,0.0,NORMAL,SYNTHETIC
2023-11-16,DHAMRA,0,0.0,NORMAL,SYNTHETIC
2023-11-17,DHAMRA,0,0.0,NORMAL,SYNTHETIC
2023-11-20,DHAMRA,1,0.0,NORMAL,SYNTHETIC
2023-11-21,DHAMRA,0,0.3,NORMAL,SYNTHETIC
2023-11-22,DHAMRA,1,0.2,NORMAL,SYNTHETIC
2023-11-23,DHAMRA,0,0.0,NORMAL,SYNTHETIC
2023-11-24,DHAMRA,1,0.0,NORMAL,SYNTHETIC
2023-11-27,DHAMRA,0,0.0,NORMAL,SYNTHETIC
2023-11-28,DHAMRA,0,0.6,NORMAL,SYNTHETIC
2023-11-29,DHAMRA,0,0.0,NORMAL,SYNTHETIC
2023-11-30,DHAMRA,0,0.0,NORMAL,SYNTHETIC
2023-12-01,DHAMRA,0,0.0,NORMAL,SYNTHETIC
2023-12-04,DHAMRA,1,0.6,NORMAL,SYNTHETIC
2023-12-05,DHAMRA,0,0.6,NORMAL,SYNTHETIC
2023-12-06,DHAMRA,1,0.0,NORMAL,SYNTHETIC
2023-12-07,DHAMRA,0,0.8,NORMAL,SYNTHETIC
2023-12-08,DHAMRA,0,0.0,NORMAL,SYNTHETIC
2023-12-11,DHAMRA,1,1.9,NORMAL,SYNTHETIC
2023-12-12,DHAMRA,0,3.2,NORMAL,SYNTHETIC
2023-12-13,DHAMRA,1,3.1,NORMAL,SYNTHETIC
2023-12-14,DHAMRA,0,5.5,NORMAL,SYNTHETIC
2023-12-15,DHAMRA,2,6.9,NORMAL,SYNTHETIC
2023-12-18,DHAMRA,0,9.0,NORMAL,SYNTHETIC
2023-12-19,DHAMRA,2,6.4,NORMAL,SYNTHETIC
2023-12-20,DHAMRA,1,6.6,NORMAL,SYNTHETIC
2023-12-21,DHAMRA,1,9.1,NORMAL,SYNTHETIC
2023-12-22,DHAMRA,0,6.5,NORMAL,SYNTHETIC
2023-12-25,DHAMRA,1,7.2,NORMAL,SYNTHETIC
2023-12-26,DHAMRA,2,8.4,NORMAL,SYNTHETIC
2023-12-27,DHAMRA,2,8.4,NORMAL,SYNTHETIC
2023-12-28,DHAMRA,2,7.7,NORMAL,SYNTHETIC
2023-12-29,DHAMRA,2,11.1,NORMAL,SYNTHETIC
2024-01-01,DHAMRA,1,12.6,NORMAL,SYNTHETIC
2024-01-02,DHAMRA,2,9.4,NORMAL,SYNTHETIC
2024-01-03,DHAMRA,2,10.9,NORMAL,SYNTHETIC
2024-01-04,DHAMRA,1,10.5,NORMAL,SYNTHETIC
2024-01-05,DHAMRA,2,13.0,NORMAL,SYNTHETIC
2024-01-08,DHAMRA,2,12.0,NORMAL,SYNTHETIC
2024-01-09,DHAMRA,0,8.7,NORMAL,SYNTHETIC
2024-01-10,DHAMRA,0,11.6,NORMAL,SYNTHETIC
2024-01-11,DHAMRA,3,12.2,NORMAL,SYNTHETIC
2024-01-12,DHAMRA,2,9.9,NORMAL,SYNTHETIC
2024-01-15,DHAMRA,0,11.9,NORMAL,SYNTHETIC
2024-01-16,DHAMRA,3,14.6,ELEVATED,SYNTHETIC
2024-01-17,DHAMRA,1,17.4,ELEVATED,SYNTHETIC
2024-01-18,DHAMRA,2,15.9,ELEVATED,SYNTHETIC
2024-01-19,DHAMRA,1,14.7,ELEVATED,SYNTHETIC
2024-01-22,DHAMRA,0,11.5,NORMAL,SYNTHETIC
2024-01-23,DHAMRA,2,10.9,NORMAL,SYNTHETIC
2024-01-24,DHAMRA,2,9.3,NORMAL,SYNTHETIC
2024-01-25,DHAMRA,2,9.5,NORMAL,SYNTHETIC
2024-01-26,DHAMRA,2,9.6,NORMAL,SYNTHETIC
2024-01-29,DHAMRA,0,10.7,NORMAL,SYNTHETIC
2024-01-30,DHAMRA,2,10.4,NORMAL,SYNTHETIC
2024-01-31,DHAMRA,0,9.5,NORMAL,SYNTHETIC
2024-02-01,DHAMRA,1,10.7,NORMAL,SYNTHETIC
2024-02-02,DHAMRA,0,8.5,NORMAL,SYNTHETIC
2024-02-05,DHAMRA,0,8.4,NORMAL,SYNTHETIC
2024-02-06,DHAMRA,1,8.2,NORMAL,SYNTHETIC
2024-02-07,DHAMRA,2,7.8,NORMAL,SYNTHETIC
2024-02-08,DHAMRA,1,12.3,NORMAL,SYNTHETIC
2024-02-09,DHAMRA,1,10.2,NORMAL,SYNTHETIC
2024-02-12,DHAMRA,2,13.9,NORMAL,SYNTHETIC
2024-02-13,DHAMRA,2,13.1,NORMAL,SYNTHETIC
2024-02-14,DHAMRA,1,8.1,NORMAL,SYNTHETIC
2024-02-15,DHAMRA,2,6.6,NORMAL,SYNTHETIC
2024-02-16,DHAMRA,0,6.4,NORMAL,SYNTHETIC
2024-02-19,DHAMRA,2,6.6,NORMAL,SYNTHETIC
2024-02-20,DHAMRA,0,9.8,NORMAL,SYNTHETIC
2024-02-21,DHAMRA,2,10.0,NORMAL,SYNTHETIC
2024-02-22,DHAMRA,0,10.5,NORMAL,SYNTHETIC
2024-02-23,DHAMRA,2,9.8,NORMAL,SYNTHETIC
2024-02-26,DHAMRA,2,11.7,NORMAL,SYNTHETIC
2024-02-27,DHAMRA,2,13.6,NORMAL,SYNTHETIC
2024-02-28,DHAMRA,1,14.8,ELEVATED,SYNTHETIC
2024-02-29,DHAMRA,3,17.6,ELEVATED,SYNTHETIC
2024-03-01,DHAMRA,2,19.9,HIGH,SYNTHETIC
2024-03-04,DHAMRA,3,18.3,HIGH,SYNTHETIC
2024-03-05,DHAMRA,3,18.2,HIGH,SYNTHETIC
2024-03-06,DHAMRA,4,18.9,HIGH,SYNTHETIC
2024-03-07,DHAMRA,3,22.3,HIGH,SYNTHETIC
2024-03-08,DHAMRA,4,26.4,HIGH,SYNTHETIC
2024-03-11,DHAMRA,4,26.3,HIGH,SYNTHETIC
2024-03-12,DHAMRA,5,28.2,HIGH,SYNTHETIC
2024-03-13,DHAMRA,4,30.7,SEVERE,SYNTHETIC
2024-03-14,DHAMRA,3,30.0,HIGH,SYNTHETIC
2024-03-15,DHAMRA,5,30.7,SEVERE,SYNTHETIC
2024-03-18,DHAMRA,4,29.0,HIGH,SYNTHETIC
2024-03-19,DHAMRA,5,28.0,HIGH,SYNTHETIC
2024-03-20,DHAMRA,2,23.7,HIGH,SYNTHETIC
2024-03-21,DHAMRA,2,22.5,HIGH,SYNTHETIC
2024-03-22,DHAMRA,3,24.6,HIGH,SYNTHETIC
2024-03-25,DHAMRA,5,25.7,HIGH,SYNTHETIC
2024-03-26,DHAMRA,5,25.0,HIGH,SYNTHETIC
2024-03-27,DHAMRA,5,26.7,HIGH,SYNTHETIC
2024-03-28,DHAMRA,5,26.0,HIGH,SYNTHETIC
2024-03-29,DHAMRA,2,21.8,HIGH,SYNTHETIC
2024-04-01,DHAMRA,3,22.7,HIGH,SYNTHETIC
2024-04-02,DHAMRA,2,23.8,HIGH,SYNTHETIC
2024-04-03,DHAMRA,4,21.1,HIGH,SYNTHETIC
2024-04-04,DHAMRA,1,17.6,ELEVATED,SYNTHETIC
2024-04-05,DHAMRA,3,16.1,ELEVATED,SYNTHETIC
2024-04-08,DHAMRA,3,19.1,HIGH,SYNTHETIC
2024-04-09,DHAMRA,2,20.3,HIGH,SYNTHETIC
2024-04-10,DHAMRA,4,19.0,HIGH,SYNTHETIC
2024-04-11,DHAMRA,3,15.8,ELEVATED,SYNTHETIC
2024-04-12,DHAMRA,1,17.3,ELEVATED,SYNTHETIC
2024-04-15,DHAMRA,4,18.7,HIGH,SYNTHETIC
2024-04-16,DHAMRA,2,18.1,HIGH,SYNTHETIC
2024-04-17,DHAMRA,3,18.9,HIGH,SYNTHETIC
2024-04-18,DHAMRA,4,20.3,HIGH,SYNTHETIC
2024-04-19,DHAMRA,4,21.6,HIGH,SYNTHETIC
2024-04-22,DHAMRA,2,18.2,HIGH,SYNTHETIC
2024-04-23,DHAMRA,3,15.7,ELEVATED,SYNTHETIC
2024-04-24,DHAMRA,3,15.1,ELEVATED,SYNTHETIC
2024-04-25,DHAMRA,2,16.4,ELEVATED,SYNTHETIC
2024-04-26,DHAMRA,3,14.0,NORMAL,SYNTHETIC
2024-04-29,DHAMRA,2,15.0,ELEVATED,SYNTHETIC
2024-04-30,DHAMRA,0,11.7,NORMAL,SYNTHETIC
2024-05-01,DHAMRA,2,12.1,NORMAL,SYNTHETIC
2024-05-02,DHAMRA,2,10.4,NORMAL,SYNTHETIC
2024-05-03,DHAMRA,2,12.7,NORMAL,SYNTHETIC
2024-05-06,DHAMRA,0,11.1,NORMAL,SYNTHETIC
2024-05-07,DHAMRA,2,12.1,NORMAL,SYNTHETIC
2024-05-08,DHAMRA,2,10.1,NORMAL,SYNTHETIC
2024-05-09,DHAMRA,1,10.8,NORMAL,SYNTHETIC
2024-05-10,DHAMRA,2,11.6,NORMAL,SYNTHETIC
2024-05-13,DHAMRA,1,9.1,NORMAL,SYNTHETIC
2024-05-14,DHAMRA,1,9.4,NORMAL,SYNTHETIC
2024-05-15,DHAMRA,0,4.9,NORMAL,SYNTHETIC
2024-05-16,DHAMRA,1,4.2,NORMAL,SYNTHETIC
2024-05-17,DHAMRA,0,3.0,NORMAL,SYNTHETIC
2024-05-20,DHAMRA,1,3.4,NORMAL,SYNTHETIC
2024-05-21,DHAMRA,0,1.7,NORMAL,SYNTHETIC
2024-05-22,DHAMRA,0,2.7,NORMAL,SYNTHETIC
2024-05-23,DHAMRA,0,0.0,NORMAL,SYNTHETIC
2024-05-24,DHAMRA,0,0.0,NORMAL,SYNTHETIC
2024-05-27,DHAMRA,0,0.0,NORMAL,SYNTHETIC
2024-05-28,DHAMRA,0,0.0,NORMAL,SYNTHETIC
2024-05-29,DHAMRA,0,0.0,NORMAL,SYNTHETIC
2024-05-30,DHAMRA,0,0.0,NORMAL,SYNTHETIC
2024-05-31,DHAMRA,0,0.0,NORMAL,SYNTHETIC
2024-06-03,DHAMRA,0,10.2,NORMAL,SYNTHETIC
2024-06-04,DHAMRA,0,6.3,NORMAL,SYNTHETIC
2024-06-05,DHAMRA,7,37.3,SEVERE,SYNTHETIC
2024-06-06,DHAMRA,1,5.1,NORMAL,SYNTHETIC
2024-06-07,DHAMRA,5,32.4,SEVERE,SYNTHETIC
2024-06-10,DHAMRA,2,8.7,NORMAL,SYNTHETIC
2024-06-11,DHAMRA,3,24.2,HIGH,SYNTHETIC
2024-06-12,DHAMRA,7,39.1,SEVERE,SYNTHETIC
2024-06-13,DHAMRA,4,21.4,HIGH,SYNTHETIC
2024-06-14,DHAMRA,5,38.1,SEVERE,SYNTHETIC
2024-06-17,DHAMRA,5,33.4,SEVERE,SYNTHETIC
2024-06-18,DHAMRA,6,31.6,SEVERE,SYNTHETIC
2024-06-19,DHAMRA,1,16.8,ELEVATED,SYNTHETIC
2024-06-20,DHAMRA,4,29.2,HIGH,SYNTHETIC
2024-06-21,DHAMRA,4,26.0,HIGH,SYNTHETIC
2024-06-24,DHAMRA,3,18.3,HIGH,SYNTHETIC
2024-06-25,DHAMRA,0,12.0,NORMAL,SYNTHETIC
2024-06-26,DHAMRA,2,9.9,NORMAL,SYNTHETIC
2024-06-27,DHAMRA,1,11.1,NORMAL,SYNTHETIC
2024-06-28,DHAMRA,0,0.0,NORMAL,SYNTHETIC
2024-07-01,DHAMRA,2,15.3,ELEVATED,SYNTHETIC
2024-07-02,DHAMRA,2,6.5,NORMAL,SYNTHETIC
2024-07-03,DHAMRA,2,8.8,NORMAL,SYNTHETIC
2024-07-04,DHAMRA,0,0.0,NORMAL,SYNTHETIC
2024-07-05,DHAMRA,1,0.0,NORMAL,SYNTHETIC
2024-07-08,DHAMRA,5,27.3,HIGH,SYNTHETIC
2024-07-09,DHAMRA,1,14.6,ELEVATED,SYNTHETIC
2024-07-10,DHAMRA,0,4.1,NORMAL,SYNTHETIC
2024-07-11,DHAMRA,1,1.6,NORMAL,SYNTHETIC
2024-07-12,DHAMRA,0,0.0,NORMAL,SYNTHETIC
2024-07-15,DHAMRA,0,0.0,NORMAL,SYNTHETIC
2024-07-16,DHAMRA,5,24.6,HIGH,SYNTHETIC
2024-07-17,DHAMRA,5,24.4,HIGH,SYNTHETIC
2024-07-18,DHAMRA,3,25.5,HIGH,SYNTHETIC
2024-07-19,DHAMRA,1,4.4,NORMAL,SYNTHETIC
2024-07-22,DHAMRA,1,1.3,NORMAL,SYNTHETIC
2024-07-23,DHAMRA,2,21.5,HIGH,SYNTHETIC
2024-07-24,DHAMRA,0,6.2,NORMAL,SYNTHETIC
2024-07-25,DHAMRA,6,36.7,SEVERE,SYNTHETIC
2024-07-26,DHAMRA,2,18.4,HIGH,SYNTHETIC
2024-07-29,DHAMRA,5,28.9,HIGH,SYNTHETIC
2024-07-30,DHAMRA,1,9.9,NORMAL,SYNTHETIC
2024-07-31,DHAMRA,6,32.8,SEVERE,SYNTHETIC
2024-08-01,DHAMRA,1,12.1,NORMAL,SYNTHETIC
2024-08-02,DHAMRA,3,17.6,ELEVATED,SYNTHETIC
2024-08-05,DHAMRA,4,29.6,HIGH,SYNTHETIC
2024-08-06,DHAMRA,4,35.9,SEVERE,SYNTHETIC
2024-08-07,DHAMRA,1,14.8,ELEVATED,SYNTHETIC
2024-08-08,DHAMRA,4,21.7,HIGH,SYNTHETIC
2024-08-09,DHAMRA,0,0.0,NORMAL,SYNTHETIC
2024-08-12,DHAMRA,0,0.0,NORMAL,SYNTHETIC
2024-08-13,DHAMRA,6,31.5,SEVERE,SYNTHETIC
2024-08-14,DHAMRA,4,32.7,SEVERE,SYNTHETIC
2024-08-15,DHAMRA,5,29.4,HIGH,SYNTHETIC
2024-08-16,DHAMRA,3,19.6,HIGH,SYNTHETIC
2024-08-19,DHAMRA,3,19.0,HIGH,SYNTHETIC
2024-08-20,DHAMRA,4,18.7,HIGH,SYNTHETIC
2024-08-21,DHAMRA,0,1.9,NORMAL,SYNTHETIC
2024-08-22,DHAMRA,6,40.8,SEVERE,SYNTHETIC
2024-08-23,DHAMRA,7,39.5,SEVERE,SYNTHETIC
2024-08-26,DHAMRA,7,38.0,SEVERE,SYNTHETIC
2024-08-27,DHAMRA,4,26.7,HIGH,SYNTHETIC
2024-08-28,DHAMRA,4,31.9,SEVERE,SYNTHETIC
2024-08-29,DHAMRA,7,47.7,SEVERE,SYNTHETIC
2024-08-30,DHAMRA,8,48.2,SEVERE,SYNTHETIC
2024-09-02,DHAMRA,5,38.9,SEVERE,SYNTHETIC
2024-09-03,DHAMRA,7,45.7,SEVERE,SYNTHETIC
2024-09-04,DHAMRA,8,42.7,SEVERE,SYNTHETIC
2024-09-05,DHAMRA,3,28.6,HIGH,SYNTHETIC
2024-09-06,DHAMRA,6,36.0,SEVERE,SYNTHETIC
2024-09-09,DHAMRA,5,32.2,SEVERE,SYNTHETIC
2024-09-10,DHAMRA,5,24.6,HIGH,SYNTHETIC
2024-09-11,DHAMRA,8,42.7,SEVERE,SYNTHETIC
2024-09-12,DHAMRA,6,42.1,SEVERE,SYNTHETIC
2024-09-13,DHAMRA,7,50.2,SEVERE,SYNTHETIC
2024-09-16,DHAMRA,5,34.0,SEVERE,SYNTHETIC
2024-09-17,DHAMRA,5,41.2,SEVERE,SYNTHETIC
2024-09-18,DHAMRA,5,38.6,SEVERE,SYNTHETIC
2024-09-19,DHAMRA,6,38.3,SEVERE,SYNTHETIC
2024-09-20,DHAMRA,8,49.8,SEVERE,SYNTHETIC
2024-09-23,DHAMRA,9,50.3,SEVERE,SYNTHETIC
2024-09-24,DHAMRA,7,43.1,SEVERE,SYNTHETIC
2024-09-25,DHAMRA,7,51.8,SEVERE,SYNTHETIC
2024-09-26,DHAMRA,7,37.8,SEVERE,SYNTHETIC
2024-09-27,DHAMRA,8,55.9,SEVERE,SYNTHETIC
2024-09-30,DHAMRA,10,54.9,SEVERE,SYNTHETIC
2024-10-01,DHAMRA,2,7.9,NORMAL,SYNTHETIC
2024-10-02,DHAMRA,1,8.2,NORMAL,SYNTHETIC
2024-10-03,DHAMRA,1,10.2,NORMAL,SYNTHETIC
2024-10-04,DHAMRA,2,11.5,NORMAL,SYNTHETIC
2024-10-07,DHAMRA,1,7.3,NORMAL,SYNTHETIC
2024-10-08,DHAMRA,1,9.8,NORMAL,SYNTHETIC
2024-10-09,DHAMRA,0,11.3,NORMAL,SYNTHETIC
2024-10-10,DHAMRA,3,14.8,ELEVATED,SYNTHETIC
2024-10-11,DHAMRA,1,12.4,NORMAL,SYNTHETIC
2024-10-14,DHAMRA,1,11.6,NORMAL,SYNTHETIC
2024-10-15,DHAMRA,1,9.7,NORMAL,SYNTHETIC
2024-10-16,DHAMRA,2,10.7,NORMAL,SYNTHETIC
2024-10-17,DHAMRA,2,12.6,NORMAL,SYNTHETIC
2024-10-18,DHAMRA,1,13.5,NORMAL,SYNTHETIC
2024-10-21,DHAMRA,3,12.4,NORMAL,SYNTHETIC
2024-10-22,DHAMRA,1,7.6,NORMAL,SYNTHETIC
2024-10-23,DHAMRA,2,9.1,NORMAL,SYNTHETIC
2024-10-24,DHAMRA,2,12.1,NORMAL,SYNTHETIC
2024-10-25,DHAMRA,1,12.4,NORMAL,SYNTHETIC
2024-10-28,DHAMRA,2,14.8,ELEVATED,SYNTHETIC
2024-10-29,DHAMRA,3,14.2,NORMAL,SYNTHETIC
2024-10-30,DHAMRA,2,15.0,ELEVATED,SYNTHETIC
2024-10-31,DHAMRA,3,12.0,NORMAL,SYNTHETIC
2024-11-01,DHAMRA,2,11.2,NORMAL,SYNTHETIC
2024-11-04,DHAMRA,2,9.7,NORMAL,SYNTHETIC
2024-11-05,DHAMRA,1,11.0,NORMAL,SYNTHETIC
2024-11-06,DHAMRA,2,13.2,NORMAL,SYNTHETIC
2024-11-07,DHAMRA,2,14.7,ELEVATED,SYNTHETIC
2024-11-08,DHAMRA,1,11.3,NORMAL,SYNTHETIC
2024-11-11,DHAMRA,2,13.2,NORMAL,SYNTHETIC
2024-11-12,DHAMRA,2,13.4,NORMAL,SYNTHETIC
2024-11-13,DHAMRA,3,12.3,NORMAL,SYNTHETIC
2024-11-14,DHAMRA,2,12.1,NORMAL,SYNTHETIC
2024-11-15,DHAMRA,3,15.9,ELEVATED,SYNTHETIC
2024-11-18,DHAMRA,3,15.0,ELEVATED,SYNTHETIC
2024-11-19,DHAMRA,2,16.9,ELEVATED,SYNTHETIC
2024-11-20,DHAMRA,3,21.8,HIGH,SYNTHETIC
2024-11-21,DHAMRA,4,22.5,HIGH,SYNTHETIC
2024-11-22,DHAMRA,4,22.4,HIGH,SYNTHETIC
2024-11-25,DHAMRA,3,22.9,HIGH,SYNTHETIC
2024-11-26,DHAMRA,3,18.5,HIGH,SYNTHETIC
2024-11-27,DHAMRA,1,17.2,ELEVATED,SYNTHETIC
2024-11-28,DHAMRA,4,18.1,HIGH,SYNTHETIC
2024-11-29,DHAMRA,4,19.4,HIGH,SYNTHETIC
2024-12-02,DHAMRA,2,20.7,HIGH,SYNTHETIC
2024-12-03,DHAMRA,1,16.4,ELEVATED,SYNTHETIC
2024-12-04,DHAMRA,1,15.9,ELEVATED,SYNTHETIC
2024-12-05,DHAMRA,3,12.5,NORMAL,SYNTHETIC
2024-12-06,DHAMRA,2,11.7,NORMAL,SYNTHETIC
2024-12-09,DHAMRA,2,9.2,NORMAL,SYNTHETIC
2024-12-10,DHAMRA,2,6.5,NORMAL,SYNTHETIC
2024-12-11,DHAMRA,2,8.8,NORMAL,SYNTHETIC
2024-12-12,DHAMRA,1,8.9,NORMAL,SYNTHETIC
2024-12-13,DHAMRA,2,9.2,NORMAL,SYNTHETIC
2024-12-16,DHAMRA,1,11.6,NORMAL,SYNTHETIC
2024-12-17,DHAMRA,2,11.0,NORMAL,SYNTHETIC
2024-12-18,DHAMRA,1,10.5,NORMAL,SYNTHETIC
2024-12-19,DHAMRA,0,11.9,NORMAL,SYNTHETIC
2024-12-20,DHAMRA,2,15.4,ELEVATED,SYNTHETIC
2024-12-23,DHAMRA,1,13.3,NORMAL,SYNTHETIC
2024-12-24,DHAMRA,2,14.2,NORMAL,SYNTHETIC
2024-12-25,DHAMRA,3,14.6,ELEVATED,SYNTHETIC
2024-12-26,DHAMRA,2,16.1,ELEVATED,SYNTHETIC
2024-12-27,DHAMRA,1,14.2,NORMAL,SYNTHETIC
2024-12-30,DHAMRA,1,14.8,ELEVATED,SYNTHETIC
2024-12-31,DHAMRA,3,13.0,NORMAL,SYNTHETIC
2025-01-01,DHAMRA,0,10.0,NORMAL,SYNTHETIC
2025-01-02,DHAMRA,0,10.0,NORMAL,SYNTHETIC
2025-01-03,DHAMRA,2,6.3,NORMAL,SYNTHETIC
2025-01-06,DHAMRA,1,6.2,NORMAL,SYNTHETIC
2025-01-07,DHAMRA,0,5.6,NORMAL,SYNTHETIC
2025-01-08,DHAMRA,0,2.3,NORMAL,SYNTHETIC
2025-01-09,DHAMRA,0,2.2,NORMAL,SYNTHETIC
2025-01-10,DHAMRA,1,2.3,NORMAL,SYNTHETIC
2025-01-13,DHAMRA,1,0.3,NORMAL,SYNTHETIC
2025-01-14,DHAMRA,0,1.3,NORMAL,SYNTHETIC
2025-01-15,DHAMRA,1,2.4,NORMAL,SYNTHETIC
2025-01-16,DHAMRA,0,1.2,NORMAL,SYNTHETIC
2025-01-17,DHAMRA,0,3.3,NORMAL,SYNTHETIC
2025-01-20,DHAMRA,1,2.3,NORMAL,SYNTHETIC
2025-01-21,DHAMRA,0,3.1,NORMAL,SYNTHETIC
2025-01-22,DHAMRA,0,3.4,NORMAL,SYNTHETIC
2025-01-23,DHAMRA,0,4.3,NORMAL,SYNTHETIC
2025-01-24,DHAMRA,1,2.1,NORMAL,SYNTHETIC
2025-01-27,DHAMRA,1,6.4,NORMAL,SYNTHETIC
2025-01-28,DHAMRA,1,8.9,NORMAL,SYNTHETIC
2025-01-29,DHAMRA,2,9.5,NORMAL,SYNTHETIC
2025-01-30,DHAMRA,2,9.8,NORMAL,SYNTHETIC
2025-01-31,DHAMRA,2,11.3,NORMAL,SYNTHETIC
2025-02-03,DHAMRA,2,12.7,NORMAL,SYNTHETIC
2025-02-04,DHAMRA,2,16.1,ELEVATED,SYNTHETIC
2025-02-05,DHAMRA,3,16.3,ELEVATED,SYNTHETIC
2025-02-06,DHAMRA,1,17.5,ELEVATED,SYNTHETIC
2025-02-07,DHAMRA,0,11.3,NORMAL,SYNTHETIC
2025-02-10,DHAMRA,0,11.5,NORMAL,SYNTHETIC
2025-02-11,DHAMRA,2,8.7,NORMAL,SYNTHETIC
2025-02-12,DHAMRA,1,11.3,NORMAL,SYNTHETIC
2025-02-13,DHAMRA,3,15.7,ELEVATED,SYNTHETIC
2025-02-14,DHAMRA,2,15.9,ELEVATED,SYNTHETIC
2025-02-17,DHAMRA,2,17.0,ELEVATED,SYNTHETIC
2025-02-18,DHAMRA,1,16.0,ELEVATED,SYNTHETIC
2025-02-19,DHAMRA,3,12.2,NORMAL,SYNTHETIC
2025-02-20,DHAMRA,3,13.6,NORMAL,SYNTHETIC
2025-02-21,DHAMRA,3,15.2,ELEVATED,SYNTHETIC
2025-02-24,DHAMRA,3,15.6,ELEVATED,SYNTHETIC
2025-02-25,DHAMRA,3,16.8,ELEVATED,SYNTHETIC
2025-02-26,DHAMRA,2,20.7,HIGH,SYNTHETIC
2025-02-27,DHAMRA,2,18.2,HIGH,SYNTHETIC
2025-02-28,DHAMRA,3,17.1,ELEVATED,SYNTHETIC
2025-03-03,DHAMRA,3,16.0,ELEVATED,SYNTHETIC
2025-03-04,DHAMRA,3,12.7,NORMAL,SYNTHETIC
2025-03-05,DHAMRA,1,10.7,NORMAL,SYNTHETIC
2025-03-06,DHAMRA,2,14.9,ELEVATED,SYNTHETIC
2025-03-07,DHAMRA,1,13.2,NORMAL,SYNTHETIC
2025-03-10,DHAMRA,1,11.7,NORMAL,SYNTHETIC
2025-03-11,DHAMRA,0,8.4,NORMAL,SYNTHETIC
2025-03-12,DHAMRA,2,8.7,NORMAL,SYNTHETIC
2025-03-13,DHAMRA,1,9.5,NORMAL,SYNTHETIC
2025-03-14,DHAMRA,2,7.2,NORMAL,SYNTHETIC
2025-03-17,DHAMRA,0,4.8,NORMAL,SYNTHETIC
2025-03-18,DHAMRA,0,6.1,NORMAL,SYNTHETIC
2025-03-19,DHAMRA,0,5.9,NORMAL,SYNTHETIC
2025-03-20,DHAMRA,0,5.2,NORMAL,SYNTHETIC
2025-03-21,DHAMRA,0,5.3,NORMAL,SYNTHETIC
2025-03-24,DHAMRA,0,2.9,NORMAL,SYNTHETIC
2025-03-25,DHAMRA,0,5.8,NORMAL,SYNTHETIC
2025-03-26,DHAMRA,0,4.7,NORMAL,SYNTHETIC
2025-03-27,DHAMRA,1,4.5,NORMAL,SYNTHETIC
2025-03-28,DHAMRA,0,1.3,NORMAL,SYNTHETIC
2025-03-31,DHAMRA,1,0.0,NORMAL,SYNTHETIC
2025-04-01,DHAMRA,1,0.0,NORMAL,SYNTHETIC
2025-04-02,DHAMRA,1,0.0,NORMAL,SYNTHETIC
2025-04-03,DHAMRA,0,0.8,NORMAL,SYNTHETIC
2025-04-04,DHAMRA,0,1.6,NORMAL,SYNTHETIC
2025-04-07,DHAMRA,0,0.3,NORMAL,SYNTHETIC
2025-04-08,DHAMRA,0,0.0,NORMAL,SYNTHETIC
2025-04-09,DHAMRA,1,0.0,NORMAL,SYNTHETIC
2025-04-10,DHAMRA,0,0.0,NORMAL,SYNTHETIC
2025-04-11,DHAMRA,0,0.0,NORMAL,SYNTHETIC
2025-04-14,DHAMRA,1,0.0,NORMAL,SYNTHETIC
2025-04-15,DHAMRA,0,0.0,NORMAL,SYNTHETIC
2025-04-16,DHAMRA,1,0.0,NORMAL,SYNTHETIC
2025-04-17,DHAMRA,0,0.0,NORMAL,SYNTHETIC
2025-04-18,DHAMRA,0,0.0,NORMAL,SYNTHETIC
2025-04-21,DHAMRA,1,0.0,NORMAL,SYNTHETIC
2025-04-22,DHAMRA,0,0.0,NORMAL,SYNTHETIC
2025-04-23,DHAMRA,0,0.0,NORMAL,SYNTHETIC
2025-04-24,DHAMRA,1,0.0,NORMAL,SYNTHETIC
2025-04-25,DHAMRA,0,0.0,NORMAL,SYNTHETIC
2025-04-28,DHAMRA,1,0.0,NORMAL,SYNTHETIC
2025-04-29,DHAMRA,1,0.0,NORMAL,SYNTHETIC
2025-04-30,DHAMRA,1,0.0,NORMAL,SYNTHETIC
2025-05-01,DHAMRA,0,0.0,NORMAL,SYNTHETIC
2025-05-02,DHAMRA,1,0.0,NORMAL,SYNTHETIC
2025-05-05,DHAMRA,0,0.0,NORMAL,SYNTHETIC
2025-05-06,DHAMRA,0,0.0,NORMAL,SYNTHETIC
2025-05-07,DHAMRA,0,0.0,NORMAL,SYNTHETIC
2025-05-08,DHAMRA,0,0.0,NORMAL,SYNTHETIC
2025-05-09,DHAMRA,0,0.0,NORMAL,SYNTHETIC
2025-05-12,DHAMRA,0,0.0,NORMAL,SYNTHETIC
2025-05-13,DHAMRA,1,0.0,NORMAL,SYNTHETIC
2025-05-14,DHAMRA,0,0.0,NORMAL,SYNTHETIC
2025-05-15,DHAMRA,0,0.0,NORMAL,SYNTHETIC
2025-05-16,DHAMRA,0,0.0,NORMAL,SYNTHETIC
2025-05-19,DHAMRA,0,0.0,NORMAL,SYNTHETIC
2025-05-20,DHAMRA,0,0.0,NORMAL,SYNTHETIC
2025-05-21,DHAMRA,1,0.0,NORMAL,SYNTHETIC
2025-05-22,DHAMRA,1,0.0,NORMAL,SYNTHETIC
2025-05-23,DHAMRA,0,0.0,NORMAL,SYNTHETIC
2025-05-26,DHAMRA,1,0.0,NORMAL,SYNTHETIC
2025-05-27,DHAMRA,0,0.0,NORMAL,SYNTHETIC
2025-05-28,DHAMRA,0,0.0,NORMAL,SYNTHETIC
2025-05-29,DHAMRA,0,0.0,NORMAL,SYNTHETIC
2025-05-30,DHAMRA,1,0.0,NORMAL,SYNTHETIC
2025-06-02,DHAMRA,2,6.6,NORMAL,SYNTHETIC
2025-06-03,DHAMRA,3,14.3,NORMAL,SYNTHETIC
2025-06-04,DHAMRA,0,10.6,NORMAL,SYNTHETIC
2025-06-05,DHAMRA,5,30.6,SEVERE,SYNTHETIC
2025-06-06,DHAMRA,4,25.2,HIGH,SYNTHETIC
2025-06-09,DHAMRA,1,8.0,NORMAL,SYNTHETIC
2025-06-10,DHAMRA,3,12.1,NORMAL,SYNTHETIC
2025-06-11,DHAMRA,5,30.8,SEVERE,SYNTHETIC
2025-06-12,DHAMRA,3,17.6,ELEVATED,SYNTHETIC
2025-06-13,DHAMRA,2,8.8,NORMAL,SYNTHETIC
2025-06-16,DHAMRA,4,18.3,HIGH,SYNTHETIC
2025-06-17,DHAMRA,2,17.9,ELEVATED,SYNTHETIC
2025-06-18,DHAMRA,2,9.4,NORMAL,SYNTHETIC
2025-06-19,DHAMRA,1,3.0,NORMAL,SYNTHETIC
2025-06-20,DHAMRA,0,0.0,NORMAL,SYNTHETIC
2025-06-23,DHAMRA,5,25.1,HIGH,SYNTHETIC
2025-06-24,DHAMRA,0,2.0,NORMAL,SYNTHETIC
2025-06-25,DHAMRA,1,6.9,NORMAL,SYNTHETIC
2025-06-26,DHAMRA,0,7.4,NORMAL,SYNTHETIC
2025-06-27,DHAMRA,5,27.3,HIGH,SYNTHETIC
2025-06-30,DHAMRA,0,11.1,NORMAL,SYNTHETIC
2025-07-01,DHAMRA,0,2.6,NORMAL,SYNTHETIC
2025-07-02,DHAMRA,2,13.7,NORMAL,SYNTHETIC
2025-07-03,DHAMRA,2,11.4,NORMAL,SYNTHETIC
2025-07-04,DHAMRA,4,32.6,SEVERE,SYNTHETIC
2025-07-07,DHAMRA,3,14.2,NORMAL,SYNTHETIC
2025-07-08,DHAMRA,4,32.9,SEVERE,SYNTHETIC
2025-07-09,DHAMRA,1,0.0,NORMAL,SYNTHETIC
2025-07-10,DHAMRA,0,0.0,NORMAL,SYNTHETIC
2025-07-11,DHAMRA,1,9.6,NORMAL,SYNTHETIC
2025-07-14,DHAMRA,1,10.4,NORMAL,SYNTHETIC
2025-07-15,DHAMRA,0,11.3,NORMAL,SYNTHETIC
2025-07-16,DHAMRA,5,30.5,SEVERE,SYNTHETIC
2025-07-17,DHAMRA,3,24.6,HIGH,SYNTHETIC
2025-07-18,DHAMRA,0,5.3,NORMAL,SYNTHETIC
2025-07-21,DHAMRA,1,11.1,NORMAL,SYNTHETIC
2025-07-22,DHAMRA,1,16.6,ELEVATED,SYNTHETIC
2025-07-23,DHAMRA,5,34.5,SEVERE,SYNTHETIC
2025-07-24,DHAMRA,2,10.9,NORMAL,SYNTHETIC
2025-07-25,DHAMRA,2,15.1,ELEVATED,SYNTHETIC
2025-07-28,DHAMRA,4,27.7,HIGH,SYNTHETIC
2025-07-29,DHAMRA,3,19.4,HIGH,SYNTHETIC
2025-07-30,DHAMRA,5,26.5,HIGH,SYNTHETIC
2025-07-31,DHAMRA,1,17.9,ELEVATED,SYNTHETIC
2025-08-01,DHAMRA,0,4.6,NORMAL,SYNTHETIC
2025-08-04,DHAMRA,1,14.9,ELEVATED,SYNTHETIC
2025-08-05,DHAMRA,1,0.0,NORMAL,SYNTHETIC
2025-08-06,DHAMRA,5,26.3,HIGH,SYNTHETIC
2025-08-07,DHAMRA,2,19.1,HIGH,SYNTHETIC
2025-08-08,DHAMRA,4,27.0,HIGH,SYNTHETIC
2025-08-11,DHAMRA,4,30.5,SEVERE,SYNTHETIC
2025-08-12,DHAMRA,0,0.0,NORMAL,SYNTHETIC
2025-08-13,DHAMRA,0,12.0,NORMAL,SYNTHETIC
2025-08-14,DHAMRA,4,26.3,HIGH,SYNTHETIC
2025-08-15,DHAMRA,2,7.5,NORMAL,SYNTHETIC
2025-08-18,DHAMRA,0,1.5,NORMAL,SYNTHETIC
2025-08-19,DHAMRA,1,3.6,NORMAL,SYNTHETIC
2025-08-20,DHAMRA,4,30.9,SEVERE,SYNTHETIC
2025-08-21,DHAMRA,4,20.8,HIGH,SYNTHETIC
2025-08-22,DHAMRA,2,16.1,ELEVATED,SYNTHETIC
2025-08-25,DHAMRA,2,20.9,HIGH,SYNTHETIC
2025-08-26,DHAMRA,1,13.4,NORMAL,SYNTHETIC
2025-08-27,DHAMRA,7,38.9,SEVERE,SYNTHETIC
2025-08-28,DHAMRA,1,8.5,NORMAL,SYNTHETIC
2025-08-29,DHAMRA,2,22.3,HIGH,SYNTHETIC
2025-09-01,DHAMRA,5,24.6,HIGH,SYNTHETIC
2025-09-02,DHAMRA,5,26.5,HIGH,SYNTHETIC
2025-09-03,DHAMRA,5,24.8,HIGH,SYNTHETIC
2025-09-04,DHAMRA,4,22.2,HIGH,SYNTHETIC
2025-09-05,DHAMRA,7,37.7,SEVERE,SYNTHETIC
2025-09-08,DHAMRA,5,31.8,SEVERE,SYNTHETIC
2025-09-09,DHAMRA,5,30.0,HIGH,SYNTHETIC
2025-09-10,DHAMRA,4,23.8,HIGH,SYNTHETIC
2025-09-11,DHAMRA,3,13.9,NORMAL,SYNTHETIC
2025-09-12,DHAMRA,8,45.0,SEVERE,SYNTHETIC
2025-09-15,DHAMRA,7,42.4,SEVERE,SYNTHETIC
2025-09-16,DHAMRA,1,12.7,NORMAL,SYNTHETIC
2025-09-17,DHAMRA,4,23.9,HIGH,SYNTHETIC
2025-09-18,DHAMRA,2,14.4,ELEVATED,SYNTHETIC
2025-09-19,DHAMRA,4,30.7,SEVERE,SYNTHETIC
2025-09-22,DHAMRA,2,21.7,HIGH,SYNTHETIC
2025-09-23,DHAMRA,4,30.0,HIGH,SYNTHETIC
2025-09-24,DHAMRA,6,47.9,SEVERE,SYNTHETIC
2025-09-25,DHAMRA,2,19.3,HIGH,SYNTHETIC
2025-09-26,DHAMRA,8,42.2,SEVERE,SYNTHETIC
2025-09-29,DHAMRA,3,23.0,HIGH,SYNTHETIC
2025-09-30,DHAMRA,3,29.0,HIGH,SYNTHETIC
2025-10-01,DHAMRA,0,0.0,NORMAL,SYNTHETIC
2025-10-02,DHAMRA,0,0.0,NORMAL,SYNTHETIC
2025-10-03,DHAMRA,0,0.0,NORMAL,SYNTHETIC
2025-10-06,DHAMRA,0,0.0,NORMAL,SYNTHETIC
2025-10-07,DHAMRA,0,0.0,NORMAL,SYNTHETIC
2025-10-08,DHAMRA,1,0.0,NORMAL,SYNTHETIC
2025-10-09,DHAMRA,1,0.0,NORMAL,SYNTHETIC
2025-10-10,DHAMRA,0,0.0,NORMAL,SYNTHETIC
2025-10-13,DHAMRA,0,0.0,NORMAL,SYNTHETIC
2025-10-14,DHAMRA,0,0.0,NORMAL,SYNTHETIC
2025-10-15,DHAMRA,0,0.0,NORMAL,SYNTHETIC
2025-10-16,DHAMRA,0,0.0,NORMAL,SYNTHETIC
2025-10-17,DHAMRA,1,0.0,NORMAL,SYNTHETIC
2025-10-20,DHAMRA,0,0.0,NORMAL,SYNTHETIC
2025-10-21,DHAMRA,0,0.0,NORMAL,SYNTHETIC
2025-10-22,DHAMRA,0,0.0,NORMAL,SYNTHETIC
2025-10-23,DHAMRA,0,0.0,NORMAL,SYNTHETIC
2025-10-24,DHAMRA,1,0.0,NORMAL,SYNTHETIC
2025-10-27,DHAMRA,1,0.0,NORMAL,SYNTHETIC
2025-10-28,DHAMRA,1,0.0,NORMAL,SYNTHETIC
2025-10-29,DHAMRA,0,0.0,NORMAL,SYNTHETIC
2025-10-30,DHAMRA,1,0.0,NORMAL,SYNTHETIC
2025-10-31,DHAMRA,0,0.0,NORMAL,SYNTHETIC
2025-11-03,DHAMRA,0,0.0,NORMAL,SYNTHETIC
2025-11-04,DHAMRA,0,0.0,NORMAL,SYNTHETIC
2025-11-05,DHAMRA,0,0.0,NORMAL,SYNTHETIC
2025-11-06,DHAMRA,1,0.0,NORMAL,SYNTHETIC
2025-11-07,DHAMRA,0,0.0,NORMAL,SYNTHETIC
2025-11-10,DHAMRA,0,0.0,NORMAL,SYNTHETIC
2025-11-11,DHAMRA,1,0.0,NORMAL,SYNTHETIC
2025-11-12,DHAMRA,0,0.0,NORMAL,SYNTHETIC
2025-11-13,DHAMRA,1,0.0,NORMAL,SYNTHETIC
2025-11-14,DHAMRA,0,0.0,NORMAL,SYNTHETIC
2025-11-17,DHAMRA,1,0.0,NORMAL,SYNTHETIC
2025-11-18,DHAMRA,0,0.0,NORMAL,SYNTHETIC
2025-11-19,DHAMRA,1,0.0,NORMAL,SYNTHETIC
2025-11-20,DHAMRA,0,0.0,NORMAL,SYNTHETIC
2025-11-21,DHAMRA,1,0.0,NORMAL,SYNTHETIC
2025-11-24,DHAMRA,1,0.0,NORMAL,SYNTHETIC
2025-11-25,DHAMRA,0,0.0,NORMAL,SYNTHETIC
2025-11-26,DHAMRA,0,0.0,NORMAL,SYNTHETIC
2025-11-27,DHAMRA,0,0.0,NORMAL,SYNTHETIC
2025-11-28,DHAMRA,0,0.0,NORMAL,SYNTHETIC
2025-12-01,DHAMRA,0,0.0,NORMAL,SYNTHETIC
2025-12-02,DHAMRA,0,0.0,NORMAL,SYNTHETIC
2025-12-03,DHAMRA,0,0.0,NORMAL,SYNTHETIC
2025-12-04,DHAMRA,0,0.0,NORMAL,SYNTHETIC
2025-12-05,DHAMRA,0,0.0,NORMAL,SYNTHETIC
2025-12-08,DHAMRA,0,0.0,NORMAL,SYNTHETIC
2025-12-09,DHAMRA,0,0.0,NORMAL,SYNTHETIC
2025-12-10,DHAMRA,1,0.0,NORMAL,SYNTHETIC
2025-12-11,DHAMRA,1,0.0,NORMAL,SYNTHETIC
2025-12-12,DHAMRA,0,0.0,NORMAL,SYNTHETIC
2025-12-15,DHAMRA,0,0.0,NORMAL,SYNTHETIC
2025-12-16,DHAMRA,0,0.0,NORMAL,SYNTHETIC
2025-12-17,DHAMRA,1,0.0,NORMAL,SYNTHETIC
2025-12-18,DHAMRA,0,0.0,NORMAL,SYNTHETIC
2025-12-19,DHAMRA,0,0.0,NORMAL,SYNTHETIC
2025-12-22,DHAMRA,0,0.0,NORMAL,SYNTHETIC
2025-12-23,DHAMRA,0,0.0,NORMAL,SYNTHETIC
2025-12-24,DHAMRA,1,0.0,NORMAL,SYNTHETIC
2025-12-25,DHAMRA,0,0.0,NORMAL,SYNTHETIC
2025-12-26,DHAMRA,0,0.0,NORMAL,SYNTHETIC
2025-12-29,DHAMRA,0,0.0,NORMAL,SYNTHETIC
2025-12-30,DHAMRA,0,0.0,NORMAL,SYNTHETIC
2025-12-31,DHAMRA,1,0.0,NORMAL,SYNTHETIC
2026-01-01,DHAMRA,0,0.0,NORMAL,SYNTHETIC
2026-01-02,DHAMRA,0,0.0,NORMAL,SYNTHETIC
2026-01-05,DHAMRA,0,0.0,NORMAL,SYNTHETIC
2026-01-06,DHAMRA,0,0.0,NORMAL,SYNTHETIC
2026-01-07,DHAMRA,1,0.0,NORMAL,SYNTHETIC
2026-01-08,DHAMRA,1,0.0,NORMAL,SYNTHETIC
2026-01-09,DHAMRA,0,0.0,NORMAL,SYNTHETIC
2026-01-12,DHAMRA,1,0.0,NORMAL,SYNTHETIC
2026-01-13,DHAMRA,1,0.0,NORMAL,SYNTHETIC
2026-01-14,DHAMRA,0,0.0,NORMAL,SYNTHETIC
2026-01-15,DHAMRA,1,0.0,NORMAL,SYNTHETIC
2026-01-16,DHAMRA,0,0.0,NORMAL,SYNTHETIC
2026-01-19,DHAMRA,0,0.0,NORMAL,SYNTHETIC
2026-01-20,DHAMRA,0,0.0,NORMAL,SYNTHETIC
2026-01-21,DHAMRA,0,0.0,NORMAL,SYNTHETIC
2026-01-22,DHAMRA,0,0.0,NORMAL,SYNTHETIC
2026-01-23,DHAMRA,1,0.0,NORMAL,SYNTHETIC
2026-01-26,DHAMRA,0,0.0,NORMAL,SYNTHETIC
2026-01-27,DHAMRA,0,0.0,NORMAL,SYNTHETIC
2026-01-28,DHAMRA,0,0.0,NORMAL,SYNTHETIC
2026-01-29,DHAMRA,0,0.0,NORMAL,SYNTHETIC
2026-01-30,DHAMRA,0,0.0,NORMAL,SYNTHETIC
2026-02-02,DHAMRA,1,0.0,NORMAL,SYNTHETIC
2026-02-03,DHAMRA,0,0.0,NORMAL,SYNTHETIC
2026-02-04,DHAMRA,1,0.0,NORMAL,SYNTHETIC
2026-02-05,DHAMRA,0,0.0,NORMAL,SYNTHETIC
2026-02-06,DHAMRA,0,0.0,NORMAL,SYNTHETIC
2026-02-09,DHAMRA,1,0.0,NORMAL,SYNTHETIC
2026-02-10,DHAMRA,0,0.0,NORMAL,SYNTHETIC
2026-02-11,DHAMRA,0,0.0,NORMAL,SYNTHETIC
2026-02-12,DHAMRA,0,0.0,NORMAL,SYNTHETIC
2026-02-13,DHAMRA,0,0.0,NORMAL,SYNTHETIC
2026-02-16,DHAMRA,0,0.0,NORMAL,SYNTHETIC
2026-02-17,DHAMRA,1,0.0,NORMAL,SYNTHETIC
2026-02-18,DHAMRA,0,0.0,NORMAL,SYNTHETIC
2026-02-19,DHAMRA,1,0.0,NORMAL,SYNTHETIC
2026-02-20,DHAMRA,1,0.0,NORMAL,SYNTHETIC
2026-02-23,DHAMRA,0,0.0,NORMAL,SYNTHETIC
2026-02-24,DHAMRA,0,0.0,NORMAL,SYNTHETIC
2026-02-25,DHAMRA,0,0.0,NORMAL,SYNTHETIC
2026-02-26,DHAMRA,1,0.0,NORMAL,SYNTHETIC
2026-02-27,DHAMRA,1,0.0,NORMAL,SYNTHETIC
2026-03-02,DHAMRA,0,0.0,NORMAL,SYNTHETIC
2026-03-03,DHAMRA,0,0.0,NORMAL,SYNTHETIC
2026-03-04,DHAMRA,0,0.0,NORMAL,SYNTHETIC
2026-03-05,DHAMRA,1,0.0,NORMAL,SYNTHETIC
2026-03-06,DHAMRA,0,0.0,NORMAL,SYNTHETIC
2026-03-09,DHAMRA,0,0.0,NORMAL,SYNTHETIC
2026-03-10,DHAMRA,0,0.0,NORMAL,SYNTHETIC
2026-03-11,DHAMRA,1,0.0,NORMAL,SYNTHETIC
2026-03-12,DHAMRA,1,0.0,NORMAL,SYNTHETIC
2026-03-13,DHAMRA,1,0.0,NORMAL,SYNTHETIC
2026-03-16,DHAMRA,1,0.0,NORMAL,SYNTHETIC
2026-03-17,DHAMRA,0,0.0,NORMAL,SYNTHETIC
2026-03-18,DHAMRA,0,0.0,NORMAL,SYNTHETIC
2026-03-19,DHAMRA,1,0.0,NORMAL,SYNTHETIC
2026-03-20,DHAMRA,1,0.0,NORMAL,SYNTHETIC
2026-03-23,DHAMRA,0,0.0,NORMAL,SYNTHETIC
2026-03-24,DHAMRA,1,0.0,NORMAL,SYNTHETIC
2026-03-25,DHAMRA,1,0.0,NORMAL,SYNTHETIC
2026-03-26,DHAMRA,0,0.0,NORMAL,SYNTHETIC
2026-03-27,DHAMRA,0,0.0,NORMAL,SYNTHETIC
2026-03-30,DHAMRA,1,0.0,NORMAL,SYNTHETIC
2026-03-31,DHAMRA,0,0.0,NORMAL,SYNTHETIC
2026-04-01,DHAMRA,0,0.0,NORMAL,SYNTHETIC
2026-04-02,DHAMRA,1,0.0,NORMAL,SYNTHETIC
2026-04-03,DHAMRA,1,0.0,NORMAL,SYNTHETIC
2026-04-06,DHAMRA,0,0.0,NORMAL,SYNTHETIC
2026-04-07,DHAMRA,1,0.0,NORMAL,SYNTHETIC
2026-04-08,DHAMRA,1,0.0,NORMAL,SYNTHETIC
2026-04-09,DHAMRA,1,0.0,NORMAL,SYNTHETIC
2026-04-10,DHAMRA,0,0.0,NORMAL,SYNTHETIC
2026-04-13,DHAMRA,0,0.0,NORMAL,SYNTHETIC
2026-04-14,DHAMRA,1,0.0,NORMAL,SYNTHETIC
2026-04-15,DHAMRA,0,0.0,NORMAL,SYNTHETIC
2026-04-16,DHAMRA,1,0.0,NORMAL,SYNTHETIC
2026-04-17,DHAMRA,0,0.0,NORMAL,SYNTHETIC
2026-04-20,DHAMRA,0,0.0,NORMAL,SYNTHETIC
2026-04-21,DHAMRA,0,0.0,NORMAL,SYNTHETIC
2026-04-22,DHAMRA,1,0.0,NORMAL,SYNTHETIC
2026-04-23,DHAMRA,0,0.0,NORMAL,SYNTHETIC
2026-04-24,DHAMRA,0,0.0,NORMAL,SYNTHETIC
2026-04-27,DHAMRA,0,0.0,NORMAL,SYNTHETIC
2026-04-28,DHAMRA,0,0.0,NORMAL,SYNTHETIC
2026-04-29,DHAMRA,1,0.0,NORMAL,SYNTHETIC
2026-04-30,DHAMRA,0,0.0,NORMAL,SYNTHETIC
2026-05-01,DHAMRA,1,0.0,NORMAL,SYNTHETIC
2026-05-04,DHAMRA,0,0.0,NORMAL,SYNTHETIC
2026-05-05,DHAMRA,1,0.0,NORMAL,SYNTHETIC
2026-05-06,DHAMRA,0,0.0,NORMAL,SYNTHETIC
2026-05-07,DHAMRA,0,0.0,NORMAL,SYNTHETIC
2026-05-08,DHAMRA,1,0.0,NORMAL,SYNTHETIC
2026-05-11,DHAMRA,0,0.0,NORMAL,SYNTHETIC
2026-05-12,DHAMRA,0,0.0,NORMAL,SYNTHETIC
2026-05-13,DHAMRA,0,0.0,NORMAL,SYNTHETIC
2026-05-14,DHAMRA,0,0.0,NORMAL,SYNTHETIC
2026-05-15,DHAMRA,1,0.0,NORMAL,SYNTHETIC
2026-05-18,DHAMRA,0,0.0,NORMAL,SYNTHETIC
2026-05-19,DHAMRA,0,0.0,NORMAL,SYNTHETIC
2026-05-20,DHAMRA,1,0.0,NORMAL,SYNTHETIC
2026-05-21,DHAMRA,0,0.0,NORMAL,SYNTHETIC
2026-05-22,DHAMRA,0,0.0,NORMAL,SYNTHETIC
2026-05-25,DHAMRA,0,0.0,NORMAL,SYNTHETIC
2026-05-26,DHAMRA,0,0.0,NORMAL,SYNTHETIC
2026-05-27,DHAMRA,0,0.0,NORMAL,SYNTHETIC
2026-05-28,DHAMRA,1,0.0,NORMAL,SYNTHETIC
2026-05-29,DHAMRA,0,0.0,NORMAL,SYNTHETIC
2026-06-01,DHAMRA,1,9.6,NORMAL,SYNTHETIC
2026-06-02,DHAMRA,2,23.1,HIGH,SYNTHETIC
2026-06-03,DHAMRA,4,22.3,HIGH,SYNTHETIC
2026-06-04,DHAMRA,5,34.5,SEVERE,SYNTHETIC
2026-06-05,DHAMRA,0,11.4,NORMAL,SYNTHETIC
2026-06-08,DHAMRA,5,32.6,SEVERE,SYNTHETIC
2026-06-09,DHAMRA,5,34.8,SEVERE,SYNTHETIC
2026-06-10,DHAMRA,3,18.2,HIGH,SYNTHETIC
2026-06-11,DHAMRA,6,37.4,SEVERE,SYNTHETIC
2026-06-12,DHAMRA,2,12.1,NORMAL,SYNTHETIC
2026-06-15,DHAMRA,1,11.5,NORMAL,SYNTHETIC
2026-06-16,DHAMRA,2,14.9,ELEVATED,SYNTHETIC
2026-06-17,DHAMRA,0,7.3,NORMAL,SYNTHETIC
2026-06-18,DHAMRA,3,26.8,HIGH,SYNTHETIC
2026-06-19,DHAMRA,2,13.5,NORMAL,SYNTHETIC
2026-06-22,DHAMRA,2,10.5,NORMAL,SYNTHETIC
2026-06-23,DHAMRA,4,28.7,HIGH,SYNTHETIC
2026-06-24,DHAMRA,3,23.9,HIGH,SYNTHETIC
2026-06-25,DHAMRA,1,2.0,NORMAL,SYNTHETIC
2026-06-26,DHAMRA,2,19.1,HIGH,SYNTHETIC
2026-06-29,DHAMRA,3,14.6,ELEVATED,SYNTHETIC
2026-06-30,DHAMRA,0,0.4,NORMAL,SYNTHETIC
2026-07-01,DHAMRA,5,30.8,SEVERE,SYNTHETIC
2026-07-02,DHAMRA,3,29.1,HIGH,SYNTHETIC
2026-07-03,DHAMRA,0,6.0,NORMAL,SYNTHETIC
2026-07-06,DHAMRA,2,13.2,NORMAL,SYNTHETIC
2026-07-07,DHAMRA,4,19.7,HIGH,SYNTHETIC
2026-07-08,DHAMRA,0,0.0,NORMAL,SYNTHETIC
2026-07-09,DHAMRA,0,3.3,NORMAL,SYNTHETIC
2026-07-10,DHAMRA,1,17.4,ELEVATED,SYNTHETIC
2026-07-13,DHAMRA,0,0.0,NORMAL,SYNTHETIC
2026-07-14,DHAMRA,5,32.1,SEVERE,SYNTHETIC
2026-07-15,DHAMRA,2,12.3,NORMAL,SYNTHETIC
2026-07-16,DHAMRA,2,18.4,HIGH,SYNTHETIC
2026-07-17,DHAMRA,1,12.1,NORMAL,SYNTHETIC
2026-07-20,DHAMRA,0,3.7,NORMAL,SYNTHETIC
2026-07-21,DHAMRA,0,0.0,NORMAL,SYNTHETIC
2026-07-22,DHAMRA,1,12.7,NORMAL,SYNTHETIC
2026-07-23,DHAMRA,0,0.0,NORMAL,SYNTHETIC
2026-07-24,DHAMRA,3,15.8,ELEVATED,SYNTHETIC
2026-07-27,DHAMRA,1,0.0,NORMAL,SYNTHETIC
2026-07-28,DHAMRA,1,4.7,NORMAL,SYNTHETIC
2026-07-29,DHAMRA,4,21.3,HIGH,SYNTHETIC
2026-07-30,DHAMRA,0,9.4,NORMAL,SYNTHETIC
2026-07-31,DHAMRA,1,6.5,NORMAL,SYNTHETIC
2026-08-03,DHAMRA,0,0.0,NORMAL,SYNTHETIC
2026-08-04,DHAMRA,1,0.0,NORMAL,SYNTHETIC
2026-08-05,DHAMRA,2,12.3,NORMAL,SYNTHETIC
2026-08-06,DHAMRA,0,0.0,NORMAL,SYNTHETIC
2026-08-07,DHAMRA,0,2.5,NORMAL,SYNTHETIC
2026-08-08,DHAMRA,0,0.0,NORMAL,SYNTHETIC
2026-08-10,DHAMRA,0,0.0,NORMAL,SYNTHETIC
2026-08-11,DHAMRA,2,10.0,NORMAL,SYNTHETIC
2026-08-12,DHAMRA,0,3.1,NORMAL,SYNTHETIC
2026-08-13,DHAMRA,1,8.9,NORMAL,SYNTHETIC
2026-08-14,DHAMRA,1,0.0,NORMAL,SYNTHETIC
2026-08-17,DHAMRA,1,0.0,NORMAL,SYNTHETIC
2026-08-18,DHAMRA,3,12.0,NORMAL,SYNTHETIC
2026-08-19,DHAMRA,1,17.5,ELEVATED,SYNTHETIC
2026-08-20,DHAMRA,0,0.0,NORMAL,SYNTHETIC
2026-08-21,DHAMRA,1,0.0,NORMAL,SYNTHETIC
2026-08-24,DHAMRA,0,0.1,NORMAL,SYNTHETIC
2026-08-25,DHAMRA,1,7.3,NORMAL,SYNTHETIC
2026-08-26,DHAMRA,1,16.8,ELEVATED,SYNTHETIC
2026-08-27,DHAMRA,1,0.0,NORMAL,SYNTHETIC
2026-08-28,DHAMRA,0,0.0,NORMAL,SYNTHETIC
2026-08-31,DHAMRA,1,0.0,NORMAL,SYNTHETIC
2026-09-01,DHAMRA,0,5.1,NORMAL,SYNTHETIC
2026-09-02,DHAMRA,1,17.8,ELEVATED,SYNTHETIC
2026-09-03,DHAMRA,0,0.0,NORMAL,SYNTHETIC
2026-09-04,DHAMRA,0,5.1,NORMAL,SYNTHETIC
2026-09-08,DHAMRA,1,17.4,ELEVATED,SYNTHETIC
2023-01-02,SANDHEADS,1,0.0,SEVERE,SYNTHETIC
2023-01-03,SANDHEADS,1,1.4,SEVERE,SYNTHETIC
2023-01-04,SANDHEADS,0,3.1,SEVERE,SYNTHETIC
2023-01-05,SANDHEADS,0,2.7,SEVERE,SYNTHETIC
2023-01-06,SANDHEADS,0,0.8,SEVERE,SYNTHETIC
2023-01-09,SANDHEADS,1,1.3,SEVERE,SYNTHETIC
2023-01-10,SANDHEADS,1,3.8,SEVERE,SYNTHETIC
2023-01-11,SANDHEADS,1,7.3,SEVERE,SYNTHETIC
2023-01-12,SANDHEADS,2,12.1,SEVERE,SYNTHETIC
2023-01-13,SANDHEADS,2,13.1,SEVERE,SYNTHETIC
2023-01-16,SANDHEADS,0,11.9,SEVERE,SYNTHETIC
2023-01-17,SANDHEADS,2,12.2,SEVERE,SYNTHETIC
2023-01-18,SANDHEADS,0,9.7,SEVERE,SYNTHETIC
2023-01-19,SANDHEADS,1,5.6,SEVERE,SYNTHETIC
2023-01-20,SANDHEADS,1,4.7,SEVERE,SYNTHETIC
2023-01-23,SANDHEADS,1,3.4,SEVERE,SYNTHETIC
2023-01-24,SANDHEADS,1,5.6,SEVERE,SYNTHETIC
2023-01-25,SANDHEADS,0,5.1,SEVERE,SYNTHETIC
2023-01-26,SANDHEADS,0,3.0,SEVERE,SYNTHETIC
2023-01-27,SANDHEADS,0,1.9,SEVERE,SYNTHETIC
2023-01-30,SANDHEADS,0,0.0,SEVERE,SYNTHETIC
2023-01-31,SANDHEADS,0,0.0,SEVERE,SYNTHETIC
2023-02-01,SANDHEADS,0,0.2,SEVERE,SYNTHETIC
2023-02-02,SANDHEADS,0,0.2,SEVERE,SYNTHETIC
2023-02-03,SANDHEADS,0,0.0,SEVERE,SYNTHETIC
2023-02-06,SANDHEADS,0,1.3,SEVERE,SYNTHETIC
2023-02-07,SANDHEADS,0,3.8,SEVERE,SYNTHETIC
2023-02-08,SANDHEADS,1,2.3,SEVERE,SYNTHETIC
2023-02-09,SANDHEADS,0,2.1,SEVERE,SYNTHETIC
2023-02-10,SANDHEADS,1,1.8,SEVERE,SYNTHETIC
2023-02-13,SANDHEADS,0,1.9,SEVERE,SYNTHETIC
2023-02-14,SANDHEADS,0,3.4,SEVERE,SYNTHETIC
2023-02-15,SANDHEADS,0,5.9,SEVERE,SYNTHETIC
2023-02-16,SANDHEADS,2,6.6,SEVERE,SYNTHETIC
2023-02-17,SANDHEADS,1,4.0,SEVERE,SYNTHETIC
2023-02-20,SANDHEADS,1,1.7,SEVERE,SYNTHETIC
2023-02-21,SANDHEADS,1,0.6,SEVERE,SYNTHETIC
2023-02-22,SANDHEADS,1,0.0,SEVERE,SYNTHETIC
2023-02-23,SANDHEADS,0,0.0,SEVERE,SYNTHETIC
2023-02-24,SANDHEADS,0,0.0,SEVERE,SYNTHETIC
2023-02-27,SANDHEADS,1,0.0,SEVERE,SYNTHETIC
2023-02-28,SANDHEADS,0,0.0,SEVERE,SYNTHETIC
2023-03-01,SANDHEADS,0,0.8,SEVERE,SYNTHETIC
2023-03-02,SANDHEADS,0,0.0,SEVERE,SYNTHETIC
2023-03-03,SANDHEADS,0,0.0,SEVERE,SYNTHETIC
2023-03-06,SANDHEADS,1,0.0,SEVERE,SYNTHETIC
2023-03-07,SANDHEADS,1,0.0,SEVERE,SYNTHETIC
2023-03-08,SANDHEADS,1,0.0,SEVERE,SYNTHETIC
2023-03-09,SANDHEADS,1,0.5,SEVERE,SYNTHETIC
2023-03-10,SANDHEADS,1,0.2,SEVERE,SYNTHETIC
2023-03-13,SANDHEADS,0,2.7,SEVERE,SYNTHETIC
2023-03-14,SANDHEADS,1,1.2,SEVERE,SYNTHETIC
2023-03-15,SANDHEADS,0,4.2,SEVERE,SYNTHETIC
2023-03-16,SANDHEADS,0,5.4,SEVERE,SYNTHETIC
2023-03-17,SANDHEADS,0,4.5,SEVERE,SYNTHETIC
2023-03-20,SANDHEADS,1,1.7,SEVERE,SYNTHETIC
2023-03-21,SANDHEADS,0,1.1,SEVERE,SYNTHETIC
2023-03-22,SANDHEADS,0,0.0,SEVERE,SYNTHETIC
2023-03-23,SANDHEADS,1,0.0,SEVERE,SYNTHETIC
2023-03-24,SANDHEADS,0,0.0,SEVERE,SYNTHETIC
2023-03-27,SANDHEADS,0,0.0,SEVERE,SYNTHETIC
2023-03-28,SANDHEADS,1,0.0,SEVERE,SYNTHETIC
2023-03-29,SANDHEADS,0,0.0,SEVERE,SYNTHETIC
2023-03-30,SANDHEADS,0,0.0,SEVERE,SYNTHETIC
2023-03-31,SANDHEADS,1,0.0,SEVERE,SYNTHETIC
2023-04-03,SANDHEADS,0,0.0,SEVERE,SYNTHETIC
2023-04-04,SANDHEADS,0,0.7,SEVERE,SYNTHETIC
2023-04-05,SANDHEADS,0,1.5,SEVERE,SYNTHETIC
2023-04-06,SANDHEADS,0,0.0,SEVERE,SYNTHETIC
2023-04-07,SANDHEADS,0,0.0,SEVERE,SYNTHETIC
2023-04-10,SANDHEADS,0,0.0,SEVERE,SYNTHETIC
2023-04-11,SANDHEADS,0,0.0,SEVERE,SYNTHETIC
2023-04-12,SANDHEADS,0,0.0,SEVERE,SYNTHETIC
2023-04-13,SANDHEADS,0,0.0,SEVERE,SYNTHETIC
2023-04-14,SANDHEADS,0,0.0,SEVERE,SYNTHETIC
2023-04-17,SANDHEADS,0,0.0,SEVERE,SYNTHETIC
2023-04-18,SANDHEADS,1,0.0,SEVERE,SYNTHETIC
2023-04-19,SANDHEADS,0,0.0,SEVERE,SYNTHETIC
2023-04-20,SANDHEADS,0,0.0,SEVERE,SYNTHETIC
2023-04-21,SANDHEADS,0,0.4,SEVERE,SYNTHETIC
2023-04-24,SANDHEADS,0,0.0,SEVERE,SYNTHETIC
2023-04-25,SANDHEADS,0,0.0,SEVERE,SYNTHETIC
2023-04-26,SANDHEADS,1,0.0,SEVERE,SYNTHETIC
2023-04-27,SANDHEADS,0,0.0,SEVERE,SYNTHETIC
2023-04-28,SANDHEADS,1,0.0,SEVERE,SYNTHETIC
2023-05-01,SANDHEADS,0,0.0,SEVERE,SYNTHETIC
2023-05-02,SANDHEADS,1,0.0,SEVERE,SYNTHETIC
2023-05-03,SANDHEADS,0,0.0,SEVERE,SYNTHETIC
2023-05-04,SANDHEADS,0,0.0,SEVERE,SYNTHETIC
2023-05-05,SANDHEADS,1,0.0,SEVERE,SYNTHETIC
2023-05-08,SANDHEADS,1,0.0,SEVERE,SYNTHETIC
2023-05-09,SANDHEADS,0,0.0,SEVERE,SYNTHETIC
2023-05-10,SANDHEADS,0,0.0,SEVERE,SYNTHETIC
2023-05-11,SANDHEADS,0,0.0,SEVERE,SYNTHETIC
2023-05-12,SANDHEADS,0,0.0,SEVERE,SYNTHETIC
2023-05-15,SANDHEADS,1,0.0,SEVERE,SYNTHETIC
2023-05-16,SANDHEADS,1,0.0,SEVERE,SYNTHETIC
2023-05-17,SANDHEADS,0,0.0,SEVERE,SYNTHETIC
2023-05-18,SANDHEADS,0,0.0,SEVERE,SYNTHETIC
2023-05-19,SANDHEADS,1,1.5,SEVERE,SYNTHETIC
2023-05-22,SANDHEADS,0,1.3,SEVERE,SYNTHETIC
2023-05-23,SANDHEADS,0,0.0,SEVERE,SYNTHETIC
2023-05-24,SANDHEADS,0,0.0,SEVERE,SYNTHETIC
2023-05-25,SANDHEADS,1,0.0,SEVERE,SYNTHETIC
2023-05-26,SANDHEADS,0,0.0,SEVERE,SYNTHETIC
2023-05-29,SANDHEADS,0,0.0,SEVERE,SYNTHETIC
2023-05-30,SANDHEADS,0,0.4,SEVERE,SYNTHETIC
2023-05-31,SANDHEADS,0,2.5,SEVERE,SYNTHETIC
2023-06-01,SANDHEADS,5,38.1,SEVERE,SYNTHETIC
2023-06-02,SANDHEADS,8,45.5,SEVERE,SYNTHETIC
2023-06-05,SANDHEADS,8,55.5,SEVERE,SYNTHETIC
2023-06-06,SANDHEADS,7,46.3,SEVERE,SYNTHETIC
2023-06-07,SANDHEADS,5,37.1,SEVERE,SYNTHETIC
2023-06-08,SANDHEADS,7,40.7,SEVERE,SYNTHETIC
2023-06-09,SANDHEADS,7,46.8,SEVERE,SYNTHETIC
2023-06-12,SANDHEADS,10,54.4,SEVERE,SYNTHETIC
2023-06-13,SANDHEADS,4,32.5,SEVERE,SYNTHETIC
2023-06-14,SANDHEADS,5,36.7,SEVERE,SYNTHETIC
2023-06-15,SANDHEADS,4,32.6,SEVERE,SYNTHETIC
2023-06-16,SANDHEADS,8,50.9,SEVERE,SYNTHETIC
2023-06-19,SANDHEADS,7,51.4,SEVERE,SYNTHETIC
2023-06-20,SANDHEADS,9,49.4,SEVERE,SYNTHETIC
2023-06-21,SANDHEADS,8,54.0,SEVERE,SYNTHETIC
2023-06-22,SANDHEADS,10,56.8,SEVERE,SYNTHETIC
2023-06-23,SANDHEADS,6,43.2,SEVERE,SYNTHETIC
2023-06-26,SANDHEADS,9,51.9,SEVERE,SYNTHETIC
2023-06-27,SANDHEADS,12,69.3,SEVERE,SYNTHETIC
2023-06-28,SANDHEADS,5,40.2,SEVERE,SYNTHETIC
2023-06-29,SANDHEADS,9,62.5,SEVERE,SYNTHETIC
2023-06-30,SANDHEADS,10,68.8,SEVERE,SYNTHETIC
2023-07-03,SANDHEADS,10,59.1,SEVERE,SYNTHETIC
2023-07-04,SANDHEADS,8,57.2,SEVERE,SYNTHETIC
2023-07-05,SANDHEADS,12,68.0,SEVERE,SYNTHETIC
2023-07-06,SANDHEADS,9,53.3,SEVERE,SYNTHETIC
2023-07-07,SANDHEADS,6,39.6,SEVERE,SYNTHETIC
2023-07-10,SANDHEADS,7,49.9,SEVERE,SYNTHETIC
2023-07-11,SANDHEADS,12,70.6,SEVERE,SYNTHETIC
2023-07-12,SANDHEADS,12,67.1,SEVERE,SYNTHETIC
2023-07-13,SANDHEADS,7,50.8,SEVERE,SYNTHETIC
2023-07-14,SANDHEADS,9,56.2,SEVERE,SYNTHETIC
2023-07-17,SANDHEADS,7,41.8,SEVERE,SYNTHETIC
2023-07-18,SANDHEADS,9,61.1,SEVERE,SYNTHETIC
2023-07-19,SANDHEADS,9,51.7,SEVERE,SYNTHETIC
2023-07-20,SANDHEADS,7,49.8,SEVERE,SYNTHETIC
2023-07-21,SANDHEADS,8,51.4,SEVERE,SYNTHETIC
2023-07-24,SANDHEADS,10,64.9,SEVERE,SYNTHETIC
2023-07-25,SANDHEADS,8,49.0,SEVERE,SYNTHETIC
2023-07-26,SANDHEADS,8,51.0,SEVERE,SYNTHETIC
2023-07-27,SANDHEADS,6,33.0,SEVERE,SYNTHETIC
2023-07-28,SANDHEADS,9,64.9,SEVERE,SYNTHETIC
2023-07-31,SANDHEADS,6,35.4,SEVERE,SYNTHETIC
2023-08-01,SANDHEADS,9,58.9,SEVERE,SYNTHETIC
2023-08-02,SANDHEADS,10,68.0,SEVERE,SYNTHETIC
2023-08-03,SANDHEADS,9,57.7,SEVERE,SYNTHETIC
2023-08-04,SANDHEADS,10,58.9,SEVERE,SYNTHETIC
2023-08-07,SANDHEADS,6,40.9,SEVERE,SYNTHETIC
2023-08-08,SANDHEADS,11,64.6,SEVERE,SYNTHETIC
2023-08-09,SANDHEADS,11,63.4,SEVERE,SYNTHETIC
2023-08-10,SANDHEADS,12,70.2,SEVERE,SYNTHETIC
2023-08-11,SANDHEADS,9,49.1,SEVERE,SYNTHETIC
2023-08-14,SANDHEADS,7,53.3,SEVERE,SYNTHETIC
2023-08-15,SANDHEADS,11,69.1,SEVERE,SYNTHETIC
2023-08-16,SANDHEADS,6,40.8,SEVERE,SYNTHETIC
2023-08-17,SANDHEADS,8,58.9,SEVERE,SYNTHETIC
2023-08-18,SANDHEADS,10,71.8,SEVERE,SYNTHETIC
2023-08-21,SANDHEADS,8,51.1,SEVERE,SYNTHETIC
2023-08-22,SANDHEADS,6,47.9,SEVERE,SYNTHETIC
2023-08-23,SANDHEADS,8,43.6,SEVERE,SYNTHETIC
2023-08-24,SANDHEADS,11,67.4,SEVERE,SYNTHETIC
2023-08-25,SANDHEADS,12,68.5,SEVERE,SYNTHETIC
2023-08-28,SANDHEADS,12,71.0,SEVERE,SYNTHETIC
2023-08-29,SANDHEADS,6,43.5,SEVERE,SYNTHETIC
2023-08-30,SANDHEADS,7,51.7,SEVERE,SYNTHETIC
2023-08-31,SANDHEADS,11,70.1,SEVERE,SYNTHETIC
2023-09-01,SANDHEADS,9,52.9,SEVERE,SYNTHETIC
2023-09-04,SANDHEADS,11,60.9,SEVERE,SYNTHETIC
2023-09-05,SANDHEADS,10,67.2,SEVERE,SYNTHETIC
2023-09-06,SANDHEADS,10,68.7,SEVERE,SYNTHETIC
2023-09-07,SANDHEADS,11,69.7,SEVERE,SYNTHETIC
2023-09-08,SANDHEADS,6,39.4,SEVERE,SYNTHETIC
2023-09-11,SANDHEADS,10,58.1,SEVERE,SYNTHETIC
2023-09-12,SANDHEADS,6,45.0,SEVERE,SYNTHETIC
2023-09-13,SANDHEADS,8,54.7,SEVERE,SYNTHETIC
2023-09-14,SANDHEADS,9,48.8,SEVERE,SYNTHETIC
2023-09-15,SANDHEADS,12,70.3,SEVERE,SYNTHETIC
2023-09-18,SANDHEADS,9,48.2,SEVERE,SYNTHETIC
2023-09-19,SANDHEADS,7,48.1,SEVERE,SYNTHETIC
2023-09-20,SANDHEADS,11,61.2,SEVERE,SYNTHETIC
2023-09-21,SANDHEADS,8,50.2,SEVERE,SYNTHETIC
2023-09-22,SANDHEADS,6,44.3,SEVERE,SYNTHETIC
2023-09-25,SANDHEADS,5,39.9,SEVERE,SYNTHETIC
2023-09-26,SANDHEADS,11,60.2,SEVERE,SYNTHETIC
2023-09-27,SANDHEADS,11,63.2,SEVERE,SYNTHETIC
2023-09-28,SANDHEADS,11,63.3,SEVERE,SYNTHETIC
2023-09-29,SANDHEADS,9,56.1,SEVERE,SYNTHETIC
2023-10-02,SANDHEADS,3,24.1,SEVERE,SYNTHETIC
2023-10-03,SANDHEADS,3,23.9,SEVERE,SYNTHETIC
2023-10-04,SANDHEADS,3,25.9,SEVERE,SYNTHETIC
2023-10-05,SANDHEADS,4,26.8,SEVERE,SYNTHETIC
2023-10-06,SANDHEADS,4,28.1,SEVERE,SYNTHETIC
2023-10-09,SANDHEADS,4,30.6,SEVERE,SYNTHETIC
2023-10-10,SANDHEADS,5,29.8,SEVERE,SYNTHETIC
2023-10-11,SANDHEADS,5,26.1,SEVERE,SYNTHETIC
2023-10-12,SANDHEADS,5,28.1,SEVERE,SYNTHETIC
2023-10-13,SANDHEADS,5,29.7,SEVERE,SYNTHETIC
2023-10-16,SANDHEADS,3,27.9,SEVERE,SYNTHETIC
2023-10-17,SANDHEADS,3,27.3,SEVERE,SYNTHETIC
2023-10-18,SANDHEADS,3,29.7,SEVERE,SYNTHETIC
2023-10-19,SANDHEADS,6,33.0,SEVERE,SYNTHETIC
2023-10-20,SANDHEADS,4,32.6,SEVERE,SYNTHETIC
2023-10-23,SANDHEADS,5,31.8,SEVERE,SYNTHETIC
2023-10-24,SANDHEADS,6,33.5,SEVERE,SYNTHETIC
2023-10-25,SANDHEADS,4,34.5,SEVERE,SYNTHETIC
2023-10-26,SANDHEADS,6,36.1,SEVERE,SYNTHETIC
2023-10-27,SANDHEADS,6,37.4,SEVERE,SYNTHETIC
2023-10-30,SANDHEADS,5,34.4,SEVERE,SYNTHETIC
2023-10-31,SANDHEADS,5,35.0,SEVERE,SYNTHETIC
2023-11-01,SANDHEADS,7,38.9,SEVERE,SYNTHETIC
2023-11-02,SANDHEADS,5,38.5,SEVERE,SYNTHETIC
2023-11-03,SANDHEADS,5,37.1,SEVERE,SYNTHETIC
2023-11-06,SANDHEADS,7,36.8,SEVERE,SYNTHETIC
2023-11-07,SANDHEADS,5,33.8,SEVERE,SYNTHETIC
2023-11-08,SANDHEADS,6,34.3,SEVERE,SYNTHETIC
2023-11-09,SANDHEADS,7,38.4,SEVERE,SYNTHETIC
2023-11-10,SANDHEADS,5,37.2,SEVERE,SYNTHETIC
2023-11-13,SANDHEADS,5,35.6,SEVERE,SYNTHETIC
2023-11-14,SANDHEADS,5,36.6,SEVERE,SYNTHETIC
2023-11-15,SANDHEADS,6,37.8,SEVERE,SYNTHETIC
2023-11-16,SANDHEADS,6,39.9,SEVERE,SYNTHETIC
2023-11-17,SANDHEADS,5,36.7,SEVERE,SYNTHETIC
2023-11-20,SANDHEADS,5,37.9,SEVERE,SYNTHETIC
2023-11-21,SANDHEADS,5,38.2,SEVERE,SYNTHETIC
2023-11-22,SANDHEADS,7,37.5,SEVERE,SYNTHETIC
2023-11-23,SANDHEADS,5,38.1,SEVERE,SYNTHETIC
2023-11-24,SANDHEADS,6,34.3,SEVERE,SYNTHETIC
2023-11-27,SANDHEADS,6,34.9,SEVERE,SYNTHETIC
2023-11-28,SANDHEADS,6,33.7,SEVERE,SYNTHETIC
2023-11-29,SANDHEADS,5,35.2,SEVERE,SYNTHETIC
2023-11-30,SANDHEADS,5,32.6,SEVERE,SYNTHETIC
2023-12-01,SANDHEADS,6,30.3,SEVERE,SYNTHETIC
2023-12-04,SANDHEADS,4,30.2,SEVERE,SYNTHETIC
2023-12-05,SANDHEADS,5,27.2,SEVERE,SYNTHETIC
2023-12-06,SANDHEADS,3,29.7,SEVERE,SYNTHETIC
2023-12-07,SANDHEADS,5,29.9,SEVERE,SYNTHETIC
2023-12-08,SANDHEADS,3,28.6,SEVERE,SYNTHETIC
2023-12-11,SANDHEADS,5,25.3,SEVERE,SYNTHETIC
2023-12-12,SANDHEADS,3,26.0,SEVERE,SYNTHETIC
2023-12-13,SANDHEADS,2,22.7,SEVERE,SYNTHETIC
2023-12-14,SANDHEADS,4,21.5,SEVERE,SYNTHETIC
2023-12-15,SANDHEADS,3,20.2,SEVERE,SYNTHETIC
2023-12-18,SANDHEADS,3,17.9,SEVERE,SYNTHETIC
2023-12-19,SANDHEADS,4,19.5,SEVERE,SYNTHETIC
2023-12-20,SANDHEADS,4,19.2,SEVERE,SYNTHETIC
2023-12-21,SANDHEADS,2,18.6,SEVERE,SYNTHETIC
2023-12-22,SANDHEADS,2,18.8,SEVERE,SYNTHETIC
2023-12-25,SANDHEADS,1,18.0,SEVERE,SYNTHETIC
2023-12-26,SANDHEADS,2,20.2,SEVERE,SYNTHETIC
2023-12-27,SANDHEADS,3,17.8,SEVERE,SYNTHETIC
2023-12-28,SANDHEADS,1,16.1,SEVERE,SYNTHETIC
2023-12-29,SANDHEADS,3,15.8,SEVERE,SYNTHETIC
2024-01-01,SANDHEADS,4,19.9,SEVERE,SYNTHETIC
2024-01-02,SANDHEADS,2,19.7,SEVERE,SYNTHETIC
2024-01-03,SANDHEADS,3,18.7,SEVERE,SYNTHETIC
2024-01-04,SANDHEADS,1,14.5,SEVERE,SYNTHETIC
2024-01-05,SANDHEADS,2,16.0,SEVERE,SYNTHETIC
2024-01-08,SANDHEADS,4,18.7,SEVERE,SYNTHETIC
2024-01-09,SANDHEADS,3,16.6,SEVERE,SYNTHETIC
2024-01-10,SANDHEADS,3,14.8,SEVERE,SYNTHETIC
2024-01-11,SANDHEADS,2,13.6,SEVERE,SYNTHETIC
2024-01-12,SANDHEADS,3,14.7,SEVERE,SYNTHETIC
2024-01-15,SANDHEADS,0,11.8,SEVERE,SYNTHETIC
2024-01-16,SANDHEADS,2,9.6,SEVERE,SYNTHETIC
2024-01-17,SANDHEADS,2,8.7,SEVERE,SYNTHETIC
2024-01-18,SANDHEADS,1,8.8,SEVERE,SYNTHETIC
2024-01-19,SANDHEADS,1,7.1,SEVERE,SYNTHETIC
2024-01-22,SANDHEADS,2,6.1,SEVERE,SYNTHETIC
2024-01-23,SANDHEADS,1,3.4,SEVERE,SYNTHETIC
2024-01-24,SANDHEADS,0,4.9,SEVERE,SYNTHETIC
2024-01-25,SANDHEADS,0,4.4,SEVERE,SYNTHETIC
2024-01-26,SANDHEADS,1,6.5,SEVERE,SYNTHETIC
2024-01-29,SANDHEADS,0,6.6,SEVERE,SYNTHETIC
2024-01-30,SANDHEADS,1,2.8,SEVERE,SYNTHETIC
2024-01-31,SANDHEADS,0,2.6,SEVERE,SYNTHETIC
2024-02-01,SANDHEADS,1,4.8,SEVERE,SYNTHETIC
2024-02-02,SANDHEADS,0,5.8,SEVERE,SYNTHETIC
2024-02-05,SANDHEADS,0,4.5,SEVERE,SYNTHETIC
2024-02-06,SANDHEADS,0,4.7,SEVERE,SYNTHETIC
2024-02-07,SANDHEADS,1,4.2,SEVERE,SYNTHETIC
2024-02-08,SANDHEADS,1,2.8,SEVERE,SYNTHETIC
2024-02-09,SANDHEADS,1,4.6,SEVERE,SYNTHETIC
2024-02-12,SANDHEADS,0,4.6,SEVERE,SYNTHETIC
2024-02-13,SANDHEADS,1,4.9,SEVERE,SYNTHETIC
2024-02-14,SANDHEADS,0,2.9,SEVERE,SYNTHETIC
2024-02-15,SANDHEADS,0,5.4,SEVERE,SYNTHETIC
2024-02-16,SANDHEADS,0,1.3,SEVERE,SYNTHETIC
2024-02-19,SANDHEADS,0,0.0,SEVERE,SYNTHETIC
2024-02-20,SANDHEADS,1,0.0,SEVERE,SYNTHETIC
2024-02-21,SANDHEADS,0,0.0,SEVERE,SYNTHETIC
2024-02-22,SANDHEADS,1,0.0,SEVERE,SYNTHETIC
2024-02-23,SANDHEADS,0,0.0,SEVERE,SYNTHETIC
2024-02-26,SANDHEADS,1,0.0,SEVERE,SYNTHETIC
2024-02-27,SANDHEADS,1,0.0,SEVERE,SYNTHETIC
2024-02-28,SANDHEADS,0,0.0,SEVERE,SYNTHETIC
2024-02-29,SANDHEADS,0,0.0,SEVERE,SYNTHETIC
2024-03-01,SANDHEADS,0,0.0,SEVERE,SYNTHETIC
2024-03-04,SANDHEADS,0,0.0,SEVERE,SYNTHETIC
2024-03-05,SANDHEADS,0,0.0,SEVERE,SYNTHETIC
2024-03-06,SANDHEADS,0,0.0,SEVERE,SYNTHETIC
2024-03-07,SANDHEADS,0,0.0,SEVERE,SYNTHETIC
2024-03-08,SANDHEADS,0,0.0,SEVERE,SYNTHETIC
2024-03-11,SANDHEADS,0,0.0,SEVERE,SYNTHETIC
2024-03-12,SANDHEADS,0,0.0,SEVERE,SYNTHETIC
2024-03-13,SANDHEADS,0,0.0,SEVERE,SYNTHETIC
2024-03-14,SANDHEADS,1,0.0,SEVERE,SYNTHETIC
2024-03-15,SANDHEADS,0,0.0,SEVERE,SYNTHETIC
2024-03-18,SANDHEADS,1,0.0,SEVERE,SYNTHETIC
2024-03-19,SANDHEADS,1,0.0,SEVERE,SYNTHETIC
2024-03-20,SANDHEADS,0,0.0,SEVERE,SYNTHETIC
2024-03-21,SANDHEADS,1,0.0,SEVERE,SYNTHETIC
2024-03-22,SANDHEADS,0,0.0,SEVERE,SYNTHETIC
2024-03-25,SANDHEADS,0,0.0,SEVERE,SYNTHETIC
2024-03-26,SANDHEADS,1,0.0,SEVERE,SYNTHETIC
2024-03-27,SANDHEADS,0,0.0,SEVERE,SYNTHETIC
2024-03-28,SANDHEADS,0,0.0,SEVERE,SYNTHETIC
2024-03-29,SANDHEADS,1,0.0,SEVERE,SYNTHETIC
2024-04-01,SANDHEADS,1,0.0,SEVERE,SYNTHETIC
2024-04-02,SANDHEADS,0,0.0,SEVERE,SYNTHETIC
2024-04-03,SANDHEADS,0,0.0,SEVERE,SYNTHETIC
2024-04-04,SANDHEADS,0,0.0,SEVERE,SYNTHETIC
2024-04-05,SANDHEADS,0,0.0,SEVERE,SYNTHETIC
2024-04-08,SANDHEADS,0,0.0,SEVERE,SYNTHETIC
2024-04-09,SANDHEADS,0,0.0,SEVERE,SYNTHETIC
2024-04-10,SANDHEADS,0,0.1,SEVERE,SYNTHETIC
2024-04-11,SANDHEADS,0,0.0,SEVERE,SYNTHETIC
2024-04-12,SANDHEADS,0,0.0,SEVERE,SYNTHETIC
2024-04-15,SANDHEADS,0,0.0,SEVERE,SYNTHETIC
2024-04-16,SANDHEADS,0,0.0,SEVERE,SYNTHETIC
2024-04-17,SANDHEADS,1,2.4,SEVERE,SYNTHETIC
2024-04-18,SANDHEADS,0,5.4,SEVERE,SYNTHETIC
2024-04-19,SANDHEADS,0,4.0,SEVERE,SYNTHETIC
2024-04-22,SANDHEADS,0,4.1,SEVERE,SYNTHETIC
2024-04-23,SANDHEADS,1,5.5,SEVERE,SYNTHETIC
2024-04-24,SANDHEADS,2,6.0,SEVERE,SYNTHETIC
2024-04-25,SANDHEADS,2,6.5,SEVERE,SYNTHETIC
2024-04-26,SANDHEADS,2,6.8,SEVERE,SYNTHETIC
2024-04-29,SANDHEADS,1,5.7,SEVERE,SYNTHETIC
2024-04-30,SANDHEADS,2,8.3,SEVERE,SYNTHETIC
2024-05-01,SANDHEADS,1,9.5,SEVERE,SYNTHETIC
2024-05-02,SANDHEADS,0,6.6,SEVERE,SYNTHETIC
2024-05-03,SANDHEADS,1,7.9,SEVERE,SYNTHETIC
2024-05-06,SANDHEADS,2,8.4,SEVERE,SYNTHETIC
2024-05-07,SANDHEADS,1,12.2,SEVERE,SYNTHETIC
2024-05-08,SANDHEADS,2,11.3,SEVERE,SYNTHETIC
2024-05-09,SANDHEADS,1,9.3,SEVERE,SYNTHETIC
2024-05-10,SANDHEADS,1,10.0,SEVERE,SYNTHETIC
2024-05-13,SANDHEADS,0,9.6,SEVERE,SYNTHETIC
2024-05-14,SANDHEADS,2,7.7,SEVERE,SYNTHETIC
2024-05-15,SANDHEADS,1,8.9,SEVERE,SYNTHETIC
2024-05-16,SANDHEADS,1,6.4,SEVERE,SYNTHETIC
2024-05-17,SANDHEADS,1,7.0,SEVERE,SYNTHETIC
2024-05-20,SANDHEADS,1,8.8,SEVERE,SYNTHETIC
2024-05-21,SANDHEADS,2,8.5,SEVERE,SYNTHETIC
2024-05-22,SANDHEADS,2,7.3,SEVERE,SYNTHETIC
2024-05-23,SANDHEADS,0,10.2,SEVERE,SYNTHETIC
2024-05-24,SANDHEADS,0,10.9,SEVERE,SYNTHETIC
2024-05-27,SANDHEADS,0,8.8,SEVERE,SYNTHETIC
2024-05-28,SANDHEADS,0,8.7,SEVERE,SYNTHETIC
2024-05-29,SANDHEADS,0,9.1,SEVERE,SYNTHETIC
2024-05-30,SANDHEADS,0,5.7,SEVERE,SYNTHETIC
2024-05-31,SANDHEADS,0,7.1,SEVERE,SYNTHETIC
2024-06-03,SANDHEADS,7,53.3,SEVERE,SYNTHETIC
2024-06-04,SANDHEADS,3,28.8,SEVERE,SYNTHETIC
2024-06-05,SANDHEADS,6,31.0,SEVERE,SYNTHETIC
2024-06-06,SANDHEADS,4,32.3,SEVERE,SYNTHETIC
2024-06-07,SANDHEADS,9,51.0,SEVERE,SYNTHETIC
2024-06-10,SANDHEADS,7,36.5,SEVERE,SYNTHETIC
2024-06-11,SANDHEADS,3,20.2,SEVERE,SYNTHETIC
2024-06-12,SANDHEADS,6,41.0,SEVERE,SYNTHETIC
2024-06-13,SANDHEADS,3,17.6,SEVERE,SYNTHETIC
2024-06-14,SANDHEADS,3,16.4,SEVERE,SYNTHETIC
2024-06-17,SANDHEADS,4,34.1,SEVERE,SYNTHETIC
2024-06-18,SANDHEADS,3,29.9,SEVERE,SYNTHETIC
2024-06-19,SANDHEADS,6,37.6,SEVERE,SYNTHETIC
2024-06-20,SANDHEADS,5,40.1,SEVERE,SYNTHETIC
2024-06-21,SANDHEADS,4,28.6,SEVERE,SYNTHETIC
2024-06-24,SANDHEADS,1,14.1,SEVERE,SYNTHETIC
2024-06-25,SANDHEADS,3,17.1,SEVERE,SYNTHETIC
2024-06-26,SANDHEADS,3,25.9,SEVERE,SYNTHETIC
2024-06-27,SANDHEADS,5,27.0,SEVERE,SYNTHETIC
2024-06-28,SANDHEADS,4,33.6,SEVERE,SYNTHETIC
2024-07-01,SANDHEADS,3,22.5,SEVERE,SYNTHETIC
2024-07-02,SANDHEADS,5,29.2,SEVERE,SYNTHETIC
2024-07-03,SANDHEADS,6,41.5,SEVERE,SYNTHETIC
2024-07-04,SANDHEADS,7,38.9,SEVERE,SYNTHETIC
2024-07-05,SANDHEADS,2,20.3,SEVERE,SYNTHETIC
2024-07-08,SANDHEADS,6,37.9,SEVERE,SYNTHETIC
2024-07-09,SANDHEADS,5,26.3,SEVERE,SYNTHETIC
2024-07-10,SANDHEADS,6,35.9,SEVERE,SYNTHETIC
2024-07-11,SANDHEADS,8,44.2,SEVERE,SYNTHETIC
2024-07-12,SANDHEADS,6,44.5,SEVERE,SYNTHETIC
2024-07-15,SANDHEADS,5,27.6,SEVERE,SYNTHETIC
2024-07-16,SANDHEADS,6,30.5,SEVERE,SYNTHETIC
2024-07-17,SANDHEADS,1,14.5,SEVERE,SYNTHETIC
2024-07-18,SANDHEADS,6,31.8,SEVERE,SYNTHETIC
2024-07-19,SANDHEADS,1,17.0,SEVERE,SYNTHETIC
2024-07-22,SANDHEADS,0,6.9,SEVERE,SYNTHETIC
2024-07-23,SANDHEADS,8,44.9,SEVERE,SYNTHETIC
2024-07-24,SANDHEADS,6,41.4,SEVERE,SYNTHETIC
2024-07-25,SANDHEADS,1,13.4,SEVERE,SYNTHETIC
2024-07-26,SANDHEADS,1,11.2,SEVERE,SYNTHETIC
2024-07-29,SANDHEADS,2,17.7,SEVERE,SYNTHETIC
2024-07-30,SANDHEADS,3,24.5,SEVERE,SYNTHETIC
2024-07-31,SANDHEADS,5,24.2,SEVERE,SYNTHETIC
2024-08-01,SANDHEADS,5,26.8,SEVERE,SYNTHETIC
2024-08-02,SANDHEADS,4,35.6,SEVERE,SYNTHETIC
2024-08-05,SANDHEADS,7,45.9,SEVERE,SYNTHETIC
2024-08-06,SANDHEADS,6,35.4,SEVERE,SYNTHETIC
2024-08-07,SANDHEADS,3,21.8,SEVERE,SYNTHETIC
2024-08-08,SANDHEADS,4,27.2,SEVERE,SYNTHETIC
2024-08-09,SANDHEADS,5,35.5,SEVERE,SYNTHETIC
2024-08-12,SANDHEADS,4,33.9,SEVERE,SYNTHETIC
2024-08-13,SANDHEADS,3,16.7,SEVERE,SYNTHETIC
2024-08-14,SANDHEADS,0,11.5,SEVERE,SYNTHETIC
2024-08-15,SANDHEADS,4,35.3,SEVERE,SYNTHETIC
2024-08-16,SANDHEADS,5,25.8,SEVERE,SYNTHETIC
2024-08-19,SANDHEADS,3,13.6,SEVERE,SYNTHETIC
2024-08-20,SANDHEADS,3,13.3,SEVERE,SYNTHETIC
2024-08-21,SANDHEADS,6,40.5,SEVERE,SYNTHETIC
2024-08-22,SANDHEADS,1,10.9,SEVERE,SYNTHETIC
2024-08-23,SANDHEADS,5,32.5,SEVERE,SYNTHETIC
2024-08-26,SANDHEADS,0,6.4,SEVERE,SYNTHETIC
2024-08-27,SANDHEADS,8,42.2,SEVERE,SYNTHETIC
2024-08-28,SANDHEADS,5,36.7,SEVERE,SYNTHETIC
2024-08-29,SANDHEADS,2,16.2,SEVERE,SYNTHETIC
2024-08-30,SANDHEADS,6,30.4,SEVERE,SYNTHETIC
2024-09-02,SANDHEADS,3,22.7,SEVERE,SYNTHETIC
2024-09-03,SANDHEADS,4,20.7,SEVERE,SYNTHETIC
2024-09-04,SANDHEADS,1,7.0,SEVERE,SYNTHETIC
2024-09-05,SANDHEADS,1,16.6,SEVERE,SYNTHETIC
2024-09-06,SANDHEADS,5,40.4,SEVERE,SYNTHETIC
2024-09-09,SANDHEADS,6,34.7,SEVERE,SYNTHETIC
2024-09-10,SANDHEADS,2,17.4,SEVERE,SYNTHETIC
2024-09-11,SANDHEADS,2,10.2,SEVERE,SYNTHETIC
2024-09-12,SANDHEADS,7,39.5,SEVERE,SYNTHETIC
2024-09-13,SANDHEADS,0,9.6,SEVERE,SYNTHETIC
2024-09-16,SANDHEADS,7,40.2,SEVERE,SYNTHETIC
2024-09-17,SANDHEADS,4,34.6,SEVERE,SYNTHETIC
2024-09-18,SANDHEADS,5,32.0,SEVERE,SYNTHETIC
2024-09-19,SANDHEADS,6,38.3,SEVERE,SYNTHETIC
2024-09-20,SANDHEADS,4,24.8,SEVERE,SYNTHETIC
2024-09-23,SANDHEADS,2,16.2,SEVERE,SYNTHETIC
2024-09-24,SANDHEADS,0,10.7,SEVERE,SYNTHETIC
2024-09-25,SANDHEADS,7,43.3,SEVERE,SYNTHETIC
2024-09-26,SANDHEADS,9,50.5,SEVERE,SYNTHETIC
2024-09-27,SANDHEADS,5,32.2,SEVERE,SYNTHETIC
2024-09-30,SANDHEADS,7,39.0,SEVERE,SYNTHETIC
2024-10-01,SANDHEADS,1,0.0,SEVERE,SYNTHETIC
2024-10-02,SANDHEADS,0,0.0,SEVERE,SYNTHETIC
2024-10-03,SANDHEADS,0,0.0,SEVERE,SYNTHETIC
2024-10-04,SANDHEADS,0,0.0,SEVERE,SYNTHETIC
2024-10-07,SANDHEADS,0,0.0,SEVERE,SYNTHETIC
2024-10-08,SANDHEADS,1,0.0,SEVERE,SYNTHETIC
2024-10-09,SANDHEADS,0,0.0,SEVERE,SYNTHETIC
2024-10-10,SANDHEADS,0,0.0,SEVERE,SYNTHETIC
2024-10-11,SANDHEADS,0,0.0,SEVERE,SYNTHETIC
2024-10-14,SANDHEADS,0,0.0,SEVERE,SYNTHETIC
2024-10-15,SANDHEADS,0,0.0,SEVERE,SYNTHETIC
2024-10-16,SANDHEADS,0,0.0,SEVERE,SYNTHETIC
2024-10-17,SANDHEADS,0,0.0,SEVERE,SYNTHETIC
2024-10-18,SANDHEADS,0,0.0,SEVERE,SYNTHETIC
2024-10-21,SANDHEADS,0,0.0,SEVERE,SYNTHETIC
2024-10-22,SANDHEADS,0,0.0,SEVERE,SYNTHETIC
2024-10-23,SANDHEADS,0,0.0,SEVERE,SYNTHETIC
2024-10-24,SANDHEADS,0,0.0,SEVERE,SYNTHETIC
2024-10-25,SANDHEADS,0,0.0,SEVERE,SYNTHETIC
2024-10-28,SANDHEADS,0,0.0,SEVERE,SYNTHETIC
2024-10-29,SANDHEADS,1,0.0,SEVERE,SYNTHETIC
2024-10-30,SANDHEADS,0,0.0,SEVERE,SYNTHETIC
2024-10-31,SANDHEADS,0,0.0,SEVERE,SYNTHETIC
2024-11-01,SANDHEADS,1,0.0,SEVERE,SYNTHETIC
2024-11-04,SANDHEADS,1,0.0,SEVERE,SYNTHETIC
2024-11-05,SANDHEADS,1,0.0,SEVERE,SYNTHETIC
2024-11-06,SANDHEADS,0,0.0,SEVERE,SYNTHETIC
2024-11-07,SANDHEADS,0,0.0,SEVERE,SYNTHETIC
2024-11-08,SANDHEADS,0,0.0,SEVERE,SYNTHETIC
2024-11-11,SANDHEADS,0,0.0,SEVERE,SYNTHETIC
2024-11-12,SANDHEADS,1,0.0,SEVERE,SYNTHETIC
2024-11-13,SANDHEADS,0,0.0,SEVERE,SYNTHETIC
2024-11-14,SANDHEADS,1,0.0,SEVERE,SYNTHETIC
2024-11-15,SANDHEADS,1,0.0,SEVERE,SYNTHETIC
2024-11-18,SANDHEADS,1,0.0,SEVERE,SYNTHETIC
2024-11-19,SANDHEADS,0,0.0,SEVERE,SYNTHETIC
2024-11-20,SANDHEADS,0,0.0,SEVERE,SYNTHETIC
2024-11-21,SANDHEADS,0,0.0,SEVERE,SYNTHETIC
2024-11-22,SANDHEADS,1,0.0,SEVERE,SYNTHETIC
2024-11-25,SANDHEADS,1,0.0,SEVERE,SYNTHETIC
2024-11-26,SANDHEADS,1,0.0,SEVERE,SYNTHETIC
2024-11-27,SANDHEADS,1,0.0,SEVERE,SYNTHETIC
2024-11-28,SANDHEADS,0,0.0,SEVERE,SYNTHETIC
2024-11-29,SANDHEADS,0,0.0,SEVERE,SYNTHETIC
2024-12-02,SANDHEADS,0,0.0,SEVERE,SYNTHETIC
2024-12-03,SANDHEADS,1,0.0,SEVERE,SYNTHETIC
2024-12-04,SANDHEADS,1,0.9,SEVERE,SYNTHETIC
2024-12-05,SANDHEADS,0,1.7,SEVERE,SYNTHETIC
2024-12-06,SANDHEADS,1,4.5,SEVERE,SYNTHETIC
2024-12-09,SANDHEADS,0,5.7,SEVERE,SYNTHETIC
2024-12-10,SANDHEADS,0,4.3,SEVERE,SYNTHETIC
2024-12-11,SANDHEADS,0,4.8,SEVERE,SYNTHETIC
2024-12-12,SANDHEADS,1,4.0,SEVERE,SYNTHETIC
2024-12-13,SANDHEADS,0,2.9,SEVERE,SYNTHETIC
2024-12-16,SANDHEADS,0,2.6,SEVERE,SYNTHETIC
2024-12-17,SANDHEADS,0,1.2,SEVERE,SYNTHETIC
2024-12-18,SANDHEADS,1,0.0,SEVERE,SYNTHETIC
2024-12-19,SANDHEADS,0,0.0,SEVERE,SYNTHETIC
2024-12-20,SANDHEADS,0,0.0,SEVERE,SYNTHETIC
2024-12-23,SANDHEADS,0,0.0,SEVERE,SYNTHETIC
2024-12-24,SANDHEADS,0,0.0,SEVERE,SYNTHETIC
2024-12-25,SANDHEADS,0,0.0,SEVERE,SYNTHETIC
2024-12-26,SANDHEADS,0,0.9,SEVERE,SYNTHETIC
2024-12-27,SANDHEADS,0,2.2,SEVERE,SYNTHETIC
2024-12-30,SANDHEADS,0,3.4,SEVERE,SYNTHETIC
2024-12-31,SANDHEADS,0,9.6,SEVERE,SYNTHETIC
2025-01-01,SANDHEADS,0,8.0,SEVERE,SYNTHETIC
2025-01-02,SANDHEADS,0,7.4,SEVERE,SYNTHETIC
2025-01-03,SANDHEADS,1,5.5,SEVERE,SYNTHETIC
2025-01-06,SANDHEADS,0,3.6,SEVERE,SYNTHETIC
2025-01-07,SANDHEADS,0,2.5,SEVERE,SYNTHETIC
2025-01-08,SANDHEADS,0,0.0,SEVERE,SYNTHETIC
2025-01-09,SANDHEADS,0,3.7,SEVERE,SYNTHETIC
2025-01-10,SANDHEADS,0,4.8,SEVERE,SYNTHETIC
2025-01-13,SANDHEADS,0,4.4,SEVERE,SYNTHETIC
2025-01-14,SANDHEADS,1,3.4,SEVERE,SYNTHETIC
2025-01-15,SANDHEADS,0,1.5,SEVERE,SYNTHETIC
2025-01-16,SANDHEADS,0,2.7,SEVERE,SYNTHETIC
2025-01-17,SANDHEADS,1,2.1,SEVERE,SYNTHETIC
2025-01-20,SANDHEADS,0,5.1,SEVERE,SYNTHETIC
2025-01-21,SANDHEADS,0,2.5,SEVERE,SYNTHETIC
2025-01-22,SANDHEADS,1,0.9,SEVERE,SYNTHETIC
2025-01-23,SANDHEADS,1,0.0,SEVERE,SYNTHETIC
2025-01-24,SANDHEADS,0,0.8,SEVERE,SYNTHETIC
2025-01-27,SANDHEADS,0,0.8,SEVERE,SYNTHETIC
2025-01-28,SANDHEADS,1,1.6,SEVERE,SYNTHETIC
2025-01-29,SANDHEADS,1,3.1,SEVERE,SYNTHETIC
2025-01-30,SANDHEADS,1,2.9,SEVERE,SYNTHETIC
2025-01-31,SANDHEADS,0,3.7,SEVERE,SYNTHETIC
2025-02-03,SANDHEADS,0,2.8,SEVERE,SYNTHETIC
2025-02-04,SANDHEADS,0,5.1,SEVERE,SYNTHETIC
2025-02-05,SANDHEADS,2,8.5,SEVERE,SYNTHETIC
2025-02-06,SANDHEADS,2,8.0,SEVERE,SYNTHETIC
2025-02-07,SANDHEADS,2,8.8,SEVERE,SYNTHETIC
2025-02-10,SANDHEADS,0,7.1,SEVERE,SYNTHETIC
2025-02-11,SANDHEADS,1,4.5,SEVERE,SYNTHETIC
2025-02-12,SANDHEADS,0,2.3,SEVERE,SYNTHETIC
2025-02-13,SANDHEADS,1,2.4,SEVERE,SYNTHETIC
2025-02-14,SANDHEADS,0,2.6,SEVERE,SYNTHETIC
2025-02-17,SANDHEADS,1,0.8,SEVERE,SYNTHETIC
2025-02-18,SANDHEADS,0,3.1,SEVERE,SYNTHETIC
2025-02-19,SANDHEADS,0,2.7,SEVERE,SYNTHETIC
2025-02-20,SANDHEADS,0,0.7,SEVERE,SYNTHETIC
2025-02-21,SANDHEADS,0,0.7,SEVERE,SYNTHETIC
2025-02-24,SANDHEADS,0,0.0,SEVERE,SYNTHETIC
2025-02-25,SANDHEADS,0,0.0,SEVERE,SYNTHETIC
2025-02-26,SANDHEADS,1,0.0,SEVERE,SYNTHETIC
2025-02-27,SANDHEADS,1,0.0,SEVERE,SYNTHETIC
2025-02-28,SANDHEADS,1,0.0,SEVERE,SYNTHETIC
2025-03-03,SANDHEADS,0,0.0,SEVERE,SYNTHETIC
2025-03-04,SANDHEADS,1,0.0,SEVERE,SYNTHETIC
2025-03-05,SANDHEADS,1,0.0,SEVERE,SYNTHETIC
2025-03-06,SANDHEADS,0,0.0,SEVERE,SYNTHETIC
2025-03-07,SANDHEADS,0,0.0,SEVERE,SYNTHETIC
2025-03-10,SANDHEADS,0,0.0,SEVERE,SYNTHETIC
2025-03-11,SANDHEADS,0,0.0,SEVERE,SYNTHETIC
2025-03-12,SANDHEADS,0,0.0,SEVERE,SYNTHETIC
2025-03-13,SANDHEADS,1,0.0,SEVERE,SYNTHETIC
2025-03-14,SANDHEADS,0,0.0,SEVERE,SYNTHETIC
2025-03-17,SANDHEADS,0,0.0,SEVERE,SYNTHETIC
2025-03-18,SANDHEADS,0,0.0,SEVERE,SYNTHETIC
2025-03-19,SANDHEADS,0,0.0,SEVERE,SYNTHETIC
2025-03-20,SANDHEADS,0,0.0,SEVERE,SYNTHETIC
2025-03-21,SANDHEADS,1,0.0,SEVERE,SYNTHETIC
2025-03-24,SANDHEADS,0,0.0,SEVERE,SYNTHETIC
2025-03-25,SANDHEADS,0,0.0,SEVERE,SYNTHETIC
2025-03-26,SANDHEADS,0,0.0,SEVERE,SYNTHETIC
2025-03-27,SANDHEADS,0,0.0,SEVERE,SYNTHETIC
2025-03-28,SANDHEADS,0,0.0,SEVERE,SYNTHETIC
2025-03-31,SANDHEADS,1,0.0,SEVERE,SYNTHETIC
2025-04-01,SANDHEADS,0,0.0,SEVERE,SYNTHETIC
2025-04-02,SANDHEADS,0,0.0,SEVERE,SYNTHETIC
2025-04-03,SANDHEADS,1,0.0,SEVERE,SYNTHETIC
2025-04-04,SANDHEADS,0,0.0,SEVERE,SYNTHETIC
2025-04-07,SANDHEADS,0,0.0,SEVERE,SYNTHETIC
2025-04-08,SANDHEADS,0,0.0,SEVERE,SYNTHETIC
2025-04-09,SANDHEADS,0,0.0,SEVERE,SYNTHETIC
2025-04-10,SANDHEADS,1,0.0,SEVERE,SYNTHETIC
2025-04-11,SANDHEADS,0,0.0,SEVERE,SYNTHETIC
2025-04-14,SANDHEADS,0,0.0,SEVERE,SYNTHETIC
2025-04-15,SANDHEADS,1,0.0,SEVERE,SYNTHETIC
2025-04-16,SANDHEADS,0,0.0,SEVERE,SYNTHETIC
2025-04-17,SANDHEADS,1,0.0,SEVERE,SYNTHETIC
2025-04-18,SANDHEADS,1,0.0,SEVERE,SYNTHETIC
2025-04-21,SANDHEADS,0,0.0,SEVERE,SYNTHETIC
2025-04-22,SANDHEADS,0,0.0,SEVERE,SYNTHETIC
2025-04-23,SANDHEADS,1,0.0,SEVERE,SYNTHETIC
2025-04-24,SANDHEADS,1,0.0,SEVERE,SYNTHETIC
2025-04-25,SANDHEADS,0,0.0,SEVERE,SYNTHETIC
2025-04-28,SANDHEADS,1,0.0,SEVERE,SYNTHETIC
2025-04-29,SANDHEADS,0,0.0,SEVERE,SYNTHETIC
2025-04-30,SANDHEADS,0,0.0,SEVERE,SYNTHETIC
2025-05-01,SANDHEADS,1,0.0,SEVERE,SYNTHETIC
2025-05-02,SANDHEADS,1,0.0,SEVERE,SYNTHETIC
2025-05-05,SANDHEADS,0,0.0,SEVERE,SYNTHETIC
2025-05-06,SANDHEADS,1,0.0,SEVERE,SYNTHETIC
2025-05-07,SANDHEADS,0,0.0,SEVERE,SYNTHETIC
2025-05-08,SANDHEADS,0,0.0,SEVERE,SYNTHETIC
2025-05-09,SANDHEADS,0,0.0,SEVERE,SYNTHETIC
2025-05-12,SANDHEADS,1,0.0,SEVERE,SYNTHETIC
2025-05-13,SANDHEADS,0,0.0,SEVERE,SYNTHETIC
2025-05-14,SANDHEADS,0,0.0,SEVERE,SYNTHETIC
2025-05-15,SANDHEADS,0,0.0,SEVERE,SYNTHETIC
2025-05-16,SANDHEADS,0,0.0,SEVERE,SYNTHETIC
2025-05-19,SANDHEADS,0,0.0,SEVERE,SYNTHETIC
2025-05-20,SANDHEADS,0,0.0,SEVERE,SYNTHETIC
2025-05-21,SANDHEADS,0,0.0,SEVERE,SYNTHETIC
2025-05-22,SANDHEADS,0,0.0,SEVERE,SYNTHETIC
2025-05-23,SANDHEADS,1,0.0,SEVERE,SYNTHETIC
2025-05-26,SANDHEADS,1,0.0,SEVERE,SYNTHETIC
2025-05-27,SANDHEADS,0,0.0,SEVERE,SYNTHETIC
2025-05-28,SANDHEADS,1,0.0,SEVERE,SYNTHETIC
2025-05-29,SANDHEADS,1,0.0,SEVERE,SYNTHETIC
2025-05-30,SANDHEADS,0,0.0,SEVERE,SYNTHETIC
2025-06-02,SANDHEADS,0,0.0,SEVERE,SYNTHETIC
2025-06-03,SANDHEADS,0,0.0,SEVERE,SYNTHETIC
2025-06-04,SANDHEADS,1,0.0,SEVERE,SYNTHETIC
2025-06-05,SANDHEADS,1,0.0,SEVERE,SYNTHETIC
2025-06-06,SANDHEADS,0,0.0,SEVERE,SYNTHETIC
2025-06-09,SANDHEADS,0,0.9,SEVERE,SYNTHETIC
2025-06-10,SANDHEADS,0,0.0,SEVERE,SYNTHETIC
2025-06-11,SANDHEADS,0,0.0,SEVERE,SYNTHETIC
2025-06-12,SANDHEADS,1,4.8,SEVERE,SYNTHETIC
2025-06-13,SANDHEADS,1,0.0,SEVERE,SYNTHETIC
2025-06-16,SANDHEADS,0,5.7,SEVERE,SYNTHETIC
2025-06-17,SANDHEADS,0,0.0,SEVERE,SYNTHETIC
2025-06-18,SANDHEADS,0,0.0,SEVERE,SYNTHETIC
2025-06-19,SANDHEADS,2,8.7,SEVERE,SYNTHETIC
2025-06-20,SANDHEADS,0,4.5,SEVERE,SYNTHETIC
2025-06-23,SANDHEADS,0,0.0,SEVERE,SYNTHETIC
2025-06-24,SANDHEADS,0,2.0,SEVERE,SYNTHETIC
2025-06-25,SANDHEADS,0,0.0,SEVERE,SYNTHETIC
2025-06-26,SANDHEADS,0,0.0,SEVERE,SYNTHETIC
2025-06-27,SANDHEADS,0,0.0,SEVERE,SYNTHETIC
2025-06-30,SANDHEADS,0,0.0,SEVERE,SYNTHETIC
2025-07-01,SANDHEADS,1,1.7,SEVERE,SYNTHETIC
2025-07-02,SANDHEADS,0,7.1,SEVERE,SYNTHETIC
2025-07-03,SANDHEADS,1,0.0,SEVERE,SYNTHETIC
2025-07-04,SANDHEADS,0,0.0,SEVERE,SYNTHETIC
2025-07-07,SANDHEADS,0,0.0,SEVERE,SYNTHETIC
2025-07-08,SANDHEADS,1,0.0,SEVERE,SYNTHETIC
2025-07-09,SANDHEADS,0,0.0,SEVERE,SYNTHETIC
2025-07-10,SANDHEADS,1,1.5,SEVERE,SYNTHETIC
2025-07-11,SANDHEADS,0,0.0,SEVERE,SYNTHETIC
2025-07-14,SANDHEADS,1,0.0,SEVERE,SYNTHETIC
2025-07-15,SANDHEADS,0,1.7,SEVERE,SYNTHETIC
2025-07-16,SANDHEADS,0,0.0,SEVERE,SYNTHETIC
2025-07-17,SANDHEADS,1,0.0,SEVERE,SYNTHETIC
2025-07-18,SANDHEADS,0,0.0,SEVERE,SYNTHETIC
2025-07-21,SANDHEADS,1,0.0,SEVERE,SYNTHETIC
2025-07-22,SANDHEADS,1,0.0,SEVERE,SYNTHETIC
2025-07-23,SANDHEADS,1,0.0,SEVERE,SYNTHETIC
2025-07-24,SANDHEADS,0,0.0,SEVERE,SYNTHETIC
2025-07-25,SANDHEADS,0,0.0,SEVERE,SYNTHETIC
2025-07-28,SANDHEADS,0,0.0,SEVERE,SYNTHETIC
2025-07-29,SANDHEADS,0,0.0,SEVERE,SYNTHETIC
2025-07-30,SANDHEADS,1,0.0,SEVERE,SYNTHETIC
2025-07-31,SANDHEADS,0,0.0,SEVERE,SYNTHETIC
2025-08-01,SANDHEADS,0,0.0,SEVERE,SYNTHETIC
2025-08-04,SANDHEADS,1,0.0,SEVERE,SYNTHETIC
2025-08-05,SANDHEADS,0,0.0,SEVERE,SYNTHETIC
2025-08-06,SANDHEADS,1,0.0,SEVERE,SYNTHETIC
2025-08-07,SANDHEADS,0,0.0,SEVERE,SYNTHETIC
2025-08-08,SANDHEADS,1,0.0,SEVERE,SYNTHETIC
2025-08-11,SANDHEADS,1,0.0,SEVERE,SYNTHETIC
2025-08-12,SANDHEADS,1,0.0,SEVERE,SYNTHETIC
2025-08-13,SANDHEADS,1,0.0,SEVERE,SYNTHETIC
2025-08-14,SANDHEADS,1,0.0,SEVERE,SYNTHETIC
2025-08-15,SANDHEADS,0,0.0,SEVERE,SYNTHETIC
2025-08-18,SANDHEADS,1,0.0,SEVERE,SYNTHETIC
2025-08-19,SANDHEADS,0,0.0,SEVERE,SYNTHETIC
2025-08-20,SANDHEADS,1,0.0,SEVERE,SYNTHETIC
2025-08-21,SANDHEADS,0,0.0,SEVERE,SYNTHETIC
2025-08-22,SANDHEADS,0,0.0,SEVERE,SYNTHETIC
2025-08-25,SANDHEADS,0,0.0,SEVERE,SYNTHETIC
2025-08-26,SANDHEADS,0,0.0,SEVERE,SYNTHETIC
2025-08-27,SANDHEADS,0,0.0,SEVERE,SYNTHETIC
2025-08-28,SANDHEADS,0,0.0,SEVERE,SYNTHETIC
2025-08-29,SANDHEADS,0,0.0,SEVERE,SYNTHETIC
2025-09-01,SANDHEADS,0,0.0,SEVERE,SYNTHETIC
2025-09-02,SANDHEADS,0,0.0,SEVERE,SYNTHETIC
2025-09-03,SANDHEADS,0,0.0,SEVERE,SYNTHETIC
2025-09-04,SANDHEADS,1,0.0,SEVERE,SYNTHETIC
2025-09-05,SANDHEADS,0,0.0,SEVERE,SYNTHETIC
2025-09-08,SANDHEADS,0,0.0,SEVERE,SYNTHETIC
2025-09-09,SANDHEADS,0,0.0,SEVERE,SYNTHETIC
2025-09-10,SANDHEADS,0,0.0,SEVERE,SYNTHETIC
2025-09-11,SANDHEADS,0,0.0,SEVERE,SYNTHETIC
2025-09-12,SANDHEADS,0,0.0,SEVERE,SYNTHETIC
2025-09-15,SANDHEADS,1,0.0,SEVERE,SYNTHETIC
2025-09-16,SANDHEADS,1,0.0,SEVERE,SYNTHETIC
2025-09-17,SANDHEADS,1,0.0,SEVERE,SYNTHETIC
2025-09-18,SANDHEADS,0,0.0,SEVERE,SYNTHETIC
2025-09-19,SANDHEADS,1,0.0,SEVERE,SYNTHETIC
2025-09-22,SANDHEADS,0,0.0,SEVERE,SYNTHETIC
2025-09-23,SANDHEADS,0,0.0,SEVERE,SYNTHETIC
2025-09-24,SANDHEADS,0,0.0,SEVERE,SYNTHETIC
2025-09-25,SANDHEADS,0,0.0,SEVERE,SYNTHETIC
2025-09-26,SANDHEADS,0,0.0,SEVERE,SYNTHETIC
2025-09-29,SANDHEADS,1,0.0,SEVERE,SYNTHETIC
2025-09-30,SANDHEADS,0,0.0,SEVERE,SYNTHETIC
2025-10-01,SANDHEADS,0,0.0,SEVERE,SYNTHETIC
2025-10-02,SANDHEADS,1,0.0,SEVERE,SYNTHETIC
2025-10-03,SANDHEADS,1,0.0,SEVERE,SYNTHETIC
2025-10-06,SANDHEADS,1,0.0,SEVERE,SYNTHETIC
2025-10-07,SANDHEADS,1,0.0,SEVERE,SYNTHETIC
2025-10-08,SANDHEADS,0,0.0,SEVERE,SYNTHETIC
2025-10-09,SANDHEADS,0,0.0,SEVERE,SYNTHETIC
2025-10-10,SANDHEADS,1,0.0,SEVERE,SYNTHETIC
2025-10-13,SANDHEADS,0,0.0,SEVERE,SYNTHETIC
2025-10-14,SANDHEADS,1,0.0,SEVERE,SYNTHETIC
2025-10-15,SANDHEADS,1,0.0,SEVERE,SYNTHETIC
2025-10-16,SANDHEADS,0,0.0,SEVERE,SYNTHETIC
2025-10-17,SANDHEADS,1,0.0,SEVERE,SYNTHETIC
2025-10-20,SANDHEADS,1,0.0,SEVERE,SYNTHETIC
2025-10-21,SANDHEADS,0,0.0,SEVERE,SYNTHETIC
2025-10-22,SANDHEADS,0,0.0,SEVERE,SYNTHETIC
2025-10-23,SANDHEADS,0,0.0,SEVERE,SYNTHETIC
2025-10-24,SANDHEADS,1,0.0,SEVERE,SYNTHETIC
2025-10-27,SANDHEADS,0,0.0,SEVERE,SYNTHETIC
2025-10-28,SANDHEADS,1,0.0,SEVERE,SYNTHETIC
2025-10-29,SANDHEADS,0,0.0,SEVERE,SYNTHETIC
2025-10-30,SANDHEADS,0,0.0,SEVERE,SYNTHETIC
2025-10-31,SANDHEADS,0,0.0,SEVERE,SYNTHETIC
2025-11-03,SANDHEADS,0,0.0,SEVERE,SYNTHETIC
2025-11-04,SANDHEADS,1,0.0,SEVERE,SYNTHETIC
2025-11-05,SANDHEADS,0,0.0,SEVERE,SYNTHETIC
2025-11-06,SANDHEADS,1,0.0,SEVERE,SYNTHETIC
2025-11-07,SANDHEADS,0,0.0,SEVERE,SYNTHETIC
2025-11-10,SANDHEADS,1,0.0,SEVERE,SYNTHETIC
2025-11-11,SANDHEADS,1,0.0,SEVERE,SYNTHETIC
2025-11-12,SANDHEADS,0,0.0,SEVERE,SYNTHETIC
2025-11-13,SANDHEADS,0,0.0,SEVERE,SYNTHETIC
2025-11-14,SANDHEADS,0,0.0,SEVERE,SYNTHETIC
2025-11-17,SANDHEADS,1,0.0,SEVERE,SYNTHETIC
2025-11-18,SANDHEADS,0,0.0,SEVERE,SYNTHETIC
2025-11-19,SANDHEADS,1,0.0,SEVERE,SYNTHETIC
2025-11-20,SANDHEADS,0,0.0,SEVERE,SYNTHETIC
2025-11-21,SANDHEADS,1,0.0,SEVERE,SYNTHETIC
2025-11-24,SANDHEADS,0,0.0,SEVERE,SYNTHETIC
2025-11-25,SANDHEADS,0,0.0,SEVERE,SYNTHETIC
2025-11-26,SANDHEADS,1,0.0,SEVERE,SYNTHETIC
2025-11-27,SANDHEADS,0,0.0,SEVERE,SYNTHETIC
2025-11-28,SANDHEADS,0,0.0,SEVERE,SYNTHETIC
2025-12-01,SANDHEADS,1,0.0,SEVERE,SYNTHETIC
2025-12-02,SANDHEADS,0,0.0,SEVERE,SYNTHETIC
2025-12-03,SANDHEADS,1,0.0,SEVERE,SYNTHETIC
2025-12-04,SANDHEADS,0,0.0,SEVERE,SYNTHETIC
2025-12-05,SANDHEADS,1,0.0,SEVERE,SYNTHETIC
2025-12-08,SANDHEADS,0,0.0,SEVERE,SYNTHETIC
2025-12-09,SANDHEADS,1,0.0,SEVERE,SYNTHETIC
2025-12-10,SANDHEADS,1,0.0,SEVERE,SYNTHETIC
2025-12-11,SANDHEADS,1,0.0,SEVERE,SYNTHETIC
2025-12-12,SANDHEADS,1,0.0,SEVERE,SYNTHETIC
2025-12-15,SANDHEADS,1,0.0,SEVERE,SYNTHETIC
2025-12-16,SANDHEADS,1,0.0,SEVERE,SYNTHETIC
2025-12-17,SANDHEADS,1,0.0,SEVERE,SYNTHETIC
2025-12-18,SANDHEADS,0,0.0,SEVERE,SYNTHETIC
2025-12-19,SANDHEADS,0,0.0,SEVERE,SYNTHETIC
2025-12-22,SANDHEADS,1,0.0,SEVERE,SYNTHETIC
2025-12-23,SANDHEADS,0,0.0,SEVERE,SYNTHETIC
2025-12-24,SANDHEADS,0,0.0,SEVERE,SYNTHETIC
2025-12-25,SANDHEADS,0,0.0,SEVERE,SYNTHETIC
2025-12-26,SANDHEADS,0,0.0,SEVERE,SYNTHETIC
2025-12-29,SANDHEADS,0,0.0,SEVERE,SYNTHETIC
2025-12-30,SANDHEADS,1,0.0,SEVERE,SYNTHETIC
2025-12-31,SANDHEADS,1,0.0,SEVERE,SYNTHETIC
2026-01-01,SANDHEADS,1,0.0,SEVERE,SYNTHETIC
2026-01-02,SANDHEADS,0,0.0,SEVERE,SYNTHETIC
2026-01-05,SANDHEADS,0,0.0,SEVERE,SYNTHETIC
2026-01-06,SANDHEADS,1,0.0,SEVERE,SYNTHETIC
2026-01-07,SANDHEADS,1,0.0,SEVERE,SYNTHETIC
2026-01-08,SANDHEADS,1,0.0,SEVERE,SYNTHETIC
2026-01-09,SANDHEADS,0,0.0,SEVERE,SYNTHETIC
2026-01-12,SANDHEADS,0,0.0,SEVERE,SYNTHETIC
2026-01-13,SANDHEADS,0,0.0,SEVERE,SYNTHETIC
2026-01-14,SANDHEADS,0,0.0,SEVERE,SYNTHETIC
2026-01-15,SANDHEADS,0,0.0,SEVERE,SYNTHETIC
2026-01-16,SANDHEADS,0,0.0,SEVERE,SYNTHETIC
2026-01-19,SANDHEADS,1,0.0,SEVERE,SYNTHETIC
2026-01-20,SANDHEADS,1,0.0,SEVERE,SYNTHETIC
2026-01-21,SANDHEADS,0,0.0,SEVERE,SYNTHETIC
2026-01-22,SANDHEADS,0,0.0,SEVERE,SYNTHETIC
2026-01-23,SANDHEADS,1,0.0,SEVERE,SYNTHETIC
2026-01-26,SANDHEADS,0,0.0,SEVERE,SYNTHETIC
2026-01-27,SANDHEADS,1,0.0,SEVERE,SYNTHETIC
2026-01-28,SANDHEADS,1,0.0,SEVERE,SYNTHETIC
2026-01-29,SANDHEADS,0,0.0,SEVERE,SYNTHETIC
2026-01-30,SANDHEADS,1,0.0,SEVERE,SYNTHETIC
2026-02-02,SANDHEADS,0,0.0,SEVERE,SYNTHETIC
2026-02-03,SANDHEADS,1,0.0,SEVERE,SYNTHETIC
2026-02-04,SANDHEADS,0,0.0,SEVERE,SYNTHETIC
2026-02-05,SANDHEADS,1,0.0,SEVERE,SYNTHETIC
2026-02-06,SANDHEADS,1,0.0,SEVERE,SYNTHETIC
2026-02-09,SANDHEADS,1,0.0,SEVERE,SYNTHETIC
2026-02-10,SANDHEADS,0,0.0,SEVERE,SYNTHETIC
2026-02-11,SANDHEADS,1,0.0,SEVERE,SYNTHETIC
2026-02-12,SANDHEADS,0,0.0,SEVERE,SYNTHETIC
2026-02-13,SANDHEADS,0,0.0,SEVERE,SYNTHETIC
2026-02-16,SANDHEADS,1,0.0,SEVERE,SYNTHETIC
2026-02-17,SANDHEADS,1,0.0,SEVERE,SYNTHETIC
2026-02-18,SANDHEADS,1,0.0,SEVERE,SYNTHETIC
2026-02-19,SANDHEADS,0,0.0,SEVERE,SYNTHETIC
2026-02-20,SANDHEADS,1,0.0,SEVERE,SYNTHETIC
2026-02-23,SANDHEADS,0,0.0,SEVERE,SYNTHETIC
2026-02-24,SANDHEADS,0,0.0,SEVERE,SYNTHETIC
2026-02-25,SANDHEADS,0,0.0,SEVERE,SYNTHETIC
2026-02-26,SANDHEADS,0,0.0,SEVERE,SYNTHETIC
2026-02-27,SANDHEADS,1,0.0,SEVERE,SYNTHETIC
2026-03-02,SANDHEADS,1,0.0,SEVERE,SYNTHETIC
2026-03-03,SANDHEADS,0,0.0,SEVERE,SYNTHETIC
2026-03-04,SANDHEADS,0,0.0,SEVERE,SYNTHETIC
2026-03-05,SANDHEADS,1,0.0,SEVERE,SYNTHETIC
2026-03-06,SANDHEADS,0,0.0,SEVERE,SYNTHETIC
2026-03-09,SANDHEADS,0,0.0,SEVERE,SYNTHETIC
2026-03-10,SANDHEADS,0,0.0,SEVERE,SYNTHETIC
2026-03-11,SANDHEADS,0,0.0,SEVERE,SYNTHETIC
2026-03-12,SANDHEADS,1,0.0,SEVERE,SYNTHETIC
2026-03-13,SANDHEADS,1,0.0,SEVERE,SYNTHETIC
2026-03-16,SANDHEADS,1,0.0,SEVERE,SYNTHETIC
2026-03-17,SANDHEADS,1,0.0,SEVERE,SYNTHETIC
2026-03-18,SANDHEADS,0,0.0,SEVERE,SYNTHETIC
2026-03-19,SANDHEADS,0,0.0,SEVERE,SYNTHETIC
2026-03-20,SANDHEADS,1,0.0,SEVERE,SYNTHETIC
2026-03-23,SANDHEADS,0,0.0,SEVERE,SYNTHETIC
2026-03-24,SANDHEADS,0,0.0,SEVERE,SYNTHETIC
2026-03-25,SANDHEADS,1,0.0,SEVERE,SYNTHETIC
2026-03-26,SANDHEADS,0,0.0,SEVERE,SYNTHETIC
2026-03-27,SANDHEADS,0,0.0,SEVERE,SYNTHETIC
2026-03-30,SANDHEADS,0,0.0,SEVERE,SYNTHETIC
2026-03-31,SANDHEADS,0,0.0,SEVERE,SYNTHETIC
2026-04-01,SANDHEADS,1,0.0,SEVERE,SYNTHETIC
2026-04-02,SANDHEADS,0,0.0,SEVERE,SYNTHETIC
2026-04-03,SANDHEADS,1,0.0,SEVERE,SYNTHETIC
2026-04-06,SANDHEADS,0,0.0,SEVERE,SYNTHETIC
2026-04-07,SANDHEADS,0,0.0,SEVERE,SYNTHETIC
2026-04-08,SANDHEADS,1,0.0,SEVERE,SYNTHETIC
2026-04-09,SANDHEADS,1,0.0,SEVERE,SYNTHETIC
2026-04-10,SANDHEADS,0,0.0,SEVERE,SYNTHETIC
2026-04-13,SANDHEADS,0,0.0,SEVERE,SYNTHETIC
2026-04-14,SANDHEADS,0,0.0,SEVERE,SYNTHETIC
2026-04-15,SANDHEADS,0,0.0,SEVERE,SYNTHETIC
2026-04-16,SANDHEADS,0,0.0,SEVERE,SYNTHETIC
2026-04-17,SANDHEADS,1,0.0,SEVERE,SYNTHETIC
2026-04-20,SANDHEADS,0,0.0,SEVERE,SYNTHETIC
2026-04-21,SANDHEADS,0,0.0,SEVERE,SYNTHETIC
2026-04-22,SANDHEADS,1,0.0,SEVERE,SYNTHETIC
2026-04-23,SANDHEADS,1,0.0,SEVERE,SYNTHETIC
2026-04-24,SANDHEADS,0,0.0,SEVERE,SYNTHETIC
2026-04-27,SANDHEADS,0,0.0,SEVERE,SYNTHETIC
2026-04-28,SANDHEADS,1,0.0,SEVERE,SYNTHETIC
2026-04-29,SANDHEADS,0,0.0,SEVERE,SYNTHETIC
2026-04-30,SANDHEADS,0,0.0,SEVERE,SYNTHETIC
2026-05-01,SANDHEADS,1,0.0,SEVERE,SYNTHETIC
2026-05-04,SANDHEADS,0,0.0,SEVERE,SYNTHETIC
2026-05-05,SANDHEADS,1,0.0,SEVERE,SYNTHETIC
2026-05-06,SANDHEADS,0,0.0,SEVERE,SYNTHETIC
2026-05-07,SANDHEADS,0,0.0,SEVERE,SYNTHETIC
2026-05-08,SANDHEADS,0,0.0,SEVERE,SYNTHETIC
2026-05-11,SANDHEADS,0,0.0,SEVERE,SYNTHETIC
2026-05-12,SANDHEADS,1,0.0,SEVERE,SYNTHETIC
2026-05-13,SANDHEADS,0,0.0,SEVERE,SYNTHETIC
2026-05-14,SANDHEADS,0,0.0,SEVERE,SYNTHETIC
2026-05-15,SANDHEADS,0,0.0,SEVERE,SYNTHETIC
2026-05-18,SANDHEADS,1,0.0,SEVERE,SYNTHETIC
2026-05-19,SANDHEADS,1,0.0,SEVERE,SYNTHETIC
2026-05-20,SANDHEADS,1,0.0,SEVERE,SYNTHETIC
2026-05-21,SANDHEADS,1,0.0,SEVERE,SYNTHETIC
2026-05-22,SANDHEADS,1,0.0,SEVERE,SYNTHETIC
2026-05-25,SANDHEADS,1,0.0,SEVERE,SYNTHETIC
2026-05-26,SANDHEADS,1,0.0,SEVERE,SYNTHETIC
2026-05-27,SANDHEADS,0,0.0,SEVERE,SYNTHETIC
2026-05-28,SANDHEADS,0,0.0,SEVERE,SYNTHETIC
2026-05-29,SANDHEADS,0,0.0,SEVERE,SYNTHETIC
2026-06-01,SANDHEADS,0,0.0,SEVERE,SYNTHETIC
2026-06-02,SANDHEADS,0,0.0,SEVERE,SYNTHETIC
2026-06-03,SANDHEADS,0,0.0,SEVERE,SYNTHETIC
2026-06-04,SANDHEADS,0,0.0,SEVERE,SYNTHETIC
2026-06-05,SANDHEADS,1,0.0,SEVERE,SYNTHETIC
2026-06-08,SANDHEADS,0,0.0,SEVERE,SYNTHETIC
2026-06-09,SANDHEADS,1,0.0,SEVERE,SYNTHETIC
2026-06-10,SANDHEADS,0,0.0,SEVERE,SYNTHETIC
2026-06-11,SANDHEADS,1,0.0,SEVERE,SYNTHETIC
2026-06-12,SANDHEADS,0,0.0,SEVERE,SYNTHETIC
2026-06-15,SANDHEADS,0,0.0,SEVERE,SYNTHETIC
2026-06-16,SANDHEADS,1,0.0,SEVERE,SYNTHETIC
2026-06-17,SANDHEADS,0,0.0,SEVERE,SYNTHETIC
2026-06-18,SANDHEADS,1,0.0,SEVERE,SYNTHETIC
2026-06-19,SANDHEADS,0,0.0,SEVERE,SYNTHETIC
2026-06-22,SANDHEADS,0,0.0,SEVERE,SYNTHETIC
2026-06-23,SANDHEADS,1,0.0,SEVERE,SYNTHETIC
2026-06-24,SANDHEADS,1,0.0,SEVERE,SYNTHETIC
2026-06-25,SANDHEADS,0,0.0,SEVERE,SYNTHETIC
2026-06-26,SANDHEADS,1,0.0,SEVERE,SYNTHETIC
2026-06-29,SANDHEADS,0,0.0,SEVERE,SYNTHETIC
2026-06-30,SANDHEADS,0,0.0,SEVERE,SYNTHETIC
2026-07-01,SANDHEADS,1,0.0,SEVERE,SYNTHETIC
2026-07-02,SANDHEADS,0,0.0,SEVERE,SYNTHETIC
2026-07-03,SANDHEADS,0,0.0,SEVERE,SYNTHETIC
2026-07-06,SANDHEADS,1,0.0,SEVERE,SYNTHETIC
2026-07-07,SANDHEADS,0,0.0,SEVERE,SYNTHETIC
2026-07-08,SANDHEADS,0,0.0,SEVERE,SYNTHETIC
2026-07-09,SANDHEADS,0,0.0,SEVERE,SYNTHETIC
2026-07-10,SANDHEADS,0,0.0,SEVERE,SYNTHETIC
2026-07-13,SANDHEADS,0,0.0,SEVERE,SYNTHETIC
2026-07-14,SANDHEADS,1,0.0,SEVERE,SYNTHETIC
2026-07-15,SANDHEADS,0,0.0,SEVERE,SYNTHETIC
2026-07-16,SANDHEADS,1,0.0,SEVERE,SYNTHETIC
2026-07-17,SANDHEADS,1,0.0,SEVERE,SYNTHETIC
2026-07-20,SANDHEADS,0,0.0,SEVERE,SYNTHETIC
2026-07-21,SANDHEADS,0,0.0,SEVERE,SYNTHETIC
2026-07-22,SANDHEADS,0,0.0,SEVERE,SYNTHETIC
2026-07-23,SANDHEADS,0,0.0,SEVERE,SYNTHETIC
2026-07-24,SANDHEADS,0,0.0,SEVERE,SYNTHETIC
2026-07-27,SANDHEADS,1,0.0,SEVERE,SYNTHETIC
2026-07-28,SANDHEADS,0,0.0,SEVERE,SYNTHETIC
2026-07-29,SANDHEADS,1,0.0,SEVERE,SYNTHETIC
2026-07-30,SANDHEADS,1,0.0,SEVERE,SYNTHETIC
2026-07-31,SANDHEADS,0,0.0,SEVERE,SYNTHETIC
2026-08-03,SANDHEADS,0,0.0,SEVERE,SYNTHETIC
2026-08-04,SANDHEADS,1,0.0,SEVERE,SYNTHETIC
2026-08-05,SANDHEADS,0,0.0,SEVERE,SYNTHETIC
2026-08-06,SANDHEADS,0,0.0,SEVERE,SYNTHETIC
2026-08-07,SANDHEADS,1,0.0,SEVERE,SYNTHETIC
2026-08-08,SANDHEADS,0,0.0,SEVERE,SYNTHETIC
2026-08-10,SANDHEADS,0,0.0,SEVERE,SYNTHETIC
2026-08-11,SANDHEADS,1,0.0,SEVERE,SYNTHETIC
2026-08-12,SANDHEADS,1,0.0,SEVERE,SYNTHETIC
2026-08-13,SANDHEADS,0,0.0,SEVERE,SYNTHETIC
2026-08-14,SANDHEADS,0,0.0,SEVERE,SYNTHETIC
2026-08-17,SANDHEADS,0,0.0,SEVERE,SYNTHETIC
2026-08-18,SANDHEADS,0,0.0,SEVERE,SYNTHETIC
2026-08-19,SANDHEADS,0,0.0,SEVERE,SYNTHETIC
2026-08-20,SANDHEADS,0,0.0,SEVERE,SYNTHETIC
2026-08-21,SANDHEADS,1,0.0,SEVERE,SYNTHETIC
2026-08-24,SANDHEADS,0,0.0,SEVERE,SYNTHETIC
2026-08-25,SANDHEADS,0,0.0,SEVERE,SYNTHETIC
2026-08-26,SANDHEADS,1,0.0,SEVERE,SYNTHETIC
2026-08-27,SANDHEADS,0,0.0,SEVERE,SYNTHETIC
2026-08-28,SANDHEADS,0,0.0,SEVERE,SYNTHETIC
2026-08-31,SANDHEADS,0,0.0,SEVERE,SYNTHETIC
2026-09-01,SANDHEADS,0,0.0,SEVERE,SYNTHETIC
2026-09-02,SANDHEADS,0,0.0,SEVERE,SYNTHETIC
2026-09-03,SANDHEADS,1,0.0,SEVERE,SYNTHETIC
2026-09-04,SANDHEADS,1,0.0,SEVERE,SYNTHETIC
2026-09-08,SANDHEADS,1,0.0,SEVERE,SYNTHETIC
