date,bdry_open,bdry_high,bdry_low,bdry_close,bdry_volume,bdi,source_bdi,source_bdry,data_type
2023-01-03,9.010000228881836,9.180000305175781,8.75,8.819999694824219,75000,,Investing.com_Manual,Yahoo_Finance_BDRY,REAL
2023-01-04,9.010000228881836,9.279999732971191,9.010000228881836,9.25,45200,,Investing.com_Manual,Yahoo_Finance_BDRY,REAL
2023-01-05,9.373000144958496,9.555000305175781,9.361000061035156,9.510000228881836,56200,,Investing.com_Manual,Yahoo_Finance_BDRY,REAL
2023-01-06,9.670000076293945,10.279999732971191,9.5,10.039999961853027,83700,,Investing.com_Manual,Yahoo_Finance_BDRY,REAL
2023-01-09,10.100000381469727,10.100000381469727,9.491000175476074,9.739999771118164,56100,,Investing.com_Manual,Yahoo_Finance_BDRY,REAL
2023-01-10,9.149999618530273,9.180000305175781,9.010000228881836,9.119999885559082,48800,,Investing.com_Manual,Yahoo_Finance_BDRY,REAL
2023-01-11,9.079999923706055,9.170000076293945,8.970000267028809,8.979999542236328,44300,,Investing.com_Manual,Yahoo_Finance_BDRY,REAL
2023-01-12,9.079999923706055,9.307999610900879,8.942999839782715,9.09000015258789,53500,,Investing.com_Manual,Yahoo_Finance_BDRY,REAL
2023-01-13,9.220000267028809,9.4399995803833,9.220000267028809,9.359999656677246,115500,,Investing.com_Manual,Yahoo_Finance_BDRY,REAL
2023-01-17,9.5,9.550000190734863,9.399999618530273,9.40999984741211,71100,,Investing.com_Manual,Yahoo_Finance_BDRY,REAL
2023-01-18,9.09000015258789,9.279999732971191,8.880000114440918,8.9399995803833,65900,,Investing.com_Manual,Yahoo_Finance_BDRY,REAL
2023-01-19,8.720000267028809,8.859000205993652,8.65999984741211,8.774999618530273,123200,,Investing.com_Manual,Yahoo_Finance_BDRY,REAL
2023-01-20,8.951000213623047,9.149999618530273,8.885000228881836,8.949999809265137,72800,,Investing.com_Manual,Yahoo_Finance_BDRY,REAL
2023-01-23,8.800000190734863,8.800000190734863,8.609999656677246,8.640000343322754,100700,,Investing.com_Manual,Yahoo_Finance_BDRY,REAL
2023-01-24,8.569999694824219,8.630000114440918,8.399999618530273,8.4399995803833,44600,,Investing.com_Manual,Yahoo_Finance_BDRY,REAL
2023-01-25,8.489999771118164,8.539999961853027,8.420000076293945,8.449999809265137,31200,,Investing.com_Manual,Yahoo_Finance_BDRY,REAL
2023-01-26,8.239999771118164,8.239999771118164,8.100000381469727,8.119999885559082,134800,,Investing.com_Manual,Yahoo_Finance_BDRY,REAL
2023-01-27,8.229999542236328,8.75,8.210000038146973,8.270000457763672,144100,,Investing.com_Manual,Yahoo_Finance_BDRY,REAL
2023-01-30,8.029999732971191,8.170000076293945,7.900000095367432,8.0,283400,,Investing.com_Manual,Yahoo_Finance_BDRY,REAL
2023-01-31,7.730000019073486,7.980000019073486,7.659999847412109,7.800000190734863,208900,,Investing.com_Manual,Yahoo_Finance_BDRY,REAL
2023-02-01,7.599999904632568,7.715000152587891,7.53000020980835,7.53000020980835,514600,,Investing.com_Manual,Yahoo_Finance_BDRY,REAL
2023-02-02,7.460000038146973,7.539999961853027,7.300000190734863,7.309999942779541,486400,,Investing.com_Manual,Yahoo_Finance_BDRY,REAL
2023-02-03,7.28000020980835,7.329999923706055,7.099999904632568,7.110000133514404,393400,,Investing.com_Manual,Yahoo_Finance_BDRY,REAL
2023-02-06,6.900000095367432,7.039999961853027,6.75,6.800000190734863,630100,,Investing.com_Manual,Yahoo_Finance_BDRY,REAL
2023-02-07,6.889999866485596,7.400000095367432,6.860000133514404,7.159999847412109,905500,,Investing.com_Manual,Yahoo_Finance_BDRY,REAL
2023-02-08,7.5,7.800000190734863,7.440999984741211,7.619999885559082,752700,,Investing.com_Manual,Yahoo_Finance_BDRY,REAL
2023-02-09,7.440000057220459,7.449999809265137,7.059999942779541,7.119999885559082,766500,,Investing.com_Manual,Yahoo_Finance_BDRY,REAL
2023-02-10,7.199999809265137,7.383999824523926,7.199999809265137,7.230000019073486,276600,,Investing.com_Manual,Yahoo_Finance_BDRY,REAL
2023-02-13,7.079999923706055,7.242000102996826,6.949999809265137,7.0,960500,,Investing.com_Manual,Yahoo_Finance_BDRY,REAL
2023-02-14,6.75,7.0,6.71999979019165,6.730000019073486,842200,,Investing.com_Manual,Yahoo_Finance_BDRY,REAL
2023-02-15,6.579999923706055,6.71999979019165,6.300000190734863,6.53000020980835,756000,,Investing.com_Manual,Yahoo_Finance_BDRY,REAL
2023-02-16,6.619999885559082,6.849999904632568,6.579999923706055,6.75,840600,,Investing.com_Manual,Yahoo_Finance_BDRY,REAL
2023-02-17,6.619999885559082,6.699999809265137,6.550000190734863,6.599999904632568,549000,,Investing.com_Manual,Yahoo_Finance_BDRY,REAL
2023-02-21,7.090000152587891,7.150000095367432,7.010000228881836,7.059999942779541,1312000,,Investing.com_Manual,Yahoo_Finance_BDRY,REAL
2023-02-22,7.269999980926514,7.364999771118164,7.25,7.289999961853027,958500,,Investing.com_Manual,Yahoo_Finance_BDRY,REAL
2023-02-23,7.760000228881836,8.039999961853027,7.760000228881836,7.960000038146973,1597000,,Investing.com_Manual,Yahoo_Finance_BDRY,REAL
2023-02-24,8.010000228881836,8.069999694824219,7.900000095367432,7.949999809265137,629900,,Investing.com_Manual,Yahoo_Finance_BDRY,REAL
2023-02-27,7.989999771118164,8.149999618530273,7.901000022888184,8.149999618530273,574200,,Investing.com_Manual,Yahoo_Finance_BDRY,REAL
2023-02-28,8.845000267028809,9.210000038146973,8.800000190734863,9.050000190734863,1039600,,Investing.com_Manual,Yahoo_Finance_BDRY,REAL
2023-03-01,8.779999732971191,8.979999542236328,8.75,8.819999694824219,860200,,Investing.com_Manual,Yahoo_Finance_BDRY,REAL
2023-03-02,8.824999809265137,8.984999656677246,8.739999771118164,8.979999542236328,460900,,Investing.com_Manual,Yahoo_Finance_BDRY,REAL
2023-03-03,9.34000015258789,9.399999618530273,9.289999961853027,9.390000343322754,406300,,Investing.com_Manual,Yahoo_Finance_BDRY,REAL
2023-03-06,9.4399995803833,9.6899995803833,9.109999656677246,9.149999618530273,407600,,Investing.com_Manual,Yahoo_Finance_BDRY,REAL
2023-03-07,9.069999694824219,9.350000381469727,9.029999732971191,9.180000305175781,448100,,Investing.com_Manual,Yahoo_Finance_BDRY,REAL
2023-03-08,9.460000038146973,9.680000305175781,9.460000038146973,9.600000381469727,407800,,Investing.com_Manual,Yahoo_Finance_BDRY,REAL
2023-03-09,10.0,10.050000190734863,9.850000381469727,9.920000076293945,599200,,Investing.com_Manual,Yahoo_Finance_BDRY,REAL
2023-03-10,10.039999961853027,10.270000457763672,10.039999961853027,10.1899995803833,414300,,Investing.com_Manual,Yahoo_Finance_BDRY,REAL
2023-03-13,10.390000343322754,10.4399995803833,10.199999809265137,10.260000228881836,313500,,Investing.com_Manual,Yahoo_Finance_BDRY,REAL
2023-03-14,10.520000457763672,10.720000267028809,10.460000038146973,10.569999694824219,400400,,Investing.com_Manual,Yahoo_Finance_BDRY,REAL
2023-03-15,10.039999961853027,10.119999885559082,9.505000114440918,9.6899995803833,902500,,Investing.com_Manual,Yahoo_Finance_BDRY,REAL
2023-03-16,9.699999809265137,9.979999542236328,9.649999618530273,9.979999542236328,330800,,Investing.com_Manual,Yahoo_Finance_BDRY,REAL
2023-03-17,9.9399995803833,10.0,9.795000076293945,9.970000267028809,288800,,Investing.com_Manual,Yahoo_Finance_BDRY,REAL
2023-03-20,9.680000305175781,9.710000038146973,9.442000389099121,9.5,456200,,Investing.com_Manual,Yahoo_Finance_BDRY,REAL
2023-03-21,9.239999771118164,9.329999923706055,9.119999885559082,9.3100004196167,362200,,Investing.com_Manual,Yahoo_Finance_BDRY,REAL
2023-03-22,9.100000381469727,9.539999961853027,9.100000381469727,9.489999771118164,291800,,Investing.com_Manual,Yahoo_Finance_BDRY,REAL
2023-03-23,9.890000343322754,10.199999809265137,9.880000114440918,10.1899995803833,293800,,Investing.com_Manual,Yahoo_Finance_BDRY,REAL
2023-03-24,9.779999732971191,9.880000114440918,9.60099983215332,9.760000228881836,259600,,Investing.com_Manual,Yahoo_Finance_BDRY,REAL
2023-03-27,9.5,9.619999885559082,9.430000305175781,9.449999809265137,152900,,Investing.com_Manual,Yahoo_Finance_BDRY,REAL
2023-03-28,9.289999961853027,9.515000343322754,9.239999771118164,9.460000038146973,132900,,Investing.com_Manual,Yahoo_Finance_BDRY,REAL
2023-03-29,9.859999656677246,10.09000015258789,9.859999656677246,10.020000457763672,277000,,Investing.com_Manual,Yahoo_Finance_BDRY,REAL
2023-03-30,9.710000038146973,9.9399995803833,9.569999694824219,9.649999618530273,195400,,Investing.com_Manual,Yahoo_Finance_BDRY,REAL
2023-03-31,9.829999923706055,10.100000381469727,9.829999923706055,10.100000381469727,136200,,Investing.com_Manual,Yahoo_Finance_BDRY,REAL
2023-04-03,10.020000457763672,10.100000381469727,9.930000305175781,10.010000228881836,148900,,Investing.com_Manual,Yahoo_Finance_BDRY,REAL
2023-04-04,10.199999809265137,10.350000381469727,10.199999809265137,10.3100004196167,196600,,Investing.com_Manual,Yahoo_Finance_BDRY,REAL
2023-04-05,10.300000190734863,10.300000190734863,10.020000457763672,10.020000457763672,80400,,Investing.com_Manual,Yahoo_Finance_BDRY,REAL
2023-04-06,9.84000015258789,9.864999771118164,9.680000305175781,9.8100004196167,524800,,Investing.com_Manual,Yahoo_Finance_BDRY,REAL
2023-04-10,9.699999809265137,10.0,9.680000305175781,9.90999984741211,298000,,Investing.com_Manual,Yahoo_Finance_BDRY,REAL
2023-04-11,9.539999961853027,9.539999961853027,9.210000038146973,9.279999732971191,366200,,Investing.com_Manual,Yahoo_Finance_BDRY,REAL
2023-04-12,9.350000381469727,9.470000267028809,9.21500015258789,9.40999984741211,358100,,Investing.com_Manual,Yahoo_Finance_BDRY,REAL
2023-04-13,9.210000038146973,9.399999618530273,9.130000114440918,9.369999885559082,162100,,Investing.com_Manual,Yahoo_Finance_BDRY,REAL
2023-04-14,9.34000015258789,9.359999656677246,9.170000076293945,9.1899995803833,493500,,Investing.com_Manual,Yahoo_Finance_BDRY,REAL
2023-04-17,9.100000381469727,9.109999656677246,8.949999809265137,8.960000038146973,377100,,Investing.com_Manual,Yahoo_Finance_BDRY,REAL
2023-04-18,8.770000457763672,8.770000457763672,8.34000015258789,8.619999885559082,700500,,Investing.com_Manual,Yahoo_Finance_BDRY,REAL
2023-04-19,9.0,9.199999809265137,9.0,9.15999984741211,194800,,Investing.com_Manual,Yahoo_Finance_BDRY,REAL
2023-04-20,9.199999809265137,9.300000190734863,9.170000076293945,9.25,65100,,Investing.com_Manual,Yahoo_Finance_BDRY,REAL
2023-04-21,9.270000457763672,9.270000457763672,9.100000381469727,9.15999984741211,56300,,Investing.com_Manual,Yahoo_Finance_BDRY,REAL
2023-04-24,8.850000381469727,8.850000381469727,8.720000267028809,8.779999732971191,177500,,Investing.com_Manual,Yahoo_Finance_BDRY,REAL
2023-04-25,8.800000190734863,8.800000190734863,8.699999809265137,8.760000228881836,222500,,Investing.com_Manual,Yahoo_Finance_BDRY,REAL
2023-04-26,8.770000457763672,8.854000091552734,8.770000457763672,8.819999694824219,108500,,Investing.com_Manual,Yahoo_Finance_BDRY,REAL
2023-04-27,9.069999694824219,9.074999809265137,8.789999961853027,8.850000381469727,157800,,Investing.com_Manual,Yahoo_Finance_BDRY,REAL
2023-04-28,8.789999961853027,8.789999961853027,8.654999732971191,8.760000228881836,127400,,Investing.com_Manual,Yahoo_Finance_BDRY,REAL
2023-05-01,8.880000114440918,9.050000190734863,8.710000038146973,8.779999732971191,124300,,Investing.com_Manual,Yahoo_Finance_BDRY,REAL
2023-05-02,8.520000457763672,8.520000457763672,8.229999542236328,8.279999732971191,286200,,Investing.com_Manual,Yahoo_Finance_BDRY,REAL
2023-05-03,8.319999694824219,8.5,8.319999694824219,8.449999809265137,231100,,Investing.com_Manual,Yahoo_Finance_BDRY,REAL
2023-05-04,8.130000114440918,8.130000114440918,7.804999828338623,7.929999828338623,563400,,Investing.com_Manual,Yahoo_Finance_BDRY,REAL
2023-05-05,8.239999771118164,8.319999694824219,8.180000305175781,8.300000190734863,69700,,Investing.com_Manual,Yahoo_Finance_BDRY,REAL
2023-05-08,8.390000343322754,8.399999618530273,8.300000190734863,8.350000381469727,233200,,Investing.com_Manual,Yahoo_Finance_BDRY,REAL
2023-05-09,8.949999809265137,8.989999771118164,8.881999969482422,8.989999771118164,233100,,Investing.com_Manual,Yahoo_Finance_BDRY,REAL
2023-05-10,8.539999961853027,8.75,8.510000228881836,8.600000381469727,87500,,Investing.com_Manual,Yahoo_Finance_BDRY,REAL
2023-05-11,8.069999694824219,8.15999984741211,8.010000228881836,8.09000015258789,191800,,Investing.com_Manual,Yahoo_Finance_BDRY,REAL
2023-05-12,7.71999979019165,7.741000175476074,7.650000095367432,7.71999979019165,280900,,Investing.com_Manual,Yahoo_Finance_BDRY,REAL
2023-05-15,7.400000095367432,7.400000095367432,7.093999862670898,7.289999961853027,364400,,Investing.com_Manual,Yahoo_Finance_BDRY,REAL
2023-05-16,7.360000133514404,7.409999847412109,7.199999809265137,7.21999979019165,188900,,Investing.com_Manual,Yahoo_Finance_BDRY,REAL
2023-05-17,7.150000095367432,7.269999980926514,7.070000171661377,7.21999979019165,311400,,Investing.com_Manual,Yahoo_Finance_BDRY,REAL
2023-05-18,7.460000038146973,7.519999980926514,7.400000095367432,7.489999771118164,132000,,Investing.com_Manual,Yahoo_Finance_BDRY,REAL
2023-05-19,7.309999942779541,7.440000057220459,7.309999942779541,7.409999847412109,62800,,Investing.com_Manual,Yahoo_Finance_BDRY,REAL
2023-05-22,7.389999866485596,7.400000095367432,7.28000020980835,7.389999866485596,100000,,Investing.com_Manual,Yahoo_Finance_BDRY,REAL
2023-05-23,7.130000114440918,7.150000095367432,7.050000190734863,7.090000152587891,181100,,Investing.com_Manual,Yahoo_Finance_BDRY,REAL
2023-05-24,6.639999866485596,6.639999866485596,6.489999771118164,6.559999942779541,668100,,Investing.com_Manual,Yahoo_Finance_BDRY,REAL
2023-05-25,6.230000019073486,6.480000019073486,6.150000095367432,6.440000057220459,494800,,Investing.com_Manual,Yahoo_Finance_BDRY,REAL
2023-05-26,6.440000057220459,6.607999801635742,6.440000057220459,6.570000171661377,204900,,Investing.com_Manual,Yahoo_Finance_BDRY,REAL
2023-05-30,6.28000020980835,6.309999942779541,6.039999961853027,6.079999923706055,515800,,Investing.com_Manual,Yahoo_Finance_BDRY,REAL
2023-05-31,5.630000114440918,5.789999961853027,5.579999923706055,5.78000020980835,841400,,Investing.com_Manual,Yahoo_Finance_BDRY,REAL
2023-06-01,5.829999923706055,5.849999904632568,5.789999961853027,5.840000152587891,314300,,Investing.com_Manual,Yahoo_Finance_BDRY,REAL
2023-06-02,6.099999904632568,6.190000057220459,6.090000152587891,6.139999866485596,295800,,Investing.com_Manual,Yahoo_Finance_BDRY,REAL
2023-06-05,6.579999923706055,6.614999771118164,6.449999809265137,6.550000190734863,192000,,Investing.com_Manual,Yahoo_Finance_BDRY,REAL
2023-06-06,6.650000095367432,6.660999774932861,6.5,6.550000190734863,242700,,Investing.com_Manual,Yahoo_Finance_BDRY,REAL
2023-06-07,6.150000095367432,6.159999847412109,6.065000057220459,6.139999866485596,320900,,Investing.com_Manual,Yahoo_Finance_BDRY,REAL
2023-06-08,6.199999809265137,6.429999828338623,6.170000076293945,6.369999885559082,315300,,Investing.com_Manual,Yahoo_Finance_BDRY,REAL
2023-06-09,6.349999904632568,6.380000114440918,6.291999816894531,6.329999923706055,141500,,Investing.com_Manual,Yahoo_Finance_BDRY,REAL
2023-06-12,6.090000152587891,6.230000019073486,6.039999961853027,6.190000057220459,205400,,Investing.com_Manual,Yahoo_Finance_BDRY,REAL
2023-06-13,6.329999923706055,6.380000114440918,6.2210001945495605,6.300000190734863,309600,,Investing.com_Manual,Yahoo_Finance_BDRY,REAL
2023-06-14,6.460000038146973,6.480000019073486,6.369999885559082,6.400000095367432,258100,,Investing.com_Manual,Yahoo_Finance_BDRY,REAL
2023-06-15,6.400000095367432,6.619999885559082,6.25,6.340000152587891,274300,,Investing.com_Manual,Yahoo_Finance_BDRY,REAL
2023-06-16,6.170000076293945,6.170000076293945,6.050000190734863,6.139999866485596,408700,,Investing.com_Manual,Yahoo_Finance_BDRY,REAL
2023-06-20,6.079999923706055,6.159999847412109,5.988999843597412,6.159999847412109,268500,,Investing.com_Manual,Yahoo_Finance_BDRY,REAL
2023-06-21,6.119999885559082,6.179999828338623,6.019999980926514,6.119999885559082,339800,,Investing.com_Manual,Yahoo_Finance_BDRY,REAL
2023-06-22,6.190000057220459,6.210999965667725,6.159999847412109,6.170000076293945,164200,,Investing.com_Manual,Yahoo_Finance_BDRY,REAL
2023-06-23,6.159999847412109,6.178999900817871,6.054999828338623,6.159999847412109,131600,,Investing.com_Manual,Yahoo_Finance_BDRY,REAL
2023-06-26,5.980000019073486,6.0,5.849999904632568,5.920000076293945,291700,,Investing.com_Manual,Yahoo_Finance_BDRY,REAL
2023-06-27,5.650000095367432,5.71999979019165,5.579999923706055,5.659999847412109,544400,,Investing.com_Manual,Yahoo_Finance_BDRY,REAL
2023-06-28,5.599999904632568,5.599999904632568,5.480999946594238,5.570000171661377,299100,,Investing.com_Manual,Yahoo_Finance_BDRY,REAL
2023-06-29,5.570000171661377,5.710000038146973,5.560999870300293,5.610000133514404,385200,,Investing.com_Manual,Yahoo_Finance_BDRY,REAL
2023-06-30,5.610000133514404,5.610000133514404,5.539999961853027,5.550000190734863,721200,,Investing.com_Manual,Yahoo_Finance_BDRY,REAL
2023-07-03,5.309999942779541,5.309999942779541,5.170000076293945,5.170000076293945,375900,,Investing.com_Manual,Yahoo_Finance_BDRY,REAL
2023-07-05,4.949999809265137,5.079999923706055,4.880000114440918,5.050000190734863,654900,,Investing.com_Manual,Yahoo_Finance_BDRY,REAL
2023-07-06,5.099999904632568,5.329999923706055,4.949999809265137,5.199999809265137,459100,,Investing.com_Manual,Yahoo_Finance_BDRY,REAL
2023-07-07,5.070000171661377,5.079999923706055,5.0,5.010000228881836,231500,,Investing.com_Manual,Yahoo_Finance_BDRY,REAL
2023-07-10,5.099999904632568,5.130000114440918,4.949999809265137,5.039999961853027,301200,,Investing.com_Manual,Yahoo_Finance_BDRY,REAL
2023-07-11,5.199999809265137,5.289999961853027,4.949999809265137,5.21999979019165,228000,,Investing.com_Manual,Yahoo_Finance_BDRY,REAL
2023-07-12,5.400000095367432,5.480000019073486,5.28000020980835,5.369999885559082,452400,,Investing.com_Manual,Yahoo_Finance_BDRY,REAL
2023-07-13,5.210000038146973,5.210000038146973,5.144999980926514,5.170000076293945,370600,,Investing.com_Manual,Yahoo_Finance_BDRY,REAL
2023-07-14,5.150000095367432,5.150000095367432,5.050000190734863,5.079999923706055,141900,,Investing.com_Manual,Yahoo_Finance_BDRY,REAL
2023-07-17,4.869999885559082,4.934000015258789,4.809999942779541,4.840000152587891,696400,,Investing.com_Manual,Yahoo_Finance_BDRY,REAL
2023-07-18,4.760000228881836,4.78000020980835,4.585000038146973,4.610000133514404,632300,,Investing.com_Manual,Yahoo_Finance_BDRY,REAL
2023-07-19,4.599999904632568,4.599999904632568,4.480000019073486,4.5,631000,,Investing.com_Manual,Yahoo_Finance_BDRY,REAL
2023-07-20,4.630000114440918,4.78000020980835,4.559999942779541,4.730000019073486,1202700,,Investing.com_Manual,Yahoo_Finance_BDRY,REAL
2023-07-21,4.75,4.769999980926514,4.710000038146973,4.730000019073486,537400,,Investing.com_Manual,Yahoo_Finance_BDRY,REAL
2023-07-24,4.659999847412109,4.670000076293945,4.489999771118164,4.559999942779541,564100,,Investing.com_Manual,Yahoo_Finance_BDRY,REAL
2023-07-25,4.599999904632568,4.829999923706055,4.599999904632568,4.789999961853027,875300,,Investing.com_Manual,Yahoo_Finance_BDRY,REAL
2023-07-26,4.949999809265137,5.0,4.869999885559082,4.869999885559082,834400,,Investing.com_Manual,Yahoo_Finance_BDRY,REAL
2023-07-27,4.880000114440918,4.949999809265137,4.730000019073486,4.800000190734863,338800,,Investing.com_Manual,Yahoo_Finance_BDRY,REAL
2023-07-28,4.71999979019165,4.800000190734863,4.699999809265137,4.760000228881836,296700,,Investing.com_Manual,Yahoo_Finance_BDRY,REAL
2023-07-31,4.909999847412109,4.949999809265137,4.889999866485596,4.949999809265137,325200,,Investing.com_Manual,Yahoo_Finance_BDRY,REAL
2023-08-01,4.949999809265137,5.039999961853027,4.929999828338623,4.949999809265137,289700,,Investing.com_Manual,Yahoo_Finance_BDRY,REAL
2023-08-02,4.909999847412109,4.909999847412109,4.769999980926514,4.820000171661377,384300,,Investing.com_Manual,Yahoo_Finance_BDRY,REAL
2023-08-03,4.849999904632568,4.900000095367432,4.849999904632568,4.889999866485596,91200,,Investing.com_Manual,Yahoo_Finance_BDRY,REAL
2023-08-04,4.889999866485596,4.90500020980835,4.843999862670898,4.889999866485596,228400,,Investing.com_Manual,Yahoo_Finance_BDRY,REAL
2023-08-07,4.920000076293945,5.25,4.915999889373779,5.210000038146973,491500,,Investing.com_Manual,Yahoo_Finance_BDRY,REAL
2023-08-08,5.130000114440918,5.130000114440918,4.989999771118164,5.070000171661377,289800,,Investing.com_Manual,Yahoo_Finance_BDRY,REAL
2023-08-09,5.110000133514404,5.110000133514404,5.03000020980835,5.059999942779541,112700,,Investing.com_Manual,Yahoo_Finance_BDRY,REAL
2023-08-10,5.130000114440918,5.239999771118164,5.130000114440918,5.21999979019165,245700,,Investing.com_Manual,Yahoo_Finance_BDRY,REAL
2023-08-11,5.28000020980835,5.369999885559082,5.230999946594238,5.329999923706055,195400,,Investing.com_Manual,Yahoo_Finance_BDRY,REAL
2023-08-14,5.300000190734863,5.380000114440918,5.300000190734863,5.340000152587891,173400,,Investing.com_Manual,Yahoo_Finance_BDRY,REAL
2023-08-15,5.53000020980835,5.609000205993652,5.53000020980835,5.590000152587891,545700,,Investing.com_Manual,Yahoo_Finance_BDRY,REAL
2023-08-16,5.889999866485596,5.889999866485596,5.610000133514404,5.659999847412109,808000,,Investing.com_Manual,Yahoo_Finance_BDRY,REAL
2023-08-17,5.599999904632568,5.599999904632568,5.429999828338623,5.449999809265137,388800,,Investing.com_Manual,Yahoo_Finance_BDRY,REAL
2023-08-18,5.329999923706055,5.349999904632568,5.25,5.329999923706055,328200,,Investing.com_Manual,Yahoo_Finance_BDRY,REAL
2023-08-21,5.170000076293945,5.170000076293945,5.019999980926514,5.090000152587891,408900,,Investing.com_Manual,Yahoo_Finance_BDRY,REAL
2023-08-22,4.989999771118164,4.989999771118164,4.920000076293945,4.940000057220459,189900,,Investing.com_Manual,Yahoo_Finance_BDRY,REAL
2023-08-23,4.860000133514404,4.889999866485596,4.760000228881836,4.829999923706055,359000,,Investing.com_Manual,Yahoo_Finance_BDRY,REAL
2023-08-24,5.0,5.059999942779541,4.980000019073486,5.059999942779541,222400,,Investing.com_Manual,Yahoo_Finance_BDRY,REAL
2023-08-25,5.019999980926514,5.019999980926514,4.900000095367432,4.940000057220459,171300,,Investing.com_Manual,Yahoo_Finance_BDRY,REAL
2023-08-28,4.940000057220459,5.050000190734863,4.940000057220459,4.96999979019165,93000,,Investing.com_Manual,Yahoo_Finance_BDRY,REAL
2023-08-29,5.199999809265137,5.230000019073486,5.050000190734863,5.050000190734863,181400,,Investing.com_Manual,Yahoo_Finance_BDRY,REAL
2023-08-30,4.96999979019165,4.96999979019165,4.869999885559082,4.880000114440918,231600,,Investing.com_Manual,Yahoo_Finance_BDRY,REAL
2023-08-31,4.880000114440918,4.929999828338623,4.880000114440918,4.889999866485596,150200,,Investing.com_Manual,Yahoo_Finance_BDRY,REAL
2023-09-01,4.849999904632568,4.889999866485596,4.849999904632568,4.860000133514404,171000,,Investing.com_Manual,Yahoo_Finance_BDRY,REAL
2023-09-05,4.869999885559082,4.940000057220459,4.860000133514404,4.900000095367432,149700,,Investing.com_Manual,Yahoo_Finance_BDRY,REAL
2023-09-06,5.0,5.0879998207092285,4.974999904632568,5.070000171661377,143900,,Investing.com_Manual,Yahoo_Finance_BDRY,REAL
2023-09-07,5.21999979019165,5.329999923706055,5.150000095367432,5.239999771118164,243400,,Investing.com_Manual,Yahoo_Finance_BDRY,REAL
2023-09-08,5.380000114440918,5.380000114440918,5.28000020980835,5.300000190734863,159300,,Investing.com_Manual,Yahoo_Finance_BDRY,REAL
2023-09-11,5.190000057220459,5.190000057220459,5.070000171661377,5.099999904632568,298800,,Investing.com_Manual,Yahoo_Finance_BDRY,REAL
2023-09-12,5.260000228881836,5.295000076293945,5.21999979019165,5.269999980926514,199700,,Investing.com_Manual,Yahoo_Finance_BDRY,REAL
2023-09-13,5.360000133514404,5.380000114440918,5.28000020980835,5.300000190734863,287000,,Investing.com_Manual,Yahoo_Finance_BDRY,REAL
2023-09-14,5.380000114440918,5.460000038146973,5.36299991607666,5.460000038146973,204600,,Investing.com_Manual,Yahoo_Finance_BDRY,REAL
2023-09-15,5.510000228881836,5.53000020980835,5.449999809265137,5.480000019073486,111100,,Investing.com_Manual,Yahoo_Finance_BDRY,REAL
2023-09-18,5.639999866485596,5.695000171661377,5.629000186920166,5.670000076293945,308800,,Investing.com_Manual,Yahoo_Finance_BDRY,REAL
2023-09-19,5.75,5.820000171661377,5.690000057220459,5.699999809265137,746900,,Investing.com_Manual,Yahoo_Finance_BDRY,REAL
2023-09-20,5.570000171661377,5.570000171661377,5.420000076293945,5.460000038146973,225500,,Investing.com_Manual,Yahoo_Finance_BDRY,REAL
2023-09-21,5.409999847412109,5.409999847412109,5.340000152587891,5.369999885559082,242000,,Investing.com_Manual,Yahoo_Finance_BDRY,REAL
2023-09-22,5.539999961853027,5.599999904632568,5.519999980926514,5.53000020980835,174700,,Investing.com_Manual,Yahoo_Finance_BDRY,REAL
2023-09-25,5.610000133514404,5.650000095367432,5.554999828338623,5.590000152587891,195400,,Investing.com_Manual,Yahoo_Finance_BDRY,REAL
2023-09-26,5.599999904632568,5.650000095367432,5.519999980926514,5.539999961853027,152200,,Investing.com_Manual,Yahoo_Finance_BDRY,REAL
2023-09-27,5.5,5.650000095367432,5.46999979019165,5.53000020980835,733200,,Investing.com_Manual,Yahoo_Finance_BDRY,REAL
2023-09-28,5.329999923706055,5.369999885559082,5.230000019073486,5.369999885559082,295000,,Investing.com_Manual,Yahoo_Finance_BDRY,REAL
2023-09-29,5.489999771118164,5.489999771118164,5.420000076293945,5.489999771118164,184600,,Investing.com_Manual,Yahoo_Finance_BDRY,REAL
2023-10-02,5.619999885559082,5.639999866485596,5.570000171661377,5.630000114440918,580600,,Investing.com_Manual,Yahoo_Finance_BDRY,REAL
2023-10-03,5.690000057220459,5.710000038146973,5.550000190734863,5.590000152587891,353800,,Investing.com_Manual,Yahoo_Finance_BDRY,REAL
2023-10-04,5.539999961853027,5.650000095367432,5.489999771118164,5.550000190734863,238200,,Investing.com_Manual,Yahoo_Finance_BDRY,REAL
2023-10-05,5.690000057220459,5.75,5.670000076293945,5.75,299200,,Investing.com_Manual,Yahoo_Finance_BDRY,REAL
2023-10-06,5.849999904632568,5.980000019073486,5.809999942779541,5.909999847412109,553900,,Investing.com_Manual,Yahoo_Finance_BDRY,REAL
2023-10-09,6.050000190734863,6.079999923706055,5.920000076293945,5.96999979019165,238000,,Investing.com_Manual,Yahoo_Finance_BDRY,REAL
2023-10-10,5.739999771118164,5.78000020980835,5.579999923706055,5.670000076293945,237200,,Investing.com_Manual,Yahoo_Finance_BDRY,REAL
2023-10-11,5.659999847412109,5.78000020980835,5.639999866485596,5.78000020980835,254900,,Investing.com_Manual,Yahoo_Finance_BDRY,REAL
2023-10-12,5.659999847412109,5.684999942779541,5.570000171661377,5.599999904632568,272000,,Investing.com_Manual,Yahoo_Finance_BDRY,REAL
2023-10-13,5.599999904632568,5.875,5.599999904632568,5.869999885559082,498100,,Investing.com_Manual,Yahoo_Finance_BDRY,REAL
2023-10-16,5.869999885559082,5.869999885559082,5.769999980926514,5.809999942779541,140700,,Investing.com_Manual,Yahoo_Finance_BDRY,REAL
2023-10-17,5.96999979019165,6.090000152587891,5.96999979019165,6.090000152587891,347300,,Investing.com_Manual,Yahoo_Finance_BDRY,REAL
2023-10-18,5.949999809265137,5.949999809265137,5.809999942779541,5.829999923706055,165900,,Investing.com_Manual,Yahoo_Finance_BDRY,REAL
2023-10-19,5.690000057220459,5.730000019073486,5.599999904632568,5.670000076293945,288300,,Investing.com_Manual,Yahoo_Finance_BDRY,REAL
2023-10-20,5.75,5.78000020980835,5.710000038146973,5.760000228881836,198500,,Investing.com_Manual,Yahoo_Finance_BDRY,REAL
2023-10-23,5.599999904632568,5.650000095367432,5.46999979019165,5.539999961853027,766600,,Investing.com_Manual,Yahoo_Finance_BDRY,REAL
2023-10-24,5.449999809265137,5.449999809265137,5.320000171661377,5.409999847412109,425700,,Investing.com_Manual,Yahoo_Finance_BDRY,REAL
2023-10-25,5.300000190734863,5.369999885559082,5.25,5.289999961853027,327200,,Investing.com_Manual,Yahoo_Finance_BDRY,REAL
2023-10-26,5.099999904632568,5.239999771118164,5.074999809265137,5.179999828338623,393700,,Investing.com_Manual,Yahoo_Finance_BDRY,REAL
2023-10-27,5.070000171661377,5.119999885559082,5.039999961853027,5.059999942779541,128500,,Investing.com_Manual,Yahoo_Finance_BDRY,REAL
2023-10-30,4.980000019073486,4.980000019073486,4.860000133514404,4.940000057220459,245100,,Investing.com_Manual,Yahoo_Finance_BDRY,REAL
2023-10-31,5.0,5.090000152587891,4.960000038146973,5.010000228881836,143000,,Investing.com_Manual,Yahoo_Finance_BDRY,REAL
2023-11-01,4.860000133514404,4.860000133514404,4.789999961853027,4.800000190734863,175000,,Investing.com_Manual,Yahoo_Finance_BDRY,REAL
2023-11-02,5.0,5.090000152587891,4.940000057220459,5.010000228881836,237500,,Investing.com_Manual,Yahoo_Finance_BDRY,REAL
2023-11-03,5.170000076293945,5.230000019073486,5.130000114440918,5.150000095367432,132800,,Investing.com_Manual,Yahoo_Finance_BDRY,REAL
2023-11-06,5.260000228881836,5.28000020980835,5.190000057220459,5.269999980926514,100400,,Investing.com_Manual,Yahoo_Finance_BDRY,REAL
2023-11-07,5.199999809265137,5.230000019073486,5.159999847412109,5.199999809265137,75800,,Investing.com_Manual,Yahoo_Finance_BDRY,REAL
2023-11-08,5.28000020980835,5.400000095367432,5.275000095367432,5.400000095367432,273600,,Investing.com_Manual,Yahoo_Finance_BDRY,REAL
2023-11-09,5.579999923706055,5.800000190734863,5.579999923706055,5.800000190734863,442500,,Investing.com_Manual,Yahoo_Finance_BDRY,REAL
2023-11-10,5.800000190734863,5.800000190734863,5.668000221252441,5.699999809265137,62200,,Investing.com_Manual,Yahoo_Finance_BDRY,REAL
2023-11-13,5.809999942779541,5.980000019073486,5.809999942779541,5.949999809265137,413200,,Investing.com_Manual,Yahoo_Finance_BDRY,REAL
2023-11-14,5.96999979019165,5.96999979019165,5.909999847412109,5.929999828338623,122300,,Investing.com_Manual,Yahoo_Finance_BDRY,REAL
2023-11-15,6.119999885559082,6.210000038146973,6.070000171661377,6.150000095367432,301900,,Investing.com_Manual,Yahoo_Finance_BDRY,REAL
2023-11-16,6.429999828338623,6.4679999351501465,6.349999904632568,6.440000057220459,449300,,Investing.com_Manual,Yahoo_Finance_BDRY,REAL
2023-11-17,6.449999809265137,6.460000038146973,6.389999866485596,6.420000076293945,87000,,Investing.com_Manual,Yahoo_Finance_BDRY,REAL
2023-11-20,6.409999847412109,6.460000038146973,6.400000095367432,6.420000076293945,129000,,Investing.com_Manual,Yahoo_Finance_BDRY,REAL
2023-11-21,6.5,6.639999866485596,6.449999809265137,6.550000190734863,252900,,Investing.com_Manual,Yahoo_Finance_BDRY,REAL
2023-11-22,6.599999904632568,6.679999828338623,6.539999961853027,6.619999885559082,111800,,Investing.com_Manual,Yahoo_Finance_BDRY,REAL
2023-11-24,7.260000228881836,7.599999904632568,7.019999980926514,7.519999980926514,870300,,Investing.com_Manual,Yahoo_Finance_BDRY,REAL
2023-11-27,7.710000038146973,7.849999904632568,7.650000095367432,7.769999980926514,442000,,Investing.com_Manual,Yahoo_Finance_BDRY,REAL
2023-11-28,7.829999923706055,7.849999904632568,7.659999847412109,7.800000190734863,325100,,Investing.com_Manual,Yahoo_Finance_BDRY,REAL
2023-11-29,8.300000190734863,8.75,8.255000114440918,8.710000038146973,570400,,Investing.com_Manual,Yahoo_Finance_BDRY,REAL
2023-11-30,9.479999542236328,9.479999542236328,8.899999618530273,9.329999923706055,840400,,Investing.com_Manual,Yahoo_Finance_BDRY,REAL
2023-12-01,9.619999885559082,10.149999618530273,9.619999885559082,10.039999961853027,928000,,Investing.com_Manual,Yahoo_Finance_BDRY,REAL
2023-12-04,9.619999885559082,9.720000267028809,8.970000267028809,9.34000015258789,1482400,,Investing.com_Manual,Yahoo_Finance_BDRY,REAL
2023-12-05,7.559999942779541,8.489999771118164,7.269999980926514,8.300000190734863,813100,,Investing.com_Manual,Yahoo_Finance_BDRY,REAL
2023-12-06,7.909999847412109,8.350000381469727,7.820000171661377,8.229999542236328,394800,,Investing.com_Manual,Yahoo_Finance_BDRY,REAL
2023-12-07,7.900000095367432,8.5,7.820000171661377,8.34000015258789,305500,,Investing.com_Manual,Yahoo_Finance_BDRY,REAL
2023-12-08,8.65999984741211,8.699999809265137,8.581000328063965,8.699999809265137,202600,,Investing.com_Manual,Yahoo_Finance_BDRY,REAL
2023-12-11,8.800000190734863,8.800000190734863,8.510000228881836,8.600000381469727,180000,,Investing.com_Manual,Yahoo_Finance_BDRY,REAL
2023-12-12,8.770000457763672,9.489999771118164,8.699999809265137,9.4399995803833,547900,,Investing.com_Manual,Yahoo_Finance_BDRY,REAL
2023-12-13,8.850000381469727,8.989999771118164,8.807999610900879,8.869999885559082,139300,,Investing.com_Manual,Yahoo_Finance_BDRY,REAL
2023-12-14,9.170000076293945,9.25,9.109999656677246,9.239999771118164,230100,,Investing.com_Manual,Yahoo_Finance_BDRY,REAL
2023-12-15,9.470000267028809,9.989999771118164,9.470000267028809,9.920000076293945,351300,,Investing.com_Manual,Yahoo_Finance_BDRY,REAL
2023-12-18,10.390000343322754,10.729999542236328,10.319999694824219,10.600000381469727,456000,,Investing.com_Manual,Yahoo_Finance_BDRY,REAL
2023-12-19,10.300000190734863,10.300000190734863,9.510000228881836,9.779999732971191,319300,,Investing.com_Manual,Yahoo_Finance_BDRY,REAL
2023-12-20,9.890000343322754,10.119000434875488,9.809000015258789,10.039999961853027,173900,,Investing.com_Manual,Yahoo_Finance_BDRY,REAL
2023-12-21,10.15999984741211,10.15999984741211,9.90999984741211,9.970000267028809,263200,,Investing.com_Manual,Yahoo_Finance_BDRY,REAL
2023-12-22,10.149999618530273,10.609999656677246,10.09000015258789,10.4399995803833,317500,,Investing.com_Manual,Yahoo_Finance_BDRY,REAL
2023-12-26,10.420000076293945,10.470000267028809,10.350000381469727,10.399999618530273,193000,,Investing.com_Manual,Yahoo_Finance_BDRY,REAL
2023-12-27,10.630000114440918,10.930000305175781,10.630000114440918,10.869999885559082,267300,,Investing.com_Manual,Yahoo_Finance_BDRY,REAL
2023-12-28,11.100000381469727,11.6899995803833,11.09000015258789,11.649999618530273,343500,,Investing.com_Manual,Yahoo_Finance_BDRY,REAL
2023-12-29,11.729999542236328,11.779999732971191,11.550000190734863,11.5600004196167,169000,,Investing.com_Manual,Yahoo_Finance_BDRY,REAL
2024-01-02,11.399999618530273,11.399999618530273,10.354999542236328,10.619999885559082,485700,,Investing.com_Manual,Yahoo_Finance_BDRY,REAL
2024-01-03,10.600000381469727,10.600000381469727,9.930000305175781,10.140000343322754,366400,,Investing.com_Manual,Yahoo_Finance_BDRY,REAL
2024-01-04,10.479999542236328,11.0,10.414999961853027,10.899999618530273,209500,,Investing.com_Manual,Yahoo_Finance_BDRY,REAL
2024-01-05,10.800000190734863,10.829999923706055,10.520000457763672,10.609999656677246,124400,,Investing.com_Manual,Yahoo_Finance_BDRY,REAL
2024-01-08,9.75,9.878000259399414,9.581999778747559,9.609999656677246,250800,,Investing.com_Manual,Yahoo_Finance_BDRY,REAL
2024-01-09,9.109999656677246,9.175999641418457,9.0,9.0,436400,,Investing.com_Manual,Yahoo_Finance_BDRY,REAL
2024-01-10,9.260000228881836,9.609999656677246,9.260000228881836,9.550000190734863,221800,,Investing.com_Manual,Yahoo_Finance_BDRY,REAL
2024-01-11,9.430000305175781,9.5,9.3100004196167,9.4399995803833,199600,,Investing.com_Manual,Yahoo_Finance_BDRY,REAL
2024-01-12,9.569999694824219,9.600000381469727,9.430000305175781,9.5,85800,,Investing.com_Manual,Yahoo_Finance_BDRY,REAL
2024-01-16,9.579999923706055,9.899999618530273,9.539999961853027,9.770000457763672,224900,,Investing.com_Manual,Yahoo_Finance_BDRY,REAL
2024-01-17,10.0,10.32699966430664,9.949999809265137,10.0600004196167,279900,,Investing.com_Manual,Yahoo_Finance_BDRY,REAL
2024-01-18,10.880000114440918,11.300000190734863,10.760000228881836,11.1899995803833,336700,,Investing.com_Manual,Yahoo_Finance_BDRY,REAL
2024-01-19,11.109999656677246,11.23799991607666,11.010000228881836,11.050000190734863,163800,,Investing.com_Manual,Yahoo_Finance_BDRY,REAL
2024-01-22,10.8100004196167,10.8100004196167,10.430000305175781,10.430000305175781,209200,,Investing.com_Manual,Yahoo_Finance_BDRY,REAL
2024-01-23,10.449999809265137,10.779999732971191,10.449999809265137,10.720000267028809,200100,,Investing.com_Manual,Yahoo_Finance_BDRY,REAL
2024-01-24,11.140000343322754,11.869999885559082,11.140000343322754,11.75,413200,,Investing.com_Manual,Yahoo_Finance_BDRY,REAL
2024-01-25,11.289999961853027,11.413999557495117,11.100000381469727,11.100000381469727,211900,,Investing.com_Manual,Yahoo_Finance_BDRY,REAL
2024-01-26,11.0600004196167,11.210000038146973,11.050000190734863,11.0600004196167,101400,,Investing.com_Manual,Yahoo_Finance_BDRY,REAL
2024-01-29,10.680000305175781,10.949999809265137,10.630000114440918,10.75,364300,,Investing.com_Manual,Yahoo_Finance_BDRY,REAL
2024-01-30,10.850000381469727,11.0600004196167,10.8100004196167,10.979999542236328,193900,,Investing.com_Manual,Yahoo_Finance_BDRY,REAL
2024-01-31,11.100000381469727,11.300000190734863,11.0,11.239999771118164,134900,,Investing.com_Manual,Yahoo_Finance_BDRY,REAL
2024-02-01,11.0600004196167,11.25,11.0,11.109999656677246,137800,,Investing.com_Manual,Yahoo_Finance_BDRY,REAL
2024-02-02,11.119999885559082,11.279999732971191,11.119999885559082,11.170000076293945,65500,,Investing.com_Manual,Yahoo_Finance_BDRY,REAL
2024-02-05,11.789999961853027,11.970000267028809,11.770000457763672,11.8100004196167,223000,,Investing.com_Manual,Yahoo_Finance_BDRY,REAL
2024-02-06,12.5,12.65999984741211,12.460000038146973,12.640000343322754,251500,,Investing.com_Manual,Yahoo_Finance_BDRY,REAL
2024-02-07,12.1899995803833,12.199999809265137,11.649999618530273,11.800000190734863,275300,,Investing.com_Manual,Yahoo_Finance_BDRY,REAL
2024-02-08,12.270000457763672,12.640000343322754,12.199999809265137,12.550000190734863,414900,,Investing.com_Manual,Yahoo_Finance_BDRY,REAL
2024-02-09,12.680000305175781,12.770000457763672,12.260000228881836,12.350000381469727,139100,,Investing.com_Manual,Yahoo_Finance_BDRY,REAL
2024-02-12,12.449999809265137,12.5,12.229999542236328,12.5,84600,,Investing.com_Manual,Yahoo_Finance_BDRY,REAL
2024-02-13,12.770000457763672,12.770000457763672,12.204999923706055,12.260000228881836,90200,,Investing.com_Manual,Yahoo_Finance_BDRY,REAL
2024-02-14,12.5,12.960000038146973,12.454000473022461,12.75,129600,,Investing.com_Manual,Yahoo_Finance_BDRY,REAL
2024-02-15,12.739999771118164,12.899999618530273,12.739999771118164,12.789999961853027,80500,,Investing.com_Manual,Yahoo_Finance_BDRY,REAL
2024-02-16,12.949999809265137,12.949999809265137,12.800000190734863,12.819999694824219,48300,,Investing.com_Manual,Yahoo_Finance_BDRY,REAL
2024-02-20,12.760000228881836,12.760000228881836,12.5,12.5,85400,,Investing.com_Manual,Yahoo_Finance_BDRY,REAL
2024-02-21,12.899999618530273,13.050000190734863,12.800000190734863,12.949999809265137,113400,,Investing.com_Manual,Yahoo_Finance_BDRY,REAL
2024-02-22,13.34000015258789,13.800000190734863,13.34000015258789,13.510000228881836,191600,,Investing.com_Manual,Yahoo_Finance_BDRY,REAL
2024-02-23,14.119999885559082,14.399999618530273,14.020000457763672,14.336999893188477,189500,,Investing.com_Manual,Yahoo_Finance_BDRY,REAL
2024-02-26,13.930000305175781,13.930000305175781,13.569999694824219,13.732999801635742,220300,,Investing.com_Manual,Yahoo_Finance_BDRY,REAL
2024-02-27,14.1899995803833,14.5,14.1899995803833,14.449999809265137,136200,,Investing.com_Manual,Yahoo_Finance_BDRY,REAL
2024-02-28,15.109999656677246,15.300000190734863,14.930000305175781,15.029999732971191,183100,,Investing.com_Manual,Yahoo_Finance_BDRY,REAL
2024-02-29,15.239999771118164,15.270000457763672,14.979999542236328,15.25,189600,,Investing.com_Manual,Yahoo_Finance_BDRY,REAL
2024-03-01,15.9399995803833,16.299999237060547,15.600000381469727,16.100000381469727,263700,,Investing.com_Manual,Yahoo_Finance_BDRY,REAL
2024-03-04,16.489999771118164,16.5,16.100000381469727,16.229999542236328,215900,,Investing.com_Manual,Yahoo_Finance_BDRY,REAL
2024-03-05,15.579999923706055,15.75,15.199999809265137,15.75,392400,,Investing.com_Manual,Yahoo_Finance_BDRY,REAL
2024-03-06,15.0,15.680000305175781,14.850000381469727,15.569999694824219,273300,,Investing.com_Manual,Yahoo_Finance_BDRY,REAL
2024-03-07,16.3799991607666,16.450000762939453,16.079999923706055,16.43000030517578,171400,,Investing.com_Manual,Yahoo_Finance_BDRY,REAL
2024-03-08,16.700000762939453,16.989999771118164,16.649999618530273,16.84000015258789,141000,,Investing.com_Manual,Yahoo_Finance_BDRY,REAL
2024-03-11,16.299999237060547,16.450000762939453,15.800999641418457,16.040000915527344,151600,,Investing.com_Manual,Yahoo_Finance_BDRY,REAL
2024-03-12,16.43000030517578,16.610000610351562,16.224000930786133,16.479999542236328,228800,,Investing.com_Manual,Yahoo_Finance_BDRY,REAL
2024-03-13,16.639999389648438,16.649999618530273,16.1200008392334,16.25,121700,,Investing.com_Manual,Yahoo_Finance_BDRY,REAL
2024-03-14,16.139999389648438,16.270000457763672,15.899999618530273,16.059999465942383,163000,,Investing.com_Manual,Yahoo_Finance_BDRY,REAL
2024-03-15,16.100000381469727,16.100000381469727,15.5600004196167,15.6899995803833,204500,,Investing.com_Manual,Yahoo_Finance_BDRY,REAL
2024-03-18,16.549999237060547,16.799999237060547,16.1200008392334,16.190000534057617,262300,,Investing.com_Manual,Yahoo_Finance_BDRY,REAL
2024-03-19,15.729999542236328,15.819999694824219,15.050000190734863,15.489999771118164,732100,,Investing.com_Manual,Yahoo_Finance_BDRY,REAL
2024-03-20,14.859999656677246,14.859999656677246,14.420000076293945,14.680000305175781,599700,,Investing.com_Manual,Yahoo_Finance_BDRY,REAL
2024-03-21,15.390000343322754,15.470000267028809,15.079999923706055,15.270000457763672,513800,,Investing.com_Manual,Yahoo_Finance_BDRY,REAL
2024-03-22,15.0,15.010000228881836,14.710000038146973,14.729999542236328,190400,,Investing.com_Manual,Yahoo_Finance_BDRY,REAL
2024-03-25,13.989999771118164,14.100000381469727,13.880999565124512,14.069999694824219,311400,,Investing.com_Manual,Yahoo_Finance_BDRY,REAL
2024-03-26,13.109999656677246,13.380000114440918,12.859999656677246,13.380000114440918,859000,,Investing.com_Manual,Yahoo_Finance_BDRY,REAL
2024-03-27,12.949999809265137,13.489999771118164,12.920000076293945,13.350000381469727,384400,,Investing.com_Manual,Yahoo_Finance_BDRY,REAL
2024-03-28,13.760000228881836,13.880000114440918,13.614999771118164,13.859999656677246,476300,,Investing.com_Manual,Yahoo_Finance_BDRY,REAL
2024-04-01,13.9399995803833,14.045000076293945,13.760000228881836,13.890000343322754,241700,,Investing.com_Manual,Yahoo_Finance_BDRY,REAL
2024-04-02,12.899999618530273,12.970000267028809,12.640000343322754,12.699999809265137,241800,,Investing.com_Manual,Yahoo_Finance_BDRY,REAL
2024-04-03,13.329999923706055,13.460000038146973,13.170000076293945,13.319999694824219,215900,,Investing.com_Manual,Yahoo_Finance_BDRY,REAL
2024-04-04,13.079999923706055,13.079999923706055,12.380000114440918,12.710000038146973,165400,,Investing.com_Manual,Yahoo_Finance_BDRY,REAL
2024-04-05,12.6899995803833,12.90999984741211,12.5600004196167,12.850000381469727,114400,,Investing.com_Manual,Yahoo_Finance_BDRY,REAL
2024-04-08,12.84000015258789,12.84000015258789,12.319999694824219,12.510000228881836,169800,,Investing.com_Manual,Yahoo_Finance_BDRY,REAL
2024-04-09,12.670000076293945,12.899999618530273,12.40999984741211,12.779999732971191,296500,,Investing.com_Manual,Yahoo_Finance_BDRY,REAL
2024-04-10,13.300000190734863,13.609999656677246,13.300000190734863,13.5,337900,,Investing.com_Manual,Yahoo_Finance_BDRY,REAL
2024-04-11,13.800000190734863,14.0,13.5,13.539999961853027,160200,,Investing.com_Manual,Yahoo_Finance_BDRY,REAL
2024-04-12,13.699999809265137,13.770000457763672,13.510000228881836,13.670000076293945,132200,,Investing.com_Manual,Yahoo_Finance_BDRY,REAL
2024-04-15,13.489999771118164,13.6899995803833,13.199999809265137,13.5600004196167,125800,,Investing.com_Manual,Yahoo_Finance_BDRY,REAL
2024-04-16,13.600000381469727,13.739999771118164,13.359999656677246,13.399999618530273,84200,,Investing.com_Manual,Yahoo_Finance_BDRY,REAL
2024-04-17,13.920000076293945,13.920000076293945,13.779999732971191,13.8100004196167,128500,,Investing.com_Manual,Yahoo_Finance_BDRY,REAL
2024-04-18,13.699999809265137,13.699999809265137,13.399999618530273,13.430000305175781,135300,,Investing.com_Manual,Yahoo_Finance_BDRY,REAL
2024-04-19,13.5,13.699000358581543,13.5,13.609999656677246,89200,,Investing.com_Manual,Yahoo_Finance_BDRY,REAL
2024-04-22,13.15999984741211,13.395000457763672,12.899999618530273,13.029999732971191,594900,,Investing.com_Manual,Yahoo_Finance_BDRY,REAL
2024-04-23,13.039999961853027,13.399999618530273,13.039999961853027,13.399999618530273,180500,,Investing.com_Manual,Yahoo_Finance_BDRY,REAL
2024-04-24,13.100000381469727,13.260000228881836,12.869999885559082,13.15999984741211,423400,,Investing.com_Manual,Yahoo_Finance_BDRY,REAL
2024-04-25,12.829999923706055,13.114999771118164,12.770000457763672,13.020000457763672,149800,,Investing.com_Manual,Yahoo_Finance_BDRY,REAL
2024-04-26,12.819999694824219,12.918999671936035,12.65999984741211,12.819999694824219,119300,,Investing.com_Manual,Yahoo_Finance_BDRY,REAL
2024-04-29,12.5,12.649999618530273,12.430000305175781,12.600000381469727,147700,,Investing.com_Manual,Yahoo_Finance_BDRY,REAL
2024-04-30,12.960000038146973,12.960000038146973,12.640000343322754,12.710000038146973,289000,,Investing.com_Manual,Yahoo_Finance_BDRY,REAL
2024-05-01,12.550000190734863,12.770000457763672,12.510000228881836,12.6899995803833,77900,,Investing.com_Manual,Yahoo_Finance_BDRY,REAL
2024-05-02,13.100000381469727,13.510000228881836,13.079999923706055,13.460000038146973,227000,,Investing.com_Manual,Yahoo_Finance_BDRY,REAL
2024-05-03,13.520000457763672,13.75,13.420000076293945,13.449999809265137,77900,,Investing.com_Manual,Yahoo_Finance_BDRY,REAL
2024-05-06,13.529999732971191,13.75,13.510000228881836,13.569999694824219,67500,,Investing.com_Manual,Yahoo_Finance_BDRY,REAL
2024-05-07,14.210000038146973,14.600000381469727,14.149999618530273,14.600000381469727,209500,,Investing.com_Manual,Yahoo_Finance_BDRY,REAL
2024-05-08,14.210000038146973,14.239999771118164,13.760000228881836,13.930000305175781,255300,,Investing.com_Manual,Yahoo_Finance_BDRY,REAL
2024-05-09,13.720000267028809,13.8100004196167,13.538999557495117,13.65999984741211,157700,,Investing.com_Manual,Yahoo_Finance_BDRY,REAL
2024-05-10,13.59000015258789,13.8100004196167,13.59000015258789,13.739999771118164,52400,,Investing.com_Manual,Yahoo_Finance_BDRY,REAL
2024-05-13,13.329999923706055,13.329999923706055,13.050000190734863,13.270000457763672,155500,,Investing.com_Manual,Yahoo_Finance_BDRY,REAL
2024-05-14,12.859999656677246,13.0,12.699999809265137,12.949999809265137,389200,,Investing.com_Manual,Yahoo_Finance_BDRY,REAL
2024-05-15,12.5600004196167,12.619999885559082,12.40999984741211,12.619999885559082,366800,,Investing.com_Manual,Yahoo_Finance_BDRY,REAL
2024-05-16,12.6899995803833,12.84000015258789,12.619999885559082,12.75,189200,,Investing.com_Manual,Yahoo_Finance_BDRY,REAL
2024-05-17,12.960000038146973,12.960000038146973,12.649999618530273,12.729999542236328,525700,,Investing.com_Manual,Yahoo_Finance_BDRY,REAL
2024-05-20,12.729999542236328,12.850000381469727,12.640000343322754,12.829999923706055,90100,,Investing.com_Manual,Yahoo_Finance_BDRY,REAL
2024-05-21,12.800000190734863,12.800000190734863,12.3100004196167,12.380000114440918,506700,,Investing.com_Manual,Yahoo_Finance_BDRY,REAL
2024-05-22,12.289999961853027,12.293000221252441,12.0,12.140000343322754,357600,,Investing.com_Manual,Yahoo_Finance_BDRY,REAL
2024-05-23,12.270000457763672,12.390000343322754,12.100000381469727,12.100000381469727,111500,,Investing.com_Manual,Yahoo_Finance_BDRY,REAL
2024-05-24,12.390000343322754,12.390000343322754,12.210000038146973,12.260000228881836,71200,,Investing.com_Manual,Yahoo_Finance_BDRY,REAL
2024-05-28,12.039999961853027,12.180000305175781,11.989999771118164,12.0,63000,,Investing.com_Manual,Yahoo_Finance_BDRY,REAL
2024-05-29,12.010000228881836,12.289999961853027,11.899999618530273,12.079999923706055,42200,,Investing.com_Manual,Yahoo_Finance_BDRY,REAL
2024-05-30,12.199999809265137,12.300000190734863,12.010000228881836,12.15999984741211,43200,,Investing.com_Manual,Yahoo_Finance_BDRY,REAL
2024-05-31,12.350000381469727,12.350000381469727,11.9399995803833,11.9399995803833,28800,,Investing.com_Manual,Yahoo_Finance_BDRY,REAL
2024-06-03,12.260000228881836,12.260000228881836,12.020000457763672,12.119999885559082,108900,,Investing.com_Manual,Yahoo_Finance_BDRY,REAL
2024-06-04,12.010000228881836,12.260000228881836,11.989999771118164,12.25,34700,,Investing.com_Manual,Yahoo_Finance_BDRY,REAL
2024-06-05,12.3100004196167,12.329999923706055,12.010000228881836,12.0600004196167,62000,,Investing.com_Manual,Yahoo_Finance_BDRY,REAL
2024-06-06,12.220000267028809,12.220000267028809,12.0600004196167,12.0600004196167,28300,,Investing.com_Manual,Yahoo_Finance_BDRY,REAL
2024-06-07,11.800000190734863,11.949999809265137,11.800000190734863,11.84000015258789,37800,,Investing.com_Manual,Yahoo_Finance_BDRY,REAL
2024-06-10,11.579999923706055,11.800000190734863,11.460000038146973,11.460000038146973,264000,,Investing.com_Manual,Yahoo_Finance_BDRY,REAL
2024-06-11,11.350000381469727,11.600000381469727,11.289999961853027,11.420000076293945,120700,,Investing.com_Manual,Yahoo_Finance_BDRY,REAL
2024-06-12,11.90999984741211,12.0,11.84000015258789,11.9399995803833,75400,,Investing.com_Manual,Yahoo_Finance_BDRY,REAL
2024-06-13,12.100000381469727,12.300000190734863,11.934000015258789,12.119999885559082,41500,,Investing.com_Manual,Yahoo_Finance_BDRY,REAL
2024-06-14,11.960000038146973,11.960000038146973,11.710000038146973,11.770000457763672,41500,,Investing.com_Manual,Yahoo_Finance_BDRY,REAL
2024-06-17,11.819999694824219,11.979999542236328,11.770000457763672,11.960000038146973,45800,,Investing.com_Manual,Yahoo_Finance_BDRY,REAL
2024-06-18,11.680000305175781,11.869999885559082,11.680000305175781,11.869999885559082,36900,,Investing.com_Manual,Yahoo_Finance_BDRY,REAL
2024-06-20,11.8100004196167,12.109999656677246,11.8100004196167,11.920000076293945,46900,,Investing.com_Manual,Yahoo_Finance_BDRY,REAL
2024-06-21,11.920000076293945,12.0,11.779999732971191,11.779999732971191,19500,,Investing.com_Manual,Yahoo_Finance_BDRY,REAL
2024-06-24,11.529999732971191,11.585000038146973,11.430000305175781,11.4399995803833,76200,,Investing.com_Manual,Yahoo_Finance_BDRY,REAL
2024-06-25,11.199999809265137,11.461999893188477,11.199999809265137,11.399999618530273,26200,,Investing.com_Manual,Yahoo_Finance_BDRY,REAL
2024-06-26,11.800000190734863,11.968000411987305,11.729999542236328,11.800000190734863,61900,,Investing.com_Manual,Yahoo_Finance_BDRY,REAL
2024-06-27,12.0,12.039999961853027,11.850000381469727,11.920000076293945,84000,,Investing.com_Manual,Yahoo_Finance_BDRY,REAL
2024-06-28,11.949999809265137,12.300000190734863,11.949999809265137,12.239999771118164,76400,,Investing.com_Manual,Yahoo_Finance_BDRY,REAL
2024-07-01,12.479999542236328,12.5,12.331999778747559,12.5,125600,,Investing.com_Manual,Yahoo_Finance_BDRY,REAL
2024-07-02,12.050000190734863,12.1899995803833,11.710000038146973,11.859999656677246,81500,,Investing.com_Manual,Yahoo_Finance_BDRY,REAL
2024-07-03,11.5,12.001999855041504,11.489999771118164,12.0,27700,,Investing.com_Manual,Yahoo_Finance_BDRY,REAL
2024-07-05,11.5600004196167,11.5600004196167,11.300000190734863,11.329999923706055,37800,,Investing.com_Manual,Yahoo_Finance_BDRY,REAL
2024-07-08,11.350000381469727,11.626999855041504,11.350000381469727,11.520000457763672,54900,,Investing.com_Manual,Yahoo_Finance_BDRY,REAL
2024-07-09,11.460000038146973,11.65999984741211,11.460000038146973,11.65999984741211,19100,,Investing.com_Manual,Yahoo_Finance_BDRY,REAL
2024-07-10,11.770000457763672,12.0,11.770000457763672,11.979999542236328,44300,,Investing.com_Manual,Yahoo_Finance_BDRY,REAL
2024-07-11,11.859999656677246,12.045000076293945,11.859999656677246,11.9399995803833,20400,,Investing.com_Manual,Yahoo_Finance_BDRY,REAL
2024-07-12,12.029999732971191,12.289999961853027,12.020000457763672,12.079999923706055,19200,,Investing.com_Manual,Yahoo_Finance_BDRY,REAL
2024-07-15,11.800000190734863,11.869999885559082,11.65999984741211,11.720000267028809,60900,,Investing.com_Manual,Yahoo_Finance_BDRY,REAL
2024-07-16,11.710000038146973,11.710000038146973,11.460000038146973,11.600000381469727,23400,,Investing.com_Manual,Yahoo_Finance_BDRY,REAL
2024-07-17,11.630000114440918,11.850000381469727,11.609999656677246,11.6899995803833,39900,,Investing.com_Manual,Yahoo_Finance_BDRY,REAL
2024-07-18,11.789999961853027,11.84000015258789,11.710000038146973,11.800000190734863,34100,,Investing.com_Manual,Yahoo_Finance_BDRY,REAL
2024-07-19,11.850000381469727,11.850000381469727,11.710000038146973,11.760000228881836,26300,,Investing.com_Manual,Yahoo_Finance_BDRY,REAL
2024-07-22,11.760000228881836,11.8149995803833,11.699999809265137,11.770000457763672,35200,,Investing.com_Manual,Yahoo_Finance_BDRY,REAL
2024-07-23,11.590999603271484,11.765000343322754,11.489999771118164,11.489999771118164,28800,,Investing.com_Manual,Yahoo_Finance_BDRY,REAL
2024-07-24,11.680000305175781,11.930000305175781,11.579999923706055,11.640000343322754,19100,,Investing.com_Manual,Yahoo_Finance_BDRY,REAL
2024-07-25,11.460000038146973,11.475000381469727,11.300000190734863,11.359999656677246,23200,,Investing.com_Manual,Yahoo_Finance_BDRY,REAL
2024-07-26,11.199999809265137,11.260000228881836,11.010000228881836,11.0600004196167,105500,,Investing.com_Manual,Yahoo_Finance_BDRY,REAL
2024-07-29,11.140000343322754,11.510000228881836,11.109999656677246,11.229999542236328,39500,,Investing.com_Manual,Yahoo_Finance_BDRY,REAL
2024-07-30,10.899999618530273,10.989999771118164,10.779999732971191,10.829999923706055,58500,,Investing.com_Manual,Yahoo_Finance_BDRY,REAL
2024-07-31,11.0,11.010000228881836,10.699999809265137,10.720000267028809,10900,,Investing.com_Manual,Yahoo_Finance_BDRY,REAL
2024-08-01,11.0,11.039999961853027,10.699999809265137,10.890000343322754,164100,,Investing.com_Manual,Yahoo_Finance_BDRY,REAL
2024-08-02,11.010000228881836,11.010000228881836,10.760000228881836,10.9399995803833,347100,,Investing.com_Manual,Yahoo_Finance_BDRY,REAL
2024-08-05,11.0,11.0,10.600000381469727,10.770000457763672,47400,,Investing.com_Manual,Yahoo_Finance_BDRY,REAL
2024-08-06,10.9399995803833,10.979999542236328,10.904999732971191,10.979999542236328,14700,,Investing.com_Manual,Yahoo_Finance_BDRY,REAL
2024-08-07,10.770000457763672,10.890000343322754,10.75,10.770000457763672,37000,,Investing.com_Manual,Yahoo_Finance_BDRY,REAL
2024-08-08,10.779999732971191,10.899999618530273,10.765000343322754,10.899999618530273,5900,,Investing.com_Manual,Yahoo_Finance_BDRY,REAL
2024-08-09,10.899999618530273,10.899999618530273,10.65999984741211,10.710000038146973,7000,,Investing.com_Manual,Yahoo_Finance_BDRY,REAL
2024-08-12,10.460000038146973,10.619999885559082,10.460000038146973,10.579999923706055,14800,,Investing.com_Manual,Yahoo_Finance_BDRY,REAL
2024-08-13,10.732000350952148,10.899999618530273,10.732000350952148,10.829999923706055,28600,,Investing.com_Manual,Yahoo_Finance_BDRY,REAL
2024-08-14,10.899999618530273,11.069999694824219,10.899999618530273,10.899999618530273,11300,,Investing.com_Manual,Yahoo_Finance_BDRY,REAL
2024-08-15,10.819999694824219,10.819999694824219,10.60099983215332,10.770000457763672,15700,,Investing.com_Manual,Yahoo_Finance_BDRY,REAL
2024-08-16,10.829999923706055,10.829999923706055,10.649999618530273,10.6899995803833,23100,,Investing.com_Manual,Yahoo_Finance_BDRY,REAL
2024-08-19,10.5600004196167,10.720000267028809,10.420000076293945,10.449999809265137,24400,,Investing.com_Manual,Yahoo_Finance_BDRY,REAL
2024-08-20,10.699999809265137,10.779999732971191,10.609999656677246,10.6899995803833,12100,,Investing.com_Manual,Yahoo_Finance_BDRY,REAL
2024-08-21,10.8149995803833,10.8149995803833,10.699999809265137,10.800000190734863,22000,,Investing.com_Manual,Yahoo_Finance_BDRY,REAL
2024-08-22,10.739999771118164,10.739999771118164,10.479999542236328,10.592000007629395,4200,,Investing.com_Manual,Yahoo_Finance_BDRY,REAL
2024-08-23,10.600000381469727,10.609999656677246,10.40999984741211,10.40999984741211,10100,,Investing.com_Manual,Yahoo_Finance_BDRY,REAL
2024-08-26,10.40999984741211,10.65999984741211,10.40999984741211,10.65999984741211,11700,,Investing.com_Manual,Yahoo_Finance_BDRY,REAL
2024-08-27,10.479999542236328,10.75,10.479999542236328,10.6899995803833,13900,,Investing.com_Manual,Yahoo_Finance_BDRY,REAL
2024-08-28,10.8100004196167,10.8100004196167,10.630000114440918,10.694999694824219,8800,,Investing.com_Manual,Yahoo_Finance_BDRY,REAL
2024-08-29,10.829999923706055,11.168000221252441,10.829999923706055,11.140000343322754,15900,,Investing.com_Manual,Yahoo_Finance_BDRY,REAL
2024-08-30,11.130000114440918,11.145000457763672,10.880000114440918,11.109999656677246,16600,,Investing.com_Manual,Yahoo_Finance_BDRY,REAL
2024-09-03,10.9399995803833,10.9399995803833,10.489999771118164,10.5,19700,,Investing.com_Manual,Yahoo_Finance_BDRY,REAL
2024-09-04,10.5,10.699999809265137,10.5,10.619999885559082,36300,,Investing.com_Manual,Yahoo_Finance_BDRY,REAL
2024-09-05,10.72599983215332,10.800000190734863,10.710000038146973,10.739999771118164,23900,,Investing.com_Manual,Yahoo_Finance_BDRY,REAL
2024-09-06,10.75,10.885000228881836,10.6899995803833,10.739999771118164,20500,,Investing.com_Manual,Yahoo_Finance_BDRY,REAL
2024-09-09,10.5600004196167,10.729999542236328,10.541000366210938,10.569999694824219,8900,,Investing.com_Manual,Yahoo_Finance_BDRY,REAL
2024-09-10,10.3100004196167,10.600000381469727,10.3100004196167,10.5600004196167,5500,,Investing.com_Manual,Yahoo_Finance_BDRY,REAL
2024-09-11,10.619999885559082,10.75,10.619999885559082,10.75,20000,,Investing.com_Manual,Yahoo_Finance_BDRY,REAL
2024-09-12,10.579999923706055,10.654999732971191,10.574999809265137,10.619999885559082,7200,,Investing.com_Manual,Yahoo_Finance_BDRY,REAL
2024-09-13,10.319999694824219,10.449999809265137,10.25,10.270000457763672,18900,,Investing.com_Manual,Yahoo_Finance_BDRY,REAL
2024-09-16,10.270000457763672,10.569999694824219,10.270000457763672,10.369999885559082,3800,,Investing.com_Manual,Yahoo_Finance_BDRY,REAL
2024-09-17,10.300000190734863,10.430000305175781,10.300000190734863,10.350000381469727,7800,,Investing.com_Manual,Yahoo_Finance_BDRY,REAL
2024-09-18,10.4399995803833,10.699999809265137,10.420000076293945,10.680000305175781,29200,,Investing.com_Manual,Yahoo_Finance_BDRY,REAL
2024-09-19,10.710000038146973,10.819999694824219,10.529999732971191,10.569999694824219,24200,,Investing.com_Manual,Yahoo_Finance_BDRY,REAL
2024-09-20,10.630000114440918,10.630000114440918,10.369999885559082,10.399999618530273,2900,,Investing.com_Manual,Yahoo_Finance_BDRY,REAL
2024-09-23,10.489999771118164,10.680000305175781,10.489999771118164,10.619999885559082,24000,,Investing.com_Manual,Yahoo_Finance_BDRY,REAL
2024-09-24,10.770000457763672,10.800000190734863,10.460000038146973,10.739999771118164,30100,,Investing.com_Manual,Yahoo_Finance_BDRY,REAL
2024-09-25,10.65999984741211,10.65999984741211,10.479999542236328,10.649999618530273,28400,,Investing.com_Manual,Yahoo_Finance_BDRY,REAL
2024-09-26,10.6899995803833,10.770000457763672,10.59000015258789,10.720000267028809,41800,,Investing.com_Manual,Yahoo_Finance_BDRY,REAL
2024-09-27,10.569999694824219,10.569999694824219,10.430000305175781,10.449999809265137,27000,,Investing.com_Manual,Yahoo_Finance_BDRY,REAL
2024-09-30,10.649999618530273,10.920000076293945,10.640000343322754,10.739999771118164,48900,,Investing.com_Manual,Yahoo_Finance_BDRY,REAL
2024-10-01,10.279999732971191,10.369999885559082,10.109999656677246,10.1899995803833,252800,,Investing.com_Manual,Yahoo_Finance_BDRY,REAL
2024-10-02,10.199999809265137,10.239999771118164,10.020000457763672,10.079999923706055,34400,,Investing.com_Manual,Yahoo_Finance_BDRY,REAL
2024-10-03,10.142999649047852,10.350000381469727,10.109999656677246,10.350000381469727,60600,,Investing.com_Manual,Yahoo_Finance_BDRY,REAL
2024-10-04,10.380000114440918,10.449999809265137,10.220000267028809,10.260000228881836,14100,,Investing.com_Manual,Yahoo_Finance_BDRY,REAL
2024-10-07,10.0600004196167,10.300000190734863,10.0600004196167,10.220000267028809,16900,,Investing.com_Manual,Yahoo_Finance_BDRY,REAL
2024-10-08,9.920000076293945,9.920000076293945,9.619999885559082,9.789999961853027,51600,,Investing.com_Manual,Yahoo_Finance_BDRY,REAL
2024-10-09,9.5,9.529999732971191,9.329999923706055,9.329999923706055,107200,,Investing.com_Manual,Yahoo_Finance_BDRY,REAL
2024-10-10,9.420000076293945,9.619999885559082,9.399999618530273,9.539999961853027,147700,,Investing.com_Manual,Yahoo_Finance_BDRY,REAL
2024-10-11,9.460000038146973,9.569999694824219,9.40999984741211,9.40999984741211,16900,,Investing.com_Manual,Yahoo_Finance_BDRY,REAL
2024-10-14,9.279999732971191,9.279999732971191,8.989999771118164,9.039999961853027,25200,,Investing.com_Manual,Yahoo_Finance_BDRY,REAL
2024-10-15,8.699999809265137,8.699999809265137,8.420000076293945,8.520000457763672,57600,,Investing.com_Manual,Yahoo_Finance_BDRY,REAL
2024-10-16,8.010000228881836,8.1899995803833,8.010000228881836,8.100000381469727,80000,,Investing.com_Manual,Yahoo_Finance_BDRY,REAL
2024-10-17,8.270000457763672,8.59000015258789,8.204000473022461,8.420000076293945,254000,,Investing.com_Manual,Yahoo_Finance_BDRY,REAL
2024-10-18,8.345000267028809,8.45300006866455,8.201000213623047,8.220000267028809,20600,,Investing.com_Manual,Yahoo_Finance_BDRY,REAL
2024-10-21,8.0,8.020000457763672,7.909999847412109,7.929999828338623,286600,,Investing.com_Manual,Yahoo_Finance_BDRY,REAL
2024-10-22,7.815000057220459,8.029999732971191,7.775000095367432,7.929999828338623,66400,,Investing.com_Manual,Yahoo_Finance_BDRY,REAL
2024-10-23,7.96999979019165,8.100000381469727,7.965000152587891,8.0600004196167,30200,,Investing.com_Manual,Yahoo_Finance_BDRY,REAL
2024-10-24,7.880000114440918,7.9679999351501465,7.829999923706055,7.929999828338623,49100,,Investing.com_Manual,Yahoo_Finance_BDRY,REAL
2024-10-25,7.760000228881836,7.900000095367432,7.760000228881836,7.809999942779541,29800,,Investing.com_Manual,Yahoo_Finance_BDRY,REAL
2024-10-28,7.630000114440918,7.639999866485596,7.5,7.53000020980835,38200,,Investing.com_Manual,Yahoo_Finance_BDRY,REAL
2024-10-29,7.900000095367432,7.920000076293945,7.75,7.869999885559082,32400,,Investing.com_Manual,Yahoo_Finance_BDRY,REAL
2024-10-30,7.539999961853027,7.699999809265137,7.420000076293945,7.480000019073486,74900,,Investing.com_Manual,Yahoo_Finance_BDRY,REAL
2024-10-31,7.599999904632568,7.630000114440918,7.440000057220459,7.480000019073486,66600,,Investing.com_Manual,Yahoo_Finance_BDRY,REAL
2024-11-01,7.400000095367432,7.53000020980835,7.400000095367432,7.46999979019165,23400,,Investing.com_Manual,Yahoo_Finance_BDRY,REAL
2024-11-04,7.519999980926514,7.789999961853027,7.519999980926514,7.78000020980835,46000,,Investing.com_Manual,Yahoo_Finance_BDRY,REAL
2024-11-05,7.800000190734863,8.0600004196167,7.760000228881836,7.849999904632568,68200,,Investing.com_Manual,Yahoo_Finance_BDRY,REAL
2024-11-06,7.769999980926514,7.769999980926514,7.650000095367432,7.650000095367432,33800,,Investing.com_Manual,Yahoo_Finance_BDRY,REAL
2024-11-07,7.800000190734863,7.915999889373779,7.800000190734863,7.889999866485596,32600,,Investing.com_Manual,Yahoo_Finance_BDRY,REAL
2024-11-08,8.100000381469727,8.180000305175781,8.020000457763672,8.149999618530273,49700,,Investing.com_Manual,Yahoo_Finance_BDRY,REAL
2024-11-11,8.5,8.609999656677246,8.430000305175781,8.460000038146973,97200,,Investing.com_Manual,Yahoo_Finance_BDRY,REAL
2024-11-12,8.550000190734863,8.649999618530273,8.279999732971191,8.300000190734863,132400,,Investing.com_Manual,Yahoo_Finance_BDRY,REAL
2024-11-13,8.350000381469727,8.510000228881836,8.350000381469727,8.489999771118164,25800,,Investing.com_Manual,Yahoo_Finance_BDRY,REAL
2024-11-14,8.5,8.5,8.270000457763672,8.449999809265137,44000,,Investing.com_Manual,Yahoo_Finance_BDRY,REAL
2024-11-15,8.390000343322754,8.550000190734863,8.350000381469727,8.5,38100,,Investing.com_Manual,Yahoo_Finance_BDRY,REAL
2024-11-18,8.020000457763672,8.104999542236328,7.880000114440918,7.989999771118164,149100,,Investing.com_Manual,Yahoo_Finance_BDRY,REAL
2024-11-19,7.699999809265137,7.820000171661377,7.5,7.800000190734863,102400,,Investing.com_Manual,Yahoo_Finance_BDRY,REAL
2024-11-20,7.75,7.75,7.6570000648498535,7.664000034332275,28600,,Investing.com_Manual,Yahoo_Finance_BDRY,REAL
2024-11-21,7.5,7.570000171661377,7.409999847412109,7.5,77500,,Investing.com_Manual,Yahoo_Finance_BDRY,REAL
2024-11-22,7.320000171661377,7.320000171661377,7.199999809265137,7.230000019073486,359200,,Investing.com_Manual,Yahoo_Finance_BDRY,REAL
2024-11-25,7.25,7.5,7.25,7.451000213623047,72800,,Investing.com_Manual,Yahoo_Finance_BDRY,REAL
2024-11-26,7.25,7.409999847412109,7.25,7.409999847412109,31900,,Investing.com_Manual,Yahoo_Finance_BDRY,REAL
2024-11-27,6.989999771118164,6.989999771118164,6.699999809265137,6.800000190734863,428300,,Investing.com_Manual,Yahoo_Finance_BDRY,REAL
2024-11-29,6.570000171661377,6.690000057220459,6.510000228881836,6.650000095367432,205700,,Investing.com_Manual,Yahoo_Finance_BDRY,REAL
2024-12-02,6.400000095367432,6.440000057220459,6.263999938964844,6.349999904632568,214500,,Investing.com_Manual,Yahoo_Finance_BDRY,REAL
2024-12-03,6.269999980926514,6.460000038146973,6.224999904632568,6.349999904632568,192300,,Investing.com_Manual,Yahoo_Finance_BDRY,REAL
2024-12-04,6.349999904632568,6.46999979019165,6.306000232696533,6.440000057220459,195600,,Investing.com_Manual,Yahoo_Finance_BDRY,REAL
2024-12-05,6.53000020980835,6.690000057220459,6.53000020980835,6.619999885559082,120900,,Investing.com_Manual,Yahoo_Finance_BDRY,REAL
2024-12-06,6.480000019073486,6.510000228881836,6.460000038146973,6.489999771118164,58400,,Investing.com_Manual,Yahoo_Finance_BDRY,REAL
2024-12-09,6.21999979019165,6.28000020980835,6.199999809265137,6.199999809265137,266200,,Investing.com_Manual,Yahoo_Finance_BDRY,REAL
2024-12-10,6.150000095367432,6.150000095367432,6.005000114440918,6.019999980926514,101500,,Investing.com_Manual,Yahoo_Finance_BDRY,REAL
2024-12-11,5.889999866485596,5.889999866485596,5.710000038146973,5.710000038146973,484200,,Investing.com_Manual,Yahoo_Finance_BDRY,REAL
2024-12-12,5.710000038146973,5.929999828338623,5.710000038146973,5.900000095367432,520800,,Investing.com_Manual,Yahoo_Finance_BDRY,REAL
2024-12-13,6.0,6.138999938964844,6.0,6.099999904632568,149400,,Investing.com_Manual,Yahoo_Finance_BDRY,REAL
2024-12-16,6.199999809265137,6.25,6.050000190734863,6.070000171661377,161500,,Investing.com_Manual,Yahoo_Finance_BDRY,REAL
2024-12-17,5.900000095367432,5.96999979019165,5.775000095367432,5.849999904632568,211300,,Investing.com_Manual,Yahoo_Finance_BDRY,REAL
2024-12-18,5.940000057220459,6.110000133514404,5.940000057220459,6.059999942779541,89800,,Investing.com_Manual,Yahoo_Finance_BDRY,REAL
2024-12-19,6.010000228881836,6.03000020980835,5.989999771118164,6.010000228881836,56400,,Investing.com_Manual,Yahoo_Finance_BDRY,REAL
2024-12-20,6.059999942779541,6.260000228881836,6.059999942779541,6.21999979019165,103200,,Investing.com_Manual,Yahoo_Finance_BDRY,REAL
2024-12-23,6.289999961853027,6.320000171661377,6.223999977111816,6.25,121800,,Investing.com_Manual,Yahoo_Finance_BDRY,REAL
2024-12-24,6.190000057220459,6.190000057220459,6.119999885559082,6.130000114440918,77300,,Investing.com_Manual,Yahoo_Finance_BDRY,REAL
2024-12-26,6.099999904632568,6.130000114440918,6.050000190734863,6.065000057220459,72900,,Investing.com_Manual,Yahoo_Finance_BDRY,REAL
2024-12-27,6.076000213623047,6.099999904632568,6.050000190734863,6.099999904632568,37000,,Investing.com_Manual,Yahoo_Finance_BDRY,REAL
2024-12-30,5.960000038146973,5.989999771118164,5.880000114440918,5.920000076293945,71700,,Investing.com_Manual,Yahoo_Finance_BDRY,REAL
2024-12-31,5.949999809265137,6.119999885559082,5.949999809265137,6.079999923706055,32600,,Investing.com_Manual,Yahoo_Finance_BDRY,REAL
2025-01-02,6.210000038146973,6.269999980926514,6.119999885559082,6.25,44200,,Investing.com_Manual,Yahoo_Finance_BDRY,REAL
2025-01-03,6.28000020980835,6.380000114440918,6.260000228881836,6.260000228881836,123000,,Investing.com_Manual,Yahoo_Finance_BDRY,REAL
2025-01-06,5.989999771118164,6.0,5.699999809265137,5.820000171661377,393300,,Investing.com_Manual,Yahoo_Finance_BDRY,REAL
2025-01-07,5.679999828338623,5.71999979019165,5.5,5.630000114440918,380100,,Investing.com_Manual,Yahoo_Finance_BDRY,REAL
2025-01-08,5.599999904632568,5.630000114440918,5.5,5.550000190734863,181500,,Investing.com_Manual,Yahoo_Finance_BDRY,REAL
2025-01-10,6.070000171661377,6.96999979019165,6.010000228881836,6.699999809265137,173700,,Investing.com_Manual,Yahoo_Finance_BDRY,REAL
2025-01-13,6.050000190734863,6.050000190734863,5.769999980926514,5.840000152587891,247900,,Investing.com_Manual,Yahoo_Finance_BDRY,REAL
2025-01-14,5.914999961853027,6.150000095367432,5.9070000648498535,6.130000114440918,132700,,Investing.com_Manual,Yahoo_Finance_BDRY,REAL
2025-01-15,5.949999809265137,6.139999866485596,5.840000152587891,5.889999866485596,161000,,Investing.com_Manual,Yahoo_Finance_BDRY,REAL
2025-01-16,5.800000190734863,5.800000190734863,5.71999979019165,5.730000019073486,102500,,Investing.com_Manual,Yahoo_Finance_BDRY,REAL
2025-01-17,5.699999809265137,5.730000019073486,5.639999866485596,5.71999979019165,99700,,Investing.com_Manual,Yahoo_Finance_BDRY,REAL
2025-01-21,5.53000020980835,5.619999885559082,5.458000183105469,5.610000133514404,329800,,Investing.com_Manual,Yahoo_Finance_BDRY,REAL
2025-01-22,5.420000076293945,5.440000057220459,5.235000133514404,5.28000020980835,727000,,Investing.com_Manual,Yahoo_Finance_BDRY,REAL
2025-01-23,5.179999828338623,5.249000072479248,5.099999904632568,5.139999866485596,420600,,Investing.com_Manual,Yahoo_Finance_BDRY,REAL
2025-01-24,5.130000114440918,5.210000038146973,5.059999942779541,5.139999866485596,659200,,Investing.com_Manual,Yahoo_Finance_BDRY,REAL
2025-01-27,5.28000020980835,5.349999904632568,5.150000095367432,5.320000171661377,351400,,Investing.com_Manual,Yahoo_Finance_BDRY,REAL
2025-01-28,5.320000171661377,5.329999923706055,5.260000228881836,5.28000020980835,354300,,Investing.com_Manual,Yahoo_Finance_BDRY,REAL
2025-01-29,5.289999961853027,5.389999866485596,5.260000228881836,5.320000171661377,421400,,Investing.com_Manual,Yahoo_Finance_BDRY,REAL
2025-01-30,5.449999809265137,5.539999961853027,5.409999847412109,5.489999771118164,490800,,Investing.com_Manual,Yahoo_Finance_BDRY,REAL
2025-01-31,5.710000038146973,5.78000020980835,5.690000057220459,5.769999980926514,388200,,Investing.com_Manual,Yahoo_Finance_BDRY,REAL
2025-02-03,5.659999847412109,5.659999847412109,5.440000057220459,5.46999979019165,265500,,Investing.com_Manual,Yahoo_Finance_BDRY,REAL
2025-02-04,5.880000114440918,5.920000076293945,5.800000190734863,5.869999885559082,210300,,Investing.com_Manual,Yahoo_Finance_BDRY,REAL
2025-02-05,6.0,6.0,5.869999885559082,5.989999771118164,177900,,Investing.com_Manual,Yahoo_Finance_BDRY,REAL
2025-02-06,5.869999885559082,5.869999885559082,5.7210001945495605,5.800000190734863,198300,,Investing.com_Manual,Yahoo_Finance_BDRY,REAL
2025-02-07,5.840000152587891,5.860000133514404,5.789999961853027,5.860000133514404,103200,,Investing.com_Manual,Yahoo_Finance_BDRY,REAL
2025-02-10,5.75,5.800000190734863,5.699999809265137,5.78000020980835,131500,,Investing.com_Manual,Yahoo_Finance_BDRY,REAL
2025-02-11,5.699999809265137,5.699999809265137,5.550000190734863,5.679999828338623,194000,,Investing.com_Manual,Yahoo_Finance_BDRY,REAL
2025-02-12,5.5,5.53000020980835,5.400000095367432,5.510000228881836,359700,,Investing.com_Manual,Yahoo_Finance_BDRY,REAL
2025-02-13,5.599999904632568,5.619999885559082,5.5,5.5,237100,,Investing.com_Manual,Yahoo_Finance_BDRY,REAL
2025-02-14,5.610000133514404,5.730000019073486,5.604000091552734,5.639999866485596,174000,,Investing.com_Manual,Yahoo_Finance_BDRY,REAL
2025-02-18,6.0,6.110000133514404,5.960000038146973,6.079999923706055,434800,,Investing.com_Manual,Yahoo_Finance_BDRY,REAL
2025-02-19,6.050000190734863,6.1539998054504395,5.909999847412109,5.989999771118164,313700,,Investing.com_Manual,Yahoo_Finance_BDRY,REAL
2025-02-20,6.260000228881836,6.480000019073486,6.21999979019165,6.449999809265137,504900,,Investing.com_Manual,Yahoo_Finance_BDRY,REAL
2025-02-21,6.300000190734863,6.34499979019165,6.25,6.320000171661377,229100,,Investing.com_Manual,Yahoo_Finance_BDRY,REAL
2025-02-24,6.21999979019165,6.21999979019165,6.050000190734863,6.090000152587891,304100,,Investing.com_Manual,Yahoo_Finance_BDRY,REAL
2025-02-25,6.309999942779541,6.340000152587891,6.210000038146973,6.260000228881836,166700,,Investing.com_Manual,Yahoo_Finance_BDRY,REAL
2025-02-26,6.349999904632568,6.420000076293945,6.21999979019165,6.400000095367432,332500,,Investing.com_Manual,Yahoo_Finance_BDRY,REAL
2025-02-27,6.28000020980835,6.28000020980835,6.139999866485596,6.170000076293945,117300,,Investing.com_Manual,Yahoo_Finance_BDRY,REAL
2025-02-28,6.440000057220459,6.440000057220459,6.340000152587891,6.400000095367432,110000,,Investing.com_Manual,Yahoo_Finance_BDRY,REAL
2025-03-03,6.300000190734863,6.349999904632568,6.150000095367432,6.150000095367432,118100,,Investing.com_Manual,Yahoo_Finance_BDRY,REAL
2025-03-04,5.96999979019165,6.079999923706055,5.877999782562256,6.0,168600,,Investing.com_Manual,Yahoo_Finance_BDRY,REAL
2025-03-05,6.230000019073486,6.289999961853027,6.110000133514404,6.289999961853027,340500,,Investing.com_Manual,Yahoo_Finance_BDRY,REAL
2025-03-06,6.409999847412109,6.5,6.400000095367432,6.5,172400,,Investing.com_Manual,Yahoo_Finance_BDRY,REAL
2025-03-07,6.599999904632568,6.599999904632568,6.53000020980835,6.570000171661377,148800,,Investing.com_Manual,Yahoo_Finance_BDRY,REAL
2025-03-10,6.570000171661377,6.699999809265137,6.519999980926514,6.550000190734863,282000,,Investing.com_Manual,Yahoo_Finance_BDRY,REAL
2025-03-11,6.539999961853027,6.699999809265137,6.53000020980835,6.679999828338623,194300,,Investing.com_Manual,Yahoo_Finance_BDRY,REAL
2025-03-12,7.050000190734863,7.199999809265137,7.010000228881836,7.139999866485596,435700,,Investing.com_Manual,Yahoo_Finance_BDRY,REAL
2025-03-13,7.059999942779541,7.09499979019165,6.78000020980835,6.849999904632568,178300,,Investing.com_Manual,Yahoo_Finance_BDRY,REAL
2025-03-14,6.980000019073486,6.995999813079834,6.896999835968018,6.949999809265137,117300,,Investing.com_Manual,Yahoo_Finance_BDRY,REAL
2025-03-17,6.960000038146973,6.960000038146973,6.659999847412109,6.860000133514404,200900,,Investing.com_Manual,Yahoo_Finance_BDRY,REAL
2025-03-18,6.650000095367432,6.760000228881836,6.539999961853027,6.730000019073486,385300,,Investing.com_Manual,Yahoo_Finance_BDRY,REAL
2025-03-19,6.559999942779541,6.559999942779541,6.380000114440918,6.5,158600,,Investing.com_Manual,Yahoo_Finance_BDRY,REAL
2025-03-20,6.670000076293945,6.849999904632568,6.622000217437744,6.775000095367432,111000,,Investing.com_Manual,Yahoo_Finance_BDRY,REAL
2025-03-21,6.769999980926514,6.953999996185303,6.769999980926514,6.909999847412109,125300,,Investing.com_Manual,Yahoo_Finance_BDRY,REAL
2025-03-24,6.829999923706055,6.829999923706055,6.670000076293945,6.75,91000,,Investing.com_Manual,Yahoo_Finance_BDRY,REAL
2025-03-25,6.670000076293945,6.724999904632568,6.5,6.510000228881836,156500,,Investing.com_Manual,Yahoo_Finance_BDRY,REAL
2025-03-26,6.489999771118164,6.507999897003174,6.369999885559082,6.400000095367432,112400,,Investing.com_Manual,Yahoo_Finance_BDRY,REAL
2025-03-27,6.380000114440918,6.480000019073486,6.340000152587891,6.349999904632568,73900,,Investing.com_Manual,Yahoo_Finance_BDRY,REAL
2025-03-28,6.429999828338623,6.442999839782715,6.159999847412109,6.360000133514404,158100,,Investing.com_Manual,Yahoo_Finance_BDRY,REAL
2025-03-31,6.260000228881836,6.300000190734863,6.210000038146973,6.25,107000,,Investing.com_Manual,Yahoo_Finance_BDRY,REAL
2025-04-01,6.400000095367432,6.550000190734863,6.369999885559082,6.5,69300,,Investing.com_Manual,Yahoo_Finance_BDRY,REAL
2025-04-02,6.449999809265137,6.539999961853027,6.340000152587891,6.369999885559082,66900,,Investing.com_Manual,Yahoo_Finance_BDRY,REAL
2025-04-03,6.190000057220459,6.190000057220459,5.929999828338623,6.019999980926514,419500,,Investing.com_Manual,Yahoo_Finance_BDRY,REAL
2025-04-04,5.760000228881836,5.849999904632568,5.559999942779541,5.619999885559082,611800,,Investing.com_Manual,Yahoo_Finance_BDRY,REAL
2025-04-07,5.269999980926514,5.546999931335449,5.25,5.380000114440918,592500,,Investing.com_Manual,Yahoo_Finance_BDRY,REAL
2025-04-08,5.449999809265137,5.449999809265137,5.315000057220459,5.360000133514404,245500,,Investing.com_Manual,Yahoo_Finance_BDRY,REAL
2025-04-09,5.21999979019165,5.449999809265137,5.109000205993652,5.329999923706055,435900,,Investing.com_Manual,Yahoo_Finance_BDRY,REAL
2025-04-10,5.570000171661377,5.639999866485596,5.449999809265137,5.599999904632568,284600,,Investing.com_Manual,Yahoo_Finance_BDRY,REAL
2025-04-11,5.599999904632568,5.710000038146973,5.53000020980835,5.630000114440918,83200,,Investing.com_Manual,Yahoo_Finance_BDRY,REAL
2025-04-14,5.820000171661377,5.869999885559082,5.710000038146973,5.75,220800,,Investing.com_Manual,Yahoo_Finance_BDRY,REAL
2025-04-15,5.760000228881836,5.760000228881836,5.681000232696533,5.690000057220459,57700,,Investing.com_Manual,Yahoo_Finance_BDRY,REAL
2025-04-16,5.71999979019165,5.75,5.690000057220459,5.71999979019165,182100,,Investing.com_Manual,Yahoo_Finance_BDRY,REAL
2025-04-17,5.760000228881836,5.769999980926514,5.71999979019165,5.739999771118164,36700,,Investing.com_Manual,Yahoo_Finance_BDRY,REAL
2025-04-21,5.75,5.769999980926514,5.699999809265137,5.730000019073486,76000,,Investing.com_Manual,Yahoo_Finance_BDRY,REAL
2025-04-22,5.739999771118164,5.739999771118164,5.590000152587891,5.599999904632568,78600,,Investing.com_Manual,Yahoo_Finance_BDRY,REAL
2025-04-23,5.908999919891357,6.03000020980835,5.880000114440918,5.880000114440918,174800,,Investing.com_Manual,Yahoo_Finance_BDRY,REAL
2025-04-24,5.949999809265137,5.96999979019165,5.809999942779541,5.829999923706055,43100,,Investing.com_Manual,Yahoo_Finance_BDRY,REAL
2025-04-25,5.900000095367432,6.0,5.900000095367432,5.920000076293945,116000,,Investing.com_Manual,Yahoo_Finance_BDRY,REAL
2025-04-28,5.929999828338623,5.929999828338623,5.78000020980835,5.78000020980835,73600,,Investing.com_Manual,Yahoo_Finance_BDRY,REAL
2025-04-29,5.75,5.764999866485596,5.570000171661377,5.570000171661377,87600,,Investing.com_Manual,Yahoo_Finance_BDRY,REAL
2025-04-30,5.650000095367432,5.800000190734863,5.650000095367432,5.764999866485596,35000,,Investing.com_Manual,Yahoo_Finance_BDRY,REAL
2025-05-01,5.880000114440918,5.949999809265137,5.800000190734863,5.949999809265137,67300,,Investing.com_Manual,Yahoo_Finance_BDRY,REAL
2025-05-02,5.829999923706055,5.940000057220459,5.78000020980835,5.840000152587891,107100,,Investing.com_Manual,Yahoo_Finance_BDRY,REAL
2025-05-05,5.840000152587891,5.914000034332275,5.840000152587891,5.914000034332275,25900,,Investing.com_Manual,Yahoo_Finance_BDRY,REAL
2025-05-06,5.71999979019165,5.71999979019165,5.599999904632568,5.619999885559082,66000,,Investing.com_Manual,Yahoo_Finance_BDRY,REAL
2025-05-07,5.668000221252441,5.668000221252441,5.570000171661377,5.619999885559082,20100,,Investing.com_Manual,Yahoo_Finance_BDRY,REAL
2025-05-08,5.480000019073486,5.53000020980835,5.389999866485596,5.420000076293945,250500,,Investing.com_Manual,Yahoo_Finance_BDRY,REAL
2025-05-09,5.429999828338623,5.46999979019165,5.389999866485596,5.429999828338623,137000,,Investing.com_Manual,Yahoo_Finance_BDRY,REAL
2025-05-12,5.590000152587891,5.590000152587891,5.525000095367432,5.539999961853027,237900,,Investing.com_Manual,Yahoo_Finance_BDRY,REAL
2025-05-13,5.369999885559082,5.425000190734863,5.300000190734863,5.300000190734863,414300,,Investing.com_Manual,Yahoo_Finance_BDRY,REAL
2025-05-14,5.409999847412109,5.480000019073486,5.359000205993652,5.460000038146973,126400,,Investing.com_Manual,Yahoo_Finance_BDRY,REAL
2025-05-15,5.53000020980835,5.550000190734863,5.480000019073486,5.550000190734863,107700,,Investing.com_Manual,Yahoo_Finance_BDRY,REAL
2025-05-16,5.599999904632568,5.605000019073486,5.46999979019165,5.504000186920166,86900,,Investing.com_Manual,Yahoo_Finance_BDRY,REAL
2025-05-19,5.360000133514404,5.369999885559082,5.300000190734863,5.309999942779541,286600,,Investing.com_Manual,Yahoo_Finance_BDRY,REAL
2025-05-20,5.400000095367432,5.400000095367432,5.349999904632568,5.360000133514404,31200,,Investing.com_Manual,Yahoo_Finance_BDRY,REAL
2025-05-21,5.289999961853027,5.369999885559082,5.261000156402588,5.340000152587891,96100,,Investing.com_Manual,Yahoo_Finance_BDRY,REAL
2025-05-22,5.25,5.271999835968018,5.199999809265137,5.210000038146973,145800,,Investing.com_Manual,Yahoo_Finance_BDRY,REAL
2025-05-23,5.199999809265137,5.210000038146973,5.150000095367432,5.150000095367432,112100,,Investing.com_Manual,Yahoo_Finance_BDRY,REAL
2025-05-27,5.039999961853027,5.150000095367432,5.03000020980835,5.150000095367432,217800,,Investing.com_Manual,Yahoo_Finance_BDRY,REAL
2025-05-28,5.119999885559082,5.179999828338623,5.119999885559082,5.166999816894531,79400,,Investing.com_Manual,Yahoo_Finance_BDRY,REAL
2025-05-29,5.239999771118164,5.239999771118164,5.109000205993652,5.190000057220459,170700,,Investing.com_Manual,Yahoo_Finance_BDRY,REAL
2025-05-30,5.230000019073486,5.230000019073486,5.120999813079834,5.190000057220459,53500,,Investing.com_Manual,Yahoo_Finance_BDRY,REAL
2025-06-02,5.210000038146973,5.239999771118164,5.099999904632568,5.099999904632568,45500,,Investing.com_Manual,Yahoo_Finance_BDRY,REAL
2025-06-03,5.21999979019165,5.230000019073486,5.159999847412109,5.199999809265137,92800,,Investing.com_Manual,Yahoo_Finance_BDRY,REAL
2025-06-04,5.360000133514404,5.46999979019165,5.360000133514404,5.420000076293945,100000,,Investing.com_Manual,Yahoo_Finance_BDRY,REAL
2025-06-05,5.449999809265137,5.53000020980835,5.420000076293945,5.489999771118164,100600,,Investing.com_Manual,Yahoo_Finance_BDRY,REAL
2025-06-06,5.380000114440918,5.480000019073486,5.334000110626221,5.409999847412109,167100,,Investing.com_Manual,Yahoo_Finance_BDRY,REAL
2025-06-09,5.420000076293945,5.420000076293945,5.3470001220703125,5.372000217437744,34500,,Investing.com_Manual,Yahoo_Finance_BDRY,REAL
2025-06-10,5.400000095367432,5.519999980926514,5.400000095367432,5.519999980926514,200100,,Investing.com_Manual,Yahoo_Finance_BDRY,REAL
2025-06-11,5.650000095367432,5.710000038146973,5.650000095367432,5.650000095367432,149100,,Investing.com_Manual,Yahoo_Finance_BDRY,REAL
2025-06-12,5.739999771118164,5.78000020980835,5.699999809265137,5.730000019073486,57400,,Investing.com_Manual,Yahoo_Finance_BDRY,REAL
2025-06-13,5.820000171661377,5.889999866485596,5.760000228881836,5.869999885559082,225300,,Investing.com_Manual,Yahoo_Finance_BDRY,REAL
2025-06-16,5.639999866485596,5.75,5.539999961853027,5.679999828338623,266200,,Investing.com_Manual,Yahoo_Finance_BDRY,REAL
2025-06-17,5.519999980926514,5.630000114440918,5.519999980926514,5.630000114440918,108200,,Investing.com_Manual,Yahoo_Finance_BDRY,REAL
2025-06-18,5.599999904632568,5.690000057220459,5.599999904632568,5.619999885559082,45300,,Investing.com_Manual,Yahoo_Finance_BDRY,REAL
2025-06-20,5.639999866485596,5.760000228881836,5.619999885559082,5.730000019073486,80700,,Investing.com_Manual,Yahoo_Finance_BDRY,REAL
2025-06-23,5.659999847412109,5.864999771118164,5.659999847412109,5.78000020980835,181900,,Investing.com_Manual,Yahoo_Finance_BDRY,REAL
2025-06-24,5.739999771118164,5.739999771118164,5.679999828338623,5.735000133514404,97100,,Investing.com_Manual,Yahoo_Finance_BDRY,REAL
2025-06-25,5.75,5.840000152587891,5.739999771118164,5.800000190734863,104100,,Investing.com_Manual,Yahoo_Finance_BDRY,REAL
2025-06-26,5.699999809265137,5.699999809265137,5.610000133514404,5.659999847412109,42900,,Investing.com_Manual,Yahoo_Finance_BDRY,REAL
2025-06-27,5.679999828338623,5.710000038146973,5.559000015258789,5.584000110626221,97300,,Investing.com_Manual,Yahoo_Finance_BDRY,REAL
2025-06-30,5.599999904632568,5.630000114440918,5.550000190734863,5.550000190734863,138900,,Investing.com_Manual,Yahoo_Finance_BDRY,REAL
2025-07-01,5.630000114440918,5.670000076293945,5.510000228881836,5.630000114440918,137800,,Investing.com_Manual,Yahoo_Finance_BDRY,REAL
2025-07-02,5.630000114440918,5.769999980926514,5.610000133514404,5.769999980926514,166200,,Investing.com_Manual,Yahoo_Finance_BDRY,REAL
2025-07-03,5.920000076293945,5.98799991607666,5.869999885559082,5.929999828338623,96700,,Investing.com_Manual,Yahoo_Finance_BDRY,REAL
2025-07-07,6.039999961853027,6.099999904632568,5.945000171661377,6.070000171661377,245000,,Investing.com_Manual,Yahoo_Finance_BDRY,REAL
2025-07-08,6.199999809265137,6.318999767303467,6.150000095367432,6.179999828338623,187200,,Investing.com_Manual,Yahoo_Finance_BDRY,REAL
2025-07-09,6.210000038146973,6.360000133514404,6.139999866485596,6.25,70300,,Investing.com_Manual,Yahoo_Finance_BDRY,REAL
2025-07-10,6.71999979019165,6.855000019073486,6.619999885559082,6.659999847412109,2067500,,Investing.com_Manual,Yahoo_Finance_BDRY,REAL
2025-07-11,7.0,7.090000152587891,6.96999979019165,7.090000152587891,1083700,,Investing.com_Manual,Yahoo_Finance_BDRY,REAL
2025-07-14,7.230000019073486,7.300000190734863,7.210000038146973,7.260000228881836,203800,,Investing.com_Manual,Yahoo_Finance_BDRY,REAL
2025-07-15,7.0,7.050000190734863,6.769999980926514,6.78000020980835,270300,,Investing.com_Manual,Yahoo_Finance_BDRY,REAL
2025-07-16,7.139999866485596,7.364999771118164,7.139999866485596,7.25,370300,,Investing.com_Manual,Yahoo_Finance_BDRY,REAL
2025-07-17,7.420000076293945,7.650000095367432,7.309999942779541,7.610000133514404,418800,,Investing.com_Manual,Yahoo_Finance_BDRY,REAL
2025-07-18,7.329999923706055,7.460000038146973,7.269999980926514,7.400000095367432,602300,,Investing.com_Manual,Yahoo_Finance_BDRY,REAL
2025-07-21,7.289999961853027,7.380000114440918,7.179999828338623,7.349999904632568,355000,,Investing.com_Manual,Yahoo_Finance_BDRY,REAL
2025-07-22,7.650000095367432,7.739999771118164,7.53000020980835,7.670000076293945,655500,,Investing.com_Manual,Yahoo_Finance_BDRY,REAL
2025-07-23,7.619999885559082,7.650000095367432,7.429999828338623,7.519999980926514,264900,,Investing.com_Manual,Yahoo_Finance_BDRY,REAL
2025-07-24,7.519999980926514,7.519999980926514,7.300000190734863,7.420000076293945,129500,,Investing.com_Manual,Yahoo_Finance_BDRY,REAL
2025-07-25,7.179999828338623,7.195000171661377,7.090000152587891,7.150000095367432,135100,,Investing.com_Manual,Yahoo_Finance_BDRY,REAL
2025-07-28,7.25,7.348999977111816,7.239999771118164,7.245999813079834,34500,,Investing.com_Manual,Yahoo_Finance_BDRY,REAL
2025-07-29,7.090000152587891,7.090000152587891,6.860000133514404,6.940000057220459,160200,,Investing.com_Manual,Yahoo_Finance_BDRY,REAL
2025-07-30,6.980000019073486,7.199999809265137,6.945000171661377,7.019999980926514,73700,,Investing.com_Manual,Yahoo_Finance_BDRY,REAL
2025-07-31,7.389999866485596,7.409999847412109,7.300000190734863,7.400000095367432,85200,,Investing.com_Manual,Yahoo_Finance_BDRY,REAL
2025-08-01,7.510000228881836,7.510000228881836,7.380000114440918,7.460000038146973,148500,,Investing.com_Manual,Yahoo_Finance_BDRY,REAL
2025-08-04,7.320000171661377,7.360000133514404,7.260000228881836,7.309999942779541,54500,,Investing.com_Manual,Yahoo_Finance_BDRY,REAL
2025-08-05,7.650000095367432,7.920000076293945,7.650000095367432,7.769999980926514,215900,,Investing.com_Manual,Yahoo_Finance_BDRY,REAL
2025-08-06,7.820000171661377,7.900000095367432,7.630000114440918,7.730000019073486,98200,,Investing.com_Manual,Yahoo_Finance_BDRY,REAL
2025-08-07,7.789999961853027,7.789999961853027,7.610000133514404,7.75,133400,,Investing.com_Manual,Yahoo_Finance_BDRY,REAL
2025-08-08,7.900000095367432,7.929999828338623,7.800000190734863,7.800000190734863,81200,,Investing.com_Manual,Yahoo_Finance_BDRY,REAL
2025-08-11,7.739999771118164,7.949999809265137,7.650000095367432,7.900000095367432,108500,,Investing.com_Manual,Yahoo_Finance_BDRY,REAL
2025-08-12,7.849999904632568,8.09000015258789,7.829999923706055,8.020000457763672,106800,,Investing.com_Manual,Yahoo_Finance_BDRY,REAL
2025-08-13,8.180000305175781,8.289999961853027,7.980000019073486,8.166999816894531,489200,,Investing.com_Manual,Yahoo_Finance_BDRY,REAL
2025-08-14,8.170000076293945,8.220000267028809,8.010000228881836,8.130000114440918,334400,,Investing.com_Manual,Yahoo_Finance_BDRY,REAL
2025-08-15,8.130000114440918,8.130000114440918,7.940000057220459,8.020000457763672,174700,,Investing.com_Manual,Yahoo_Finance_BDRY,REAL
2025-08-18,7.96999979019165,8.199999809265137,7.949999809265137,8.079999923706055,214100,,Investing.com_Manual,Yahoo_Finance_BDRY,REAL
2025-08-19,7.889999866485596,7.929999828338623,7.739999771118164,7.7729997634887695,350500,,Investing.com_Manual,Yahoo_Finance_BDRY,REAL
2025-08-20,7.849999904632568,8.119999885559082,7.849999904632568,8.039999961853027,72400,,Investing.com_Manual,Yahoo_Finance_BDRY,REAL
2025-08-21,8.0600004196167,8.15999984741211,8.03499984741211,8.15999984741211,234700,,Investing.com_Manual,Yahoo_Finance_BDRY,REAL
2025-08-22,8.4399995803833,8.4399995803833,8.319999694824219,8.40999984741211,159300,,Investing.com_Manual,Yahoo_Finance_BDRY,REAL
2025-08-25,8.420000076293945,8.550000190734863,8.420000076293945,8.5,126300,,Investing.com_Manual,Yahoo_Finance_BDRY,REAL
2025-08-26,8.619999885559082,8.65999984741211,8.550000190734863,8.600000381469727,115100,,Investing.com_Manual,Yahoo_Finance_BDRY,REAL
2025-08-27,8.390000343322754,8.399999618530273,8.260000228881836,8.300000190734863,87000,,Investing.com_Manual,Yahoo_Finance_BDRY,REAL
2025-08-28,8.274999618530273,8.369999885559082,8.119999885559082,8.350000381469727,92200,,Investing.com_Manual,Yahoo_Finance_BDRY,REAL
2025-08-29,8.210000038146973,8.579999923706055,8.130000114440918,8.369999885559082,687800,,Investing.com_Manual,Yahoo_Finance_BDRY,REAL
2025-09-02,7.920000076293945,8.050000190734863,7.730000019073486,8.020000457763672,1075800,,Investing.com_Manual,Yahoo_Finance_BDRY,REAL
2025-09-03,8.050000190734863,8.149999618530273,8.010000228881836,8.140000343322754,839900,,Investing.com_Manual,Yahoo_Finance_BDRY,REAL
2025-09-04,8.34000015258789,8.369999885559082,8.039999961853027,8.062999725341797,523800,,Investing.com_Manual,Yahoo_Finance_BDRY,REAL
2025-09-05,8.050000190734863,8.100000381469727,8.029999732971191,8.039999961853027,74400,,Investing.com_Manual,Yahoo_Finance_BDRY,REAL
2025-09-08,8.170000076293945,8.388999938964844,8.149999618530273,8.149999618530273,294200,,Investing.com_Manual,Yahoo_Finance_BDRY,REAL
2025-09-09,8.539999961853027,8.545000076293945,8.329999923706055,8.390000343322754,285800,,Investing.com_Manual,Yahoo_Finance_BDRY,REAL
2025-09-10,8.319999694824219,8.40999984741211,8.15999984741211,8.220000267028809,187900,,Investing.com_Manual,Yahoo_Finance_BDRY,REAL
2025-09-11,8.135000228881836,8.199000358581543,8.09000015258789,8.114999771118164,119300,,Investing.com_Manual,Yahoo_Finance_BDRY,REAL
2025-09-12,8.170000076293945,8.28499984741211,8.09000015258789,8.100000381469727,1149300,,Investing.com_Manual,Yahoo_Finance_BDRY,REAL
2025-09-15,8.210000038146973,8.239999771118164,8.121000289916992,8.210000038146973,192600,,Investing.com_Manual,Yahoo_Finance_BDRY,REAL
2025-09-16,8.130000114440918,8.130000114440918,7.980000019073486,8.039999961853027,109300,,Investing.com_Manual,Yahoo_Finance_BDRY,REAL
2025-09-17,8.09000015258789,8.180000305175781,8.0600004196167,8.140000343322754,70500,,Investing.com_Manual,Yahoo_Finance_BDRY,REAL
2025-09-18,8.199999809265137,8.260000228881836,8.1899995803833,8.199999809265137,106700,,Investing.com_Manual,Yahoo_Finance_BDRY,REAL
2025-09-19,8.199999809265137,8.25,8.149999618530273,8.15999984741211,60300,,Investing.com_Manual,Yahoo_Finance_BDRY,REAL
2025-09-22,8.152000427246094,8.152000427246094,8.024999618530273,8.0600004196167,70100,,Investing.com_Manual,Yahoo_Finance_BDRY,REAL
2025-09-23,8.199999809265137,8.3100004196167,8.199999809265137,8.25,227500,,Investing.com_Manual,Yahoo_Finance_BDRY,REAL
2025-09-24,8.319999694824219,8.414999961853027,8.305000305175781,8.380000114440918,241900,,Investing.com_Manual,Yahoo_Finance_BDRY,REAL
2025-09-25,8.289999961853027,8.289999961853027,8.09000015258789,8.199999809265137,62800,,Investing.com_Manual,Yahoo_Finance_BDRY,REAL
2025-09-26,8.079999923706055,8.100000381469727,8.029999732971191,8.050000190734863,75100,,Investing.com_Manual,Yahoo_Finance_BDRY,REAL
2025-09-29,7.900000095367432,7.945000171661377,7.739999771118164,7.769999980926514,275700,,Investing.com_Manual,Yahoo_Finance_BDRY,REAL
2025-09-30,7.610000133514404,7.690000057220459,7.460000038146973,7.510000228881836,249400,,Investing.com_Manual,Yahoo_Finance_BDRY,REAL
2025-10-01,7.440000057220459,7.650000095367432,7.409999847412109,7.579999923706055,163200,,Investing.com_Manual,Yahoo_Finance_BDRY,REAL
2025-10-02,7.71999979019165,7.789999961853027,7.671000003814697,7.78000020980835,53200,,Investing.com_Manual,Yahoo_Finance_BDRY,REAL
2025-10-03,7.789999961853027,7.820000171661377,7.699999809265137,7.71999979019165,45300,,Investing.com_Manual,Yahoo_Finance_BDRY,REAL
2025-10-06,7.75,7.900000095367432,7.75,7.866000175476074,45300,,Investing.com_Manual,Yahoo_Finance_BDRY,REAL
2025-10-07,7.940000057220459,8.010000228881836,7.889999866485596,8.0,40500,,Investing.com_Manual,Yahoo_Finance_BDRY,REAL
2025-10-08,7.800000190734863,7.800000190734863,7.599999904632568,7.599999904632568,83100,,Investing.com_Manual,Yahoo_Finance_BDRY,REAL
2025-10-09,7.679999828338623,7.699999809265137,7.650000095367432,7.699999809265137,71900,,Investing.com_Manual,Yahoo_Finance_BDRY,REAL
2025-10-10,8.149999618530273,8.199999809265137,8.01200008392334,8.180000305175781,354300,,Investing.com_Manual,Yahoo_Finance_BDRY,REAL
2025-10-13,8.850000381469727,8.880000114440918,8.579999923706055,8.640000343322754,303100,,Investing.com_Manual,Yahoo_Finance_BDRY,REAL
2025-10-14,8.220000267028809,8.319999694824219,8.069999694824219,8.199999809265137,83800,,Investing.com_Manual,Yahoo_Finance_BDRY,REAL
2025-10-15,8.289999961853027,8.529999732971191,8.25,8.520000457763672,46000,,Investing.com_Manual,Yahoo_Finance_BDRY,REAL
2025-10-16,8.59000015258789,8.59000015258789,8.329999923706055,8.329999923706055,37700,,Investing.com_Manual,Yahoo_Finance_BDRY,REAL
2025-10-17,8.260000228881836,8.274999618530273,8.140000343322754,8.15999984741211,25800,,Investing.com_Manual,Yahoo_Finance_BDRY,REAL
2025-10-20,8.1899995803833,8.369999885559082,8.100000381469727,8.239999771118164,14700,,Investing.com_Manual,Yahoo_Finance_BDRY,REAL
2025-10-21,8.359999656677246,8.40999984741211,8.359999656677246,8.380000114440918,55400,,Investing.com_Manual,Yahoo_Finance_BDRY,REAL
2025-10-22,8.359999656677246,8.359999656677246,8.031000137329102,8.229999542236328,44500,,Investing.com_Manual,Yahoo_Finance_BDRY,REAL
2025-10-23,7.900000095367432,7.925000190734863,7.570000171661377,7.820000171661377,69400,,Investing.com_Manual,Yahoo_Finance_BDRY,REAL
2025-10-24,7.909999847412109,7.909999847412109,7.789999961853027,7.849999904632568,17300,,Investing.com_Manual,Yahoo_Finance_BDRY,REAL
2025-10-27,7.920000076293945,8.0,7.829999923706055,7.96999979019165,38400,,Investing.com_Manual,Yahoo_Finance_BDRY,REAL
2025-10-28,7.940000057220459,7.978000164031982,7.869999885559082,7.953000068664551,15300,,Investing.com_Manual,Yahoo_Finance_BDRY,REAL
2025-10-29,8.109999656677246,8.199999809265137,8.109999656677246,8.199999809265137,29700,,Investing.com_Manual,Yahoo_Finance_BDRY,REAL
2025-10-30,8.140000343322754,8.369999885559082,8.140000343322754,8.25,56900,,Investing.com_Manual,Yahoo_Finance_BDRY,REAL
2025-10-31,8.079999923706055,8.12399959564209,8.050000190734863,8.100000381469727,16300,,Investing.com_Manual,Yahoo_Finance_BDRY,REAL
2025-11-03,8.0,8.0,7.920000076293945,7.920000076293945,43700,,Investing.com_Manual,Yahoo_Finance_BDRY,REAL
2025-11-04,8.100000381469727,8.279999732971191,8.09000015258789,8.180000305175781,107200,,Investing.com_Manual,Yahoo_Finance_BDRY,REAL
2025-11-05,8.3100004196167,8.380000114440918,8.279999732971191,8.300000190734863,49400,,Investing.com_Manual,Yahoo_Finance_BDRY,REAL
2025-11-06,8.470000267028809,8.600000381469727,8.430000305175781,8.5,79600,,Investing.com_Manual,Yahoo_Finance_BDRY,REAL
2025-11-07,8.369999885559082,8.420000076293945,8.300000190734863,8.350000381469727,40100,,Investing.com_Manual,Yahoo_Finance_BDRY,REAL
2025-11-10,8.350000381469727,8.449000358581543,8.34000015258789,8.369999885559082,12200,,Investing.com_Manual,Yahoo_Finance_BDRY,REAL
2025-11-11,8.437999725341797,8.519000053405762,8.390000343322754,8.420000076293945,23000,,Investing.com_Manual,Yahoo_Finance_BDRY,REAL
2025-11-12,8.369999885559082,8.479999542236328,8.3149995803833,8.479999542236328,27200,,Investing.com_Manual,Yahoo_Finance_BDRY,REAL
2025-11-13,8.649999618530273,8.720000267028809,8.630000114440918,8.699999809265137,60300,,Investing.com_Manual,Yahoo_Finance_BDRY,REAL
2025-11-14,8.539999961853027,8.75,8.539999961853027,8.600000381469727,23300,,Investing.com_Manual,Yahoo_Finance_BDRY,REAL
2025-11-17,8.460000038146973,8.90999984741211,8.460000038146973,8.800000190734863,110900,,Investing.com_Manual,Yahoo_Finance_BDRY,REAL
2025-11-18,8.930000305175781,8.989999771118164,8.880000114440918,8.989999771118164,84400,,Investing.com_Manual,Yahoo_Finance_BDRY,REAL
2025-11-19,8.989999771118164,8.989999771118164,8.6899995803833,8.899999618530273,41300,,Investing.com_Manual,Yahoo_Finance_BDRY,REAL
2025-11-20,8.963000297546387,8.989999771118164,8.850000381469727,8.920000076293945,52300,,Investing.com_Manual,Yahoo_Finance_BDRY,REAL
2025-11-21,8.90999984741211,8.979999542236328,8.819999694824219,8.949999809265137,34600,,Investing.com_Manual,Yahoo_Finance_BDRY,REAL
2025-11-24,9.039999961853027,9.194999694824219,9.039999961853027,9.1899995803833,47300,,Investing.com_Manual,Yahoo_Finance_BDRY,REAL
2025-11-25,9.199999809265137,9.300000190734863,9.09000015258789,9.229999542236328,61800,,Investing.com_Manual,Yahoo_Finance_BDRY,REAL
2025-11-26,9.229999542236328,9.260000228881836,9.100000381469727,9.199999809265137,74300,,Investing.com_Manual,Yahoo_Finance_BDRY,REAL
2025-11-28,9.199999809265137,9.229999542236328,8.770000457763672,8.770000457763672,155100,,Investing.com_Manual,Yahoo_Finance_BDRY,REAL
2025-12-01,9.210000038146973,9.4399995803833,9.180000305175781,9.34000015258789,199700,,Investing.com_Manual,Yahoo_Finance_BDRY,REAL
2025-12-02,9.270000457763672,9.329999923706055,9.029999732971191,9.25,124500,,Investing.com_Manual,Yahoo_Finance_BDRY,REAL
2025-12-03,9.399999618530273,9.489999771118164,9.300000190734863,9.300000190734863,78800,,Investing.com_Manual,Yahoo_Finance_BDRY,REAL
2025-12-04,9.100000381469727,9.336000442504883,9.086000442504883,9.270000457763672,29900,,Investing.com_Manual,Yahoo_Finance_BDRY,REAL
2025-12-05,9.029999732971191,9.100000381469727,8.880000114440918,9.0,67300,,Investing.com_Manual,Yahoo_Finance_BDRY,REAL
2025-12-08,9.229999542236328,9.319999694824219,9.210000038146973,9.25,46600,,Investing.com_Manual,Yahoo_Finance_BDRY,REAL
2025-12-09,8.970000267028809,8.970000267028809,8.710000038146973,8.829999923706055,144500,,Investing.com_Manual,Yahoo_Finance_BDRY,REAL
2025-12-10,9.0,9.072999954223633,8.880000114440918,9.012999534606934,106400,,Investing.com_Manual,Yahoo_Finance_BDRY,REAL
2025-12-11,8.859999656677246,8.890000343322754,8.609999656677246,8.84000015258789,87500,,Investing.com_Manual,Yahoo_Finance_BDRY,REAL
2025-12-12,8.710000038146973,8.734999656677246,8.64799976348877,8.680000305175781,70400,,Investing.com_Manual,Yahoo_Finance_BDRY,REAL
2025-12-15,8.8100004196167,8.920000076293945,8.8100004196167,8.920000076293945,43600,,Investing.com_Manual,Yahoo_Finance_BDRY,REAL
2025-12-16,8.800000190734863,8.869999885559082,8.748000144958496,8.770000457763672,16000,,Investing.com_Manual,Yahoo_Finance_BDRY,REAL
2025-12-17,8.520000457763672,8.520000457763672,8.270000457763672,8.420000076293945,129300,,Investing.com_Manual,Yahoo_Finance_BDRY,REAL
2025-12-18,8.489999771118164,8.668000221252441,8.489999771118164,8.656000137329102,25200,,Investing.com_Manual,Yahoo_Finance_BDRY,REAL
2025-12-19,8.699999809265137,8.800000190734863,8.699999809265137,8.699999809265137,18000,,Investing.com_Manual,Yahoo_Finance_BDRY,REAL
2025-12-22,8.732000350952148,9.050000190734863,8.732000350952148,8.880000114440918,96300,,Investing.com_Manual,Yahoo_Finance_BDRY,REAL
2025-12-23,8.880000114440918,8.899999618530273,8.739999771118164,8.739999771118164,14000,,Investing.com_Manual,Yahoo_Finance_BDRY,REAL
2025-12-24,8.729999542236328,8.859000205993652,8.729999542236328,8.770000457763672,19100,,Investing.com_Manual,Yahoo_Finance_BDRY,REAL
2025-12-26,8.75,8.800000190734863,8.699999809265137,8.75,33100,,Investing.com_Manual,Yahoo_Finance_BDRY,REAL
2025-12-29,8.670000076293945,8.848999977111816,8.670000076293945,8.739999771118164,9700,,Investing.com_Manual,Yahoo_Finance_BDRY,REAL
2025-12-30,8.649999618530273,8.722999572753906,8.649999618530273,8.680000305175781,12100,,Investing.com_Manual,Yahoo_Finance_BDRY,REAL
2025-12-31,8.600000381469727,8.819999694824219,8.59000015258789,8.770000457763672,77900,,Investing.com_Manual,Yahoo_Finance_BDRY,REAL
2026-01-02,8.5,8.576000213623047,8.449999809265137,8.460000038146973,30700,,Investing.com_Manual,Yahoo_Finance_BDRY,REAL
2026-01-05,8.65999984741211,8.720000267028809,8.609999656677246,8.720000267028809,22400,,Investing.com_Manual,Yahoo_Finance_BDRY,REAL
2026-01-06,8.800000190734863,8.899999618530273,8.760000228881836,8.8100004196167,21500,,Investing.com_Manual,Yahoo_Finance_BDRY,REAL
2026-01-07,8.619999885559082,8.789999961853027,8.609999656677246,8.789999961853027,18600,,Investing.com_Manual,Yahoo_Finance_BDRY,REAL
2026-01-08,8.932000160217285,9.149999618530273,8.869999885559082,9.140000343322754,19200,,Investing.com_Manual,Yahoo_Finance_BDRY,REAL
2026-01-09,9.039999961853027,9.039999961853027,8.850000381469727,8.850000381469727,18400,,Investing.com_Manual,Yahoo_Finance_BDRY,REAL
2026-01-12,8.84000015258789,8.84000015258789,8.520000457763672,8.729999542236328,39600,,Investing.com_Manual,Yahoo_Finance_BDRY,REAL
2026-01-13,8.609999656677246,8.789999961853027,8.609999656677246,8.720999717712402,8700,,Investing.com_Manual,Yahoo_Finance_BDRY,REAL
2026-01-14,8.970000267028809,9.09000015258789,8.890000343322754,9.039999961853027,42200,,Investing.com_Manual,Yahoo_Finance_BDRY,REAL
2026-01-15,9.220000267028809,9.5,9.220000267028809,9.479999542236328,63600,,Investing.com_Manual,Yahoo_Finance_BDRY,REAL
2026-01-16,9.630000114440918,9.800000190734863,9.600000381469727,9.800000190734863,108200,,Investing.com_Manual,Yahoo_Finance_BDRY,REAL
2026-01-20,10.0,10.239999771118164,9.979999542236328,10.239999771118164,119400,,Investing.com_Manual,Yahoo_Finance_BDRY,REAL
2026-01-21,10.399999618530273,10.399999618530273,10.029999732971191,10.069999694824219,68800,,Investing.com_Manual,Yahoo_Finance_BDRY,REAL
2026-01-22,9.800000190734863,10.039999961853027,9.800000190734863,10.0,51200,,Investing.com_Manual,Yahoo_Finance_BDRY,REAL
2026-01-23,10.390000343322754,10.470000267028809,10.149999618530273,10.359999656677246,26000,,Investing.com_Manual,Yahoo_Finance_BDRY,REAL
2026-01-26,10.449999809265137,11.0,10.319999694824219,10.979999542236328,127700,,Investing.com_Manual,Yahoo_Finance_BDRY,REAL
2026-01-27,11.020000457763672,11.399999618530273,11.020000457763672,11.260000228881836,86400,,Investing.com_Manual,Yahoo_Finance_BDRY,REAL
2026-01-28,11.09000015258789,11.170000076293945,10.850000381469727,11.010000228881836,59500,,Investing.com_Manual,Yahoo_Finance_BDRY,REAL
2026-01-29,11.289999961853027,11.479999542236328,10.930000305175781,11.479999542236328,82800,,Investing.com_Manual,Yahoo_Finance_BDRY,REAL
2026-01-30,11.5,11.550000190734863,11.413999557495117,11.529999732971191,84100,,Investing.com_Manual,Yahoo_Finance_BDRY,REAL
2026-02-02,11.149999618530273,11.460000038146973,10.899999618530273,11.199999809265137,184000,,Investing.com_Manual,Yahoo_Finance_BDRY,REAL
2026-02-03,10.970000267028809,10.970000267028809,10.5,10.550000190734863,125600,,Investing.com_Manual,Yahoo_Finance_BDRY,REAL
2026-02-04,10.5,10.850000381469727,10.5,10.850000381469727,30100,,Investing.com_Manual,Yahoo_Finance_BDRY,REAL
2026-02-05,10.725000381469727,10.850000381469727,10.649999618530273,10.710000038146973,32200,,Investing.com_Manual,Yahoo_Finance_BDRY,REAL
2026-02-06,10.710000038146973,10.87399959564209,10.609999656677246,10.649999618530273,22900,,Investing.com_Manual,Yahoo_Finance_BDRY,REAL
2026-02-09,10.699999809265137,11.0,10.699999809265137,10.949999809265137,128900,,Investing.com_Manual,Yahoo_Finance_BDRY,REAL
2026-02-10,11.100000381469727,11.180000305175781,11.029999732971191,11.180000305175781,135500,,Investing.com_Manual,Yahoo_Finance_BDRY,REAL
2026-02-11,11.430000305175781,11.529999732971191,11.173999786376953,11.4399995803833,64400,,Investing.com_Manual,Yahoo_Finance_BDRY,REAL
2026-02-12,11.449999809265137,11.449999809265137,11.1899995803833,11.300000190734863,44000,,Investing.com_Manual,Yahoo_Finance_BDRY,REAL
2026-02-13,11.399999618530273,11.569999694824219,11.399999618530273,11.489999771118164,29500,,Investing.com_Manual,Yahoo_Finance_BDRY,REAL
2026-02-17,11.5,11.800000190734863,11.420000076293945,11.680000305175781,110900,,Investing.com_Manual,Yahoo_Finance_BDRY,REAL
2026-02-18,11.460000038146973,11.819000244140625,11.460000038146973,11.760000228881836,85800,,Investing.com_Manual,Yahoo_Finance_BDRY,REAL
2026-02-19,11.84000015258789,11.869999885559082,11.600000381469727,11.65999984741211,55900,,Investing.com_Manual,Yahoo_Finance_BDRY,REAL
2026-02-20,11.770000457763672,12.100000381469727,11.65999984741211,11.729999542236328,89300,,Investing.com_Manual,Yahoo_Finance_BDRY,REAL
2026-02-23,11.850000381469727,11.979999542236328,11.609999656677246,11.770000457763672,90500,,Investing.com_Manual,Yahoo_Finance_BDRY,REAL
2026-02-24,11.720000267028809,11.989999771118164,11.699999809265137,11.869999885559082,79200,,Investing.com_Manual,Yahoo_Finance_BDRY,REAL
2026-02-25,11.960000038146973,11.960000038146973,11.25,11.680000305175781,74800,,Investing.com_Manual,Yahoo_Finance_BDRY,REAL
2026-02-26,11.670000076293945,11.90999984741211,11.670000076293945,11.90999984741211,52200,,Investing.com_Manual,Yahoo_Finance_BDRY,REAL
2026-02-27,11.989999771118164,12.069999694824219,11.845999717712402,12.069999694824219,61500,,Investing.com_Manual,Yahoo_Finance_BDRY,REAL
2026-03-02,12.59000015258789,12.649999618530273,11.989999771118164,12.220000267028809,306200,,Investing.com_Manual,Yahoo_Finance_BDRY,REAL
2026-03-03,12.479999542236328,12.619999885559082,12.3100004196167,12.5,207500,,Investing.com_Manual,Yahoo_Finance_BDRY,REAL
2026-03-04,11.800000190734863,12.180000305175781,11.520000457763672,11.90999984741211,1277700,,Investing.com_Manual,Yahoo_Finance_BDRY,REAL
2026-03-05,11.300000190734863,11.640000343322754,11.0,11.520000457763672,631100,,Investing.com_Manual,Yahoo_Finance_BDRY,REAL
2026-03-06,10.15999984741211,10.640000343322754,9.729999542236328,10.460000038146973,1109400,,Investing.com_Manual,Yahoo_Finance_BDRY,REAL
2026-03-09,10.199999809265137,10.390000343322754,9.579999923706055,10.260000228881836,1267400,,Investing.com_Manual,Yahoo_Finance_BDRY,REAL
2026-03-10,9.850000381469727,10.229999542236328,9.850000381469727,10.229999542236328,203900,,Investing.com_Manual,Yahoo_Finance_BDRY,REAL
2026-03-11,10.350000381469727,10.800000190734863,10.350000381469727,10.699999809265137,245800,,Investing.com_Manual,Yahoo_Finance_BDRY,REAL
2026-03-12,10.739999771118164,10.739999771118164,10.270000457763672,10.399999618530273,76300,,Investing.com_Manual,Yahoo_Finance_BDRY,REAL
2026-03-13,10.630000114440918,10.640000343322754,10.220000267028809,10.489999771118164,217400,,Investing.com_Manual,Yahoo_Finance_BDRY,REAL
2026-03-16,10.75,10.819999694824219,10.569999694824219,10.670000076293945,140400,,Investing.com_Manual,Yahoo_Finance_BDRY,REAL
2026-03-17,10.630000114440918,10.65999984741211,10.149999618530273,10.430000305175781,86900,,Investing.com_Manual,Yahoo_Finance_BDRY,REAL
2026-03-18,10.550000190734863,10.699999809265137,10.550000190734863,10.699999809265137,56800,,Investing.com_Manual,Yahoo_Finance_BDRY,REAL
2026-03-19,10.260000228881836,10.260000228881836,9.930000305175781,10.020000457763672,104800,,Investing.com_Manual,Yahoo_Finance_BDRY,REAL
2026-03-20,10.107999801635742,10.369000434875488,9.970999717712402,10.010000228881836,164200,,Investing.com_Manual,Yahoo_Finance_BDRY,REAL
2026-03-23,9.850000381469727,10.069999694824219,9.770000457763672,9.989999771118164,79200,,Investing.com_Manual,Yahoo_Finance_BDRY,REAL
2026-03-24,9.899999618530273,9.90999984741211,9.630999565124512,9.800000190734863,266400,,Investing.com_Manual,Yahoo_Finance_BDRY,REAL
2026-03-25,9.979999542236328,10.180000305175781,9.949999809265137,10.0,50700,,Investing.com_Manual,Yahoo_Finance_BDRY,REAL
2026-03-26,10.130000114440918,10.149999618530273,9.9399995803833,10.0,34200,,Investing.com_Manual,Yahoo_Finance_BDRY,REAL
2026-03-27,9.890000343322754,10.100000381469727,9.850000381469727,9.930000305175781,71800,,Investing.com_Manual,Yahoo_Finance_BDRY,REAL
2026-03-30,9.789999961853027,10.020000457763672,9.5,9.9399995803833,167900,,Investing.com_Manual,Yahoo_Finance_BDRY,REAL
2026-03-31,9.930000305175781,10.199999809265137,9.930000305175781,9.970000267028809,60200,,Investing.com_Manual,Yahoo_Finance_BDRY,REAL
2026-04-01,10.225000381469727,10.350000381469727,10.225000381469727,10.324999809265137,29400,,Investing.com_Manual,Yahoo_Finance_BDRY,REAL
2026-04-02,10.550000190734863,10.550000190734863,10.319999694824219,10.449999809265137,29300,,Investing.com_Manual,Yahoo_Finance_BDRY,REAL
2026-04-06,10.40999984741211,10.699999809265137,9.8100004196167,9.9399995803833,192300,,Investing.com_Manual,Yahoo_Finance_BDRY,REAL
2026-04-07,10.404999732971191,10.449999809265137,10.25,10.4399995803833,35900,,Investing.com_Manual,Yahoo_Finance_BDRY,REAL
2026-04-08,10.59000015258789,10.65999984741211,10.520000457763672,10.600000381469727,43900,,Investing.com_Manual,Yahoo_Finance_BDRY,REAL
2026-04-09,10.300000190734863,10.444999694824219,10.180999755859375,10.300000190734863,17000,,Investing.com_Manual,Yahoo_Finance_BDRY,REAL
2026-04-10,10.569999694824219,10.75,10.569999694824219,10.699999809265137,22900,,Investing.com_Manual,Yahoo_Finance_BDRY,REAL
2026-04-13,11.039999961853027,11.0600004196167,10.791000366210938,11.0600004196167,94300,,Investing.com_Manual,Yahoo_Finance_BDRY,REAL
2026-04-14,11.279999732971191,11.470000267028809,11.279999732971191,11.420000076293945,53800,,Investing.com_Manual,Yahoo_Finance_BDRY,REAL
2026-04-15,11.470000267028809,11.470000267028809,11.300000190734863,11.399999618530273,95700,,Investing.com_Manual,Yahoo_Finance_BDRY,REAL
2026-04-16,11.399999618530273,11.399999618530273,11.100000381469727,11.130000114440918,23100,,Investing.com_Manual,Yahoo_Finance_BDRY,REAL
2026-04-17,11.449999809265137,11.680000305175781,11.34000015258789,11.4399995803833,604500,,Investing.com_Manual,Yahoo_Finance_BDRY,REAL
2026-04-20,11.579999923706055,11.579999923706055,11.300000190734863,11.303999900817871,20600,,Investing.com_Manual,Yahoo_Finance_BDRY,REAL
2026-04-21,11.312999725341797,11.350000381469727,11.199999809265137,11.350000381469727,27400,,Investing.com_Manual,Yahoo_Finance_BDRY,REAL
2026-04-22,11.385000228881836,11.470000267028809,11.3149995803833,11.399999618530273,34600,,Investing.com_Manual,Yahoo_Finance_BDRY,REAL
2026-04-23,11.350000381469727,11.454999923706055,11.239999771118164,11.34000015258789,20900,,Investing.com_Manual,Yahoo_Finance_BDRY,REAL
2026-04-24,10.920000076293945,11.100000381469727,10.5,10.899999618530273,54900,,Investing.com_Manual,Yahoo_Finance_BDRY,REAL
2026-04-27,11.050000190734863,11.279999732971191,11.050000190734863,11.270000457763672,28200,,Investing.com_Manual,Yahoo_Finance_BDRY,REAL
2026-04-28,11.239999771118164,11.449999809265137,11.199999809265137,11.449999809265137,26400,,Investing.com_Manual,Yahoo_Finance_BDRY,REAL
2026-04-29,11.449999809265137,11.899999618530273,11.289999961853027,11.850000381469727,514900,,Investing.com_Manual,Yahoo_Finance_BDRY,REAL
2026-04-30,11.779999732971191,11.779999732971191,11.604999542236328,11.720000267028809,126300,,Investing.com_Manual,Yahoo_Finance_BDRY,REAL
2026-05-01,11.699999809265137,11.8100004196167,11.59000015258789,11.729999542236328,24600,,Investing.com_Manual,Yahoo_Finance_BDRY,REAL
2026-05-04,11.829999923706055,11.829999923706055,11.569999694824219,11.789999961853027,81000,,Investing.com_Manual,Yahoo_Finance_BDRY,REAL
2026-05-05,12.0,12.180000305175781,11.942000389099121,12.180000305175781,104500,,Investing.com_Manual,Yahoo_Finance_BDRY,REAL
2026-05-06,12.1899995803833,12.300000190734863,12.020000457763672,12.109999656677246,129400,,Investing.com_Manual,Yahoo_Finance_BDRY,REAL
2026-05-07,12.050000190734863,12.15999984741211,11.979999542236328,12.100000381469727,217500,,Investing.com_Manual,Yahoo_Finance_BDRY,REAL
2026-05-08,11.890000343322754,12.15999984741211,11.890000343322754,12.105999946594238,36900,,Investing.com_Manual,Yahoo_Finance_BDRY,REAL
2026-05-11,12.5,12.6850004196167,12.5,12.649999618530273,72900,,Investing.com_Manual,Yahoo_Finance_BDRY,REAL
2026-05-12,13.010000228881836,13.34000015258789,12.949999809265137,13.289999961853027,123500,,Investing.com_Manual,Yahoo_Finance_BDRY,REAL
2026-05-13,13.260000228881836,13.329999923706055,12.581000328063965,13.329999923706055,182100,,Investing.com_Manual,Yahoo_Finance_BDRY,REAL
2026-05-14,13.119999885559082,13.14799976348877,12.949999809265137,12.949999809265137,20900,,Investing.com_Manual,Yahoo_Finance_BDRY,REAL
2026-05-15,12.710000038146973,13.199999809265137,12.710000038146973,13.180000305175781,95600,,Investing.com_Manual,Yahoo_Finance_BDRY,REAL
2026-05-18,12.8100004196167,12.899999618530273,12.628999710083008,12.850000381469727,71400,,Investing.com_Manual,Yahoo_Finance_BDRY,REAL
2026-05-19,12.8100004196167,12.8100004196167,12.5600004196167,12.649999618530273,50800,,Investing.com_Manual,Yahoo_Finance_BDRY,REAL
2026-05-20,12.220000267028809,12.380000114440918,12.039999961853027,12.109999656677246,109800,,Investing.com_Manual,Yahoo_Finance_BDRY,REAL
2026-05-21,12.300000190734863,12.579999923706055,12.300000190734863,12.5,53400,,Investing.com_Manual,Yahoo_Finance_BDRY,REAL
2026-05-22,12.529999732971191,12.755000114440918,12.529999732971191,12.675000190734863,44300,,Investing.com_Manual,Yahoo_Finance_BDRY,REAL
2026-05-26,13.039999961853027,13.039999961853027,12.729999542236328,12.880000114440918,112000,,Investing.com_Manual,Yahoo_Finance_BDRY,REAL
2026-05-27,12.8100004196167,12.89799976348877,12.75,12.875,39500,,Investing.com_Manual,Yahoo_Finance_BDRY,REAL
2026-05-28,12.899999618530273,13.149999618530273,12.899999618530273,13.149999618530273,86000,,Investing.com_Manual,Yahoo_Finance_BDRY,REAL
2026-05-29,13.0,13.149999618530273,12.869999885559082,12.9399995803833,67600,,Investing.com_Manual,Yahoo_Finance_BDRY,REAL
2026-06-01,13.0,13.199999809265137,12.930000305175781,13.03499984741211,59500,,Investing.com_Manual,Yahoo_Finance_BDRY,REAL
2026-06-02,12.949999809265137,13.0,12.579999923706055,12.9399995803833,194800,,Investing.com_Manual,Yahoo_Finance_BDRY,REAL
2026-06-03,12.34000015258789,12.789999961853027,12.34000015258789,12.619999885559082,52200,,Investing.com_Manual,Yahoo_Finance_BDRY,REAL
2026-06-04,12.449999809265137,12.760000228881836,12.3100004196167,12.65999984741211,57200,,Investing.com_Manual,Yahoo_Finance_BDRY,REAL
2026-06-05,12.630000114440918,12.800000190734863,12.630000114440918,12.699999809265137,22800,,Investing.com_Manual,Yahoo_Finance_BDRY,REAL
2026-06-08,12.5,12.586000442504883,12.119999885559082,12.369999885559082,194900,,Investing.com_Manual,Yahoo_Finance_BDRY,REAL
2026-06-09,12.369999885559082,12.53600025177002,12.369999885559082,12.369999885559082,25800,,Investing.com_Manual,Yahoo_Finance_BDRY,REAL
2026-06-10,12.489999771118164,12.770000457763672,12.399999618530273,12.5,103100,,Investing.com_Manual,Yahoo_Finance_BDRY,REAL
2026-06-11,12.5,12.630000114440918,12.399999618530273,12.520000457763672,26900,,Investing.com_Manual,Yahoo_Finance_BDRY,REAL
2026-06-12,12.520000457763672,12.579999923706055,12.319999694824219,12.319999694824219,46900,,Investing.com_Manual,Yahoo_Finance_BDRY,REAL
2026-06-15,12.09000015258789,12.310999870300293,11.850000381469727,11.989999771118164,201100,,Investing.com_Manual,Yahoo_Finance_BDRY,REAL
2026-06-16,11.90999984741211,12.329999923706055,11.399999618530273,12.130000114440918,56600,,Investing.com_Manual,Yahoo_Finance_BDRY,REAL
2026-06-17,11.989999771118164,12.21500015258789,11.880000114440918,11.880000114440918,20100,,Investing.com_Manual,Yahoo_Finance_BDRY,REAL
2026-06-18,11.739999771118164,11.800000190734863,11.1850004196167,11.569999694824219,101000,,Investing.com_Manual,Yahoo_Finance_BDRY,REAL
2026-06-22,11.550000190734863,11.6899995803833,11.550000190734863,11.579999923706055,42400,,Investing.com_Manual,Yahoo_Finance_BDRY,REAL
2026-06-23,11.699999809265137,11.899999618530273,11.699999809265137,11.770000457763672,42400,,Investing.com_Manual,Yahoo_Finance_BDRY,REAL
2026-06-24,11.699999809265137,11.859999656677246,11.574999809265137,11.699999809265137,33100,,Investing.com_Manual,Yahoo_Finance_BDRY,REAL
2026-06-25,11.430000305175781,11.5649995803833,11.319999694824219,11.399999618530273,71700,,Investing.com_Manual,Yahoo_Finance_BDRY,REAL
2026-06-26,11.295000076293945,11.295000076293945,11.220000267028809,11.270000457763672,29000,,Investing.com_Manual,Yahoo_Finance_BDRY,REAL
2026-06-29,11.579999923706055,11.654999732971191,11.550000190734863,11.630000114440918,28400,,Investing.com_Manual,Yahoo_Finance_BDRY,REAL
2026-06-30,11.949999809265137,11.98799991607666,11.800000190734863,11.869999885559082,120000,,Investing.com_Manual,Yahoo_Finance_BDRY,REAL
2026-07-01,11.920000076293945,12.119999885559082,11.920000076293945,12.052000045776367,6600,,Investing.com_Manual,Yahoo_Finance_BDRY,REAL
2026-07-02,12.149999618530273,12.430000305175781,12.149999618530273,12.270000457763672,46200,,Investing.com_Manual,Yahoo_Finance_BDRY,REAL
2026-07-06,12.779999732971191,13.0,12.777999877929688,12.960000038146973,97700,,Investing.com_Manual,Yahoo_Finance_BDRY,REAL
2026-07-07,12.869999885559082,12.979999542236328,12.739999771118164,12.760000228881836,24800,,Investing.com_Manual,Yahoo_Finance_BDRY,REAL
2026-07-08,12.678000450134277,12.920000076293945,12.260000228881836,12.835000038146973,14300,,Investing.com_Manual,Yahoo_Finance_BDRY,REAL
2026-07-09,13.0,13.0,12.859999656677246,12.949999809265137,33400,,Investing.com_Manual,Yahoo_Finance_BDRY,REAL
2026-07-10,12.979999542236328,12.979999542236328,12.880000114440918,12.890000343322754,7500,,Investing.com_Manual,Yahoo_Finance_BDRY,REAL
2026-07-13,13.029999732971191,13.949999809265137,13.029999732971191,13.329999923706055,138300,,Investing.com_Manual,Yahoo_Finance_BDRY,REAL
2026-07-14,13.520000457763672,13.520000457763672,13.069999694824219,13.100000381469727,18000,,Investing.com_Manual,Yahoo_Finance_BDRY,REAL
2026-07-15,12.880000114440918,12.989999771118164,12.84000015258789,12.84000015258789,30900,,Investing.com_Manual,Yahoo_Finance_BDRY,REAL
2026-07-16,12.649999618530273,12.812000274658203,12.300000190734863,12.649999618530273,21000,,Investing.com_Manual,Yahoo_Finance_BDRY,REAL
2026-07-17,12.449999809265137,12.920000076293945,12.449999809265137,12.65999984741211,13000,,Investing.com_Manual,Yahoo_Finance_BDRY,REAL
2026-07-20,12.300000190734863,12.520000457763672,11.317999839782715,12.1899995803833,169500,,Investing.com_Manual,Yahoo_Finance_BDRY,REAL
2026-07-21,12.6899995803833,12.6899995803833,12.510000228881836,12.619999885559082,23700,,Investing.com_Manual,Yahoo_Finance_BDRY,REAL
2026-07-22,12.510000228881836,12.75,12.510000228881836,12.510000228881836,8700,,Investing.com_Manual,Yahoo_Finance_BDRY,REAL
2026-07-23,12.729999542236328,12.899999618530273,12.670000076293945,12.680000305175781,26900,,Investing.com_Manual,Yahoo_Finance_BDRY,REAL
2026-07-24,12.880000114440918,12.880000114440918,12.550000190734863,12.569999694824219,6700,,Investing.com_Manual,Yahoo_Finance_BDRY,REAL
2026-07-27,12.399999618530273,12.710000038146973,12.380000114440918,12.380000114440918,6300,,Investing.com_Manual,Yahoo_Finance_BDRY,REAL
2026-07-28,12.529999732971191,12.829999923706055,12.529999732971191,12.609999656677246,19400,,Investing.com_Manual,Yahoo_Finance_BDRY,REAL
2026-07-29,12.75,12.989999771118164,12.734000205993652,12.779999732971191,8500,,Investing.com_Manual,Yahoo_Finance_BDRY,REAL
2026-07-30,13.130000114440918,13.489999771118164,13.130000114440918,13.359999656677246,36700,,Investing.com_Manual,Yahoo_Finance_BDRY,REAL
2026-07-31,13.5600004196167,13.5600004196167,13.289999961853027,13.420000076293945,11400,,Investing.com_Manual,Yahoo_Finance_BDRY,REAL
2026-08-03,13.789999961853027,14.0,13.789999961853027,13.949999809265137,39500,,Investing.com_Manual,Yahoo_Finance_BDRY,REAL
2026-08-04,14.0,14.100000381469727,13.729999542236328,13.90999984741211,53700,,Investing.com_Manual,Yahoo_Finance_BDRY,REAL
2026-08-05,14.0600004196167,14.15999984741211,13.932999610900879,13.970000267028809,66600,,Investing.com_Manual,Yahoo_Finance_BDRY,REAL
2026-08-06,13.949999809265137,14.0,13.640000343322754,13.9399995803833,10300,,Investing.com_Manual,Yahoo_Finance_BDRY,REAL
2026-08-07,14.119999885559082,14.119999885559082,13.729999542236328,13.760000228881836,15100,,Investing.com_Manual,Yahoo_Finance_BDRY,REAL
2026-08-10,13.899999618530273,14.119999885559082,13.748000144958496,13.800000190734863,106200,,Investing.com_Manual,Yahoo_Finance_BDRY,REAL
2026-08-11,13.960000038146973,14.0,13.75,13.789999961853027,16300,,Investing.com_Manual,Yahoo_Finance_BDRY,REAL
2026-08-12,13.729999542236328,13.9399995803833,13.630000114440918,13.670000076293945,17300,,Investing.com_Manual,Yahoo_Finance_BDRY,REAL
2026-08-13,13.770000457763672,14.164999961853027,13.770000457763672,13.890000343322754,19300,,Investing.com_Manual,Yahoo_Finance_BDRY,REAL
2026-08-14,13.930000305175781,14.3100004196167,13.930000305175781,14.286999702453613,20800,,Investing.com_Manual,Yahoo_Finance_BDRY,REAL
2026-08-17,14.1899995803833,14.345999717712402,14.0,14.0,28200,,Investing.com_Manual,Yahoo_Finance_BDRY,REAL
2026-08-18,13.609999656677246,13.819999694824219,12.65999984741211,13.819999694824219,17100,,Investing.com_Manual,Yahoo_Finance_BDRY,REAL
2026-08-19,13.670000076293945,14.005000114440918,13.670000076293945,14.005000114440918,21100,,Investing.com_Manual,Yahoo_Finance_BDRY,REAL
2026-08-20,14.109999656677246,14.289999961853027,14.109999656677246,14.1899995803833,21000,,Investing.com_Manual,Yahoo_Finance_BDRY,REAL
2026-08-21,14.402000427246094,14.800000190734863,14.402000427246094,14.75,45900,,Investing.com_Manual,Yahoo_Finance_BDRY,REAL
2026-08-24,14.800000190734863,14.800000190734863,14.526000022888184,14.6899995803833,27500,,Investing.com_Manual,Yahoo_Finance_BDRY,REAL
2026-08-25,14.729999542236328,15.149999618530273,14.699999809265137,15.0649995803833,75100,,Investing.com_Manual,Yahoo_Finance_BDRY,REAL
2026-08-26,15.369999885559082,15.369999885559082,14.90999984741211,15.0600004196167,34400,,Investing.com_Manual,Yahoo_Finance_BDRY,REAL
2026-08-27,15.140000343322754,15.140000343322754,14.779999732971191,14.819999694824219,20900,,Investing.com_Manual,Yahoo_Finance_BDRY,REAL
2026-08-28,15.029999732971191,15.550000190734863,15.029999732971191,15.520000457763672,59800,,Investing.com_Manual,Yahoo_Finance_BDRY,REAL
2026-08-31,15.550000190734863,15.550000190734863,15.295000076293945,15.470000267028809,119000,,Investing.com_Manual,Yahoo_Finance_BDRY,REAL
2026-09-01,15.550000190734863,15.800000190734863,15.319999694824219,15.795000076293945,86000,,Investing.com_Manual,Yahoo_Finance_BDRY,REAL
2026-09-02,16.25,16.600000381469727,16.15999984741211,16.579999923706055,163300,,Investing.com_Manual,Yahoo_Finance_BDRY,REAL
2026-09-03,16.15999984741211,16.18000030517578,15.920000076293945,16.139999389648438,87300,,Investing.com_Manual,Yahoo_Finance_BDRY,REAL
2026-09-04,16.270000457763672,16.709999084472656,16.270000457763672,16.559999465942383,114600,,Investing.com_Manual,Yahoo_Finance_BDRY,REAL
2026-09-08,16.600000381469727,16.700000762939453,16.1299991607666,16.299999237060547,213100,,Investing.com_Manual,Yahoo_Finance_BDRY,REAL
